ISO-10303-21;
HEADER;
/* Generated by software containing ST-Developer
 * from STEP Tools, Inc. (www.steptools.com) 
 */

FILE_DESCRIPTION(
/* description */ ('KiCad electronic assembly'),
/* implementation_level */ '2;1');

FILE_NAME(
/* name */ 'Cmote.step',
/* time_stamp */ '2026-08-28T03:30:18+05:30',
/* author */ (''),
/* organization */ (''),
/* preprocessor_version */ 'ST-DEVELOPER v20.1',
/* originating_system */ 'Autodesk Translation Framework v15.8.0.0',
/* authorisation */ '');

FILE_SCHEMA (('AUTOMOTIVE_DESIGN { 1 0 10303 214 3 1 1 }'));
ENDSEC;

DATA;
#10=MECHANICAL_DESIGN_GEOMETRIC_PRESENTATION_REPRESENTATION('',(#95,#96),
#12874);
#11=ITEM_DEFINED_TRANSFORMATION($,$,#6748,#7209);
#12=(
REPRESENTATION_RELATIONSHIP($,$,#12885,#12884)
REPRESENTATION_RELATIONSHIP_WITH_TRANSFORMATION(#11)
SHAPE_REPRESENTATION_RELATIONSHIP()
);
#13=CONTEXT_DEPENDENT_SHAPE_REPRESENTATION(#12,#12883);
#14=NEXT_ASSEMBLY_USAGE_OCCURRENCE('case:1','case:1','case:1',#12887,#12888,
'case:1');
#15=SHAPE_REPRESENTATION_RELATIONSHIP('SRR','None',#12885,#16);
#16=ADVANCED_BREP_SHAPE_REPRESENTATION('',(#97,#98),#12873);
#17=B_SPLINE_SURFACE_WITH_KNOTS('',3,1,((#9889,#9890),(#9891,#9892),(#9893,
#9894),(#9895,#9896),(#9897,#9898)),.UNSPECIFIED.,.F.,.F.,.F.,(4,1,4),(2,
2),(-0.0289202731682671,-0.0149934199921394,0.),(0.,0.05),.UNSPECIFIED.);
#18=B_SPLINE_SURFACE_WITH_KNOTS('',3,1,((#10082,#10083),(#10084,#10085),
(#10086,#10087),(#10088,#10089),(#10090,#10091)),.UNSPECIFIED.,.F.,.F.,
 .F.,(4,1,4),(2,2),(-0.0656388029394721,-0.0295412678353128,0.),(0.,0.05),
 .UNSPECIFIED.);
#19=B_SPLINE_SURFACE_WITH_KNOTS('',3,1,((#10166,#10167),(#10168,#10169),
(#10170,#10171),(#10172,#10173),(#10174,#10175)),.UNSPECIFIED.,.F.,.F.,
 .F.,(4,1,4),(2,2),(-0.052316087085473,-0.0253714158681577,0.),(0.,0.05),
 .UNSPECIFIED.);
#20=B_SPLINE_SURFACE_WITH_KNOTS('',3,1,((#10185,#10186),(#10187,#10188),
(#10189,#10190),(#10191,#10192),(#10193,#10194)),.UNSPECIFIED.,.F.,.F.,
 .F.,(4,1,4),(2,2),(-0.0760976899523556,-0.0351820956699306,0.),(0.,0.05),
 .UNSPECIFIED.);
#21=B_SPLINE_SURFACE_WITH_KNOTS('',3,1,((#10472,#10473),(#10474,#10475),
(#10476,#10477),(#10478,#10479),(#10480,#10481)),.UNSPECIFIED.,.F.,.F.,
 .F.,(4,1,4),(2,2),(-0.0554474159724389,-0.0266465819738075,0.),(0.,0.05),
 .UNSPECIFIED.);
#22=B_SPLINE_SURFACE_WITH_KNOTS('',3,1,((#10489,#10490),(#10491,#10492),
(#10493,#10494),(#10495,#10496),(#10497,#10498)),.UNSPECIFIED.,.F.,.F.,
 .F.,(4,1,4),(2,2),(-0.0370321881670259,-0.0251182100909531,0.),(0.,0.05),
 .UNSPECIFIED.);
#23=B_SPLINE_SURFACE_WITH_KNOTS('',3,1,((#10675,#10676),(#10677,#10678),
(#10679,#10680),(#10681,#10682),(#10683,#10684)),.UNSPECIFIED.,.F.,.F.,
 .F.,(4,1,4),(2,2),(-0.103621693499153,-0.0553802650835482,0.),(0.,0.05),
 .UNSPECIFIED.);
#24=B_SPLINE_SURFACE_WITH_KNOTS('',3,1,((#10692,#10693),(#10694,#10695),
(#10696,#10697),(#10698,#10699),(#10700,#10701)),.UNSPECIFIED.,.F.,.F.,
 .F.,(4,1,4),(2,2),(-0.100623285497266,-0.0475628962519076,0.),(0.,0.05),
 .UNSPECIFIED.);
#25=B_SPLINE_SURFACE_WITH_KNOTS('',3,1,((#10709,#10710),(#10711,#10712),
(#10713,#10714),(#10715,#10716),(#10717,#10718)),.UNSPECIFIED.,.F.,.F.,
 .F.,(4,1,4),(2,2),(-0.129823087410497,-0.0660730938501361,0.),(0.,0.05),
 .UNSPECIFIED.);
#26=B_SPLINE_SURFACE_WITH_KNOTS('',3,1,((#10726,#10727),(#10728,#10729),
(#10730,#10731),(#10732,#10733),(#10734,#10735)),.UNSPECIFIED.,.F.,.F.,
 .F.,(4,1,4),(2,2),(-0.143541202157775,-0.0671435614452646,0.),(0.,0.05),
 .UNSPECIFIED.);
#27=B_SPLINE_SURFACE_WITH_KNOTS('',3,1,((#10743,#10744),(#10745,#10746),
(#10747,#10748),(#10749,#10750),(#10751,#10752)),.UNSPECIFIED.,.F.,.F.,
 .F.,(4,1,4),(2,2),(-0.148971294563726,-0.0802100711124393,0.),(0.,0.05),
 .UNSPECIFIED.);
#28=B_SPLINE_SURFACE_WITH_KNOTS('',3,1,((#10760,#10761),(#10762,#10763),
(#10764,#10765),(#10766,#10767),(#10768,#10769)),.UNSPECIFIED.,.F.,.F.,
 .F.,(4,1,4),(2,2),(-0.134062847868259,-0.0650155139368415,0.),(0.,0.05),
 .UNSPECIFIED.);
#29=B_SPLINE_SURFACE_WITH_KNOTS('',3,1,((#10777,#10778),(#10779,#10780),
(#10781,#10782),(#10783,#10784),(#10785,#10786)),.UNSPECIFIED.,.F.,.F.,
 .F.,(4,1,4),(2,2),(-0.115735264949379,-0.0602953825264487,0.),(0.,0.05),
 .UNSPECIFIED.);
#30=B_SPLINE_SURFACE_WITH_KNOTS('',3,1,((#10792,#10793),(#10794,#10795),
(#10796,#10797),(#10798,#10799),(#10800,#10801)),.UNSPECIFIED.,.F.,.F.,
 .F.,(4,1,4),(2,2),(-0.0520836773740209,-0.0267598791786158,0.),(0.,0.05),
 .UNSPECIFIED.);
#31=B_SPLINE_SURFACE_WITH_KNOTS('',3,1,((#10807,#10808),(#10809,#10810),
(#10811,#10812),(#10813,#10814),(#10815,#10816)),.UNSPECIFIED.,.F.,.F.,
 .F.,(4,1,4),(2,2),(-0.0724230664151805,-0.0367419093732063,0.),(0.,0.05),
 .UNSPECIFIED.);
#32=B_SPLINE_SURFACE_WITH_KNOTS('',3,1,((#10824,#10825),(#10826,#10827),
(#10828,#10829),(#10830,#10831),(#10832,#10833)),.UNSPECIFIED.,.F.,.F.,
 .F.,(4,1,4),(2,2),(-0.0972381163106968,-0.0417762906199042,0.),(0.,0.05),
 .UNSPECIFIED.);
#33=B_SPLINE_SURFACE_WITH_KNOTS('',3,1,((#10841,#10842),(#10843,#10844),
(#10845,#10846),(#10847,#10848),(#10849,#10850)),.UNSPECIFIED.,.F.,.F.,
 .F.,(4,1,4),(2,2),(-0.101124642515732,-0.0584251521319529,0.),(0.,0.05),
 .UNSPECIFIED.);
#34=B_SPLINE_SURFACE_WITH_KNOTS('',3,1,((#10858,#10859),(#10860,#10861),
(#10862,#10863),(#10864,#10865),(#10866,#10867)),.UNSPECIFIED.,.F.,.F.,
 .F.,(4,1,4),(2,2),(-0.071553125127178,-0.0354275303428929,0.),(0.,0.05),
 .UNSPECIFIED.);
#35=B_SPLINE_SURFACE_WITH_KNOTS('',3,1,((#10875,#10876),(#10877,#10878),
(#10879,#10880),(#10881,#10882),(#10883,#10884)),.UNSPECIFIED.,.F.,.F.,
 .F.,(4,1,4),(2,2),(-0.0537700286692113,-0.0271826494208848,0.),(0.,0.05),
 .UNSPECIFIED.);
#36=B_SPLINE_SURFACE_WITH_KNOTS('',3,1,((#10890,#10891),(#10892,#10893),
(#10894,#10895),(#10896,#10897),(#10898,#10899)),.UNSPECIFIED.,.F.,.F.,
 .F.,(4,1,4),(2,2),(-0.0486539919990454,-0.0265507314360795,0.),(0.,0.05),
 .UNSPECIFIED.);
#37=B_SPLINE_SURFACE_WITH_KNOTS('',3,1,((#10909,#10910),(#10911,#10912),
(#10913,#10914),(#10915,#10916),(#10917,#10918)),.UNSPECIFIED.,.F.,.F.,
 .F.,(4,1,4),(2,2),(-0.0397617966615496,-0.0199694355606694,0.),(0.,0.05),
 .UNSPECIFIED.);
#38=B_SPLINE_SURFACE_WITH_KNOTS('',3,1,((#10926,#10927),(#10928,#10929),
(#10930,#10931),(#10932,#10933),(#10934,#10935)),.UNSPECIFIED.,.F.,.F.,
 .F.,(4,1,4),(2,2),(-0.0415541662463257,-0.0209115566537968,0.),(0.,0.05),
 .UNSPECIFIED.);
#39=B_SPLINE_SURFACE_WITH_KNOTS('',3,1,((#10943,#10944),(#10945,#10946),
(#10947,#10948),(#10949,#10950),(#10951,#10952)),.UNSPECIFIED.,.F.,.F.,
 .F.,(4,1,4),(2,2),(-0.0475525230528428,-0.022166520125997,0.),(0.,0.05),
 .UNSPECIFIED.);
#40=B_SPLINE_SURFACE_WITH_KNOTS('',3,1,((#10962,#10963),(#10964,#10965),
(#10966,#10967),(#10968,#10969),(#10970,#10971)),.UNSPECIFIED.,.F.,.F.,
 .F.,(4,1,4),(2,2),(-0.0717051302189936,-0.0372198618395284,0.),(0.,0.05),
 .UNSPECIFIED.);
#41=B_SPLINE_SURFACE_WITH_KNOTS('',3,1,((#10979,#10980),(#10981,#10982),
(#10983,#10984),(#10985,#10986),(#10987,#10988)),.UNSPECIFIED.,.F.,.F.,
 .F.,(4,1,4),(2,2),(-0.0747045051899591,-0.0352433767471126,0.),(0.,0.05),
 .UNSPECIFIED.);
#42=B_SPLINE_SURFACE_WITH_KNOTS('',3,1,((#10996,#10997),(#10998,#10999),
(#11000,#11001),(#11002,#11003),(#11004,#11005)),.UNSPECIFIED.,.F.,.F.,
 .F.,(4,1,4),(2,2),(-0.112788297830341,-0.0598660305070194,0.),(0.,0.05),
 .UNSPECIFIED.);
#43=B_SPLINE_SURFACE_WITH_KNOTS('',3,1,((#11013,#11014),(#11015,#11016),
(#11017,#11018),(#11019,#11020),(#11021,#11022)),.UNSPECIFIED.,.F.,.F.,
 .F.,(4,1,4),(2,2),(-0.0941469274283034,-0.0444158581561112,0.),(0.,0.05),
 .UNSPECIFIED.);
#44=B_SPLINE_SURFACE_WITH_KNOTS('',3,1,((#11030,#11031),(#11032,#11033),
(#11034,#11035),(#11036,#11037),(#11038,#11039)),.UNSPECIFIED.,.F.,.F.,
 .F.,(4,1,4),(2,2),(-0.108374400050769,-0.0580786073929953,0.),(0.,0.05),
 .UNSPECIFIED.);
#45=B_SPLINE_SURFACE_WITH_KNOTS('',3,1,((#11047,#11048),(#11049,#11050),
(#11051,#11052),(#11053,#11054),(#11055,#11056)),.UNSPECIFIED.,.F.,.F.,
 .F.,(4,1,4),(2,2),(-0.0948871571079994,-0.0469525510305401,0.),(0.,0.05),
 .UNSPECIFIED.);
#46=B_SPLINE_SURFACE_WITH_KNOTS('',3,1,((#11064,#11065),(#11066,#11067),
(#11068,#11069),(#11070,#11071),(#11072,#11073)),.UNSPECIFIED.,.F.,.F.,
 .F.,(4,1,4),(2,2),(-0.101472726447143,-0.0526318524859012,0.),(0.,0.05),
 .UNSPECIFIED.);
#47=B_SPLINE_SURFACE_WITH_KNOTS('',3,1,((#11081,#11082),(#11083,#11084),
(#11085,#11086),(#11087,#11088),(#11089,#11090)),.UNSPECIFIED.,.F.,.F.,
 .F.,(4,1,4),(2,2),(-0.123398618401327,-0.0543206461321898,0.),(0.,0.05),
 .UNSPECIFIED.);
#48=B_SPLINE_SURFACE_WITH_KNOTS('',3,1,((#11102,#11103),(#11104,#11105),
(#11106,#11107),(#11108,#11109),(#11110,#11111)),.UNSPECIFIED.,.F.,.F.,
 .F.,(4,1,4),(2,2),(-0.0511758949174539,-0.0275035175598878,0.),(0.,0.05),
 .UNSPECIFIED.);
#49=B_SPLINE_SURFACE_WITH_KNOTS('',3,1,((#11119,#11120),(#11121,#11122),
(#11123,#11124),(#11125,#11126),(#11127,#11128)),.UNSPECIFIED.,.F.,.F.,
 .F.,(4,1,4),(2,2),(-0.0440380227178295,-0.0218993128473331,0.),(0.,0.05),
 .UNSPECIFIED.);
#50=B_SPLINE_SURFACE_WITH_KNOTS('',3,1,((#11134,#11135),(#11136,#11137),
(#11138,#11139),(#11140,#11141),(#11142,#11143)),.UNSPECIFIED.,.F.,.F.,
 .F.,(4,1,4),(2,2),(-0.0332149464837821,-0.014988822746288,0.),(0.,0.05),
 .UNSPECIFIED.);
#51=B_SPLINE_SURFACE_WITH_KNOTS('',3,1,((#11156,#11157),(#11158,#11159),
(#11160,#11161),(#11162,#11163),(#11164,#11165)),.UNSPECIFIED.,.F.,.F.,
 .F.,(4,1,4),(2,2),(-0.0107738017634367,-0.0052710669098868,0.),(0.,0.05),
 .UNSPECIFIED.);
#52=B_SPLINE_SURFACE_WITH_KNOTS('',3,1,((#11173,#11174),(#11175,#11176),
(#11177,#11178),(#11179,#11180),(#11181,#11182)),.UNSPECIFIED.,.F.,.F.,
 .F.,(4,1,4),(2,2),(-0.0122436517920191,-0.00586898333803679,0.),(0.,0.05),
 .UNSPECIFIED.);
#53=B_SPLINE_SURFACE_WITH_KNOTS('',3,1,((#11190,#11191),(#11192,#11193),
(#11194,#11195),(#11196,#11197),(#11198,#11199)),.UNSPECIFIED.,.F.,.F.,
 .F.,(4,1,4),(2,2),(-0.0284533089222823,-0.0117736167767499,0.),(0.,0.05),
 .UNSPECIFIED.);
#54=B_SPLINE_SURFACE_WITH_KNOTS('',3,1,((#11205,#11206),(#11207,#11208),
(#11209,#11210),(#11211,#11212),(#11213,#11214)),.UNSPECIFIED.,.F.,.F.,
 .F.,(4,1,4),(2,2),(-0.0341909415206615,-0.0177076915783626,0.),(0.,0.05),
 .UNSPECIFIED.);
#55=B_SPLINE_SURFACE_WITH_KNOTS('',3,1,((#11222,#11223),(#11224,#11225),
(#11226,#11227),(#11228,#11229),(#11230,#11231)),.UNSPECIFIED.,.F.,.F.,
 .F.,(4,1,4),(2,2),(-0.0274194960612036,-0.0147524952414504,0.),(0.,0.05),
 .UNSPECIFIED.);
#56=B_SPLINE_SURFACE_WITH_KNOTS('',3,1,((#11239,#11240),(#11241,#11242),
(#11243,#11244),(#11245,#11246),(#11247,#11248)),.UNSPECIFIED.,.F.,.F.,
 .F.,(4,1,4),(2,2),(-0.0285994804587519,-0.0130339000623608,0.),(0.,0.05),
 .UNSPECIFIED.);
#57=B_SPLINE_SURFACE_WITH_KNOTS('',3,1,((#11256,#11257),(#11258,#11259),
(#11260,#11261),(#11262,#11263),(#11264,#11265)),.UNSPECIFIED.,.F.,.F.,
 .F.,(4,1,4),(2,2),(-0.0484198312104524,-0.0181414104032078,0.),(0.,0.05),
 .UNSPECIFIED.);
#58=B_SPLINE_SURFACE_WITH_KNOTS('',3,1,((#11279,#11280),(#11281,#11282),
(#11283,#11284),(#11285,#11286),(#11287,#11288)),.UNSPECIFIED.,.F.,.F.,
 .F.,(4,1,4),(2,2),(-0.0629088261821332,-0.0343638770574443,0.),(0.,0.05),
 .UNSPECIFIED.);
#59=B_SPLINE_SURFACE_WITH_KNOTS('',3,1,((#11305,#11306),(#11307,#11308),
(#11309,#11310),(#11311,#11312),(#11313,#11314)),.UNSPECIFIED.,.F.,.F.,
 .F.,(4,1,4),(2,2),(-0.050831287820449,-0.0255859637078304,0.),(0.,0.05),
 .UNSPECIFIED.);
#60=B_SPLINE_SURFACE_WITH_KNOTS('',3,1,((#11328,#11329),(#11330,#11331),
(#11332,#11333),(#11334,#11335),(#11336,#11337)),.UNSPECIFIED.,.F.,.F.,
 .F.,(4,1,4),(2,2),(-0.0507283028314077,-0.0252154432501763,0.),(0.,0.05),
 .UNSPECIFIED.);
#61=B_SPLINE_SURFACE_WITH_KNOTS('',3,1,((#11351,#11352),(#11353,#11354),
(#11355,#11356),(#11357,#11358),(#11359,#11360)),.UNSPECIFIED.,.F.,.F.,
 .F.,(4,1,4),(2,2),(-0.0633311048472475,-0.0286082559540679,0.),(0.,0.05),
 .UNSPECIFIED.);
#62=B_SPLINE_SURFACE_WITH_KNOTS('',3,1,((#11374,#11375),(#11376,#11377),
(#11378,#11379),(#11380,#11381),(#11382,#11383)),.UNSPECIFIED.,.F.,.F.,
 .F.,(4,1,4),(2,2),(-0.0623907661398477,-0.033996869673274,0.),(0.,0.05),
 .UNSPECIFIED.);
#63=B_SPLINE_SURFACE_WITH_KNOTS('',3,1,((#11397,#11398),(#11399,#11400),
(#11401,#11402),(#11403,#11404),(#11405,#11406)),.UNSPECIFIED.,.F.,.F.,
 .F.,(4,1,4),(2,2),(-0.0507283028314077,-0.0255128595812314,0.),(0.,0.05),
 .UNSPECIFIED.);
#64=B_SPLINE_SURFACE_WITH_KNOTS('',3,1,((#11420,#11421),(#11422,#11423),
(#11424,#11425),(#11426,#11427),(#11428,#11429)),.UNSPECIFIED.,.F.,.F.,
 .F.,(4,1,4),(2,2),(-0.050831287820449,-0.0252453241126186,0.),(0.,0.05),
 .UNSPECIFIED.);
#65=B_SPLINE_SURFACE_WITH_KNOTS('',3,1,((#11443,#11444),(#11445,#11446),
(#11447,#11448),(#11449,#11450),(#11451,#11452)),.UNSPECIFIED.,.F.,.F.,
 .F.,(4,1,4),(2,2),(-0.0629088261821332,-0.028544949124689,0.),(0.,0.05),
 .UNSPECIFIED.);
#66=B_SPLINE_SURFACE_WITH_KNOTS('',3,1,((#11463,#11464),(#11465,#11466),
(#11467,#11468),(#11469,#11470),(#11471,#11472)),.UNSPECIFIED.,.F.,.F.,
 .F.,(4,1,4),(2,2),(-0.0687920193608688,-0.0338930371465042,0.),(0.,0.05),
 .UNSPECIFIED.);
#67=B_SPLINE_SURFACE_WITH_KNOTS('',3,1,((#11489,#11490),(#11491,#11492),
(#11493,#11494),(#11495,#11496),(#11497,#11498)),.UNSPECIFIED.,.F.,.F.,
 .F.,(4,1,4),(2,2),(-0.0690549575118946,-0.0347775219267131,0.),(0.,0.05),
 .UNSPECIFIED.);
#68=B_SPLINE_SURFACE_WITH_KNOTS('',3,1,((#11512,#11513),(#11514,#11515),
(#11516,#11517),(#11518,#11519),(#11520,#11521)),.UNSPECIFIED.,.F.,.F.,
 .F.,(4,1,4),(2,2),(-0.0715702435292926,-0.0350412634091339,0.),(0.,0.05),
 .UNSPECIFIED.);
#69=B_SPLINE_SURFACE_WITH_KNOTS('',3,1,((#11535,#11536),(#11537,#11538),
(#11539,#11540),(#11541,#11542),(#11543,#11544)),.UNSPECIFIED.,.F.,.F.,
 .F.,(4,1,4),(2,2),(-0.105970313006067,-0.0543734268119843,0.),(0.,0.05),
 .UNSPECIFIED.);
#70=B_SPLINE_SURFACE_WITH_KNOTS('',3,1,((#11558,#11559),(#11560,#11561),
(#11562,#11563),(#11564,#11565),(#11566,#11567)),.UNSPECIFIED.,.F.,.F.,
 .F.,(4,1,4),(2,2),(-0.105761333172474,-0.051624895680264,0.),(0.,0.05),
 .UNSPECIFIED.);
#71=B_SPLINE_SURFACE_WITH_KNOTS('',3,1,((#11581,#11582),(#11583,#11584),
(#11585,#11586),(#11587,#11588),(#11589,#11590)),.UNSPECIFIED.,.F.,.F.,
 .F.,(4,1,4),(2,2),(-0.106817136176455,-0.0546331987545979,0.),(0.,0.05),
 .UNSPECIFIED.);
#72=B_SPLINE_SURFACE_WITH_KNOTS('',3,1,((#11604,#11605),(#11606,#11607),
(#11608,#11609),(#11610,#11611),(#11612,#11613)),.UNSPECIFIED.,.F.,.F.,
 .F.,(4,1,4),(2,2),(-0.105360258995687,-0.051775893166223,0.),(0.,0.05),
 .UNSPECIFIED.);
#73=B_SPLINE_SURFACE_WITH_KNOTS('',3,1,((#11627,#11628),(#11629,#11630),
(#11631,#11632),(#11633,#11634),(#11635,#11636)),.UNSPECIFIED.,.F.,.F.,
 .F.,(4,1,4),(2,2),(-0.0703581523368207,-0.0350527963121785,0.),(0.,0.05),
 .UNSPECIFIED.);
#74=B_SPLINE_SURFACE_WITH_KNOTS('',3,1,((#11650,#11651),(#11652,#11653),
(#11654,#11655),(#11656,#11657),(#11658,#11659)),.UNSPECIFIED.,.F.,.F.,
 .F.,(4,1,4),(2,2),(-0.0690515069540343,-0.0347188924808823,0.),(0.,0.05),
 .UNSPECIFIED.);
#75=B_SPLINE_SURFACE_WITH_KNOTS('',3,1,((#11673,#11674),(#11675,#11676),
(#11677,#11678),(#11679,#11680),(#11681,#11682)),.UNSPECIFIED.,.F.,.F.,
 .F.,(4,1,4),(2,2),(-0.078259588698987,-0.0367550878092612,0.),(0.,0.05),
 .UNSPECIFIED.);
#76=B_SPLINE_SURFACE_WITH_KNOTS('',3,1,((#11705,#11706),(#11707,#11708),
(#11709,#11710),(#11711,#11712),(#11713,#11714)),.UNSPECIFIED.,.F.,.F.,
 .F.,(4,1,4),(2,2),(-0.0932081080840441,-0.0483654994506744,0.),(0.,0.05),
 .UNSPECIFIED.);
#77=B_SPLINE_SURFACE_WITH_KNOTS('',3,1,((#11722,#11723),(#11724,#11725),
(#11726,#11727),(#11728,#11729),(#11730,#11731)),.UNSPECIFIED.,.F.,.F.,
 .F.,(4,1,4),(2,2),(-0.0447841438957718,-0.023395261851527,0.),(0.,0.05),
 .UNSPECIFIED.);
#78=B_SPLINE_SURFACE_WITH_KNOTS('',3,1,((#11739,#11740),(#11741,#11742),
(#11743,#11744),(#11745,#11746),(#11747,#11748)),.UNSPECIFIED.,.F.,.F.,
 .F.,(4,1,4),(2,2),(-0.0435820571839698,-0.0210593402088454,0.),(0.,0.05),
 .UNSPECIFIED.);
#79=B_SPLINE_SURFACE_WITH_KNOTS('',3,1,((#11756,#11757),(#11758,#11759),
(#11760,#11761),(#11762,#11763),(#11764,#11765)),.UNSPECIFIED.,.F.,.F.,
 .F.,(4,1,4),(2,2),(-0.0484179021672236,-0.0253784443908818,0.),(0.,0.05),
 .UNSPECIFIED.);
#80=B_SPLINE_SURFACE_WITH_KNOTS('',3,1,((#11773,#11774),(#11775,#11776),
(#11777,#11778),(#11779,#11780),(#11781,#11782)),.UNSPECIFIED.,.F.,.F.,
 .F.,(4,1,4),(2,2),(-0.0437850401915727,-0.021845214865578,0.),(0.,0.05),
 .UNSPECIFIED.);
#81=B_SPLINE_SURFACE_WITH_KNOTS('',3,1,((#11790,#11791),(#11792,#11793),
(#11794,#11795),(#11796,#11797),(#11798,#11799)),.UNSPECIFIED.,.F.,.F.,
 .F.,(4,1,4),(2,2),(-0.0501575219697734,-0.0265260958849217,0.),(0.,0.05),
 .UNSPECIFIED.);
#82=B_SPLINE_SURFACE_WITH_KNOTS('',3,1,((#11807,#11808),(#11809,#11810),
(#11811,#11812),(#11813,#11814),(#11815,#11816)),.UNSPECIFIED.,.F.,.F.,
 .F.,(4,1,4),(2,2),(-0.0456780920858933,-0.0224323297842313,0.),(0.,0.05),
 .UNSPECIFIED.);
#83=B_SPLINE_SURFACE_WITH_KNOTS('',3,1,((#11824,#11825),(#11826,#11827),
(#11828,#11829),(#11830,#11831),(#11832,#11833)),.UNSPECIFIED.,.F.,.F.,
 .F.,(4,1,4),(2,2),(-0.0543993123287866,-0.0223679483532783,0.),(0.,0.05),
 .UNSPECIFIED.);
#84=B_SPLINE_SURFACE_WITH_KNOTS('',3,1,((#11843,#11844),(#11845,#11846),
(#11847,#11848),(#11849,#11850),(#11851,#11852)),.UNSPECIFIED.,.F.,.F.,
 .F.,(4,1,4),(2,2),(-0.0506182061685456,-0.0317875992463273,0.),(0.,0.05),
 .UNSPECIFIED.);
#85=B_SPLINE_SURFACE_WITH_KNOTS('',3,1,((#11860,#11861),(#11862,#11863),
(#11864,#11865),(#11866,#11867),(#11868,#11869)),.UNSPECIFIED.,.F.,.F.,
 .F.,(4,1,4),(2,2),(-0.0339295390681975,-0.0163323509186849,0.),(0.,0.05),
 .UNSPECIFIED.);
#86=B_SPLINE_SURFACE_WITH_KNOTS('',3,1,((#11877,#11878),(#11879,#11880),
(#11881,#11882),(#11883,#11884),(#11885,#11886)),.UNSPECIFIED.,.F.,.F.,
 .F.,(4,1,4),(2,2),(-0.0288338473007544,-0.0141487075299636,0.),(0.,0.05),
 .UNSPECIFIED.);
#87=B_SPLINE_SURFACE_WITH_KNOTS('',3,1,((#11894,#11895),(#11896,#11897),
(#11898,#11899),(#11900,#11901),(#11902,#11903)),.UNSPECIFIED.,.F.,.F.,
 .F.,(4,1,4),(2,2),(-0.0320366444814834,-0.015386096123414,0.),(0.,0.05),
 .UNSPECIFIED.);
#88=B_SPLINE_SURFACE_WITH_KNOTS('',3,1,((#11911,#11912),(#11913,#11914),
(#11915,#11916),(#11917,#11918),(#11919,#11920)),.UNSPECIFIED.,.F.,.F.,
 .F.,(4,1,4),(2,2),(-0.0540215258761606,-0.0222827017700384,0.),(0.,0.05),
 .UNSPECIFIED.);
#89=B_SPLINE_SURFACE_WITH_KNOTS('',3,1,((#11930,#11931),(#11932,#11933),
(#11934,#11935),(#11936,#11937),(#11938,#11939)),.UNSPECIFIED.,.F.,.F.,
 .F.,(4,1,4),(2,2),(-0.0490534150614888,-0.0311413904144805,0.),(0.,0.05),
 .UNSPECIFIED.);
#90=B_SPLINE_SURFACE_WITH_KNOTS('',3,1,((#11947,#11948),(#11949,#11950),
(#11951,#11952),(#11953,#11954),(#11955,#11956)),.UNSPECIFIED.,.F.,.F.,
 .F.,(4,1,4),(2,2),(-0.0201761916239141,-0.0106595502117098,0.),(0.,0.05),
 .UNSPECIFIED.);
#91=B_SPLINE_SURFACE_WITH_KNOTS('',3,1,((#11964,#11965),(#11966,#11967),
(#11968,#11969),(#11970,#11971),(#11972,#11973)),.UNSPECIFIED.,.F.,.F.,
 .F.,(4,1,4),(2,2),(-0.0218049794919271,-0.00991858848447484,0.),(0.,0.05),
 .UNSPECIFIED.);
#92=B_SPLINE_SURFACE_WITH_KNOTS('',3,1,((#11981,#11982),(#11983,#11984),
(#11985,#11986),(#11987,#11988),(#11989,#11990)),.UNSPECIFIED.,.F.,.F.,
 .F.,(4,1,4),(2,2),(-0.030160078599749,-0.0152262837368308,0.),(0.,0.05),
 .UNSPECIFIED.);
#93=B_SPLINE_SURFACE_WITH_KNOTS('',3,1,((#11998,#11999),(#12000,#12001),
(#12002,#12003),(#12004,#12005),(#12006,#12007)),.UNSPECIFIED.,.F.,.F.,
 .F.,(4,1,4),(2,2),(-0.0310698257029231,-0.0150873239651534,0.),(0.,0.05),
 .UNSPECIFIED.);
#94=B_SPLINE_SURFACE_WITH_KNOTS('',3,1,((#12015,#12016),(#12017,#12018),
(#12019,#12020),(#12021,#12022),(#12023,#12024)),.UNSPECIFIED.,.F.,.F.,
 .F.,(4,1,4),(2,2),(-0.0538887563250544,-0.0218158851294916,0.),(0.,0.05),
 .UNSPECIFIED.);
#95=STYLED_ITEM('',(#12898),#97);
#96=STYLED_ITEM('',(#12898),#98);
#97=MANIFOLD_SOLID_BREP('Body1',#6733);
#98=MANIFOLD_SOLID_BREP('lid',#6734);
#99=FACE_BOUND('',#968,.T.);
#100=FACE_BOUND('',#969,.T.);
#101=FACE_BOUND('',#971,.T.);
#102=FACE_BOUND('',#972,.T.);
#103=FACE_BOUND('',#1026,.T.);
#104=FACE_BOUND('',#1114,.T.);
#105=FACE_BOUND('',#1191,.T.);
#106=FACE_BOUND('',#1192,.T.);
#107=FACE_BOUND('',#1193,.T.);
#108=FACE_BOUND('',#1194,.T.);
#109=FACE_BOUND('',#1195,.T.);
#110=FACE_BOUND('',#1196,.T.);
#111=FACE_BOUND('',#1197,.T.);
#112=FACE_BOUND('',#1198,.T.);
#113=FACE_BOUND('',#1199,.T.);
#114=FACE_BOUND('',#1215,.T.);
#115=FACE_BOUND('',#1216,.T.);
#116=FACE_BOUND('',#1217,.T.);
#117=FACE_BOUND('',#1218,.T.);
#118=ELLIPSE('',#6868,1.00003975610129,1.);
#119=ELLIPSE('',#6874,1.00003975610422,1.);
#120=ELLIPSE('',#6876,1.00003975610129,1.);
#121=ELLIPSE('',#6882,1.00003975610166,1.);
#122=ELLIPSE('',#6884,1.00003975610129,1.);
#123=ELLIPSE('',#6890,1.00003975610113,1.);
#124=ELLIPSE('',#6974,0.578405645624934,0.5);
#125=ELLIPSE('',#6980,0.578405645624934,0.5);
#126=ELLIPSE('',#7074,0.552922183548222,0.5);
#127=ELLIPSE('',#7075,0.531174878324658,0.5);
#128=ELLIPSE('',#7077,0.548372732335304,0.5);
#129=ELLIPSE('',#7079,0.534695133413968,0.5);
#130=ELLIPSE('',#7081,0.525718437436386,0.5);
#131=ELLIPSE('',#7082,0.527908090863458,0.5);
#132=ELLIPSE('',#7084,0.510031563867313,0.5);
#133=ELLIPSE('',#7086,0.510031563867315,0.5);
#134=ELLIPSE('',#7088,1.10118425482571,0.5);
#135=ELLIPSE('',#7091,1.12902612880699,0.5);
#136=ELLIPSE('',#7093,0.515191867361067,0.5);
#137=ELLIPSE('',#7095,0.515191867361065,0.5);
#138=ELLIPSE('',#7109,0.707106781186548,0.5);
#139=ELLIPSE('',#7110,0.707106781186548,0.5);
#140=ELLIPSE('',#7112,0.707106781186548,0.5);
#141=ELLIPSE('',#7113,0.707106781186548,0.5);
#142=ELLIPSE('',#7163,1.00003975610114,1.);
#143=ELLIPSE('',#7168,1.0000397561013,1.);
#144=ELLIPSE('',#7170,1.00003975610164,1.);
#145=ELLIPSE('',#7175,1.00003975610128,1.);
#146=ELLIPSE('',#7177,1.00003975610422,1.);
#147=ELLIPSE('',#7182,1.00003975610129,1.);
#148=TOROIDAL_SURFACE('',#6864,2.50267615328063,1.);
#149=TOROIDAL_SURFACE('',#6870,2.50255313155151,1.);
#150=TOROIDAL_SURFACE('',#6878,2.50255313164488,1.);
#151=TOROIDAL_SURFACE('',#6886,2.50255313155436,1.);
#152=TOROIDAL_SURFACE('',#7165,2.50255313155436,1.);
#153=TOROIDAL_SURFACE('',#7172,2.50255313164488,1.);
#154=TOROIDAL_SURFACE('',#7179,2.50255313155151,1.);
#155=TOROIDAL_SURFACE('',#7184,2.50267615328063,1.);
#156=B_SPLINE_CURVE_WITH_KNOTS('',3,(#9186,#9187,#9188,#9189,#9190,#9191,
#9192,#9193,#9194,#9195,#9196,#9197,#9198,#9199,#9200,#9201,#9202,#9203,
#9204,#9205,#9206,#9207,#9208,#9209,#9210,#9211,#9212,#9213,#9214,#9215,
#9216,#9217,#9218,#9219,#9220,#9221,#9222),.UNSPECIFIED.,.F.,.F.,(4,3,3,
3,3,3,3,3,3,3,3,3,4),(0.,0.13302015021683,0.266035100584432,0.399045311460837,
0.532051243030727,0.665095418664661,0.798126144757679,0.931145265196324,
1.06415462215307,1.19719608362797,1.33021319392006,1.46324942653155,1.57081933686717),
 .UNSPECIFIED.);
#157=B_SPLINE_CURVE_WITH_KNOTS('',3,(#9226,#9227,#9228,#9229,#9230,#9231,
#9232,#9233,#9234,#9235,#9236,#9237),.UNSPECIFIED.,.F.,.F.,(4,2,2,2,2,4),
(-0.157589518499363,-0.156274478237765,-0.117186536629388,-0.0781173136975358,
-0.0390566719034885,0.),.UNSPECIFIED.);
#158=B_SPLINE_CURVE_WITH_KNOTS('',3,(#9243,#9244,#9245,#9246,#9247,#9248,
#9249,#9250,#9251,#9252,#9253,#9254),.UNSPECIFIED.,.F.,.F.,(4,2,2,2,2,4),
(-0.00131518337311833,0.,0.0390882850222015,0.0781579879730768,0.117219113175439,
0.156276270054932),.UNSPECIFIED.);
#159=B_SPLINE_CURVE_WITH_KNOTS('',3,(#9258,#9259,#9260,#9261,#9262,#9263,
#9264,#9265,#9266,#9267,#9268,#9269,#9270,#9271,#9272,#9273,#9274,#9275,
#9276,#9277,#9278,#9279,#9280,#9281,#9282,#9283,#9284,#9285,#9286,#9287,
#9288,#9289,#9290,#9291,#9292,#9293,#9294),.UNSPECIFIED.,.F.,.F.,(4,3,3,
3,3,3,3,3,3,3,3,3,4),(0.,0.133020152527637,0.266035105205959,0.399045318393005,
0.532051252273474,0.66509543021864,0.798126158622659,0.931145281372097,
1.06415464063949,1.19719610442558,1.33021321702844,1.46324945195102,1.57081936415527),
 .UNSPECIFIED.);
#160=B_SPLINE_CURVE_WITH_KNOTS('',3,(#9302,#9303,#9304,#9305,#9306,#9307,
#9308,#9309,#9310,#9311,#9312,#9313),.UNSPECIFIED.,.F.,.F.,(4,2,2,2,2,4),
(-0.157588820011946,-0.156263869049763,-0.117186748396102,-0.0781176740285723,
-0.0390569138195063,0.),.UNSPECIFIED.);
#161=B_SPLINE_CURVE_WITH_KNOTS('',3,(#9319,#9320,#9321,#9322,#9323,#9324,
#9325,#9326,#9327,#9328,#9329,#9330),.UNSPECIFIED.,.F.,.F.,(4,2,2,2,2,4),
(-0.0013249668107579,0.,0.0390775878308475,0.0781471292879977,0.117208356487471,
0.156265737251518),.UNSPECIFIED.);
#162=B_SPLINE_CURVE_WITH_KNOTS('',3,(#9348,#9349,#9350,#9351,#9352,#9353,
#9354,#9355,#9356,#9357,#9358,#9359),.UNSPECIFIED.,.F.,.F.,(4,2,2,2,2,4),
(-0.157588820010341,-0.156263869047827,-0.1171867483961,-0.0781176740285836,
-0.0390569138195164,0.),.UNSPECIFIED.);
#163=B_SPLINE_CURVE_WITH_KNOTS('',3,(#9366,#9367,#9368,#9369,#9370,#9371,
#9372,#9373,#9374,#9375,#9376,#9377),.UNSPECIFIED.,.F.,.F.,(4,2,2,2,2,4),
(-0.00132496679320581,0.,0.0390775878543549,0.0781471293168542,0.117208356521284,
0.156265737290071),.UNSPECIFIED.);
#164=B_SPLINE_CURVE_WITH_KNOTS('',3,(#9392,#9393,#9394,#9395,#9396,#9397,
#9398,#9399,#9400,#9401,#9402,#9403),.UNSPECIFIED.,.F.,.F.,(4,2,2,2,2,4),
(-0.157588820010067,-0.156263869047481,-0.117186748396149,-0.0781176740286021,
-0.039056913819522,0.),.UNSPECIFIED.);
#165=B_SPLINE_CURVE_WITH_KNOTS('',3,(#9409,#9410,#9411,#9412,#9413,#9414,
#9415,#9416,#9417,#9418,#9419,#9420),.UNSPECIFIED.,.F.,.F.,(4,2,2,2,2,4),
(-0.00132496680229253,0.,0.0390775878431532,0.0781471293039494,0.117208356506869,
0.156265737274245),.UNSPECIFIED.);
#166=B_SPLINE_CURVE_WITH_KNOTS('',3,(#9439,#9440,#9441,#9442,#9443,#9444,
#9445,#9446,#9447,#9448,#9449,#9450,#9451,#9452,#9453,#9454,#9455,#9456,
#9457,#9458,#9459,#9460,#9461,#9462,#9463,#9464,#9465,#9466,#9467,#9468,
#9469,#9470,#9471,#9472,#9473,#9474,#9475),.UNSPECIFIED.,.F.,.F.,(4,3,3,
3,3,3,3,3,3,3,3,3,4),(0.,0.13301820336679,0.266031206960459,0.399039471132301,
0.532043456060291,0.665085684492568,0.798114463580777,0.931131637184448,
1.06413904744914,1.19717856176211,1.33019372524867,1.46322801077475,1.57079634674369),
 .UNSPECIFIED.);
#167=B_SPLINE_CURVE_WITH_KNOTS('',3,(#9718,#9719,#9720,#9721,#9722,#9723,
#9724,#9725,#9726,#9727,#9728,#9729),.UNSPECIFIED.,.F.,.F.,(4,2,2,2,2,4),
(-0.0902249358246104,-0.0775013431329789,-0.0569975829015966,-0.0389576993435014,
-0.0193500975281128,0.),.UNSPECIFIED.);
#168=B_SPLINE_CURVE_WITH_KNOTS('',3,(#9742,#9743,#9744,#9745,#9746,#9747,
#9748,#9749,#9750,#9751,#9752,#9753,#9754,#9755,#9756,#9757,#9758,#9759,
#9760,#9761,#9762,#9763),.UNSPECIFIED.,.F.,.F.,(4,3,3,3,3,3,3,4),(-0.0221600073413554,
-0.0182338748528604,-0.011585069733117,-0.0111185787656942,-0.00815849454745833,
-0.00630467645479884,-0.00299299854767147,0.),.UNSPECIFIED.);
#169=B_SPLINE_CURVE_WITH_KNOTS('',3,(#9765,#9766,#9767,#9768,#9769,#9770,
#9771,#9772,#9773,#9774,#9775,#9776,#9777,#9778,#9779,#9780,#9781,#9782,
#9783,#9784,#9785,#9786,#9787,#9788,#9789,#9790,#9791,#9792,#9793,#9794,
#9795,#9796),.UNSPECIFIED.,.F.,.F.,(4,2,2,2,2,2,2,2,2,2,2,2,2,2,2,4),(-0.0347262304692957,
-0.0347224627951636,-0.0347186951411822,-0.0347111598923332,-0.0346960893733215,
-0.0346659484039526,-0.0346056670001783,-0.0344851085084099,-0.0342440259540357,
-0.0337621359261588,-0.0328005454062706,-0.0308945255867625,-0.0272087811406483,
-0.0205740467173673,-0.012299998424809,0.),.UNSPECIFIED.);
#170=B_SPLINE_CURVE_WITH_KNOTS('',3,(#9799,#9800,#9801,#9802),
 .UNSPECIFIED.,.F.,.F.,(4,4),(-0.00919900406167679,0.),.UNSPECIFIED.);
#171=B_SPLINE_CURVE_WITH_KNOTS('',3,(#9804,#9805,#9806,#9807,#9808),
 .UNSPECIFIED.,.F.,.F.,(4,1,4),(-0.0440380227178295,-0.0218993128473331,
0.),.UNSPECIFIED.);
#172=B_SPLINE_CURVE_WITH_KNOTS('',3,(#9810,#9811,#9812,#9813,#9814),
 .UNSPECIFIED.,.F.,.F.,(4,1,4),(-0.0511758949174539,-0.0275035175598878,
0.),.UNSPECIFIED.);
#173=B_SPLINE_CURVE_WITH_KNOTS('',3,(#9818,#9819,#9820,#9821,#9822),
 .UNSPECIFIED.,.F.,.F.,(4,1,4),(-0.123398618401327,-0.0543206461321898,
0.),.UNSPECIFIED.);
#174=B_SPLINE_CURVE_WITH_KNOTS('',3,(#9824,#9825,#9826,#9827,#9828),
 .UNSPECIFIED.,.F.,.F.,(4,1,4),(-0.101472726447143,-0.0526318524859012,
0.),.UNSPECIFIED.);
#175=B_SPLINE_CURVE_WITH_KNOTS('',3,(#9830,#9831,#9832,#9833,#9834),
 .UNSPECIFIED.,.F.,.F.,(4,1,4),(-0.0948871571079994,-0.0469525510305401,
0.),.UNSPECIFIED.);
#176=B_SPLINE_CURVE_WITH_KNOTS('',3,(#9836,#9837,#9838,#9839,#9840),
 .UNSPECIFIED.,.F.,.F.,(4,1,4),(-0.108374400050769,-0.0580786073929953,
0.),.UNSPECIFIED.);
#177=B_SPLINE_CURVE_WITH_KNOTS('',3,(#9842,#9843,#9844,#9845,#9846),
 .UNSPECIFIED.,.F.,.F.,(4,1,4),(-0.0941469274283034,-0.0444158581561112,
0.),.UNSPECIFIED.);
#178=B_SPLINE_CURVE_WITH_KNOTS('',3,(#9848,#9849,#9850,#9851,#9852),
 .UNSPECIFIED.,.F.,.F.,(4,1,4),(-0.112788297830341,-0.0598660305070194,
0.),.UNSPECIFIED.);
#179=B_SPLINE_CURVE_WITH_KNOTS('',3,(#9854,#9855,#9856,#9857,#9858),
 .UNSPECIFIED.,.F.,.F.,(4,1,4),(-0.0747045051899591,-0.0352433767471126,
0.),.UNSPECIFIED.);
#180=B_SPLINE_CURVE_WITH_KNOTS('',3,(#9859,#9860,#9861,#9862),
 .UNSPECIFIED.,.F.,.F.,(4,4),(-0.0717051302189936,-0.0546384685881634),
 .UNSPECIFIED.);
#181=B_SPLINE_CURVE_WITH_KNOTS('',3,(#9867,#9868,#9869,#9870,#9871),
 .UNSPECIFIED.,.F.,.F.,(4,1,4),(-0.0475525230528428,-0.022166520125997,
0.),.UNSPECIFIED.);
#182=B_SPLINE_CURVE_WITH_KNOTS('',3,(#9873,#9874,#9875,#9876,#9877),
 .UNSPECIFIED.,.F.,.F.,(4,1,4),(-0.0415541662463257,-0.0209115566537968,
0.),.UNSPECIFIED.);
#183=B_SPLINE_CURVE_WITH_KNOTS('',3,(#9879,#9880,#9881,#9882,#9883),
 .UNSPECIFIED.,.F.,.F.,(4,1,4),(-0.0397617966615496,-0.0199694355606694,
0.),.UNSPECIFIED.);
#184=B_SPLINE_CURVE_WITH_KNOTS('',3,(#9884,#9885,#9886,#9887,#9888),
 .UNSPECIFIED.,.F.,.F.,(4,1,4),(-0.0486539919990454,-0.0265507314360795,
0.),.UNSPECIFIED.);
#185=B_SPLINE_CURVE_WITH_KNOTS('',3,(#9902,#9903,#9904,#9905,#9906),
 .UNSPECIFIED.,.F.,.F.,(4,1,4),(0.,0.0149934199921394,0.0289202731682671),
 .UNSPECIFIED.);
#186=B_SPLINE_CURVE_WITH_KNOTS('',3,(#9911,#9912,#9913,#9914,#9915,#9916,
#9917,#9918,#9919,#9920,#9921,#9922,#9923,#9924,#9925,#9926,#9927,#9928,
#9929,#9930,#9931,#9932,#9933,#9934,#9935,#9936,#9937,#9938,#9939,#9940,
#9941),.UNSPECIFIED.,.F.,.F.,(4,3,3,3,3,3,3,3,3,3,4),(-0.0790514386995476,
-0.0703896568692577,-0.0581699651416998,-0.0498396878682673,-0.0416396929359704,
-0.0396671699637154,-0.031480930293309,-0.0224191348331889,-0.0199623418806561,
-0.00826398935449734,0.),.UNSPECIFIED.);
#187=B_SPLINE_CURVE_WITH_KNOTS('',3,(#9945,#9946,#9947,#9948,#9949,#9950,
#9951,#9952,#9953,#9954,#9955,#9956,#9957,#9958,#9959,#9960,#9961,#9962,
#9963,#9964,#9965,#9966,#9967,#9968,#9969,#9970,#9971,#9972,#9973,#9974,
#9975,#9976,#9977,#9978,#9979,#9980,#9981,#9982,#9983,#9984,#9985,#9986,
#9987,#9988,#9989,#9990),.UNSPECIFIED.,.F.,.F.,(4,3,3,3,3,3,3,3,3,3,3,3,
3,3,3,4),(-0.151622111094956,-0.130843475047069,-0.114847286491669,-0.109750291840781,
-0.0963772301222465,-0.0841203489753112,-0.0725611788778785,-0.0600946244339771,
-0.0472543353194548,-0.0393269355127844,-0.0340154825421569,-0.0322032530434486,
-0.0256727755369231,-0.0203366348388981,-0.017752669077903,-0.0151837239768545),
 .UNSPECIFIED.);
#188=B_SPLINE_CURVE_WITH_KNOTS('',3,(#9994,#9995,#9996,#9997),
 .UNSPECIFIED.,.F.,.F.,(4,4),(-0.0149246353724366,0.),.UNSPECIFIED.);
#189=B_SPLINE_CURVE_WITH_KNOTS('',3,(#9999,#10000,#10001,#10002,#10003),
 .UNSPECIFIED.,.F.,.F.,(4,1,4),(-0.0537700286692113,-0.0271826494208848,
0.),.UNSPECIFIED.);
#190=B_SPLINE_CURVE_WITH_KNOTS('',3,(#10005,#10006,#10007,#10008,#10009),
 .UNSPECIFIED.,.F.,.F.,(4,1,4),(-0.071553125127178,-0.0354275303428929,
0.),.UNSPECIFIED.);
#191=B_SPLINE_CURVE_WITH_KNOTS('',3,(#10011,#10012,#10013,#10014,#10015),
 .UNSPECIFIED.,.F.,.F.,(4,1,4),(-0.101124642515732,-0.0584251521319529,
0.),.UNSPECIFIED.);
#192=B_SPLINE_CURVE_WITH_KNOTS('',3,(#10017,#10018,#10019,#10020,#10021),
 .UNSPECIFIED.,.F.,.F.,(4,1,4),(-0.0972381163106968,-0.0417762906199042,
0.),.UNSPECIFIED.);
#193=B_SPLINE_CURVE_WITH_KNOTS('',3,(#10023,#10024,#10025,#10026,#10027),
 .UNSPECIFIED.,.F.,.F.,(4,1,4),(-0.0724230664151805,-0.0367419093732063,
0.),.UNSPECIFIED.);
#194=B_SPLINE_CURVE_WITH_KNOTS('',3,(#10029,#10030,#10031,#10032,#10033),
 .UNSPECIFIED.,.F.,.F.,(4,1,4),(-0.052316087085473,-0.0253714158681577,
-0.00149309863799603),.UNSPECIFIED.);
#195=B_SPLINE_CURVE_WITH_KNOTS('',3,(#10037,#10038,#10039,#10040),
 .UNSPECIFIED.,.F.,.F.,(4,4),(-0.0249902289367626,0.),.UNSPECIFIED.);
#196=B_SPLINE_CURVE_WITH_KNOTS('',3,(#10042,#10043,#10044,#10045,#10046),
 .UNSPECIFIED.,.F.,.F.,(4,1,4),(-0.115735264949379,-0.0602953825264487,
0.),.UNSPECIFIED.);
#197=B_SPLINE_CURVE_WITH_KNOTS('',3,(#10048,#10049,#10050,#10051,#10052),
 .UNSPECIFIED.,.F.,.F.,(4,1,4),(-0.134062847868259,-0.0650155139368415,
0.),.UNSPECIFIED.);
#198=B_SPLINE_CURVE_WITH_KNOTS('',3,(#10054,#10055,#10056,#10057,#10058),
 .UNSPECIFIED.,.F.,.F.,(4,1,4),(-0.148971294563726,-0.0802100711124393,
0.),.UNSPECIFIED.);
#199=B_SPLINE_CURVE_WITH_KNOTS('',3,(#10060,#10061,#10062,#10063,#10064),
 .UNSPECIFIED.,.F.,.F.,(4,1,4),(-0.143541202157775,-0.0671435614452646,
0.),.UNSPECIFIED.);
#200=B_SPLINE_CURVE_WITH_KNOTS('',3,(#10066,#10067,#10068,#10069,#10070),
 .UNSPECIFIED.,.F.,.F.,(4,1,4),(-0.129823087410497,-0.0660730938501361,
0.),.UNSPECIFIED.);
#201=B_SPLINE_CURVE_WITH_KNOTS('',3,(#10072,#10073,#10074,#10075,#10076),
 .UNSPECIFIED.,.F.,.F.,(4,1,4),(-0.100623285497266,-0.0475628962519076,
0.),.UNSPECIFIED.);
#202=B_SPLINE_CURVE_WITH_KNOTS('',3,(#10077,#10078,#10079,#10080,#10081),
 .UNSPECIFIED.,.F.,.F.,(4,1,4),(-0.103621693499153,-0.0553802650835482,
-0.0499992590292444),.UNSPECIFIED.);
#203=B_SPLINE_CURVE_WITH_KNOTS('',3,(#10093,#10094,#10095,#10096,#10097),
 .UNSPECIFIED.,.F.,.F.,(4,1,4),(0.,0.0295412678353128,0.0656388029394721),
 .UNSPECIFIED.);
#204=B_SPLINE_CURVE_WITH_KNOTS('',3,(#10101,#10102,#10103,#10104,#10105,
#10106,#10107,#10108,#10109,#10110,#10111,#10112,#10113,#10114,#10115,#10116,
#10117,#10118,#10119,#10120,#10121,#10122,#10123,#10124,#10125,#10126,#10127,
#10128,#10129,#10130,#10131,#10132,#10133,#10134,#10135,#10136,#10137,#10138,
#10139,#10140,#10141,#10142,#10143,#10144,#10145,#10146),.UNSPECIFIED.,
 .F.,.F.,(4,3,3,3,3,3,3,3,3,3,3,3,3,3,3,4),(-0.157164052232476,-0.138361940732801,
-0.120451433352597,-0.119166410504505,-0.10432586244965,-0.0908947644328888,
-0.0858941635568949,-0.0724944174867415,-0.0589896520650928,-0.0523777253398725,
-0.0467562013344877,-0.0414582856978742,-0.0364274269642754,-0.0361603700612607,
-0.0331701298040067,-0.0258694084418621),.UNSPECIFIED.);
#205=B_SPLINE_CURVE_WITH_KNOTS('',3,(#10148,#10149,#10150,#10151),
 .UNSPECIFIED.,.F.,.F.,(4,4),(-0.00153162027578779,0.),.UNSPECIFIED.);
#206=B_SPLINE_CURVE_WITH_KNOTS('',3,(#10153,#10154,#10155,#10156,#10157,
#10158,#10159,#10160,#10161,#10162,#10163,#10164),.UNSPECIFIED.,.F.,.F.,
(4,2,2,2,2,4),(-0.0781495747163718,-0.0671378192502639,-0.0570023158302989,
-0.0404979991930532,-0.0196593375468576,0.),.UNSPECIFIED.);
#207=B_SPLINE_CURVE_WITH_KNOTS('',3,(#10179,#10180,#10181,#10182,#10183),
 .UNSPECIFIED.,.F.,.F.,(4,1,4),(0.,0.0253714158681577,0.052316087085473),
 .UNSPECIFIED.);
#208=B_SPLINE_CURVE_WITH_KNOTS('',3,(#10196,#10197,#10198,#10199,#10200),
 .UNSPECIFIED.,.F.,.F.,(4,1,4),(0.,0.0351820956699306,0.0760976899523556),
 .UNSPECIFIED.);
#209=B_SPLINE_CURVE_WITH_KNOTS('',3,(#10205,#10206,#10207,#10208),
 .UNSPECIFIED.,.F.,.F.,(4,4),(-0.0364642427352432,-0.019761121235861),
 .UNSPECIFIED.);
#210=B_SPLINE_CURVE_WITH_KNOTS('',3,(#10224,#10225,#10226,#10227,#10228,
#10229,#10230,#10231,#10232,#10233,#10234,#10235,#10236,#10237,#10238,#10239,
#10240,#10241,#10242,#10243,#10244,#10245),.UNSPECIFIED.,.F.,.F.,(4,3,3,
3,3,3,3,4),(-0.0534064476553194,-0.0385301653424287,-0.0278870054482831,
-0.02114104855472,-0.0153607799812545,-0.00739400678021076,-0.000938797556747511,
0.),.UNSPECIFIED.);
#211=B_SPLINE_CURVE_WITH_KNOTS('',3,(#10246,#10247,#10248,#10249,#10250,
#10251,#10252,#10253,#10254,#10255,#10256,#10257,#10258,#10259,#10260,#10261,
#10262,#10263,#10264,#10265,#10266,#10267,#10268,#10269,#10270,#10271,#10272,
#10273),.UNSPECIFIED.,.F.,.F.,(4,3,3,3,3,3,3,3,3,4),(-0.0316743218527342,
-0.0275093877676249,-0.022917635608969,-0.0179804386236915,-0.0154525603624084,
-0.0141454839974029,-0.0109042027752559,-0.00700034417457156,-0.00231088934944033,
0.),.UNSPECIFIED.);
#212=B_SPLINE_CURVE_WITH_KNOTS('',3,(#10292,#10293,#10294,#10295,#10296),
 .UNSPECIFIED.,.F.,.F.,(4,1,4),(-0.0177541321793975,-0.0147524952414504,
0.),.UNSPECIFIED.);
#213=B_SPLINE_CURVE_WITH_KNOTS('',3,(#10298,#10299,#10300,#10301,#10302),
 .UNSPECIFIED.,.F.,.F.,(4,1,4),(-0.0341909415206615,-0.0177076915783626,
0.),.UNSPECIFIED.);
#214=B_SPLINE_CURVE_WITH_KNOTS('',3,(#10304,#10305,#10306,#10307),
 .UNSPECIFIED.,.F.,.F.,(4,4),(-0.0554474159724389,-0.0504712543836474),
 .UNSPECIFIED.);
#215=B_SPLINE_CURVE_WITH_KNOTS('',3,(#10315,#10316,#10317,#10318,#10319,
#10320),.UNSPECIFIED.,.F.,.F.,(4,2,4),(-0.0124730463085961,-0.0124151938637879,
-0.00769974913808332),.UNSPECIFIED.);
#216=B_SPLINE_CURVE_WITH_KNOTS('',3,(#10322,#10323,#10324,#10325),
 .UNSPECIFIED.,.F.,.F.,(4,4),(-0.000892954824420674,0.),.UNSPECIFIED.);
#217=B_SPLINE_CURVE_WITH_KNOTS('',3,(#10327,#10328,#10329,#10330,#10331,
#10332,#10333,#10334,#10335,#10336,#10337,#10338,#10339,#10340,#10341,#10342,
#10343,#10344,#10345,#10346,#10347,#10348),.UNSPECIFIED.,.F.,.F.,(4,3,3,
3,3,3,3,4),(-0.0396164576031366,-0.0339241799313954,-0.0284018841154564,
-0.0258359855015509,-0.02022246034872,-0.01852094124006,-0.0102975994024151,
0.),.UNSPECIFIED.);
#218=B_SPLINE_CURVE_WITH_KNOTS('',3,(#10370,#10371,#10372,#10373,#10374,
#10375,#10376),.UNSPECIFIED.,.F.,.F.,(4,3,4),(-0.00168824410859622,-0.000518859839581645,
0.),.UNSPECIFIED.);
#219=B_SPLINE_CURVE_WITH_KNOTS('',3,(#10377,#10378,#10379,#10380,#10381,
#10382,#10383,#10384,#10385,#10386,#10387,#10388,#10389,#10390,#10391,#10392,
#10393,#10394,#10395,#10396,#10397,#10398,#10399,#10400,#10401,#10402,#10403,
#10404),.UNSPECIFIED.,.F.,.F.,(4,3,3,3,3,3,3,3,3,4),(-0.0188760282568047,
-0.0168790576254402,-0.0143124631726959,-0.0111214319124945,-0.00863032710919865,
-0.00835472698851685,-0.00610916901348472,-0.0035040457519118,-0.00181308670292327,
-0.000898922490338883),.UNSPECIFIED.);
#220=B_SPLINE_CURVE_WITH_KNOTS('',3,(#10413,#10414,#10415,#10416,#10417,
#10418),.UNSPECIFIED.,.F.,.F.,(4,2,4),(-0.00699183660260726,-0.00387018908496862,
-0.001501895551757),.UNSPECIFIED.);
#221=B_SPLINE_CURVE_WITH_KNOTS('',3,(#10420,#10421,#10422,#10423,#10424,
#10425,#10426,#10427,#10428,#10429,#10430,#10431,#10432,#10433,#10434,#10435,
#10436,#10437,#10438,#10439,#10440,#10441,#10442,#10443,#10444,#10445,#10446,
#10447,#10448,#10449,#10450,#10451,#10452,#10453,#10454,#10455,#10456,#10457,
#10458,#10459),.UNSPECIFIED.,.F.,.F.,(4,3,3,3,3,3,3,3,3,3,3,3,3,4),(-0.0748689442213419,
-0.0679315516414261,-0.0617970107107819,-0.0562226622939222,-0.0556624697801377,
-0.0532473709266711,-0.0484087968834708,-0.0432089945981635,-0.0389020189593275,
-0.0322515484259761,-0.0250403345454907,-0.0192029577379267,-0.0101750593310173,
0.),.UNSPECIFIED.);
#222=B_SPLINE_CURVE_WITH_KNOTS('',3,(#10462,#10463,#10464,#10465,#10466,
#10467,#10468,#10469,#10470,#10471),.UNSPECIFIED.,.F.,.F.,(4,2,2,2,4),(-0.0353027189462206,
-0.0292912544287441,-0.0219026909226611,-0.0120600242488555,0.),
 .UNSPECIFIED.);
#223=B_SPLINE_CURVE_WITH_KNOTS('',3,(#10484,#10485,#10486,#10487,#10488),
 .UNSPECIFIED.,.F.,.F.,(4,1,4),(0.,0.0266465819738075,0.0554474159724389),
 .UNSPECIFIED.);
#224=B_SPLINE_CURVE_WITH_KNOTS('',3,(#10502,#10503,#10504,#10505,#10506),
 .UNSPECIFIED.,.F.,.F.,(4,1,4),(0.,0.0251182100909531,0.0370321881670259),
 .UNSPECIFIED.);
#225=B_SPLINE_CURVE_WITH_KNOTS('',3,(#10527,#10528,#10529,#10530,#10531),
 .UNSPECIFIED.,.F.,.F.,(4,1,4),(-0.0543993123287866,-0.0223679483532783,
0.),.UNSPECIFIED.);
#226=B_SPLINE_CURVE_WITH_KNOTS('',3,(#10533,#10534,#10535,#10536,#10537),
 .UNSPECIFIED.,.F.,.F.,(4,1,4),(-0.0456780920858933,-0.0224323297842313,
0.),.UNSPECIFIED.);
#227=B_SPLINE_CURVE_WITH_KNOTS('',3,(#10539,#10540,#10541,#10542,#10543),
 .UNSPECIFIED.,.F.,.F.,(4,1,4),(-0.0501575219697734,-0.0265260958849217,
0.),.UNSPECIFIED.);
#228=B_SPLINE_CURVE_WITH_KNOTS('',3,(#10545,#10546,#10547,#10548,#10549),
 .UNSPECIFIED.,.F.,.F.,(4,1,4),(-0.0437850401915727,-0.021845214865578,
0.),.UNSPECIFIED.);
#229=B_SPLINE_CURVE_WITH_KNOTS('',3,(#10551,#10552,#10553,#10554,#10555),
 .UNSPECIFIED.,.F.,.F.,(4,1,4),(-0.0484179021672236,-0.0253784443908818,
0.),.UNSPECIFIED.);
#230=B_SPLINE_CURVE_WITH_KNOTS('',3,(#10557,#10558,#10559,#10560,#10561),
 .UNSPECIFIED.,.F.,.F.,(4,1,4),(-0.0435820571839698,-0.0210593402088454,
0.),.UNSPECIFIED.);
#231=B_SPLINE_CURVE_WITH_KNOTS('',3,(#10563,#10564,#10565,#10566,#10567),
 .UNSPECIFIED.,.F.,.F.,(4,1,4),(-0.0447841438957718,-0.023395261851527,
0.),.UNSPECIFIED.);
#232=B_SPLINE_CURVE_WITH_KNOTS('',3,(#10569,#10570,#10571,#10572,#10573),
 .UNSPECIFIED.,.F.,.F.,(4,1,4),(-0.0932081080840441,-0.0483654994506744,
0.),.UNSPECIFIED.);
#233=B_SPLINE_CURVE_WITH_KNOTS('',3,(#10585,#10586,#10587,#10588,#10589),
 .UNSPECIFIED.,.F.,.F.,(4,1,4),(-0.0538887563250544,-0.0218158851294916,
0.),.UNSPECIFIED.);
#234=B_SPLINE_CURVE_WITH_KNOTS('',3,(#10591,#10592,#10593,#10594,#10595),
 .UNSPECIFIED.,.F.,.F.,(4,1,4),(-0.0310698257029231,-0.0150873239651534,
0.),.UNSPECIFIED.);
#235=B_SPLINE_CURVE_WITH_KNOTS('',3,(#10597,#10598,#10599,#10600,#10601),
 .UNSPECIFIED.,.F.,.F.,(4,1,4),(-0.030160078599749,-0.0152262837368308,
0.),.UNSPECIFIED.);
#236=B_SPLINE_CURVE_WITH_KNOTS('',3,(#10603,#10604,#10605,#10606,#10607),
 .UNSPECIFIED.,.F.,.F.,(4,1,4),(-0.0218049794919271,-0.00991858848447484,
0.),.UNSPECIFIED.);
#237=B_SPLINE_CURVE_WITH_KNOTS('',3,(#10609,#10610,#10611,#10612,#10613),
 .UNSPECIFIED.,.F.,.F.,(4,1,4),(-0.0201761916239141,-0.0106595502117098,
0.),.UNSPECIFIED.);
#238=B_SPLINE_CURVE_WITH_KNOTS('',3,(#10615,#10616,#10617,#10618,#10619),
 .UNSPECIFIED.,.F.,.F.,(4,1,4),(-0.0490534150614888,-0.0311413904144805,
0.),.UNSPECIFIED.);
#239=B_SPLINE_CURVE_WITH_KNOTS('',3,(#10627,#10628,#10629,#10630,#10631),
 .UNSPECIFIED.,.F.,.F.,(4,1,4),(-0.0540215258761606,-0.0222827017700384,
0.),.UNSPECIFIED.);
#240=B_SPLINE_CURVE_WITH_KNOTS('',3,(#10633,#10634,#10635,#10636,#10637),
 .UNSPECIFIED.,.F.,.F.,(4,1,4),(-0.0320366444814834,-0.015386096123414,
0.),.UNSPECIFIED.);
#241=B_SPLINE_CURVE_WITH_KNOTS('',3,(#10639,#10640,#10641,#10642,#10643),
 .UNSPECIFIED.,.F.,.F.,(4,1,4),(-0.0288338473007544,-0.0141487075299636,
0.),.UNSPECIFIED.);
#242=B_SPLINE_CURVE_WITH_KNOTS('',3,(#10645,#10646,#10647,#10648,#10649),
 .UNSPECIFIED.,.F.,.F.,(4,1,4),(-0.0339295390681975,-0.0163323509186849,
0.),.UNSPECIFIED.);
#243=B_SPLINE_CURVE_WITH_KNOTS('',3,(#10650,#10651,#10652,#10653,#10654),
 .UNSPECIFIED.,.F.,.F.,(4,1,4),(-0.0506182061685456,-0.0317875992463273,
0.),.UNSPECIFIED.);
#244=B_SPLINE_CURVE_WITH_KNOTS('',3,(#10687,#10688,#10689,#10690,#10691),
 .UNSPECIFIED.,.F.,.F.,(4,1,4),(0.,0.0553802650835482,0.103621693499153),
 .UNSPECIFIED.);
#245=B_SPLINE_CURVE_WITH_KNOTS('',3,(#10703,#10704,#10705,#10706,#10707),
 .UNSPECIFIED.,.F.,.F.,(4,1,4),(0.,0.0475628962519076,0.100623285497266),
 .UNSPECIFIED.);
#246=B_SPLINE_CURVE_WITH_KNOTS('',3,(#10720,#10721,#10722,#10723,#10724),
 .UNSPECIFIED.,.F.,.F.,(4,1,4),(0.,0.0660730938501361,0.129823087410497),
 .UNSPECIFIED.);
#247=B_SPLINE_CURVE_WITH_KNOTS('',3,(#10737,#10738,#10739,#10740,#10741),
 .UNSPECIFIED.,.F.,.F.,(4,1,4),(0.,0.0671435614452646,0.143541202157775),
 .UNSPECIFIED.);
#248=B_SPLINE_CURVE_WITH_KNOTS('',3,(#10754,#10755,#10756,#10757,#10758),
 .UNSPECIFIED.,.F.,.F.,(4,1,4),(0.,0.0802100711124393,0.148971294563726),
 .UNSPECIFIED.);
#249=B_SPLINE_CURVE_WITH_KNOTS('',3,(#10771,#10772,#10773,#10774,#10775),
 .UNSPECIFIED.,.F.,.F.,(4,1,4),(0.,0.0650155139368415,0.134062847868259),
 .UNSPECIFIED.);
#250=B_SPLINE_CURVE_WITH_KNOTS('',3,(#10787,#10788,#10789,#10790,#10791),
 .UNSPECIFIED.,.F.,.F.,(4,1,4),(0.,0.0602953825264487,0.115735264949379),
 .UNSPECIFIED.);
#251=B_SPLINE_CURVE_WITH_KNOTS('',3,(#10802,#10803,#10804,#10805,#10806),
 .UNSPECIFIED.,.F.,.F.,(4,1,4),(0.,0.0267598791786158,0.0520836773740209),
 .UNSPECIFIED.);
#252=B_SPLINE_CURVE_WITH_KNOTS('',3,(#10818,#10819,#10820,#10821,#10822),
 .UNSPECIFIED.,.F.,.F.,(4,1,4),(0.,0.0367419093732063,0.0724230664151805),
 .UNSPECIFIED.);
#253=B_SPLINE_CURVE_WITH_KNOTS('',3,(#10835,#10836,#10837,#10838,#10839),
 .UNSPECIFIED.,.F.,.F.,(4,1,4),(0.,0.0417762906199042,0.0972381163106968),
 .UNSPECIFIED.);
#254=B_SPLINE_CURVE_WITH_KNOTS('',3,(#10852,#10853,#10854,#10855,#10856),
 .UNSPECIFIED.,.F.,.F.,(4,1,4),(0.,0.0584251521319529,0.101124642515732),
 .UNSPECIFIED.);
#255=B_SPLINE_CURVE_WITH_KNOTS('',3,(#10869,#10870,#10871,#10872,#10873),
 .UNSPECIFIED.,.F.,.F.,(4,1,4),(0.,0.0354275303428929,0.071553125127178),
 .UNSPECIFIED.);
#256=B_SPLINE_CURVE_WITH_KNOTS('',3,(#10885,#10886,#10887,#10888,#10889),
 .UNSPECIFIED.,.F.,.F.,(4,1,4),(0.,0.0271826494208848,0.0537700286692113),
 .UNSPECIFIED.);
#257=B_SPLINE_CURVE_WITH_KNOTS('',3,(#10902,#10903,#10904,#10905,#10906),
 .UNSPECIFIED.,.F.,.F.,(4,1,4),(0.,0.0265507314360795,0.0486539919990454),
 .UNSPECIFIED.);
#258=B_SPLINE_CURVE_WITH_KNOTS('',3,(#10920,#10921,#10922,#10923,#10924),
 .UNSPECIFIED.,.F.,.F.,(4,1,4),(0.,0.0199694355606694,0.0397617966615496),
 .UNSPECIFIED.);
#259=B_SPLINE_CURVE_WITH_KNOTS('',3,(#10937,#10938,#10939,#10940,#10941),
 .UNSPECIFIED.,.F.,.F.,(4,1,4),(0.,0.0209115566537968,0.0415541662463257),
 .UNSPECIFIED.);
#260=B_SPLINE_CURVE_WITH_KNOTS('',3,(#10954,#10955,#10956,#10957,#10958),
 .UNSPECIFIED.,.F.,.F.,(4,1,4),(0.,0.022166520125997,0.0475525230528428),
 .UNSPECIFIED.);
#261=B_SPLINE_CURVE_WITH_KNOTS('',3,(#10974,#10975,#10976,#10977,#10978),
 .UNSPECIFIED.,.F.,.F.,(4,1,4),(0.,0.0372198618395284,0.0717051302189936),
 .UNSPECIFIED.);
#262=B_SPLINE_CURVE_WITH_KNOTS('',3,(#10990,#10991,#10992,#10993,#10994),
 .UNSPECIFIED.,.F.,.F.,(4,1,4),(0.,0.0352433767471126,0.0747045051899591),
 .UNSPECIFIED.);
#263=B_SPLINE_CURVE_WITH_KNOTS('',3,(#11007,#11008,#11009,#11010,#11011),
 .UNSPECIFIED.,.F.,.F.,(4,1,4),(0.,0.0598660305070194,0.112788297830341),
 .UNSPECIFIED.);
#264=B_SPLINE_CURVE_WITH_KNOTS('',3,(#11024,#11025,#11026,#11027,#11028),
 .UNSPECIFIED.,.F.,.F.,(4,1,4),(0.,0.0444158581561112,0.0941469274283034),
 .UNSPECIFIED.);
#265=B_SPLINE_CURVE_WITH_KNOTS('',3,(#11041,#11042,#11043,#11044,#11045),
 .UNSPECIFIED.,.F.,.F.,(4,1,4),(0.,0.0580786073929953,0.108374400050769),
 .UNSPECIFIED.);
#266=B_SPLINE_CURVE_WITH_KNOTS('',3,(#11058,#11059,#11060,#11061,#11062),
 .UNSPECIFIED.,.F.,.F.,(4,1,4),(0.,0.0469525510305401,0.0948871571079994),
 .UNSPECIFIED.);
#267=B_SPLINE_CURVE_WITH_KNOTS('',3,(#11075,#11076,#11077,#11078,#11079),
 .UNSPECIFIED.,.F.,.F.,(4,1,4),(0.,0.0526318524859012,0.101472726447143),
 .UNSPECIFIED.);
#268=B_SPLINE_CURVE_WITH_KNOTS('',3,(#11092,#11093,#11094,#11095,#11096),
 .UNSPECIFIED.,.F.,.F.,(4,1,4),(0.,0.0543206461321898,0.123398618401327),
 .UNSPECIFIED.);
#269=B_SPLINE_CURVE_WITH_KNOTS('',3,(#11113,#11114,#11115,#11116,#11117),
 .UNSPECIFIED.,.F.,.F.,(4,1,4),(0.,0.0275035175598878,0.0511758949174539),
 .UNSPECIFIED.);
#270=B_SPLINE_CURVE_WITH_KNOTS('',3,(#11129,#11130,#11131,#11132,#11133),
 .UNSPECIFIED.,.F.,.F.,(4,1,4),(0.,0.0218993128473331,0.0440380227178295),
 .UNSPECIFIED.);
#271=B_SPLINE_CURVE_WITH_KNOTS('',3,(#11144,#11145,#11146,#11147,#11148),
 .UNSPECIFIED.,.F.,.F.,(4,1,4),(0.,0.014988822746288,0.0332149464837821),
 .UNSPECIFIED.);
#272=B_SPLINE_CURVE_WITH_KNOTS('',3,(#11168,#11169,#11170,#11171,#11172),
 .UNSPECIFIED.,.F.,.F.,(4,1,4),(0.,0.0052710669098868,0.0107738017634367),
 .UNSPECIFIED.);
#273=B_SPLINE_CURVE_WITH_KNOTS('',3,(#11185,#11186,#11187,#11188,#11189),
 .UNSPECIFIED.,.F.,.F.,(4,1,4),(0.,0.00586898333803679,0.0122436517920191),
 .UNSPECIFIED.);
#274=B_SPLINE_CURVE_WITH_KNOTS('',3,(#11200,#11201,#11202,#11203,#11204),
 .UNSPECIFIED.,.F.,.F.,(4,1,4),(0.,0.0117736167767499,0.0284533089222823),
 .UNSPECIFIED.);
#275=B_SPLINE_CURVE_WITH_KNOTS('',3,(#11216,#11217,#11218,#11219,#11220),
 .UNSPECIFIED.,.F.,.F.,(4,1,4),(0.,0.0177076915783626,0.0341909415206615),
 .UNSPECIFIED.);
#276=B_SPLINE_CURVE_WITH_KNOTS('',3,(#11234,#11235,#11236,#11237,#11238),
 .UNSPECIFIED.,.F.,.F.,(4,1,4),(0.,0.0147524952414504,0.0274194960612036),
 .UNSPECIFIED.);
#277=B_SPLINE_CURVE_WITH_KNOTS('',3,(#11251,#11252,#11253,#11254,#11255),
 .UNSPECIFIED.,.F.,.F.,(4,1,4),(0.,0.0130339000623608,0.0285994804587519),
 .UNSPECIFIED.);
#278=B_SPLINE_CURVE_WITH_KNOTS('',3,(#11268,#11269,#11270,#11271,#11272),
 .UNSPECIFIED.,.F.,.F.,(4,1,4),(0.,0.0181414104032078,0.0484198312104524),
 .UNSPECIFIED.);
#279=B_SPLINE_CURVE_WITH_KNOTS('',3,(#11291,#11292,#11293,#11294,#11295),
 .UNSPECIFIED.,.F.,.F.,(4,1,4),(0.,0.0343638770574443,0.0629088261821332),
 .UNSPECIFIED.);
#280=B_SPLINE_CURVE_WITH_KNOTS('',3,(#11299,#11300,#11301,#11302,#11303),
 .UNSPECIFIED.,.F.,.F.,(4,1,4),(-0.0629088261821332,-0.0343638770574443,
0.),.UNSPECIFIED.);
#281=B_SPLINE_CURVE_WITH_KNOTS('',3,(#11316,#11317,#11318,#11319,#11320),
 .UNSPECIFIED.,.F.,.F.,(4,1,4),(0.,0.0255859637078304,0.050831287820449),
 .UNSPECIFIED.);
#282=B_SPLINE_CURVE_WITH_KNOTS('',3,(#11322,#11323,#11324,#11325,#11326),
 .UNSPECIFIED.,.F.,.F.,(4,1,4),(-0.050831287820449,-0.0255859637078304,
0.),.UNSPECIFIED.);
#283=B_SPLINE_CURVE_WITH_KNOTS('',3,(#11339,#11340,#11341,#11342,#11343),
 .UNSPECIFIED.,.F.,.F.,(4,1,4),(0.,0.0252154432501763,0.0507283028314077),
 .UNSPECIFIED.);
#284=B_SPLINE_CURVE_WITH_KNOTS('',3,(#11345,#11346,#11347,#11348,#11349),
 .UNSPECIFIED.,.F.,.F.,(4,1,4),(-0.0507283028314077,-0.0252154432501763,
0.),.UNSPECIFIED.);
#285=B_SPLINE_CURVE_WITH_KNOTS('',3,(#11362,#11363,#11364,#11365,#11366),
 .UNSPECIFIED.,.F.,.F.,(4,1,4),(0.,0.0286082559540679,0.0633311048472475),
 .UNSPECIFIED.);
#286=B_SPLINE_CURVE_WITH_KNOTS('',3,(#11368,#11369,#11370,#11371,#11372),
 .UNSPECIFIED.,.F.,.F.,(4,1,4),(-0.0633311048472475,-0.0286082559540679,
0.),.UNSPECIFIED.);
#287=B_SPLINE_CURVE_WITH_KNOTS('',3,(#11385,#11386,#11387,#11388,#11389),
 .UNSPECIFIED.,.F.,.F.,(4,1,4),(0.,0.033996869673274,0.0623907661398477),
 .UNSPECIFIED.);
#288=B_SPLINE_CURVE_WITH_KNOTS('',3,(#11391,#11392,#11393,#11394,#11395),
 .UNSPECIFIED.,.F.,.F.,(4,1,4),(-0.0623907661398477,-0.033996869673274,
0.),.UNSPECIFIED.);
#289=B_SPLINE_CURVE_WITH_KNOTS('',3,(#11408,#11409,#11410,#11411,#11412),
 .UNSPECIFIED.,.F.,.F.,(4,1,4),(0.,0.0255128595812314,0.0507283028314077),
 .UNSPECIFIED.);
#290=B_SPLINE_CURVE_WITH_KNOTS('',3,(#11414,#11415,#11416,#11417,#11418),
 .UNSPECIFIED.,.F.,.F.,(4,1,4),(-0.0507283028314077,-0.0255128595812314,
0.),.UNSPECIFIED.);
#291=B_SPLINE_CURVE_WITH_KNOTS('',3,(#11431,#11432,#11433,#11434,#11435),
 .UNSPECIFIED.,.F.,.F.,(4,1,4),(0.,0.0252453241126186,0.050831287820449),
 .UNSPECIFIED.);
#292=B_SPLINE_CURVE_WITH_KNOTS('',3,(#11437,#11438,#11439,#11440,#11441),
 .UNSPECIFIED.,.F.,.F.,(4,1,4),(-0.050831287820449,-0.0252453241126186,
0.),.UNSPECIFIED.);
#293=B_SPLINE_CURVE_WITH_KNOTS('',3,(#11453,#11454,#11455,#11456,#11457),
 .UNSPECIFIED.,.F.,.F.,(4,1,4),(0.,0.028544949124689,0.0629088261821332),
 .UNSPECIFIED.);
#294=B_SPLINE_CURVE_WITH_KNOTS('',3,(#11458,#11459,#11460,#11461,#11462),
 .UNSPECIFIED.,.F.,.F.,(4,1,4),(-0.0629088261821332,-0.028544949124689,
0.),.UNSPECIFIED.);
#295=B_SPLINE_CURVE_WITH_KNOTS('',3,(#11475,#11476,#11477,#11478,#11479),
 .UNSPECIFIED.,.F.,.F.,(4,1,4),(0.,0.0338930371465042,0.0687920193608688),
 .UNSPECIFIED.);
#296=B_SPLINE_CURVE_WITH_KNOTS('',3,(#11483,#11484,#11485,#11486,#11487),
 .UNSPECIFIED.,.F.,.F.,(4,1,4),(-0.0687920193608688,-0.0338930371465042,
0.),.UNSPECIFIED.);
#297=B_SPLINE_CURVE_WITH_KNOTS('',3,(#11500,#11501,#11502,#11503,#11504),
 .UNSPECIFIED.,.F.,.F.,(4,1,4),(0.,0.0347775219267131,0.0690549575118946),
 .UNSPECIFIED.);
#298=B_SPLINE_CURVE_WITH_KNOTS('',3,(#11506,#11507,#11508,#11509,#11510),
 .UNSPECIFIED.,.F.,.F.,(4,1,4),(-0.0690549575118946,-0.0347775219267131,
0.),.UNSPECIFIED.);
#299=B_SPLINE_CURVE_WITH_KNOTS('',3,(#11523,#11524,#11525,#11526,#11527),
 .UNSPECIFIED.,.F.,.F.,(4,1,4),(0.,0.0350412634091339,0.0715702435292926),
 .UNSPECIFIED.);
#300=B_SPLINE_CURVE_WITH_KNOTS('',3,(#11529,#11530,#11531,#11532,#11533),
 .UNSPECIFIED.,.F.,.F.,(4,1,4),(-0.0715702435292926,-0.0350412634091339,
0.),.UNSPECIFIED.);
#301=B_SPLINE_CURVE_WITH_KNOTS('',3,(#11546,#11547,#11548,#11549,#11550),
 .UNSPECIFIED.,.F.,.F.,(4,1,4),(0.,0.0543734268119843,0.105970313006067),
 .UNSPECIFIED.);
#302=B_SPLINE_CURVE_WITH_KNOTS('',3,(#11552,#11553,#11554,#11555,#11556),
 .UNSPECIFIED.,.F.,.F.,(4,1,4),(-0.105970313006067,-0.0543734268119843,
0.),.UNSPECIFIED.);
#303=B_SPLINE_CURVE_WITH_KNOTS('',3,(#11569,#11570,#11571,#11572,#11573),
 .UNSPECIFIED.,.F.,.F.,(4,1,4),(0.,0.051624895680264,0.105761333172474),
 .UNSPECIFIED.);
#304=B_SPLINE_CURVE_WITH_KNOTS('',3,(#11575,#11576,#11577,#11578,#11579),
 .UNSPECIFIED.,.F.,.F.,(4,1,4),(-0.105761333172474,-0.051624895680264,0.),
 .UNSPECIFIED.);
#305=B_SPLINE_CURVE_WITH_KNOTS('',3,(#11592,#11593,#11594,#11595,#11596),
 .UNSPECIFIED.,.F.,.F.,(4,1,4),(0.,0.0546331987545979,0.106817136176455),
 .UNSPECIFIED.);
#306=B_SPLINE_CURVE_WITH_KNOTS('',3,(#11598,#11599,#11600,#11601,#11602),
 .UNSPECIFIED.,.F.,.F.,(4,1,4),(-0.106817136176455,-0.0546331987545979,
0.),.UNSPECIFIED.);
#307=B_SPLINE_CURVE_WITH_KNOTS('',3,(#11615,#11616,#11617,#11618,#11619),
 .UNSPECIFIED.,.F.,.F.,(4,1,4),(0.,0.051775893166223,0.105360258995687),
 .UNSPECIFIED.);
#308=B_SPLINE_CURVE_WITH_KNOTS('',3,(#11621,#11622,#11623,#11624,#11625),
 .UNSPECIFIED.,.F.,.F.,(4,1,4),(-0.105360258995687,-0.051775893166223,0.),
 .UNSPECIFIED.);
#309=B_SPLINE_CURVE_WITH_KNOTS('',3,(#11638,#11639,#11640,#11641,#11642),
 .UNSPECIFIED.,.F.,.F.,(4,1,4),(0.,0.0350527963121785,0.0703581523368207),
 .UNSPECIFIED.);
#310=B_SPLINE_CURVE_WITH_KNOTS('',3,(#11644,#11645,#11646,#11647,#11648),
 .UNSPECIFIED.,.F.,.F.,(4,1,4),(-0.0703581523368207,-0.0350527963121785,
0.),.UNSPECIFIED.);
#311=B_SPLINE_CURVE_WITH_KNOTS('',3,(#11661,#11662,#11663,#11664,#11665),
 .UNSPECIFIED.,.F.,.F.,(4,1,4),(0.,0.0347188924808823,0.0690515069540343),
 .UNSPECIFIED.);
#312=B_SPLINE_CURVE_WITH_KNOTS('',3,(#11667,#11668,#11669,#11670,#11671),
 .UNSPECIFIED.,.F.,.F.,(4,1,4),(-0.0690515069540343,-0.0347188924808823,
0.),.UNSPECIFIED.);
#313=B_SPLINE_CURVE_WITH_KNOTS('',3,(#11683,#11684,#11685,#11686,#11687),
 .UNSPECIFIED.,.F.,.F.,(4,1,4),(0.,0.0367550878092612,0.078259588698987),
 .UNSPECIFIED.);
#314=B_SPLINE_CURVE_WITH_KNOTS('',3,(#11688,#11689,#11690,#11691,#11692),
 .UNSPECIFIED.,.F.,.F.,(4,1,4),(-0.078259588698987,-0.0367550878092612,
0.),.UNSPECIFIED.);
#315=B_SPLINE_CURVE_WITH_KNOTS('',3,(#11716,#11717,#11718,#11719,#11720),
 .UNSPECIFIED.,.F.,.F.,(4,1,4),(0.,0.0483654994506744,0.0932081080840441),
 .UNSPECIFIED.);
#316=B_SPLINE_CURVE_WITH_KNOTS('',3,(#11733,#11734,#11735,#11736,#11737),
 .UNSPECIFIED.,.F.,.F.,(4,1,4),(0.,0.023395261851527,0.0447841438957718),
 .UNSPECIFIED.);
#317=B_SPLINE_CURVE_WITH_KNOTS('',3,(#11750,#11751,#11752,#11753,#11754),
 .UNSPECIFIED.,.F.,.F.,(4,1,4),(0.,0.0210593402088454,0.0435820571839698),
 .UNSPECIFIED.);
#318=B_SPLINE_CURVE_WITH_KNOTS('',3,(#11767,#11768,#11769,#11770,#11771),
 .UNSPECIFIED.,.F.,.F.,(4,1,4),(0.,0.0253784443908818,0.0484179021672236),
 .UNSPECIFIED.);
#319=B_SPLINE_CURVE_WITH_KNOTS('',3,(#11784,#11785,#11786,#11787,#11788),
 .UNSPECIFIED.,.F.,.F.,(4,1,4),(0.,0.021845214865578,0.0437850401915727),
 .UNSPECIFIED.);
#320=B_SPLINE_CURVE_WITH_KNOTS('',3,(#11801,#11802,#11803,#11804,#11805),
 .UNSPECIFIED.,.F.,.F.,(4,1,4),(0.,0.0265260958849217,0.0501575219697734),
 .UNSPECIFIED.);
#321=B_SPLINE_CURVE_WITH_KNOTS('',3,(#11818,#11819,#11820,#11821,#11822),
 .UNSPECIFIED.,.F.,.F.,(4,1,4),(0.,0.0224323297842313,0.0456780920858933),
 .UNSPECIFIED.);
#322=B_SPLINE_CURVE_WITH_KNOTS('',3,(#11835,#11836,#11837,#11838,#11839),
 .UNSPECIFIED.,.F.,.F.,(4,1,4),(0.,0.0223679483532783,0.0543993123287866),
 .UNSPECIFIED.);
#323=B_SPLINE_CURVE_WITH_KNOTS('',3,(#11854,#11855,#11856,#11857,#11858),
 .UNSPECIFIED.,.F.,.F.,(4,1,4),(0.,0.0317875992463273,0.0506182061685456),
 .UNSPECIFIED.);
#324=B_SPLINE_CURVE_WITH_KNOTS('',3,(#11871,#11872,#11873,#11874,#11875),
 .UNSPECIFIED.,.F.,.F.,(4,1,4),(0.,0.0163323509186849,0.0339295390681975),
 .UNSPECIFIED.);
#325=B_SPLINE_CURVE_WITH_KNOTS('',3,(#11888,#11889,#11890,#11891,#11892),
 .UNSPECIFIED.,.F.,.F.,(4,1,4),(0.,0.0141487075299636,0.0288338473007544),
 .UNSPECIFIED.);
#326=B_SPLINE_CURVE_WITH_KNOTS('',3,(#11905,#11906,#11907,#11908,#11909),
 .UNSPECIFIED.,.F.,.F.,(4,1,4),(0.,0.015386096123414,0.0320366444814834),
 .UNSPECIFIED.);
#327=B_SPLINE_CURVE_WITH_KNOTS('',3,(#11922,#11923,#11924,#11925,#11926),
 .UNSPECIFIED.,.F.,.F.,(4,1,4),(0.,0.0222827017700384,0.0540215258761606),
 .UNSPECIFIED.);
#328=B_SPLINE_CURVE_WITH_KNOTS('',3,(#11941,#11942,#11943,#11944,#11945),
 .UNSPECIFIED.,.F.,.F.,(4,1,4),(0.,0.0311413904144805,0.0490534150614888),
 .UNSPECIFIED.);
#329=B_SPLINE_CURVE_WITH_KNOTS('',3,(#11958,#11959,#11960,#11961,#11962),
 .UNSPECIFIED.,.F.,.F.,(4,1,4),(0.,0.0106595502117098,0.0201761916239141),
 .UNSPECIFIED.);
#330=B_SPLINE_CURVE_WITH_KNOTS('',3,(#11975,#11976,#11977,#11978,#11979),
 .UNSPECIFIED.,.F.,.F.,(4,1,4),(0.,0.00991858848447484,0.0218049794919271),
 .UNSPECIFIED.);
#331=B_SPLINE_CURVE_WITH_KNOTS('',3,(#11992,#11993,#11994,#11995,#11996),
 .UNSPECIFIED.,.F.,.F.,(4,1,4),(0.,0.0152262837368308,0.030160078599749),
 .UNSPECIFIED.);
#332=B_SPLINE_CURVE_WITH_KNOTS('',3,(#12009,#12010,#12011,#12012,#12013),
 .UNSPECIFIED.,.F.,.F.,(4,1,4),(0.,0.0150873239651534,0.0310698257029231),
 .UNSPECIFIED.);
#333=B_SPLINE_CURVE_WITH_KNOTS('',3,(#12025,#12026,#12027,#12028,#12029),
 .UNSPECIFIED.,.F.,.F.,(4,1,4),(0.,0.0218158851294916,0.0538887563250544),
 .UNSPECIFIED.);
#334=B_SPLINE_CURVE_WITH_KNOTS('',3,(#12545,#12546,#12547,#12548,#12549,
#12550,#12551,#12552,#12553,#12554,#12555,#12556,#12557,#12558,#12559,#12560,
#12561,#12562,#12563,#12564,#12565,#12566,#12567,#12568,#12569,#12570,#12571,
#12572,#12573,#12574,#12575,#12576,#12577,#12578,#12579,#12580,#12581),
 .UNSPECIFIED.,.F.,.F.,(4,3,3,3,3,3,3,3,3,3,3,3,4),(0.,0.133018203366789,
0.266031206960464,0.399039471132314,0.532043456060276,0.665085684492551,
0.79811446358076,0.931131637184446,1.06413904744914,1.19717856176211,1.33019372524867,
1.46322801077475,1.57079634674369),.UNSPECIFIED.);
#335=B_SPLINE_CURVE_WITH_KNOTS('',3,(#12587,#12588,#12589,#12590,#12591,
#12592,#12593,#12594,#12595,#12596,#12597,#12598,#12599,#12600,#12601,#12602,
#12603,#12604,#12605,#12606,#12607,#12608,#12609,#12610,#12611,#12612,#12613,
#12614,#12615,#12616,#12617,#12618,#12619,#12620,#12621,#12622,#12623),
 .UNSPECIFIED.,.F.,.F.,(4,3,3,3,3,3,3,3,3,3,3,3,4),(0.,0.133020150216817,
0.266035100584412,0.399045311460829,0.532051243030709,0.665095418664644,
0.798126144757657,0.931145265196286,1.06415462215304,1.19719608362794,1.33021319392002,
1.46324942653151,1.57081933686716),.UNSPECIFIED.);
#336=B_SPLINE_CURVE_WITH_KNOTS('',3,(#12628,#12629,#12630,#12631,#12632,
#12633,#12634,#12635,#12636,#12637,#12638,#12639,#12640,#12641,#12642,#12643,
#12644,#12645,#12646,#12647,#12648,#12649,#12650,#12651,#12652,#12653,#12654,
#12655,#12656,#12657,#12658,#12659,#12660,#12661,#12662,#12663,#12664),
 .UNSPECIFIED.,.F.,.F.,(4,3,3,3,3,3,3,3,3,3,3,3,4),(0.,0.133020152527638,
0.266035105205974,0.399045318393022,0.53205125227351,0.665095430218683,
0.798126158622704,0.931145281372129,1.06415464063953,1.19719610442562,1.33021321702848,
1.46324945195106,1.57081936415529),.UNSPECIFIED.);
#337=B_SPLINE_CURVE_WITH_KNOTS('',3,(#12665,#12666,#12667,#12668,#12669,
#12670,#12671,#12672,#12673,#12674,#12675,#12676),.UNSPECIFIED.,.F.,.F.,
(4,2,2,2,2,4),(-0.157589509380929,-0.156274342231921,-0.1171865394025,-0.0781173184152238,
-0.0390566750706543,0.),.UNSPECIFIED.);
#338=B_SPLINE_CURVE_WITH_KNOTS('',3,(#12683,#12684,#12685,#12686,#12687,
#12688,#12689,#12690,#12691,#12692,#12693,#12694),.UNSPECIFIED.,.F.,.F.,
(4,2,2,2,2,4),(-0.15758882001139,-0.156263869049651,-0.117186748396068,
-0.0781176740285469,-0.039056913819499,0.),.UNSPECIFIED.);
#339=B_SPLINE_CURVE_WITH_KNOTS('',3,(#12698,#12699,#12700,#12701,#12702,
#12703,#12704,#12705,#12706,#12707,#12708,#12709),.UNSPECIFIED.,.F.,.F.,
(4,2,2,2,2,4),(-0.00132496680348909,0.,0.0390775878494595,0.0781471293190442,
0.117208356530741,0.156265737306884),.UNSPECIFIED.);
#340=B_SPLINE_CURVE_WITH_KNOTS('',3,(#12719,#12720,#12721,#12722,#12723,
#12724,#12725,#12726,#12727,#12728,#12729,#12730),.UNSPECIFIED.,.F.,.F.,
(4,2,2,2,2,4),(-0.157588820012055,-0.156263869059546,-0.117186748395878,
-0.0781176740282468,-0.0390569138192939,0.),.UNSPECIFIED.);
#341=B_SPLINE_CURVE_WITH_KNOTS('',3,(#12734,#12735,#12736,#12737,#12738,
#12739,#12740,#12741,#12742,#12743,#12744,#12745),.UNSPECIFIED.,.F.,.F.,
(4,2,2,2,2,4),(-0.00132496680328531,0.,0.0390775878477354,0.0781471293152093,
0.117208356524816,0.156265737298898),.UNSPECIFIED.);
#342=B_SPLINE_CURVE_WITH_KNOTS('',3,(#12757,#12758,#12759,#12760,#12761,
#12762,#12763,#12764,#12765,#12766,#12767,#12768),.UNSPECIFIED.,.F.,.F.,
(4,2,2,2,2,4),(-0.157588820011267,-0.156263869040909,-0.117186748396237,
-0.0781176740288507,-0.0390569138197004,0.),.UNSPECIFIED.);
#343=B_SPLINE_CURVE_WITH_KNOTS('',3,(#12772,#12773,#12774,#12775,#12776,
#12777,#12778,#12779,#12780,#12781,#12782,#12783),.UNSPECIFIED.,.F.,.F.,
(4,2,2,2,2,4),(-0.00132496680250618,0.,0.0390775878388805,0.0781471292950252,
0.117208356493288,0.156265737255997),.UNSPECIFIED.);
#344=B_SPLINE_CURVE_WITH_KNOTS('',3,(#12791,#12792,#12793,#12794,#12795,
#12796,#12797,#12798,#12799,#12800,#12801,#12802),.UNSPECIFIED.,.F.,.F.,
(4,2,2,2,2,4),(-0.00131505649090767,0.,0.0390884240085874,0.0781581291094788,
0.117219252966649,0.156276406884269),.UNSPECIFIED.);
#345=(
BOUNDED_SURFACE()
B_SPLINE_SURFACE(2,2,((#8853,#8854,#8855),(#8856,#8857,#8858),(#8859,#8860,
#8861)),.UNSPECIFIED.,.F.,.F.,.F.)
B_SPLINE_SURFACE_WITH_KNOTS((3,3),(3,3),(-1.57079632679492,0.),(0.,1.5707963267949),
 .UNSPECIFIED.)
GEOMETRIC_REPRESENTATION_ITEM()
RATIONAL_B_SPLINE_SURFACE(((1.,0.707106781186548,1.),(0.707106781186565,
0.500000000000012,0.707106781186565),(1.,0.707106781186548,1.)))
REPRESENTATION_ITEM('')
SURFACE()
);
#346=(
BOUNDED_SURFACE()
B_SPLINE_SURFACE(2,2,((#8876,#8877,#8878),(#8879,#8880,#8881),(#8882,#8883,
#8884)),.UNSPECIFIED.,.F.,.F.,.F.)
B_SPLINE_SURFACE_WITH_KNOTS((3,3),(3,3),(-1.57079632679492,0.),(1.5707963267949,
3.14159265358979),.UNSPECIFIED.)
GEOMETRIC_REPRESENTATION_ITEM()
RATIONAL_B_SPLINE_SURFACE(((1.,0.707106781186548,1.),(0.707106781186565,
0.500000000000012,0.707106781186565),(1.,0.707106781186548,1.)))
REPRESENTATION_ITEM('')
SURFACE()
);
#347=(
BOUNDED_SURFACE()
B_SPLINE_SURFACE(2,2,((#8892,#8893,#8894),(#8895,#8896,#8897),(#8898,#8899,
#8900)),.UNSPECIFIED.,.F.,.F.,.F.)
B_SPLINE_SURFACE_WITH_KNOTS((3,3),(3,3),(-1.57079632679492,0.),(0.,1.5707963267949),
 .UNSPECIFIED.)
GEOMETRIC_REPRESENTATION_ITEM()
RATIONAL_B_SPLINE_SURFACE(((1.,0.707106781186548,1.),(0.707106781186565,
0.500000000000012,0.707106781186565),(1.,0.707106781186548,1.)))
REPRESENTATION_ITEM('')
SURFACE()
);
#348=(
BOUNDED_SURFACE()
B_SPLINE_SURFACE(2,2,((#8915,#8916,#8917),(#8918,#8919,#8920),(#8921,#8922,
#8923)),.UNSPECIFIED.,.F.,.F.,.F.)
B_SPLINE_SURFACE_WITH_KNOTS((3,3),(3,3),(-1.57079632679492,0.),(1.5707963267949,
3.14159265358979),.UNSPECIFIED.)
GEOMETRIC_REPRESENTATION_ITEM()
RATIONAL_B_SPLINE_SURFACE(((1.,0.707106781186548,1.),(0.707106781186565,
0.500000000000012,0.707106781186565),(1.,0.707106781186548,1.)))
REPRESENTATION_ITEM('')
SURFACE()
);
#349=(
BOUNDED_SURFACE()
B_SPLINE_SURFACE(2,2,((#8978,#8979,#8980),(#8981,#8982,#8983),(#8984,#8985,
#8986)),.UNSPECIFIED.,.F.,.F.,.F.)
B_SPLINE_SURFACE_WITH_KNOTS((3,3),(3,3),(-1.57079632679492,0.),(-3.14159265358979,
-1.5707963267949),.UNSPECIFIED.)
GEOMETRIC_REPRESENTATION_ITEM()
RATIONAL_B_SPLINE_SURFACE(((1.,0.707106781186548,1.),(0.707106781186566,
0.500000000000013,0.707106781186566),(1.,0.707106781186548,1.)))
REPRESENTATION_ITEM('')
SURFACE()
);
#350=(
BOUNDED_SURFACE()
B_SPLINE_SURFACE(2,2,((#9001,#9002,#9003),(#9004,#9005,#9006),(#9007,#9008,
#9009)),.UNSPECIFIED.,.F.,.F.,.F.)
B_SPLINE_SURFACE_WITH_KNOTS((3,3),(3,3),(-1.57079632679492,0.),(-1.5707963267949,
7.10542735760098E-14),.UNSPECIFIED.)
GEOMETRIC_REPRESENTATION_ITEM()
RATIONAL_B_SPLINE_SURFACE(((1.,0.707106781186522,1.),(0.707106781186565,
0.499999999999995,0.707106781186565),(1.,0.707106781186522,1.)))
REPRESENTATION_ITEM('')
SURFACE()
);
#351=(
BOUNDED_SURFACE()
B_SPLINE_SURFACE(2,2,((#9017,#9018,#9019),(#9020,#9021,#9022),(#9023,#9024,
#9025)),.UNSPECIFIED.,.F.,.F.,.F.)
B_SPLINE_SURFACE_WITH_KNOTS((3,3),(3,3),(-1.57079632679492,0.),(-3.14159265358979,
-1.5707963267949),.UNSPECIFIED.)
GEOMETRIC_REPRESENTATION_ITEM()
RATIONAL_B_SPLINE_SURFACE(((1.,0.707106781186548,1.),(0.707106781186566,
0.500000000000013,0.707106781186566),(1.,0.707106781186548,1.)))
REPRESENTATION_ITEM('')
SURFACE()
);
#352=(
BOUNDED_SURFACE()
B_SPLINE_SURFACE(2,2,((#9040,#9041,#9042),(#9043,#9044,#9045),(#9046,#9047,
#9048)),.UNSPECIFIED.,.F.,.F.,.F.)
B_SPLINE_SURFACE_WITH_KNOTS((3,3),(3,3),(-1.5707963267949,0.),(-1.5707963267949,
0.),.UNSPECIFIED.)
GEOMETRIC_REPRESENTATION_ITEM()
RATIONAL_B_SPLINE_SURFACE(((1.,0.707106781186548,1.),(0.707106781186596,
0.500000000000034,0.707106781186596),(1.,0.707106781186548,1.)))
REPRESENTATION_ITEM('')
SURFACE()
);
#353=(
BOUNDED_SURFACE()
B_SPLINE_SURFACE(2,2,((#9731,#9732,#9733),(#9734,#9735,#9736),(#9737,#9738,
#9739)),.UNSPECIFIED.,.F.,.F.,.F.)
B_SPLINE_SURFACE_WITH_KNOTS((3,3),(3,3),(-3.14159265358979,-1.57079632679488),
(2.54805500569635,3.14159265359026),.UNSPECIFIED.)
GEOMETRIC_REPRESENTATION_ITEM()
RATIONAL_B_SPLINE_SURFACE(((1.,0.956286378188654,1.),(0.707106781186535,
0.676196582773508,0.707106781186535),(1.,0.956286378188654,1.)))
REPRESENTATION_ITEM('')
SURFACE()
);
#354=(
BOUNDED_SURFACE()
B_SPLINE_SURFACE(2,2,((#10358,#10359,#10360),(#10361,#10362,#10363),(#10364,
#10365,#10366)),.UNSPECIFIED.,.F.,.F.,.F.)
B_SPLINE_SURFACE_WITH_KNOTS((3,3),(3,3),(-1.81862170302189,-1.57079632679491),
(2.92800873798592,3.1415926535898),.UNSPECIFIED.)
GEOMETRIC_REPRESENTATION_ITEM()
RATIONAL_B_SPLINE_SURFACE(((1.,0.994303156111675,1.),(0.992332641010487,
0.986679476869361,0.992332641010487),(1.,0.994303156111675,1.)))
REPRESENTATION_ITEM('')
SURFACE()
);
#355=PLANE('',#6752);
#356=PLANE('',#6756);
#357=PLANE('',#6760);
#358=PLANE('',#6764);
#359=PLANE('',#6765);
#360=PLANE('',#6769);
#361=PLANE('',#6773);
#362=PLANE('',#6777);
#363=PLANE('',#6790);
#364=PLANE('',#6800);
#365=PLANE('',#6803);
#366=PLANE('',#6805);
#367=PLANE('',#6808);
#368=PLANE('',#6812);
#369=PLANE('',#6813);
#370=PLANE('',#6814);
#371=PLANE('',#6815);
#372=PLANE('',#6825);
#373=PLANE('',#6835);
#374=PLANE('',#6838);
#375=PLANE('',#6842);
#376=PLANE('',#6844);
#377=PLANE('',#6855);
#378=PLANE('',#6856);
#379=PLANE('',#6857);
#380=PLANE('',#6858);
#381=PLANE('',#6859);
#382=PLANE('',#6897);
#383=PLANE('',#6899);
#384=PLANE('',#6900);
#385=PLANE('',#6901);
#386=PLANE('',#6902);
#387=PLANE('',#6903);
#388=PLANE('',#6908);
#389=PLANE('',#6909);
#390=PLANE('',#6910);
#391=PLANE('',#6913);
#392=PLANE('',#6914);
#393=PLANE('',#6915);
#394=PLANE('',#6918);
#395=PLANE('',#6919);
#396=PLANE('',#6920);
#397=PLANE('',#6923);
#398=PLANE('',#6924);
#399=PLANE('',#6925);
#400=PLANE('',#6928);
#401=PLANE('',#6929);
#402=PLANE('',#6930);
#403=PLANE('',#6931);
#404=PLANE('',#6933);
#405=PLANE('',#6934);
#406=PLANE('',#6936);
#407=PLANE('',#6937);
#408=PLANE('',#6938);
#409=PLANE('',#6940);
#410=PLANE('',#6941);
#411=PLANE('',#6942);
#412=PLANE('',#6943);
#413=PLANE('',#6944);
#414=PLANE('',#6947);
#415=PLANE('',#6948);
#416=PLANE('',#6949);
#417=PLANE('',#6952);
#418=PLANE('',#6953);
#419=PLANE('',#6954);
#420=PLANE('',#6957);
#421=PLANE('',#6958);
#422=PLANE('',#6959);
#423=PLANE('',#6962);
#424=PLANE('',#6963);
#425=PLANE('',#6964);
#426=PLANE('',#6965);
#427=PLANE('',#6969);
#428=PLANE('',#6971);
#429=PLANE('',#6977);
#430=PLANE('',#6978);
#431=PLANE('',#6979);
#432=PLANE('',#6981);
#433=PLANE('',#6987);
#434=PLANE('',#6988);
#435=PLANE('',#6993);
#436=PLANE('',#6994);
#437=PLANE('',#6998);
#438=PLANE('',#7002);
#439=PLANE('',#7003);
#440=PLANE('',#7004);
#441=PLANE('',#7005);
#442=PLANE('',#7006);
#443=PLANE('',#7007);
#444=PLANE('',#7008);
#445=PLANE('',#7009);
#446=PLANE('',#7010);
#447=PLANE('',#7011);
#448=PLANE('',#7012);
#449=PLANE('',#7013);
#450=PLANE('',#7014);
#451=PLANE('',#7015);
#452=PLANE('',#7016);
#453=PLANE('',#7020);
#454=PLANE('',#7024);
#455=PLANE('',#7028);
#456=PLANE('',#7032);
#457=PLANE('',#7033);
#458=PLANE('',#7037);
#459=PLANE('',#7041);
#460=PLANE('',#7045);
#461=PLANE('',#7052);
#462=PLANE('',#7054);
#463=PLANE('',#7057);
#464=PLANE('',#7058);
#465=PLANE('',#7059);
#466=PLANE('',#7060);
#467=PLANE('',#7064);
#468=PLANE('',#7066);
#469=PLANE('',#7067);
#470=PLANE('',#7070);
#471=PLANE('',#7071);
#472=PLANE('',#7072);
#473=PLANE('',#7097);
#474=PLANE('',#7098);
#475=PLANE('',#7099);
#476=PLANE('',#7100);
#477=PLANE('',#7101);
#478=PLANE('',#7102);
#479=PLANE('',#7103);
#480=PLANE('',#7116);
#481=PLANE('',#7117);
#482=PLANE('',#7118);
#483=PLANE('',#7119);
#484=PLANE('',#7120);
#485=PLANE('',#7121);
#486=PLANE('',#7122);
#487=PLANE('',#7123);
#488=PLANE('',#7124);
#489=PLANE('',#7125);
#490=PLANE('',#7126);
#491=PLANE('',#7131);
#492=PLANE('',#7132);
#493=PLANE('',#7135);
#494=PLANE('',#7136);
#495=PLANE('',#7137);
#496=PLANE('',#7140);
#497=PLANE('',#7141);
#498=PLANE('',#7142);
#499=PLANE('',#7145);
#500=PLANE('',#7146);
#501=PLANE('',#7147);
#502=PLANE('',#7150);
#503=PLANE('',#7151);
#504=PLANE('',#7152);
#505=PLANE('',#7153);
#506=PLANE('',#7187);
#507=PLANE('',#7188);
#508=PLANE('',#7191);
#509=PLANE('',#7192);
#510=PLANE('',#7195);
#511=PLANE('',#7196);
#512=PLANE('',#7197);
#513=PLANE('',#7200);
#514=PLANE('',#7201);
#515=PLANE('',#7204);
#516=PLANE('',#7205);
#517=PLANE('',#7206);
#518=PLANE('',#7207);
#519=PLANE('',#7208);
#520=FACE_OUTER_BOUND('',#888,.T.);
#521=FACE_OUTER_BOUND('',#889,.T.);
#522=FACE_OUTER_BOUND('',#890,.T.);
#523=FACE_OUTER_BOUND('',#891,.T.);
#524=FACE_OUTER_BOUND('',#892,.T.);
#525=FACE_OUTER_BOUND('',#893,.T.);
#526=FACE_OUTER_BOUND('',#894,.T.);
#527=FACE_OUTER_BOUND('',#895,.T.);
#528=FACE_OUTER_BOUND('',#896,.T.);
#529=FACE_OUTER_BOUND('',#897,.T.);
#530=FACE_OUTER_BOUND('',#898,.T.);
#531=FACE_OUTER_BOUND('',#899,.T.);
#532=FACE_OUTER_BOUND('',#900,.T.);
#533=FACE_OUTER_BOUND('',#901,.T.);
#534=FACE_OUTER_BOUND('',#902,.T.);
#535=FACE_OUTER_BOUND('',#903,.T.);
#536=FACE_OUTER_BOUND('',#904,.T.);
#537=FACE_OUTER_BOUND('',#905,.T.);
#538=FACE_OUTER_BOUND('',#906,.T.);
#539=FACE_OUTER_BOUND('',#907,.T.);
#540=FACE_OUTER_BOUND('',#908,.T.);
#541=FACE_OUTER_BOUND('',#909,.T.);
#542=FACE_OUTER_BOUND('',#910,.T.);
#543=FACE_OUTER_BOUND('',#911,.T.);
#544=FACE_OUTER_BOUND('',#912,.T.);
#545=FACE_OUTER_BOUND('',#913,.T.);
#546=FACE_OUTER_BOUND('',#914,.T.);
#547=FACE_OUTER_BOUND('',#915,.T.);
#548=FACE_OUTER_BOUND('',#916,.T.);
#549=FACE_OUTER_BOUND('',#917,.T.);
#550=FACE_OUTER_BOUND('',#918,.T.);
#551=FACE_OUTER_BOUND('',#919,.T.);
#552=FACE_OUTER_BOUND('',#920,.T.);
#553=FACE_OUTER_BOUND('',#921,.T.);
#554=FACE_OUTER_BOUND('',#922,.T.);
#555=FACE_OUTER_BOUND('',#923,.T.);
#556=FACE_OUTER_BOUND('',#924,.T.);
#557=FACE_OUTER_BOUND('',#925,.T.);
#558=FACE_OUTER_BOUND('',#926,.T.);
#559=FACE_OUTER_BOUND('',#927,.T.);
#560=FACE_OUTER_BOUND('',#928,.T.);
#561=FACE_OUTER_BOUND('',#929,.T.);
#562=FACE_OUTER_BOUND('',#930,.T.);
#563=FACE_OUTER_BOUND('',#931,.T.);
#564=FACE_OUTER_BOUND('',#932,.T.);
#565=FACE_OUTER_BOUND('',#933,.T.);
#566=FACE_OUTER_BOUND('',#934,.T.);
#567=FACE_OUTER_BOUND('',#935,.T.);
#568=FACE_OUTER_BOUND('',#936,.T.);
#569=FACE_OUTER_BOUND('',#937,.T.);
#570=FACE_OUTER_BOUND('',#938,.T.);
#571=FACE_OUTER_BOUND('',#939,.T.);
#572=FACE_OUTER_BOUND('',#940,.T.);
#573=FACE_OUTER_BOUND('',#941,.T.);
#574=FACE_OUTER_BOUND('',#942,.T.);
#575=FACE_OUTER_BOUND('',#943,.T.);
#576=FACE_OUTER_BOUND('',#944,.T.);
#577=FACE_OUTER_BOUND('',#945,.T.);
#578=FACE_OUTER_BOUND('',#946,.T.);
#579=FACE_OUTER_BOUND('',#947,.T.);
#580=FACE_OUTER_BOUND('',#948,.T.);
#581=FACE_OUTER_BOUND('',#949,.T.);
#582=FACE_OUTER_BOUND('',#950,.T.);
#583=FACE_OUTER_BOUND('',#951,.T.);
#584=FACE_OUTER_BOUND('',#952,.T.);
#585=FACE_OUTER_BOUND('',#953,.T.);
#586=FACE_OUTER_BOUND('',#954,.T.);
#587=FACE_OUTER_BOUND('',#955,.T.);
#588=FACE_OUTER_BOUND('',#956,.T.);
#589=FACE_OUTER_BOUND('',#957,.T.);
#590=FACE_OUTER_BOUND('',#958,.T.);
#591=FACE_OUTER_BOUND('',#959,.T.);
#592=FACE_OUTER_BOUND('',#960,.T.);
#593=FACE_OUTER_BOUND('',#961,.T.);
#594=FACE_OUTER_BOUND('',#962,.T.);
#595=FACE_OUTER_BOUND('',#963,.T.);
#596=FACE_OUTER_BOUND('',#964,.T.);
#597=FACE_OUTER_BOUND('',#965,.T.);
#598=FACE_OUTER_BOUND('',#966,.T.);
#599=FACE_OUTER_BOUND('',#967,.T.);
#600=FACE_OUTER_BOUND('',#970,.T.);
#601=FACE_OUTER_BOUND('',#973,.T.);
#602=FACE_OUTER_BOUND('',#974,.T.);
#603=FACE_OUTER_BOUND('',#975,.T.);
#604=FACE_OUTER_BOUND('',#976,.T.);
#605=FACE_OUTER_BOUND('',#977,.T.);
#606=FACE_OUTER_BOUND('',#978,.T.);
#607=FACE_OUTER_BOUND('',#979,.T.);
#608=FACE_OUTER_BOUND('',#980,.T.);
#609=FACE_OUTER_BOUND('',#981,.T.);
#610=FACE_OUTER_BOUND('',#982,.T.);
#611=FACE_OUTER_BOUND('',#983,.T.);
#612=FACE_OUTER_BOUND('',#984,.T.);
#613=FACE_OUTER_BOUND('',#985,.T.);
#614=FACE_OUTER_BOUND('',#986,.T.);
#615=FACE_OUTER_BOUND('',#987,.T.);
#616=FACE_OUTER_BOUND('',#988,.T.);
#617=FACE_OUTER_BOUND('',#989,.T.);
#618=FACE_OUTER_BOUND('',#990,.T.);
#619=FACE_OUTER_BOUND('',#991,.T.);
#620=FACE_OUTER_BOUND('',#992,.T.);
#621=FACE_OUTER_BOUND('',#993,.T.);
#622=FACE_OUTER_BOUND('',#994,.T.);
#623=FACE_OUTER_BOUND('',#995,.T.);
#624=FACE_OUTER_BOUND('',#996,.T.);
#625=FACE_OUTER_BOUND('',#997,.T.);
#626=FACE_OUTER_BOUND('',#998,.T.);
#627=FACE_OUTER_BOUND('',#999,.T.);
#628=FACE_OUTER_BOUND('',#1000,.T.);
#629=FACE_OUTER_BOUND('',#1001,.T.);
#630=FACE_OUTER_BOUND('',#1002,.T.);
#631=FACE_OUTER_BOUND('',#1003,.T.);
#632=FACE_OUTER_BOUND('',#1004,.T.);
#633=FACE_OUTER_BOUND('',#1005,.T.);
#634=FACE_OUTER_BOUND('',#1006,.T.);
#635=FACE_OUTER_BOUND('',#1007,.T.);
#636=FACE_OUTER_BOUND('',#1008,.T.);
#637=FACE_OUTER_BOUND('',#1009,.T.);
#638=FACE_OUTER_BOUND('',#1010,.T.);
#639=FACE_OUTER_BOUND('',#1011,.T.);
#640=FACE_OUTER_BOUND('',#1012,.T.);
#641=FACE_OUTER_BOUND('',#1013,.T.);
#642=FACE_OUTER_BOUND('',#1014,.T.);
#643=FACE_OUTER_BOUND('',#1015,.T.);
#644=FACE_OUTER_BOUND('',#1016,.T.);
#645=FACE_OUTER_BOUND('',#1017,.T.);
#646=FACE_OUTER_BOUND('',#1018,.T.);
#647=FACE_OUTER_BOUND('',#1019,.T.);
#648=FACE_OUTER_BOUND('',#1020,.T.);
#649=FACE_OUTER_BOUND('',#1021,.T.);
#650=FACE_OUTER_BOUND('',#1022,.T.);
#651=FACE_OUTER_BOUND('',#1023,.T.);
#652=FACE_OUTER_BOUND('',#1024,.T.);
#653=FACE_OUTER_BOUND('',#1025,.T.);
#654=FACE_OUTER_BOUND('',#1027,.T.);
#655=FACE_OUTER_BOUND('',#1028,.T.);
#656=FACE_OUTER_BOUND('',#1029,.T.);
#657=FACE_OUTER_BOUND('',#1030,.T.);
#658=FACE_OUTER_BOUND('',#1031,.T.);
#659=FACE_OUTER_BOUND('',#1032,.T.);
#660=FACE_OUTER_BOUND('',#1033,.T.);
#661=FACE_OUTER_BOUND('',#1034,.T.);
#662=FACE_OUTER_BOUND('',#1035,.T.);
#663=FACE_OUTER_BOUND('',#1036,.T.);
#664=FACE_OUTER_BOUND('',#1037,.T.);
#665=FACE_OUTER_BOUND('',#1038,.T.);
#666=FACE_OUTER_BOUND('',#1039,.T.);
#667=FACE_OUTER_BOUND('',#1040,.T.);
#668=FACE_OUTER_BOUND('',#1041,.T.);
#669=FACE_OUTER_BOUND('',#1042,.T.);
#670=FACE_OUTER_BOUND('',#1043,.T.);
#671=FACE_OUTER_BOUND('',#1044,.T.);
#672=FACE_OUTER_BOUND('',#1045,.T.);
#673=FACE_OUTER_BOUND('',#1046,.T.);
#674=FACE_OUTER_BOUND('',#1047,.T.);
#675=FACE_OUTER_BOUND('',#1048,.T.);
#676=FACE_OUTER_BOUND('',#1049,.T.);
#677=FACE_OUTER_BOUND('',#1050,.T.);
#678=FACE_OUTER_BOUND('',#1051,.T.);
#679=FACE_OUTER_BOUND('',#1052,.T.);
#680=FACE_OUTER_BOUND('',#1053,.T.);
#681=FACE_OUTER_BOUND('',#1054,.T.);
#682=FACE_OUTER_BOUND('',#1055,.T.);
#683=FACE_OUTER_BOUND('',#1056,.T.);
#684=FACE_OUTER_BOUND('',#1057,.T.);
#685=FACE_OUTER_BOUND('',#1058,.T.);
#686=FACE_OUTER_BOUND('',#1059,.T.);
#687=FACE_OUTER_BOUND('',#1060,.T.);
#688=FACE_OUTER_BOUND('',#1061,.T.);
#689=FACE_OUTER_BOUND('',#1062,.T.);
#690=FACE_OUTER_BOUND('',#1063,.T.);
#691=FACE_OUTER_BOUND('',#1064,.T.);
#692=FACE_OUTER_BOUND('',#1065,.T.);
#693=FACE_OUTER_BOUND('',#1066,.T.);
#694=FACE_OUTER_BOUND('',#1067,.T.);
#695=FACE_OUTER_BOUND('',#1068,.T.);
#696=FACE_OUTER_BOUND('',#1069,.T.);
#697=FACE_OUTER_BOUND('',#1070,.T.);
#698=FACE_OUTER_BOUND('',#1071,.T.);
#699=FACE_OUTER_BOUND('',#1072,.T.);
#700=FACE_OUTER_BOUND('',#1073,.T.);
#701=FACE_OUTER_BOUND('',#1074,.T.);
#702=FACE_OUTER_BOUND('',#1075,.T.);
#703=FACE_OUTER_BOUND('',#1076,.T.);
#704=FACE_OUTER_BOUND('',#1077,.T.);
#705=FACE_OUTER_BOUND('',#1078,.T.);
#706=FACE_OUTER_BOUND('',#1079,.T.);
#707=FACE_OUTER_BOUND('',#1080,.T.);
#708=FACE_OUTER_BOUND('',#1081,.T.);
#709=FACE_OUTER_BOUND('',#1082,.T.);
#710=FACE_OUTER_BOUND('',#1083,.T.);
#711=FACE_OUTER_BOUND('',#1084,.T.);
#712=FACE_OUTER_BOUND('',#1085,.T.);
#713=FACE_OUTER_BOUND('',#1086,.T.);
#714=FACE_OUTER_BOUND('',#1087,.T.);
#715=FACE_OUTER_BOUND('',#1088,.T.);
#716=FACE_OUTER_BOUND('',#1089,.T.);
#717=FACE_OUTER_BOUND('',#1090,.T.);
#718=FACE_OUTER_BOUND('',#1091,.T.);
#719=FACE_OUTER_BOUND('',#1092,.T.);
#720=FACE_OUTER_BOUND('',#1093,.T.);
#721=FACE_OUTER_BOUND('',#1094,.T.);
#722=FACE_OUTER_BOUND('',#1095,.T.);
#723=FACE_OUTER_BOUND('',#1096,.T.);
#724=FACE_OUTER_BOUND('',#1097,.T.);
#725=FACE_OUTER_BOUND('',#1098,.T.);
#726=FACE_OUTER_BOUND('',#1099,.T.);
#727=FACE_OUTER_BOUND('',#1100,.T.);
#728=FACE_OUTER_BOUND('',#1101,.T.);
#729=FACE_OUTER_BOUND('',#1102,.T.);
#730=FACE_OUTER_BOUND('',#1103,.T.);
#731=FACE_OUTER_BOUND('',#1104,.T.);
#732=FACE_OUTER_BOUND('',#1105,.T.);
#733=FACE_OUTER_BOUND('',#1106,.T.);
#734=FACE_OUTER_BOUND('',#1107,.T.);
#735=FACE_OUTER_BOUND('',#1108,.T.);
#736=FACE_OUTER_BOUND('',#1109,.T.);
#737=FACE_OUTER_BOUND('',#1110,.T.);
#738=FACE_OUTER_BOUND('',#1111,.T.);
#739=FACE_OUTER_BOUND('',#1112,.T.);
#740=FACE_OUTER_BOUND('',#1113,.T.);
#741=FACE_OUTER_BOUND('',#1115,.T.);
#742=FACE_OUTER_BOUND('',#1116,.T.);
#743=FACE_OUTER_BOUND('',#1117,.T.);
#744=FACE_OUTER_BOUND('',#1118,.T.);
#745=FACE_OUTER_BOUND('',#1119,.T.);
#746=FACE_OUTER_BOUND('',#1120,.T.);
#747=FACE_OUTER_BOUND('',#1121,.T.);
#748=FACE_OUTER_BOUND('',#1122,.T.);
#749=FACE_OUTER_BOUND('',#1123,.T.);
#750=FACE_OUTER_BOUND('',#1124,.T.);
#751=FACE_OUTER_BOUND('',#1125,.T.);
#752=FACE_OUTER_BOUND('',#1126,.T.);
#753=FACE_OUTER_BOUND('',#1127,.T.);
#754=FACE_OUTER_BOUND('',#1128,.T.);
#755=FACE_OUTER_BOUND('',#1129,.T.);
#756=FACE_OUTER_BOUND('',#1130,.T.);
#757=FACE_OUTER_BOUND('',#1131,.T.);
#758=FACE_OUTER_BOUND('',#1132,.T.);
#759=FACE_OUTER_BOUND('',#1133,.T.);
#760=FACE_OUTER_BOUND('',#1134,.T.);
#761=FACE_OUTER_BOUND('',#1135,.T.);
#762=FACE_OUTER_BOUND('',#1136,.T.);
#763=FACE_OUTER_BOUND('',#1137,.T.);
#764=FACE_OUTER_BOUND('',#1138,.T.);
#765=FACE_OUTER_BOUND('',#1139,.T.);
#766=FACE_OUTER_BOUND('',#1140,.T.);
#767=FACE_OUTER_BOUND('',#1141,.T.);
#768=FACE_OUTER_BOUND('',#1142,.T.);
#769=FACE_OUTER_BOUND('',#1143,.T.);
#770=FACE_OUTER_BOUND('',#1144,.T.);
#771=FACE_OUTER_BOUND('',#1145,.T.);
#772=FACE_OUTER_BOUND('',#1146,.T.);
#773=FACE_OUTER_BOUND('',#1147,.T.);
#774=FACE_OUTER_BOUND('',#1148,.T.);
#775=FACE_OUTER_BOUND('',#1149,.T.);
#776=FACE_OUTER_BOUND('',#1150,.T.);
#777=FACE_OUTER_BOUND('',#1151,.T.);
#778=FACE_OUTER_BOUND('',#1152,.T.);
#779=FACE_OUTER_BOUND('',#1153,.T.);
#780=FACE_OUTER_BOUND('',#1154,.T.);
#781=FACE_OUTER_BOUND('',#1155,.T.);
#782=FACE_OUTER_BOUND('',#1156,.T.);
#783=FACE_OUTER_BOUND('',#1157,.T.);
#784=FACE_OUTER_BOUND('',#1158,.T.);
#785=FACE_OUTER_BOUND('',#1159,.T.);
#786=FACE_OUTER_BOUND('',#1160,.T.);
#787=FACE_OUTER_BOUND('',#1161,.T.);
#788=FACE_OUTER_BOUND('',#1162,.T.);
#789=FACE_OUTER_BOUND('',#1163,.T.);
#790=FACE_OUTER_BOUND('',#1164,.T.);
#791=FACE_OUTER_BOUND('',#1165,.T.);
#792=FACE_OUTER_BOUND('',#1166,.T.);
#793=FACE_OUTER_BOUND('',#1167,.T.);
#794=FACE_OUTER_BOUND('',#1168,.T.);
#795=FACE_OUTER_BOUND('',#1169,.T.);
#796=FACE_OUTER_BOUND('',#1170,.T.);
#797=FACE_OUTER_BOUND('',#1171,.T.);
#798=FACE_OUTER_BOUND('',#1172,.T.);
#799=FACE_OUTER_BOUND('',#1173,.T.);
#800=FACE_OUTER_BOUND('',#1174,.T.);
#801=FACE_OUTER_BOUND('',#1175,.T.);
#802=FACE_OUTER_BOUND('',#1176,.T.);
#803=FACE_OUTER_BOUND('',#1177,.T.);
#804=FACE_OUTER_BOUND('',#1178,.T.);
#805=FACE_OUTER_BOUND('',#1179,.T.);
#806=FACE_OUTER_BOUND('',#1180,.T.);
#807=FACE_OUTER_BOUND('',#1181,.T.);
#808=FACE_OUTER_BOUND('',#1182,.T.);
#809=FACE_OUTER_BOUND('',#1183,.T.);
#810=FACE_OUTER_BOUND('',#1184,.T.);
#811=FACE_OUTER_BOUND('',#1185,.T.);
#812=FACE_OUTER_BOUND('',#1186,.T.);
#813=FACE_OUTER_BOUND('',#1187,.T.);
#814=FACE_OUTER_BOUND('',#1188,.T.);
#815=FACE_OUTER_BOUND('',#1189,.T.);
#816=FACE_OUTER_BOUND('',#1190,.T.);
#817=FACE_OUTER_BOUND('',#1200,.T.);
#818=FACE_OUTER_BOUND('',#1201,.T.);
#819=FACE_OUTER_BOUND('',#1202,.T.);
#820=FACE_OUTER_BOUND('',#1203,.T.);
#821=FACE_OUTER_BOUND('',#1204,.T.);
#822=FACE_OUTER_BOUND('',#1205,.T.);
#823=FACE_OUTER_BOUND('',#1206,.T.);
#824=FACE_OUTER_BOUND('',#1207,.T.);
#825=FACE_OUTER_BOUND('',#1208,.T.);
#826=FACE_OUTER_BOUND('',#1209,.T.);
#827=FACE_OUTER_BOUND('',#1210,.T.);
#828=FACE_OUTER_BOUND('',#1211,.T.);
#829=FACE_OUTER_BOUND('',#1212,.T.);
#830=FACE_OUTER_BOUND('',#1213,.T.);
#831=FACE_OUTER_BOUND('',#1214,.T.);
#832=FACE_OUTER_BOUND('',#1219,.T.);
#833=FACE_OUTER_BOUND('',#1220,.T.);
#834=FACE_OUTER_BOUND('',#1221,.T.);
#835=FACE_OUTER_BOUND('',#1222,.T.);
#836=FACE_OUTER_BOUND('',#1223,.T.);
#837=FACE_OUTER_BOUND('',#1224,.T.);
#838=FACE_OUTER_BOUND('',#1225,.T.);
#839=FACE_OUTER_BOUND('',#1226,.T.);
#840=FACE_OUTER_BOUND('',#1227,.T.);
#841=FACE_OUTER_BOUND('',#1228,.T.);
#842=FACE_OUTER_BOUND('',#1229,.T.);
#843=FACE_OUTER_BOUND('',#1230,.T.);
#844=FACE_OUTER_BOUND('',#1231,.T.);
#845=FACE_OUTER_BOUND('',#1232,.T.);
#846=FACE_OUTER_BOUND('',#1233,.T.);
#847=FACE_OUTER_BOUND('',#1234,.T.);
#848=FACE_OUTER_BOUND('',#1235,.T.);
#849=FACE_OUTER_BOUND('',#1236,.T.);
#850=FACE_OUTER_BOUND('',#1237,.T.);
#851=FACE_OUTER_BOUND('',#1238,.T.);
#852=FACE_OUTER_BOUND('',#1239,.T.);
#853=FACE_OUTER_BOUND('',#1240,.T.);
#854=FACE_OUTER_BOUND('',#1241,.T.);
#855=FACE_OUTER_BOUND('',#1242,.T.);
#856=FACE_OUTER_BOUND('',#1243,.T.);
#857=FACE_OUTER_BOUND('',#1244,.T.);
#858=FACE_OUTER_BOUND('',#1245,.T.);
#859=FACE_OUTER_BOUND('',#1246,.T.);
#860=FACE_OUTER_BOUND('',#1247,.T.);
#861=FACE_OUTER_BOUND('',#1248,.T.);
#862=FACE_OUTER_BOUND('',#1249,.T.);
#863=FACE_OUTER_BOUND('',#1250,.T.);
#864=FACE_OUTER_BOUND('',#1251,.T.);
#865=FACE_OUTER_BOUND('',#1252,.T.);
#866=FACE_OUTER_BOUND('',#1253,.T.);
#867=FACE_OUTER_BOUND('',#1254,.T.);
#868=FACE_OUTER_BOUND('',#1255,.T.);
#869=FACE_OUTER_BOUND('',#1256,.T.);
#870=FACE_OUTER_BOUND('',#1257,.T.);
#871=FACE_OUTER_BOUND('',#1258,.T.);
#872=FACE_OUTER_BOUND('',#1259,.T.);
#873=FACE_OUTER_BOUND('',#1260,.T.);
#874=FACE_OUTER_BOUND('',#1261,.T.);
#875=FACE_OUTER_BOUND('',#1262,.T.);
#876=FACE_OUTER_BOUND('',#1263,.T.);
#877=FACE_OUTER_BOUND('',#1264,.T.);
#878=FACE_OUTER_BOUND('',#1265,.T.);
#879=FACE_OUTER_BOUND('',#1266,.T.);
#880=FACE_OUTER_BOUND('',#1267,.T.);
#881=FACE_OUTER_BOUND('',#1268,.T.);
#882=FACE_OUTER_BOUND('',#1269,.T.);
#883=FACE_OUTER_BOUND('',#1270,.T.);
#884=FACE_OUTER_BOUND('',#1271,.T.);
#885=FACE_OUTER_BOUND('',#1272,.T.);
#886=FACE_OUTER_BOUND('',#1273,.T.);
#887=FACE_OUTER_BOUND('',#1274,.T.);
#888=EDGE_LOOP('',(#4282,#4283,#4284,#4285));
#889=EDGE_LOOP('',(#4286,#4287,#4288,#4289));
#890=EDGE_LOOP('',(#4290,#4291,#4292,#4293));
#891=EDGE_LOOP('',(#4294,#4295,#4296,#4297));
#892=EDGE_LOOP('',(#4298,#4299,#4300,#4301));
#893=EDGE_LOOP('',(#4302,#4303,#4304,#4305));
#894=EDGE_LOOP('',(#4306,#4307,#4308,#4309));
#895=EDGE_LOOP('',(#4310,#4311,#4312,#4313));
#896=EDGE_LOOP('',(#4314,#4315,#4316,#4317));
#897=EDGE_LOOP('',(#4318,#4319,#4320,#4321));
#898=EDGE_LOOP('',(#4322,#4323,#4324,#4325));
#899=EDGE_LOOP('',(#4326,#4327,#4328,#4329));
#900=EDGE_LOOP('',(#4330,#4331,#4332,#4333));
#901=EDGE_LOOP('',(#4334,#4335,#4336,#4337));
#902=EDGE_LOOP('',(#4338,#4339,#4340,#4341));
#903=EDGE_LOOP('',(#4342,#4343,#4344,#4345));
#904=EDGE_LOOP('',(#4346,#4347,#4348,#4349));
#905=EDGE_LOOP('',(#4350,#4351,#4352,#4353));
#906=EDGE_LOOP('',(#4354,#4355,#4356,#4357));
#907=EDGE_LOOP('',(#4358,#4359,#4360,#4361));
#908=EDGE_LOOP('',(#4362,#4363,#4364,#4365));
#909=EDGE_LOOP('',(#4366,#4367,#4368,#4369));
#910=EDGE_LOOP('',(#4370,#4371,#4372,#4373));
#911=EDGE_LOOP('',(#4374,#4375,#4376,#4377));
#912=EDGE_LOOP('',(#4378,#4379,#4380,#4381));
#913=EDGE_LOOP('',(#4382,#4383,#4384,#4385));
#914=EDGE_LOOP('',(#4386,#4387,#4388,#4389));
#915=EDGE_LOOP('',(#4390,#4391,#4392,#4393));
#916=EDGE_LOOP('',(#4394,#4395,#4396,#4397));
#917=EDGE_LOOP('',(#4398,#4399,#4400,#4401));
#918=EDGE_LOOP('',(#4402,#4403,#4404,#4405));
#919=EDGE_LOOP('',(#4406,#4407,#4408,#4409,#4410,#4411));
#920=EDGE_LOOP('',(#4412,#4413,#4414,#4415));
#921=EDGE_LOOP('',(#4416,#4417,#4418,#4419));
#922=EDGE_LOOP('',(#4420,#4421,#4422,#4423,#4424,#4425));
#923=EDGE_LOOP('',(#4426,#4427,#4428,#4429));
#924=EDGE_LOOP('',(#4430,#4431,#4432,#4433));
#925=EDGE_LOOP('',(#4434,#4435,#4436,#4437));
#926=EDGE_LOOP('',(#4438,#4439,#4440,#4441));
#927=EDGE_LOOP('',(#4442,#4443,#4444,#4445));
#928=EDGE_LOOP('',(#4446,#4447,#4448,#4449));
#929=EDGE_LOOP('',(#4450,#4451,#4452,#4453));
#930=EDGE_LOOP('',(#4454,#4455,#4456,#4457));
#931=EDGE_LOOP('',(#4458,#4459,#4460,#4461));
#932=EDGE_LOOP('',(#4462,#4463,#4464,#4465));
#933=EDGE_LOOP('',(#4466,#4467,#4468,#4469));
#934=EDGE_LOOP('',(#4470,#4471,#4472,#4473));
#935=EDGE_LOOP('',(#4474,#4475,#4476,#4477));
#936=EDGE_LOOP('',(#4478,#4479,#4480,#4481,#4482,#4483,#4484,#4485,#4486,
#4487,#4488,#4489,#4490,#4491,#4492,#4493,#4494,#4495,#4496,#4497,#4498,
#4499,#4500,#4501,#4502,#4503,#4504,#4505,#4506,#4507,#4508,#4509,#4510,
#4511,#4512,#4513,#4514,#4515,#4516,#4517,#4518,#4519,#4520,#4521,#4522,
#4523));
#937=EDGE_LOOP('',(#4524,#4525,#4526,#4527));
#938=EDGE_LOOP('',(#4528,#4529,#4530,#4531));
#939=EDGE_LOOP('',(#4532,#4533,#4534,#4535));
#940=EDGE_LOOP('',(#4536,#4537,#4538,#4539,#4540,#4541));
#941=EDGE_LOOP('',(#4542,#4543,#4544,#4545));
#942=EDGE_LOOP('',(#4546,#4547,#4548,#4549,#4550,#4551));
#943=EDGE_LOOP('',(#4552,#4553,#4554,#4555));
#944=EDGE_LOOP('',(#4556,#4557,#4558,#4559));
#945=EDGE_LOOP('',(#4560,#4561,#4562,#4563));
#946=EDGE_LOOP('',(#4564,#4565,#4566,#4567,#4568,#4569,#4570,#4571));
#947=EDGE_LOOP('',(#4572,#4573,#4574,#4575));
#948=EDGE_LOOP('',(#4576,#4577,#4578,#4579));
#949=EDGE_LOOP('',(#4580,#4581,#4582,#4583));
#950=EDGE_LOOP('',(#4584,#4585,#4586,#4587));
#951=EDGE_LOOP('',(#4588,#4589,#4590,#4591));
#952=EDGE_LOOP('',(#4592,#4593,#4594,#4595));
#953=EDGE_LOOP('',(#4596,#4597,#4598,#4599));
#954=EDGE_LOOP('',(#4600,#4601,#4602,#4603,#4604,#4605,#4606,#4607));
#955=EDGE_LOOP('',(#4608,#4609,#4610,#4611));
#956=EDGE_LOOP('',(#4612,#4613,#4614,#4615));
#957=EDGE_LOOP('',(#4616,#4617,#4618,#4619));
#958=EDGE_LOOP('',(#4620,#4621,#4622,#4623));
#959=EDGE_LOOP('',(#4624,#4625,#4626,#4627));
#960=EDGE_LOOP('',(#4628,#4629,#4630,#4631));
#961=EDGE_LOOP('',(#4632,#4633,#4634,#4635));
#962=EDGE_LOOP('',(#4636,#4637,#4638,#4639));
#963=EDGE_LOOP('',(#4640,#4641,#4642,#4643));
#964=EDGE_LOOP('',(#4644,#4645,#4646,#4647));
#965=EDGE_LOOP('',(#4648,#4649,#4650,#4651));
#966=EDGE_LOOP('',(#4652,#4653,#4654,#4655,#4656,#4657,#4658,#4659,#4660));
#967=EDGE_LOOP('',(#4661,#4662,#4663,#4664,#4665,#4666,#4667,#4668,#4669,
#4670,#4671,#4672,#4673,#4674,#4675,#4676,#4677,#4678,#4679,#4680,#4681));
#968=EDGE_LOOP('',(#4682,#4683,#4684,#4685,#4686,#4687,#4688,#4689));
#969=EDGE_LOOP('',(#4690,#4691,#4692,#4693,#4694,#4695,#4696,#4697));
#970=EDGE_LOOP('',(#4698,#4699,#4700,#4701,#4702,#4703,#4704,#4705,#4706,
#4707,#4708,#4709,#4710,#4711,#4712,#4713,#4714,#4715,#4716,#4717,#4718));
#971=EDGE_LOOP('',(#4719,#4720,#4721,#4722,#4723,#4724,#4725,#4726));
#972=EDGE_LOOP('',(#4727,#4728,#4729,#4730,#4731,#4732,#4733,#4734));
#973=EDGE_LOOP('',(#4735,#4736,#4737,#4738));
#974=EDGE_LOOP('',(#4739,#4740,#4741,#4742));
#975=EDGE_LOOP('',(#4743,#4744,#4745,#4746));
#976=EDGE_LOOP('',(#4747,#4748,#4749,#4750));
#977=EDGE_LOOP('',(#4751,#4752,#4753,#4754));
#978=EDGE_LOOP('',(#4755,#4756,#4757,#4758));
#979=EDGE_LOOP('',(#4759,#4760,#4761,#4762));
#980=EDGE_LOOP('',(#4763,#4764,#4765,#4766));
#981=EDGE_LOOP('',(#4767,#4768,#4769,#4770));
#982=EDGE_LOOP('',(#4771,#4772,#4773,#4774));
#983=EDGE_LOOP('',(#4775,#4776,#4777,#4778));
#984=EDGE_LOOP('',(#4779,#4780,#4781,#4782));
#985=EDGE_LOOP('',(#4783,#4784,#4785,#4786));
#986=EDGE_LOOP('',(#4787,#4788,#4789,#4790));
#987=EDGE_LOOP('',(#4791,#4792,#4793,#4794));
#988=EDGE_LOOP('',(#4795,#4796,#4797,#4798));
#989=EDGE_LOOP('',(#4799,#4800,#4801,#4802));
#990=EDGE_LOOP('',(#4803,#4804,#4805,#4806));
#991=EDGE_LOOP('',(#4807,#4808,#4809,#4810));
#992=EDGE_LOOP('',(#4811,#4812,#4813,#4814));
#993=EDGE_LOOP('',(#4815,#4816,#4817,#4818));
#994=EDGE_LOOP('',(#4819,#4820,#4821,#4822));
#995=EDGE_LOOP('',(#4823,#4824,#4825,#4826));
#996=EDGE_LOOP('',(#4827,#4828,#4829,#4830));
#997=EDGE_LOOP('',(#4831,#4832,#4833,#4834));
#998=EDGE_LOOP('',(#4835,#4836,#4837,#4838));
#999=EDGE_LOOP('',(#4839,#4840,#4841,#4842));
#1000=EDGE_LOOP('',(#4843,#4844,#4845,#4846));
#1001=EDGE_LOOP('',(#4847,#4848,#4849,#4850));
#1002=EDGE_LOOP('',(#4851,#4852,#4853,#4854));
#1003=EDGE_LOOP('',(#4855,#4856,#4857,#4858,#4859,#4860,#4861,#4862,#4863));
#1004=EDGE_LOOP('',(#4864,#4865,#4866,#4867));
#1005=EDGE_LOOP('',(#4868,#4869,#4870,#4871));
#1006=EDGE_LOOP('',(#4872,#4873,#4874,#4875));
#1007=EDGE_LOOP('',(#4876,#4877,#4878,#4879));
#1008=EDGE_LOOP('',(#4880,#4881,#4882,#4883));
#1009=EDGE_LOOP('',(#4884,#4885,#4886,#4887));
#1010=EDGE_LOOP('',(#4888,#4889,#4890,#4891));
#1011=EDGE_LOOP('',(#4892,#4893,#4894,#4895));
#1012=EDGE_LOOP('',(#4896,#4897,#4898,#4899));
#1013=EDGE_LOOP('',(#4900,#4901,#4902,#4903));
#1014=EDGE_LOOP('',(#4904,#4905,#4906,#4907));
#1015=EDGE_LOOP('',(#4908,#4909,#4910,#4911));
#1016=EDGE_LOOP('',(#4912,#4913,#4914,#4915));
#1017=EDGE_LOOP('',(#4916,#4917,#4918,#4919));
#1018=EDGE_LOOP('',(#4920,#4921,#4922,#4923));
#1019=EDGE_LOOP('',(#4924,#4925,#4926,#4927));
#1020=EDGE_LOOP('',(#4928,#4929,#4930,#4931));
#1021=EDGE_LOOP('',(#4932,#4933,#4934,#4935));
#1022=EDGE_LOOP('',(#4936,#4937,#4938,#4939,#4940,#4941,#4942,#4943,#4944,
#4945,#4946,#4947,#4948,#4949,#4950,#4951,#4952,#4953,#4954,#4955,#4956,
#4957,#4958,#4959,#4960,#4961,#4962,#4963,#4964,#4965,#4966,#4967,#4968,
#4969,#4970,#4971,#4972,#4973));
#1023=EDGE_LOOP('',(#4974,#4975,#4976,#4977));
#1024=EDGE_LOOP('',(#4978,#4979,#4980,#4981));
#1025=EDGE_LOOP('',(#4982,#4983,#4984,#4985,#4986,#4987,#4988,#4989,#4990,
#4991,#4992,#4993,#4994,#4995));
#1026=EDGE_LOOP('',(#4996,#4997,#4998,#4999,#5000));
#1027=EDGE_LOOP('',(#5001,#5002,#5003,#5004,#5005));
#1028=EDGE_LOOP('',(#5006,#5007,#5008,#5009));
#1029=EDGE_LOOP('',(#5010,#5011,#5012,#5013,#5014,#5015,#5016,#5017,#5018,
#5019,#5020,#5021,#5022,#5023,#5024,#5025,#5026));
#1030=EDGE_LOOP('',(#5027,#5028,#5029,#5030));
#1031=EDGE_LOOP('',(#5031,#5032,#5033,#5034,#5035));
#1032=EDGE_LOOP('',(#5036,#5037,#5038,#5039,#5040));
#1033=EDGE_LOOP('',(#5041,#5042,#5043,#5044));
#1034=EDGE_LOOP('',(#5045,#5046,#5047,#5048,#5049,#5050,#5051,#5052,#5053,
#5054));
#1035=EDGE_LOOP('',(#5055,#5056,#5057));
#1036=EDGE_LOOP('',(#5058,#5059,#5060,#5061));
#1037=EDGE_LOOP('',(#5062,#5063,#5064,#5065,#5066,#5067));
#1038=EDGE_LOOP('',(#5068,#5069,#5070,#5071,#5072,#5073,#5074,#5075));
#1039=EDGE_LOOP('',(#5076,#5077,#5078,#5079,#5080,#5081,#5082,#5083,#5084,
#5085));
#1040=EDGE_LOOP('',(#5086,#5087,#5088,#5089,#5090));
#1041=EDGE_LOOP('',(#5091,#5092,#5093,#5094));
#1042=EDGE_LOOP('',(#5095,#5096,#5097));
#1043=EDGE_LOOP('',(#5098,#5099,#5100,#5101,#5102,#5103));
#1044=EDGE_LOOP('',(#5104,#5105,#5106,#5107));
#1045=EDGE_LOOP('',(#5108,#5109,#5110,#5111));
#1046=EDGE_LOOP('',(#5112,#5113,#5114,#5115));
#1047=EDGE_LOOP('',(#5116,#5117,#5118,#5119));
#1048=EDGE_LOOP('',(#5120,#5121,#5122,#5123,#5124,#5125,#5126,#5127,#5128,
#5129,#5130,#5131,#5132,#5133,#5134,#5135,#5136,#5137,#5138,#5139,#5140,
#5141,#5142,#5143,#5144,#5145,#5146,#5147,#5148,#5149));
#1049=EDGE_LOOP('',(#5150,#5151,#5152,#5153));
#1050=EDGE_LOOP('',(#5154,#5155,#5156,#5157));
#1051=EDGE_LOOP('',(#5158,#5159,#5160,#5161));
#1052=EDGE_LOOP('',(#5162,#5163,#5164,#5165));
#1053=EDGE_LOOP('',(#5166,#5167,#5168,#5169));
#1054=EDGE_LOOP('',(#5170,#5171,#5172,#5173));
#1055=EDGE_LOOP('',(#5174,#5175,#5176,#5177));
#1056=EDGE_LOOP('',(#5178,#5179,#5180,#5181));
#1057=EDGE_LOOP('',(#5182,#5183,#5184,#5185));
#1058=EDGE_LOOP('',(#5186,#5187,#5188,#5189));
#1059=EDGE_LOOP('',(#5190,#5191,#5192,#5193));
#1060=EDGE_LOOP('',(#5194,#5195,#5196));
#1061=EDGE_LOOP('',(#5197,#5198,#5199,#5200));
#1062=EDGE_LOOP('',(#5201,#5202,#5203,#5204));
#1063=EDGE_LOOP('',(#5205,#5206,#5207,#5208));
#1064=EDGE_LOOP('',(#5209,#5210,#5211,#5212));
#1065=EDGE_LOOP('',(#5213,#5214,#5215,#5216));
#1066=EDGE_LOOP('',(#5217,#5218,#5219,#5220));
#1067=EDGE_LOOP('',(#5221,#5222,#5223,#5224));
#1068=EDGE_LOOP('',(#5225,#5226,#5227,#5228));
#1069=EDGE_LOOP('',(#5229,#5230,#5231,#5232));
#1070=EDGE_LOOP('',(#5233,#5234,#5235,#5236));
#1071=EDGE_LOOP('',(#5237,#5238,#5239,#5240));
#1072=EDGE_LOOP('',(#5241,#5242,#5243,#5244));
#1073=EDGE_LOOP('',(#5245,#5246,#5247,#5248));
#1074=EDGE_LOOP('',(#5249,#5250,#5251,#5252));
#1075=EDGE_LOOP('',(#5253,#5254,#5255,#5256));
#1076=EDGE_LOOP('',(#5257,#5258,#5259,#5260));
#1077=EDGE_LOOP('',(#5261,#5262,#5263,#5264));
#1078=EDGE_LOOP('',(#5265,#5266,#5267,#5268));
#1079=EDGE_LOOP('',(#5269,#5270,#5271,#5272));
#1080=EDGE_LOOP('',(#5273,#5274,#5275,#5276));
#1081=EDGE_LOOP('',(#5277,#5278,#5279,#5280));
#1082=EDGE_LOOP('',(#5281,#5282,#5283));
#1083=EDGE_LOOP('',(#5284,#5285,#5286,#5287,#5288));
#1084=EDGE_LOOP('',(#5289,#5290,#5291));
#1085=EDGE_LOOP('',(#5292,#5293,#5294,#5295));
#1086=EDGE_LOOP('',(#5296,#5297,#5298,#5299,#5300));
#1087=EDGE_LOOP('',(#5301,#5302,#5303,#5304,#5305));
#1088=EDGE_LOOP('',(#5306,#5307,#5308));
#1089=EDGE_LOOP('',(#5309,#5310,#5311,#5312));
#1090=EDGE_LOOP('',(#5313,#5314,#5315,#5316,#5317));
#1091=EDGE_LOOP('',(#5318,#5319,#5320,#5321));
#1092=EDGE_LOOP('',(#5322,#5323,#5324,#5325));
#1093=EDGE_LOOP('',(#5326,#5327,#5328,#5329));
#1094=EDGE_LOOP('',(#5330,#5331,#5332));
#1095=EDGE_LOOP('',(#5333,#5334,#5335,#5336));
#1096=EDGE_LOOP('',(#5337,#5338,#5339,#5340));
#1097=EDGE_LOOP('',(#5341,#5342,#5343,#5344));
#1098=EDGE_LOOP('',(#5345,#5346,#5347,#5348));
#1099=EDGE_LOOP('',(#5349,#5350,#5351,#5352));
#1100=EDGE_LOOP('',(#5353,#5354,#5355,#5356));
#1101=EDGE_LOOP('',(#5357,#5358,#5359,#5360));
#1102=EDGE_LOOP('',(#5361,#5362,#5363,#5364));
#1103=EDGE_LOOP('',(#5365,#5366,#5367,#5368));
#1104=EDGE_LOOP('',(#5369,#5370,#5371,#5372));
#1105=EDGE_LOOP('',(#5373,#5374,#5375,#5376));
#1106=EDGE_LOOP('',(#5377,#5378,#5379,#5380));
#1107=EDGE_LOOP('',(#5381,#5382,#5383,#5384));
#1108=EDGE_LOOP('',(#5385,#5386,#5387,#5388));
#1109=EDGE_LOOP('',(#5389,#5390,#5391,#5392));
#1110=EDGE_LOOP('',(#5393,#5394,#5395,#5396));
#1111=EDGE_LOOP('',(#5397,#5398,#5399,#5400));
#1112=EDGE_LOOP('',(#5401,#5402,#5403,#5404));
#1113=EDGE_LOOP('',(#5405,#5406,#5407,#5408,#5409,#5410,#5411,#5412,#5413,
#5414));
#1114=EDGE_LOOP('',(#5415,#5416,#5417,#5418,#5419,#5420,#5421,#5422));
#1115=EDGE_LOOP('',(#5423,#5424,#5425,#5426,#5427,#5428,#5429,#5430));
#1116=EDGE_LOOP('',(#5431,#5432,#5433,#5434));
#1117=EDGE_LOOP('',(#5435,#5436,#5437,#5438));
#1118=EDGE_LOOP('',(#5439,#5440,#5441,#5442));
#1119=EDGE_LOOP('',(#5443,#5444,#5445,#5446));
#1120=EDGE_LOOP('',(#5447,#5448,#5449,#5450));
#1121=EDGE_LOOP('',(#5451,#5452,#5453,#5454));
#1122=EDGE_LOOP('',(#5455,#5456,#5457,#5458));
#1123=EDGE_LOOP('',(#5459,#5460,#5461,#5462));
#1124=EDGE_LOOP('',(#5463,#5464,#5465,#5466));
#1125=EDGE_LOOP('',(#5467,#5468,#5469,#5470));
#1126=EDGE_LOOP('',(#5471,#5472,#5473,#5474));
#1127=EDGE_LOOP('',(#5475,#5476,#5477,#5478));
#1128=EDGE_LOOP('',(#5479,#5480,#5481,#5482));
#1129=EDGE_LOOP('',(#5483,#5484,#5485,#5486));
#1130=EDGE_LOOP('',(#5487,#5488,#5489,#5490));
#1131=EDGE_LOOP('',(#5491,#5492,#5493,#5494));
#1132=EDGE_LOOP('',(#5495,#5496,#5497,#5498));
#1133=EDGE_LOOP('',(#5499,#5500,#5501,#5502));
#1134=EDGE_LOOP('',(#5503,#5504,#5505,#5506));
#1135=EDGE_LOOP('',(#5507,#5508,#5509,#5510));
#1136=EDGE_LOOP('',(#5511,#5512,#5513,#5514));
#1137=EDGE_LOOP('',(#5515,#5516,#5517,#5518));
#1138=EDGE_LOOP('',(#5519,#5520,#5521,#5522));
#1139=EDGE_LOOP('',(#5523,#5524,#5525,#5526));
#1140=EDGE_LOOP('',(#5527,#5528,#5529,#5530));
#1141=EDGE_LOOP('',(#5531,#5532,#5533,#5534));
#1142=EDGE_LOOP('',(#5535,#5536,#5537,#5538));
#1143=EDGE_LOOP('',(#5539,#5540,#5541,#5542));
#1144=EDGE_LOOP('',(#5543,#5544,#5545,#5546));
#1145=EDGE_LOOP('',(#5547,#5548,#5549,#5550));
#1146=EDGE_LOOP('',(#5551,#5552,#5553,#5554));
#1147=EDGE_LOOP('',(#5555,#5556,#5557,#5558));
#1148=EDGE_LOOP('',(#5559,#5560,#5561,#5562));
#1149=EDGE_LOOP('',(#5563,#5564,#5565,#5566));
#1150=EDGE_LOOP('',(#5567,#5568,#5569,#5570));
#1151=EDGE_LOOP('',(#5571,#5572,#5573,#5574));
#1152=EDGE_LOOP('',(#5575,#5576,#5577,#5578));
#1153=EDGE_LOOP('',(#5579,#5580,#5581,#5582));
#1154=EDGE_LOOP('',(#5583,#5584,#5585,#5586));
#1155=EDGE_LOOP('',(#5587,#5588,#5589,#5590));
#1156=EDGE_LOOP('',(#5591,#5592,#5593,#5594));
#1157=EDGE_LOOP('',(#5595,#5596,#5597,#5598,#5599));
#1158=EDGE_LOOP('',(#5600,#5601,#5602,#5603));
#1159=EDGE_LOOP('',(#5604,#5605,#5606,#5607));
#1160=EDGE_LOOP('',(#5608,#5609,#5610,#5611));
#1161=EDGE_LOOP('',(#5612,#5613,#5614,#5615,#5616));
#1162=EDGE_LOOP('',(#5617,#5618,#5619,#5620));
#1163=EDGE_LOOP('',(#5621,#5622,#5623,#5624));
#1164=EDGE_LOOP('',(#5625,#5626,#5627,#5628));
#1165=EDGE_LOOP('',(#5629,#5630,#5631,#5632,#5633));
#1166=EDGE_LOOP('',(#5634,#5635,#5636,#5637));
#1167=EDGE_LOOP('',(#5638,#5639,#5640,#5641,#5642));
#1168=EDGE_LOOP('',(#5643,#5644,#5645,#5646));
#1169=EDGE_LOOP('',(#5647,#5648,#5649,#5650));
#1170=EDGE_LOOP('',(#5651,#5652,#5653,#5654));
#1171=EDGE_LOOP('',(#5655,#5656,#5657,#5658));
#1172=EDGE_LOOP('',(#5659,#5660,#5661,#5662));
#1173=EDGE_LOOP('',(#5663,#5664,#5665,#5666));
#1174=EDGE_LOOP('',(#5667,#5668,#5669,#5670));
#1175=EDGE_LOOP('',(#5671,#5672,#5673,#5674));
#1176=EDGE_LOOP('',(#5675,#5676,#5677,#5678));
#1177=EDGE_LOOP('',(#5679,#5680,#5681,#5682));
#1178=EDGE_LOOP('',(#5683,#5684,#5685,#5686));
#1179=EDGE_LOOP('',(#5687,#5688,#5689,#5690));
#1180=EDGE_LOOP('',(#5691,#5692,#5693,#5694));
#1181=EDGE_LOOP('',(#5695,#5696,#5697,#5698));
#1182=EDGE_LOOP('',(#5699,#5700,#5701,#5702));
#1183=EDGE_LOOP('',(#5703,#5704,#5705,#5706));
#1184=EDGE_LOOP('',(#5707,#5708,#5709,#5710));
#1185=EDGE_LOOP('',(#5711,#5712,#5713,#5714));
#1186=EDGE_LOOP('',(#5715,#5716,#5717,#5718));
#1187=EDGE_LOOP('',(#5719,#5720,#5721,#5722));
#1188=EDGE_LOOP('',(#5723,#5724,#5725,#5726));
#1189=EDGE_LOOP('',(#5727,#5728,#5729,#5730));
#1190=EDGE_LOOP('',(#5731,#5732,#5733,#5734,#5735,#5736,#5737,#5738,#5739,
#5740,#5741,#5742,#5743,#5744,#5745,#5746,#5747,#5748,#5749,#5750,#5751));
#1191=EDGE_LOOP('',(#5752,#5753,#5754,#5755,#5756,#5757,#5758,#5759,#5760,
#5761,#5762,#5763,#5764,#5765));
#1192=EDGE_LOOP('',(#5766,#5767,#5768,#5769,#5770,#5771,#5772,#5773,#5774,
#5775,#5776,#5777,#5778,#5779,#5780,#5781,#5782,#5783,#5784,#5785,#5786));
#1193=EDGE_LOOP('',(#5787,#5788,#5789,#5790,#5791,#5792,#5793,#5794,#5795,
#5796,#5797,#5798));
#1194=EDGE_LOOP('',(#5799,#5800,#5801,#5802));
#1195=EDGE_LOOP('',(#5803,#5804,#5805,#5806,#5807,#5808,#5809,#5810));
#1196=EDGE_LOOP('',(#5811,#5812,#5813,#5814,#5815,#5816,#5817,#5818));
#1197=EDGE_LOOP('',(#5819,#5820,#5821,#5822,#5823,#5824,#5825,#5826,#5827,
#5828,#5829,#5830,#5831,#5832,#5833,#5834,#5835,#5836,#5837,#5838,#5839,
#5840,#5841,#5842,#5843,#5844,#5845,#5846,#5847,#5848));
#1198=EDGE_LOOP('',(#5849,#5850,#5851,#5852,#5853,#5854,#5855,#5856,#5857,
#5858));
#1199=EDGE_LOOP('',(#5859,#5860,#5861,#5862,#5863,#5864,#5865,#5866,#5867,
#5868,#5869,#5870,#5871,#5872,#5873,#5874,#5875,#5876));
#1200=EDGE_LOOP('',(#5877,#5878,#5879,#5880));
#1201=EDGE_LOOP('',(#5881,#5882,#5883,#5884));
#1202=EDGE_LOOP('',(#5885,#5886,#5887,#5888));
#1203=EDGE_LOOP('',(#5889,#5890,#5891,#5892));
#1204=EDGE_LOOP('',(#5893,#5894,#5895,#5896));
#1205=EDGE_LOOP('',(#5897,#5898,#5899,#5900));
#1206=EDGE_LOOP('',(#5901,#5902,#5903,#5904));
#1207=EDGE_LOOP('',(#5905,#5906,#5907,#5908));
#1208=EDGE_LOOP('',(#5909,#5910,#5911,#5912));
#1209=EDGE_LOOP('',(#5913,#5914,#5915,#5916));
#1210=EDGE_LOOP('',(#5917,#5918,#5919,#5920));
#1211=EDGE_LOOP('',(#5921,#5922,#5923,#5924));
#1212=EDGE_LOOP('',(#5925,#5926,#5927,#5928));
#1213=EDGE_LOOP('',(#5929,#5930,#5931,#5932));
#1214=EDGE_LOOP('',(#5933,#5934,#5935,#5936,#5937,#5938,#5939,#5940,#5941,
#5942,#5943,#5944,#5945,#5946,#5947,#5948,#5949,#5950,#5951,#5952,#5953));
#1215=EDGE_LOOP('',(#5954,#5955,#5956,#5957,#5958,#5959,#5960,#5961));
#1216=EDGE_LOOP('',(#5962,#5963,#5964,#5965,#5966,#5967,#5968,#5969));
#1217=EDGE_LOOP('',(#5970,#5971,#5972,#5973));
#1218=EDGE_LOOP('',(#5974,#5975,#5976,#5977,#5978,#5979,#5980,#5981,#5982,
#5983,#5984,#5985));
#1219=EDGE_LOOP('',(#5986,#5987,#5988,#5989));
#1220=EDGE_LOOP('',(#5990,#5991,#5992,#5993));
#1221=EDGE_LOOP('',(#5994,#5995,#5996,#5997));
#1222=EDGE_LOOP('',(#5998,#5999,#6000,#6001));
#1223=EDGE_LOOP('',(#6002,#6003,#6004,#6005));
#1224=EDGE_LOOP('',(#6006,#6007,#6008,#6009));
#1225=EDGE_LOOP('',(#6010,#6011,#6012,#6013));
#1226=EDGE_LOOP('',(#6014,#6015,#6016,#6017));
#1227=EDGE_LOOP('',(#6018,#6019,#6020,#6021));
#1228=EDGE_LOOP('',(#6022,#6023,#6024,#6025));
#1229=EDGE_LOOP('',(#6026,#6027,#6028,#6029));
#1230=EDGE_LOOP('',(#6030,#6031,#6032,#6033));
#1231=EDGE_LOOP('',(#6034,#6035,#6036,#6037));
#1232=EDGE_LOOP('',(#6038,#6039,#6040,#6041));
#1233=EDGE_LOOP('',(#6042,#6043,#6044,#6045));
#1234=EDGE_LOOP('',(#6046,#6047,#6048,#6049));
#1235=EDGE_LOOP('',(#6050,#6051,#6052,#6053));
#1236=EDGE_LOOP('',(#6054,#6055,#6056,#6057));
#1237=EDGE_LOOP('',(#6058,#6059,#6060,#6061,#6062,#6063,#6064));
#1238=EDGE_LOOP('',(#6065,#6066,#6067,#6068));
#1239=EDGE_LOOP('',(#6069,#6070,#6071,#6072));
#1240=EDGE_LOOP('',(#6073,#6074,#6075,#6076));
#1241=EDGE_LOOP('',(#6077,#6078,#6079,#6080));
#1242=EDGE_LOOP('',(#6081,#6082,#6083,#6084));
#1243=EDGE_LOOP('',(#6085,#6086,#6087,#6088));
#1244=EDGE_LOOP('',(#6089,#6090,#6091,#6092));
#1245=EDGE_LOOP('',(#6093,#6094,#6095,#6096));
#1246=EDGE_LOOP('',(#6097,#6098,#6099,#6100,#6101,#6102));
#1247=EDGE_LOOP('',(#6103,#6104,#6105,#6106));
#1248=EDGE_LOOP('',(#6107,#6108,#6109,#6110));
#1249=EDGE_LOOP('',(#6111,#6112,#6113,#6114));
#1250=EDGE_LOOP('',(#6115,#6116,#6117,#6118));
#1251=EDGE_LOOP('',(#6119,#6120,#6121,#6122));
#1252=EDGE_LOOP('',(#6123,#6124,#6125,#6126));
#1253=EDGE_LOOP('',(#6127,#6128,#6129,#6130));
#1254=EDGE_LOOP('',(#6131,#6132,#6133,#6134,#6135,#6136));
#1255=EDGE_LOOP('',(#6137,#6138,#6139,#6140));
#1256=EDGE_LOOP('',(#6141,#6142,#6143,#6144));
#1257=EDGE_LOOP('',(#6145,#6146,#6147,#6148));
#1258=EDGE_LOOP('',(#6149,#6150,#6151,#6152));
#1259=EDGE_LOOP('',(#6153,#6154,#6155,#6156));
#1260=EDGE_LOOP('',(#6157,#6158,#6159,#6160));
#1261=EDGE_LOOP('',(#6161,#6162,#6163,#6164));
#1262=EDGE_LOOP('',(#6165,#6166,#6167,#6168));
#1263=EDGE_LOOP('',(#6169,#6170,#6171,#6172));
#1264=EDGE_LOOP('',(#6173,#6174,#6175,#6176));
#1265=EDGE_LOOP('',(#6177,#6178,#6179,#6180));
#1266=EDGE_LOOP('',(#6181,#6182,#6183,#6184));
#1267=EDGE_LOOP('',(#6185,#6186,#6187,#6188));
#1268=EDGE_LOOP('',(#6189,#6190,#6191,#6192));
#1269=EDGE_LOOP('',(#6193,#6194,#6195,#6196));
#1270=EDGE_LOOP('',(#6197,#6198,#6199,#6200));
#1271=EDGE_LOOP('',(#6201,#6202,#6203,#6204));
#1272=EDGE_LOOP('',(#6205,#6206,#6207,#6208));
#1273=EDGE_LOOP('',(#6209,#6210,#6211,#6212,#6213,#6214,#6215));
#1274=EDGE_LOOP('',(#6216,#6217,#6218,#6219,#6220,#6221,#6222,#6223,#6224,
#6225,#6226,#6227,#6228,#6229,#6230,#6231,#6232,#6233,#6234,#6235,#6236,
#6237,#6238,#6239,#6240,#6241,#6242,#6243,#6244,#6245,#6246,#6247,#6248,
#6249,#6250,#6251,#6252,#6253,#6254,#6255,#6256,#6257));
#1275=LINE('',#8762,#1894);
#1276=LINE('',#8765,#1895);
#1277=LINE('',#8768,#1896);
#1278=LINE('',#8770,#1897);
#1279=LINE('',#8771,#1898);
#1280=LINE('',#8777,#1899);
#1281=LINE('',#8780,#1900);
#1282=LINE('',#8782,#1901);
#1283=LINE('',#8783,#1902);
#1284=LINE('',#8789,#1903);
#1285=LINE('',#8792,#1904);
#1286=LINE('',#8795,#1905);
#1287=LINE('',#8797,#1906);
#1288=LINE('',#8798,#1907);
#1289=LINE('',#8803,#1908);
#1290=LINE('',#8807,#1909);
#1291=LINE('',#8809,#1910);
#1292=LINE('',#8810,#1911);
#1293=LINE('',#8813,#1912);
#1294=LINE('',#8815,#1913);
#1295=LINE('',#8816,#1914);
#1296=LINE('',#8822,#1915);
#1297=LINE('',#8825,#1916);
#1298=LINE('',#8827,#1917);
#1299=LINE('',#8828,#1918);
#1300=LINE('',#8834,#1919);
#1301=LINE('',#8836,#1920);
#1302=LINE('',#8837,#1921);
#1303=LINE('',#8843,#1922);
#1304=LINE('',#8846,#1923);
#1305=LINE('',#8848,#1924);
#1306=LINE('',#8849,#1925);
#1307=LINE('',#8874,#1926);
#1308=LINE('',#8875,#1927);
#1309=LINE('',#8891,#1928);
#1310=LINE('',#8913,#1929);
#1311=LINE('',#8914,#1930);
#1312=LINE('',#8930,#1931);
#1313=LINE('',#8933,#1932);
#1314=LINE('',#8936,#1933);
#1315=LINE('',#8939,#1934);
#1316=LINE('',#8942,#1935);
#1317=LINE('',#8944,#1936);
#1318=LINE('',#8947,#1937);
#1319=LINE('',#8950,#1938);
#1320=LINE('',#8953,#1939);
#1321=LINE('',#8954,#1940);
#1322=LINE('',#8956,#1941);
#1323=LINE('',#8960,#1942);
#1324=LINE('',#8963,#1943);
#1325=LINE('',#8965,#1944);
#1326=LINE('',#8966,#1945);
#1327=LINE('',#8968,#1946);
#1328=LINE('',#8969,#1947);
#1329=LINE('',#8970,#1948);
#1330=LINE('',#8974,#1949);
#1331=LINE('',#8976,#1950);
#1332=LINE('',#8977,#1951);
#1333=LINE('',#8999,#1952);
#1334=LINE('',#9000,#1953);
#1335=LINE('',#9016,#1954);
#1336=LINE('',#9038,#1955);
#1337=LINE('',#9039,#1956);
#1338=LINE('',#9055,#1957);
#1339=LINE('',#9058,#1958);
#1340=LINE('',#9061,#1959);
#1341=LINE('',#9064,#1960);
#1342=LINE('',#9067,#1961);
#1343=LINE('',#9070,#1962);
#1344=LINE('',#9073,#1963);
#1345=LINE('',#9076,#1964);
#1346=LINE('',#9077,#1965);
#1347=LINE('',#9079,#1966);
#1348=LINE('',#9080,#1967);
#1349=LINE('',#9083,#1968);
#1350=LINE('',#9087,#1969);
#1351=LINE('',#9089,#1970);
#1352=LINE('',#9091,#1971);
#1353=LINE('',#9093,#1972);
#1354=LINE('',#9095,#1973);
#1355=LINE('',#9099,#1974);
#1356=LINE('',#9101,#1975);
#1357=LINE('',#9103,#1976);
#1358=LINE('',#9107,#1977);
#1359=LINE('',#9109,#1978);
#1360=LINE('',#9111,#1979);
#1361=LINE('',#9115,#1980);
#1362=LINE('',#9117,#1981);
#1363=LINE('',#9119,#1982);
#1364=LINE('',#9123,#1983);
#1365=LINE('',#9125,#1984);
#1366=LINE('',#9127,#1985);
#1367=LINE('',#9129,#1986);
#1368=LINE('',#9131,#1987);
#1369=LINE('',#9133,#1988);
#1370=LINE('',#9135,#1989);
#1371=LINE('',#9139,#1990);
#1372=LINE('',#9140,#1991);
#1373=LINE('',#9142,#1992);
#1374=LINE('',#9143,#1993);
#1375=LINE('',#9145,#1994);
#1376=LINE('',#9147,#1995);
#1377=LINE('',#9151,#1996);
#1378=LINE('',#9153,#1997);
#1379=LINE('',#9155,#1998);
#1380=LINE('',#9158,#1999);
#1381=LINE('',#9163,#2000);
#1382=LINE('',#9164,#2001);
#1383=LINE('',#9167,#2002);
#1384=LINE('',#9168,#2003);
#1385=LINE('',#9172,#2004);
#1386=LINE('',#9173,#2005);
#1387=LINE('',#9179,#2006);
#1388=LINE('',#9182,#2007);
#1389=LINE('',#9224,#2008);
#1390=LINE('',#9238,#2009);
#1391=LINE('',#9296,#2010);
#1392=LINE('',#9300,#2011);
#1393=LINE('',#9314,#2012);
#1394=LINE('',#9334,#2013);
#1395=LINE('',#9337,#2014);
#1396=LINE('',#9340,#2015);
#1397=LINE('',#9343,#2016);
#1398=LINE('',#9346,#2017);
#1399=LINE('',#9360,#2018);
#1400=LINE('',#9379,#2019);
#1401=LINE('',#9381,#2020);
#1402=LINE('',#9385,#2021);
#1403=LINE('',#9389,#2022);
#1404=LINE('',#9391,#2023);
#1405=LINE('',#9423,#2024);
#1406=LINE('',#9425,#2025);
#1407=LINE('',#9428,#2026);
#1408=LINE('',#9429,#2027);
#1409=LINE('',#9432,#2028);
#1410=LINE('',#9435,#2029);
#1411=LINE('',#9476,#2030);
#1412=LINE('',#9477,#2031);
#1413=LINE('',#9480,#2032);
#1414=LINE('',#9483,#2033);
#1415=LINE('',#9485,#2034);
#1416=LINE('',#9487,#2035);
#1417=LINE('',#9489,#2036);
#1418=LINE('',#9491,#2037);
#1419=LINE('',#9493,#2038);
#1420=LINE('',#9495,#2039);
#1421=LINE('',#9497,#2040);
#1422=LINE('',#9499,#2041);
#1423=LINE('',#9500,#2042);
#1424=LINE('',#9502,#2043);
#1425=LINE('',#9505,#2044);
#1426=LINE('',#9507,#2045);
#1427=LINE('',#9509,#2046);
#1428=LINE('',#9511,#2047);
#1429=LINE('',#9515,#2048);
#1430=LINE('',#9517,#2049);
#1431=LINE('',#9519,#2050);
#1432=LINE('',#9523,#2051);
#1433=LINE('',#9525,#2052);
#1434=LINE('',#9527,#2053);
#1435=LINE('',#9531,#2054);
#1436=LINE('',#9533,#2055);
#1437=LINE('',#9535,#2056);
#1438=LINE('',#9539,#2057);
#1439=LINE('',#9540,#2058);
#1440=LINE('',#9544,#2059);
#1441=LINE('',#9545,#2060);
#1442=LINE('',#9546,#2061);
#1443=LINE('',#9549,#2062);
#1444=LINE('',#9550,#2063);
#1445=LINE('',#9553,#2064);
#1446=LINE('',#9554,#2065);
#1447=LINE('',#9558,#2066);
#1448=LINE('',#9561,#2067);
#1449=LINE('',#9562,#2068);
#1450=LINE('',#9565,#2069);
#1451=LINE('',#9566,#2070);
#1452=LINE('',#9569,#2071);
#1453=LINE('',#9570,#2072);
#1454=LINE('',#9574,#2073);
#1455=LINE('',#9577,#2074);
#1456=LINE('',#9578,#2075);
#1457=LINE('',#9581,#2076);
#1458=LINE('',#9582,#2077);
#1459=LINE('',#9585,#2078);
#1460=LINE('',#9586,#2079);
#1461=LINE('',#9590,#2080);
#1462=LINE('',#9593,#2081);
#1463=LINE('',#9594,#2082);
#1464=LINE('',#9597,#2083);
#1465=LINE('',#9598,#2084);
#1466=LINE('',#9601,#2085);
#1467=LINE('',#9602,#2086);
#1468=LINE('',#9606,#2087);
#1469=LINE('',#9609,#2088);
#1470=LINE('',#9610,#2089);
#1471=LINE('',#9612,#2090);
#1472=LINE('',#9614,#2091);
#1473=LINE('',#9615,#2092);
#1474=LINE('',#9617,#2093);
#1475=LINE('',#9619,#2094);
#1476=LINE('',#9622,#2095);
#1477=LINE('',#9624,#2096);
#1478=LINE('',#9626,#2097);
#1479=LINE('',#9628,#2098);
#1480=LINE('',#9630,#2099);
#1481=LINE('',#9632,#2100);
#1482=LINE('',#9635,#2101);
#1483=LINE('',#9638,#2102);
#1484=LINE('',#9639,#2103);
#1485=LINE('',#9642,#2104);
#1486=LINE('',#9643,#2105);
#1487=LINE('',#9646,#2106);
#1488=LINE('',#9647,#2107);
#1489=LINE('',#9650,#2108);
#1490=LINE('',#9654,#2109);
#1491=LINE('',#9655,#2110);
#1492=LINE('',#9658,#2111);
#1493=LINE('',#9659,#2112);
#1494=LINE('',#9662,#2113);
#1495=LINE('',#9663,#2114);
#1496=LINE('',#9666,#2115);
#1497=LINE('',#9670,#2116);
#1498=LINE('',#9671,#2117);
#1499=LINE('',#9674,#2118);
#1500=LINE('',#9675,#2119);
#1501=LINE('',#9678,#2120);
#1502=LINE('',#9679,#2121);
#1503=LINE('',#9682,#2122);
#1504=LINE('',#9686,#2123);
#1505=LINE('',#9687,#2124);
#1506=LINE('',#9690,#2125);
#1507=LINE('',#9691,#2126);
#1508=LINE('',#9694,#2127);
#1509=LINE('',#9695,#2128);
#1510=LINE('',#9698,#2129);
#1511=LINE('',#9702,#2130);
#1512=LINE('',#9703,#2131);
#1513=LINE('',#9706,#2132);
#1514=LINE('',#9707,#2133);
#1515=LINE('',#9709,#2134);
#1516=LINE('',#9716,#2135);
#1517=LINE('',#9730,#2136);
#1518=LINE('',#9816,#2137);
#1519=LINE('',#9865,#2138);
#1520=LINE('',#9900,#2139);
#1521=LINE('',#9907,#2140);
#1522=LINE('',#9943,#2141);
#1523=LINE('',#9991,#2142);
#1524=LINE('',#10035,#2143);
#1525=LINE('',#10098,#2144);
#1526=LINE('',#10165,#2145);
#1527=LINE('',#10177,#2146);
#1528=LINE('',#10184,#2147);
#1529=LINE('',#10201,#2148);
#1530=LINE('',#10210,#2149);
#1531=LINE('',#10214,#2150);
#1532=LINE('',#10218,#2151);
#1533=LINE('',#10222,#2152);
#1534=LINE('',#10276,#2153);
#1535=LINE('',#10277,#2154);
#1536=LINE('',#10280,#2155);
#1537=LINE('',#10281,#2156);
#1538=LINE('',#10284,#2157);
#1539=LINE('',#10288,#2158);
#1540=LINE('',#10289,#2159);
#1541=LINE('',#10309,#2160);
#1542=LINE('',#10312,#2161);
#1543=LINE('',#10350,#2162);
#1544=LINE('',#10354,#2163);
#1545=LINE('',#10357,#2164);
#1546=LINE('',#10407,#2165);
#1547=LINE('',#10408,#2166);
#1548=LINE('',#10410,#2167);
#1549=LINE('',#10461,#2168);
#1550=LINE('',#10483,#2169);
#1551=LINE('',#10500,#2170);
#1552=LINE('',#10507,#2171);
#1553=LINE('',#10513,#2172);
#1554=LINE('',#10516,#2173);
#1555=LINE('',#10519,#2174);
#1556=LINE('',#10521,#2175);
#1557=LINE('',#10522,#2176);
#1558=LINE('',#10525,#2177);
#1559=LINE('',#10575,#2178);
#1560=LINE('',#10577,#2179);
#1561=LINE('',#10579,#2180);
#1562=LINE('',#10581,#2181);
#1563=LINE('',#10583,#2182);
#1564=LINE('',#10621,#2183);
#1565=LINE('',#10623,#2184);
#1566=LINE('',#10625,#2185);
#1567=LINE('',#10660,#2186);
#1568=LINE('',#10663,#2187);
#1569=LINE('',#10664,#2188);
#1570=LINE('',#10669,#2189);
#1571=LINE('',#10673,#2190);
#1572=LINE('',#10674,#2191);
#1573=LINE('',#10686,#2192);
#1574=LINE('',#10708,#2193);
#1575=LINE('',#10725,#2194);
#1576=LINE('',#10742,#2195);
#1577=LINE('',#10759,#2196);
#1578=LINE('',#10776,#2197);
#1579=LINE('',#10823,#2198);
#1580=LINE('',#10840,#2199);
#1581=LINE('',#10857,#2200);
#1582=LINE('',#10874,#2201);
#1583=LINE('',#10907,#2202);
#1584=LINE('',#10908,#2203);
#1585=LINE('',#10925,#2204);
#1586=LINE('',#10942,#2205);
#1587=LINE('',#10959,#2206);
#1588=LINE('',#10961,#2207);
#1589=LINE('',#10973,#2208);
#1590=LINE('',#10995,#2209);
#1591=LINE('',#11012,#2210);
#1592=LINE('',#11029,#2211);
#1593=LINE('',#11046,#2212);
#1594=LINE('',#11063,#2213);
#1595=LINE('',#11080,#2214);
#1596=LINE('',#11097,#2215);
#1597=LINE('',#11100,#2216);
#1598=LINE('',#11101,#2217);
#1599=LINE('',#11118,#2218);
#1600=LINE('',#11152,#2219);
#1601=LINE('',#11153,#2220);
#1602=LINE('',#11155,#2221);
#1603=LINE('',#11167,#2222);
#1604=LINE('',#11184,#2223);
#1605=LINE('',#11221,#2224);
#1606=LINE('',#11233,#2225);
#1607=LINE('',#11250,#2226);
#1608=LINE('',#11267,#2227);
#1609=LINE('',#11275,#2228);
#1610=LINE('',#11276,#2229);
#1611=LINE('',#11278,#2230);
#1612=LINE('',#11297,#2231);
#1613=LINE('',#11304,#2232);
#1614=LINE('',#11327,#2233);
#1615=LINE('',#11350,#2234);
#1616=LINE('',#11373,#2235);
#1617=LINE('',#11396,#2236);
#1618=LINE('',#11419,#2237);
#1619=LINE('',#11442,#2238);
#1620=LINE('',#11481,#2239);
#1621=LINE('',#11488,#2240);
#1622=LINE('',#11511,#2241);
#1623=LINE('',#11534,#2242);
#1624=LINE('',#11557,#2243);
#1625=LINE('',#11580,#2244);
#1626=LINE('',#11603,#2245);
#1627=LINE('',#11626,#2246);
#1628=LINE('',#11649,#2247);
#1629=LINE('',#11672,#2248);
#1630=LINE('',#11698,#2249);
#1631=LINE('',#11699,#2250);
#1632=LINE('',#11700,#2251);
#1633=LINE('',#11703,#2252);
#1634=LINE('',#11704,#2253);
#1635=LINE('',#11721,#2254);
#1636=LINE('',#11738,#2255);
#1637=LINE('',#11755,#2256);
#1638=LINE('',#11772,#2257);
#1639=LINE('',#11789,#2258);
#1640=LINE('',#11806,#2259);
#1641=LINE('',#11823,#2260);
#1642=LINE('',#11840,#2261);
#1643=LINE('',#11842,#2262);
#1644=LINE('',#11859,#2263);
#1645=LINE('',#11876,#2264);
#1646=LINE('',#11893,#2265);
#1647=LINE('',#11910,#2266);
#1648=LINE('',#11927,#2267);
#1649=LINE('',#11929,#2268);
#1650=LINE('',#11946,#2269);
#1651=LINE('',#11963,#2270);
#1652=LINE('',#11980,#2271);
#1653=LINE('',#11997,#2272);
#1654=LINE('',#12014,#2273);
#1655=LINE('',#12031,#2274);
#1656=LINE('',#12037,#2275);
#1657=LINE('',#12040,#2276);
#1658=LINE('',#12043,#2277);
#1659=LINE('',#12045,#2278);
#1660=LINE('',#12046,#2279);
#1661=LINE('',#12052,#2280);
#1662=LINE('',#12055,#2281);
#1663=LINE('',#12057,#2282);
#1664=LINE('',#12058,#2283);
#1665=LINE('',#12064,#2284);
#1666=LINE('',#12067,#2285);
#1667=LINE('',#12070,#2286);
#1668=LINE('',#12072,#2287);
#1669=LINE('',#12073,#2288);
#1670=LINE('',#12078,#2289);
#1671=LINE('',#12082,#2290);
#1672=LINE('',#12084,#2291);
#1673=LINE('',#12085,#2292);
#1674=LINE('',#12088,#2293);
#1675=LINE('',#12090,#2294);
#1676=LINE('',#12091,#2295);
#1677=LINE('',#12097,#2296);
#1678=LINE('',#12100,#2297);
#1679=LINE('',#12102,#2298);
#1680=LINE('',#12103,#2299);
#1681=LINE('',#12109,#2300);
#1682=LINE('',#12111,#2301);
#1683=LINE('',#12112,#2302);
#1684=LINE('',#12118,#2303);
#1685=LINE('',#12121,#2304);
#1686=LINE('',#12123,#2305);
#1687=LINE('',#12124,#2306);
#1688=LINE('',#12133,#2307);
#1689=LINE('',#12136,#2308);
#1690=LINE('',#12139,#2309);
#1691=LINE('',#12143,#2310);
#1692=LINE('',#12144,#2311);
#1693=LINE('',#12147,#2312);
#1694=LINE('',#12148,#2313);
#1695=LINE('',#12152,#2314);
#1696=LINE('',#12155,#2315);
#1697=LINE('',#12156,#2316);
#1698=LINE('',#12158,#2317);
#1699=LINE('',#12161,#2318);
#1700=LINE('',#12163,#2319);
#1701=LINE('',#12164,#2320);
#1702=LINE('',#12167,#2321);
#1703=LINE('',#12169,#2322);
#1704=LINE('',#12170,#2323);
#1705=LINE('',#12176,#2324);
#1706=LINE('',#12179,#2325);
#1707=LINE('',#12182,#2326);
#1708=LINE('',#12184,#2327);
#1709=LINE('',#12187,#2328);
#1710=LINE('',#12190,#2329);
#1711=LINE('',#12191,#2330);
#1712=LINE('',#12194,#2331);
#1713=LINE('',#12197,#2332);
#1714=LINE('',#12199,#2333);
#1715=LINE('',#12200,#2334);
#1716=LINE('',#12204,#2335);
#1717=LINE('',#12206,#2336);
#1718=LINE('',#12207,#2337);
#1719=LINE('',#12210,#2338);
#1720=LINE('',#12212,#2339);
#1721=LINE('',#12213,#2340);
#1722=LINE('',#12217,#2341);
#1723=LINE('',#12221,#2342);
#1724=LINE('',#12225,#2343);
#1725=LINE('',#12228,#2344);
#1726=LINE('',#12231,#2345);
#1727=LINE('',#12234,#2346);
#1728=LINE('',#12238,#2347);
#1729=LINE('',#12242,#2348);
#1730=LINE('',#12246,#2349);
#1731=LINE('',#12249,#2350);
#1732=LINE('',#12252,#2351);
#1733=LINE('',#12255,#2352);
#1734=LINE('',#12258,#2353);
#1735=LINE('',#12260,#2354);
#1736=LINE('',#12263,#2355);
#1737=LINE('',#12264,#2356);
#1738=LINE('',#12267,#2357);
#1739=LINE('',#12269,#2358);
#1740=LINE('',#12273,#2359);
#1741=LINE('',#12275,#2360);
#1742=LINE('',#12279,#2361);
#1743=LINE('',#12281,#2362);
#1744=LINE('',#12284,#2363);
#1745=LINE('',#12285,#2364);
#1746=LINE('',#12288,#2365);
#1747=LINE('',#12290,#2366);
#1748=LINE('',#12291,#2367);
#1749=LINE('',#12294,#2368);
#1750=LINE('',#12295,#2369);
#1751=LINE('',#12298,#2370);
#1752=LINE('',#12299,#2371);
#1753=LINE('',#12302,#2372);
#1754=LINE('',#12303,#2373);
#1755=LINE('',#12306,#2374);
#1756=LINE('',#12307,#2375);
#1757=LINE('',#12310,#2376);
#1758=LINE('',#12311,#2377);
#1759=LINE('',#12315,#2378);
#1760=LINE('',#12317,#2379);
#1761=LINE('',#12319,#2380);
#1762=LINE('',#12323,#2381);
#1763=LINE('',#12325,#2382);
#1764=LINE('',#12327,#2383);
#1765=LINE('',#12331,#2384);
#1766=LINE('',#12333,#2385);
#1767=LINE('',#12335,#2386);
#1768=LINE('',#12339,#2387);
#1769=LINE('',#12341,#2388);
#1770=LINE('',#12343,#2389);
#1771=LINE('',#12347,#2390);
#1772=LINE('',#12349,#2391);
#1773=LINE('',#12351,#2392);
#1774=LINE('',#12353,#2393);
#1775=LINE('',#12354,#2394);
#1776=LINE('',#12357,#2395);
#1777=LINE('',#12359,#2396);
#1778=LINE('',#12361,#2397);
#1779=LINE('',#12362,#2398);
#1780=LINE('',#12367,#2399);
#1781=LINE('',#12372,#2400);
#1782=LINE('',#12376,#2401);
#1783=LINE('',#12378,#2402);
#1784=LINE('',#12381,#2403);
#1785=LINE('',#12383,#2404);
#1786=LINE('',#12384,#2405);
#1787=LINE('',#12387,#2406);
#1788=LINE('',#12388,#2407);
#1789=LINE('',#12391,#2408);
#1790=LINE('',#12392,#2409);
#1791=LINE('',#12394,#2410);
#1792=LINE('',#12397,#2411);
#1793=LINE('',#12398,#2412);
#1794=LINE('',#12401,#2413);
#1795=LINE('',#12402,#2414);
#1796=LINE('',#12405,#2415);
#1797=LINE('',#12406,#2416);
#1798=LINE('',#12409,#2417);
#1799=LINE('',#12410,#2418);
#1800=LINE('',#12413,#2419);
#1801=LINE('',#12414,#2420);
#1802=LINE('',#12416,#2421);
#1803=LINE('',#12420,#2422);
#1804=LINE('',#12422,#2423);
#1805=LINE('',#12424,#2424);
#1806=LINE('',#12426,#2425);
#1807=LINE('',#12428,#2426);
#1808=LINE('',#12432,#2427);
#1809=LINE('',#12434,#2428);
#1810=LINE('',#12436,#2429);
#1811=LINE('',#12440,#2430);
#1812=LINE('',#12442,#2431);
#1813=LINE('',#12444,#2432);
#1814=LINE('',#12448,#2433);
#1815=LINE('',#12450,#2434);
#1816=LINE('',#12452,#2435);
#1817=LINE('',#12456,#2436);
#1818=LINE('',#12458,#2437);
#1819=LINE('',#12459,#2438);
#1820=LINE('',#12463,#2439);
#1821=LINE('',#12464,#2440);
#1822=LINE('',#12465,#2441);
#1823=LINE('',#12468,#2442);
#1824=LINE('',#12469,#2443);
#1825=LINE('',#12473,#2444);
#1826=LINE('',#12476,#2445);
#1827=LINE('',#12477,#2446);
#1828=LINE('',#12480,#2447);
#1829=LINE('',#12481,#2448);
#1830=LINE('',#12484,#2449);
#1831=LINE('',#12485,#2450);
#1832=LINE('',#12489,#2451);
#1833=LINE('',#12492,#2452);
#1834=LINE('',#12493,#2453);
#1835=LINE('',#12496,#2454);
#1836=LINE('',#12497,#2455);
#1837=LINE('',#12500,#2456);
#1838=LINE('',#12501,#2457);
#1839=LINE('',#12505,#2458);
#1840=LINE('',#12508,#2459);
#1841=LINE('',#12509,#2460);
#1842=LINE('',#12512,#2461);
#1843=LINE('',#12513,#2462);
#1844=LINE('',#12516,#2463);
#1845=LINE('',#12517,#2464);
#1846=LINE('',#12521,#2465);
#1847=LINE('',#12524,#2466);
#1848=LINE('',#12525,#2467);
#1849=LINE('',#12528,#2468);
#1850=LINE('',#12529,#2469);
#1851=LINE('',#12532,#2470);
#1852=LINE('',#12533,#2471);
#1853=LINE('',#12539,#2472);
#1854=LINE('',#12540,#2473);
#1855=LINE('',#12584,#2474);
#1856=LINE('',#12624,#2475);
#1857=LINE('',#12627,#2476);
#1858=LINE('',#12679,#2477);
#1859=LINE('',#12695,#2478);
#1860=LINE('',#12713,#2479);
#1861=LINE('',#12718,#2480);
#1862=LINE('',#12748,#2481);
#1863=LINE('',#12752,#2482);
#1864=LINE('',#12756,#2483);
#1865=LINE('',#12785,#2484);
#1866=LINE('',#12804,#2485);
#1867=LINE('',#12807,#2486);
#1868=LINE('',#12808,#2487);
#1869=LINE('',#12811,#2488);
#1870=LINE('',#12812,#2489);
#1871=LINE('',#12815,#2490);
#1872=LINE('',#12818,#2491);
#1873=LINE('',#12821,#2492);
#1874=LINE('',#12822,#2493);
#1875=LINE('',#12825,#2494);
#1876=LINE('',#12829,#2495);
#1877=LINE('',#12830,#2496);
#1878=LINE('',#12833,#2497);
#1879=LINE('',#12834,#2498);
#1880=LINE('',#12837,#2499);
#1881=LINE('',#12838,#2500);
#1882=LINE('',#12841,#2501);
#1883=LINE('',#12844,#2502);
#1884=LINE('',#12847,#2503);
#1885=LINE('',#12848,#2504);
#1886=LINE('',#12851,#2505);
#1887=LINE('',#12855,#2506);
#1888=LINE('',#12856,#2507);
#1889=LINE('',#12859,#2508);
#1890=LINE('',#12860,#2509);
#1891=LINE('',#12863,#2510);
#1892=LINE('',#12864,#2511);
#1893=LINE('',#12866,#2512);
#1894=VECTOR('',#7218,10.);
#1895=VECTOR('',#7221,10.);
#1896=VECTOR('',#7224,10.);
#1897=VECTOR('',#7225,10.);
#1898=VECTOR('',#7226,10.);
#1899=VECTOR('',#7231,10.);
#1900=VECTOR('',#7234,10.);
#1901=VECTOR('',#7237,10.);
#1902=VECTOR('',#7238,10.);
#1903=VECTOR('',#7243,10.);
#1904=VECTOR('',#7246,10.);
#1905=VECTOR('',#7249,10.);
#1906=VECTOR('',#7250,10.);
#1907=VECTOR('',#7251,10.);
#1908=VECTOR('',#7256,10.);
#1909=VECTOR('',#7261,10.);
#1910=VECTOR('',#7262,10.);
#1911=VECTOR('',#7263,10.);
#1912=VECTOR('',#7266,10.);
#1913=VECTOR('',#7267,10.);
#1914=VECTOR('',#7268,10.);
#1915=VECTOR('',#7275,10.);
#1916=VECTOR('',#7278,10.);
#1917=VECTOR('',#7279,10.);
#1918=VECTOR('',#7280,10.);
#1919=VECTOR('',#7289,10.);
#1920=VECTOR('',#7290,10.);
#1921=VECTOR('',#7291,10.);
#1922=VECTOR('',#7298,10.);
#1923=VECTOR('',#7301,10.);
#1924=VECTOR('',#7302,10.);
#1925=VECTOR('',#7303,10.);
#1926=VECTOR('',#7322,10.);
#1927=VECTOR('',#7323,10.);
#1928=VECTOR('',#7332,10.);
#1929=VECTOR('',#7345,10.);
#1930=VECTOR('',#7346,10.);
#1931=VECTOR('',#7355,10.);
#1932=VECTOR('',#7358,10.);
#1933=VECTOR('',#7361,10.);
#1934=VECTOR('',#7364,10.);
#1935=VECTOR('',#7367,10.);
#1936=VECTOR('',#7370,10.);
#1937=VECTOR('',#7373,10.);
#1938=VECTOR('',#7376,10.);
#1939=VECTOR('',#7379,10.);
#1940=VECTOR('',#7380,10.);
#1941=VECTOR('',#7383,10.);
#1942=VECTOR('',#7388,10.);
#1943=VECTOR('',#7391,10.);
#1944=VECTOR('',#7392,10.);
#1945=VECTOR('',#7393,10.);
#1946=VECTOR('',#7396,10.);
#1947=VECTOR('',#7397,10.);
#1948=VECTOR('',#7398,10.);
#1949=VECTOR('',#7403,10.);
#1950=VECTOR('',#7404,10.);
#1951=VECTOR('',#7405,10.);
#1952=VECTOR('',#7418,10.);
#1953=VECTOR('',#7419,10.);
#1954=VECTOR('',#7428,10.);
#1955=VECTOR('',#7441,10.);
#1956=VECTOR('',#7442,10.);
#1957=VECTOR('',#7451,10.);
#1958=VECTOR('',#7454,10.);
#1959=VECTOR('',#7457,10.);
#1960=VECTOR('',#7460,10.);
#1961=VECTOR('',#7463,10.);
#1962=VECTOR('',#7466,10.);
#1963=VECTOR('',#7469,10.);
#1964=VECTOR('',#7472,10.);
#1965=VECTOR('',#7473,10.);
#1966=VECTOR('',#7476,10.);
#1967=VECTOR('',#7477,10.);
#1968=VECTOR('',#7480,10.);
#1969=VECTOR('',#7483,10.);
#1970=VECTOR('',#7484,10.);
#1971=VECTOR('',#7485,10.);
#1972=VECTOR('',#7486,10.);
#1973=VECTOR('',#7487,10.);
#1974=VECTOR('',#7490,10.);
#1975=VECTOR('',#7491,10.);
#1976=VECTOR('',#7492,10.);
#1977=VECTOR('',#7495,10.);
#1978=VECTOR('',#7496,10.);
#1979=VECTOR('',#7497,10.);
#1980=VECTOR('',#7500,10.);
#1981=VECTOR('',#7501,10.);
#1982=VECTOR('',#7502,10.);
#1983=VECTOR('',#7505,10.);
#1984=VECTOR('',#7506,10.);
#1985=VECTOR('',#7507,10.);
#1986=VECTOR('',#7508,10.);
#1987=VECTOR('',#7509,10.);
#1988=VECTOR('',#7510,10.);
#1989=VECTOR('',#7511,10.);
#1990=VECTOR('',#7514,10.);
#1991=VECTOR('',#7515,10.);
#1992=VECTOR('',#7516,10.);
#1993=VECTOR('',#7517,10.);
#1994=VECTOR('',#7518,10.);
#1995=VECTOR('',#7519,10.);
#1996=VECTOR('',#7522,10.);
#1997=VECTOR('',#7523,10.);
#1998=VECTOR('',#7524,10.);
#1999=VECTOR('',#7527,10.);
#2000=VECTOR('',#7536,10.);
#2001=VECTOR('',#7537,10.);
#2002=VECTOR('',#7540,10.);
#2003=VECTOR('',#7541,10.);
#2004=VECTOR('',#7546,10.);
#2005=VECTOR('',#7547,10.);
#2006=VECTOR('',#7552,10.);
#2007=VECTOR('',#7555,10.);
#2008=VECTOR('',#7558,10.);
#2009=VECTOR('',#7559,10.);
#2010=VECTOR('',#7568,10.);
#2011=VECTOR('',#7573,10.);
#2012=VECTOR('',#7574,10.);
#2013=VECTOR('',#7583,10.);
#2014=VECTOR('',#7586,10.);
#2015=VECTOR('',#7589,10.);
#2016=VECTOR('',#7592,10.);
#2017=VECTOR('',#7595,10.);
#2018=VECTOR('',#7596,10.);
#2019=VECTOR('',#7605,10.);
#2020=VECTOR('',#7606,10.);
#2021=VECTOR('',#7611,10.);
#2022=VECTOR('',#7616,10.);
#2023=VECTOR('',#7617,10.);
#2024=VECTOR('',#7626,10.);
#2025=VECTOR('',#7627,10.);
#2026=VECTOR('',#7632,10.);
#2027=VECTOR('',#7633,10.);
#2028=VECTOR('',#7636,10.);
#2029=VECTOR('',#7639,10.);
#2030=VECTOR('',#7642,10.);
#2031=VECTOR('',#7643,10.);
#2032=VECTOR('',#7646,10.);
#2033=VECTOR('',#7649,10.);
#2034=VECTOR('',#7652,10.);
#2035=VECTOR('',#7655,10.);
#2036=VECTOR('',#7658,10.);
#2037=VECTOR('',#7661,10.);
#2038=VECTOR('',#7664,10.);
#2039=VECTOR('',#7665,10.);
#2040=VECTOR('',#7666,10.);
#2041=VECTOR('',#7667,10.);
#2042=VECTOR('',#7668,10.);
#2043=VECTOR('',#7671,10.);
#2044=VECTOR('',#7674,10.);
#2045=VECTOR('',#7675,10.);
#2046=VECTOR('',#7676,10.);
#2047=VECTOR('',#7677,10.);
#2048=VECTOR('',#7680,10.);
#2049=VECTOR('',#7681,10.);
#2050=VECTOR('',#7682,10.);
#2051=VECTOR('',#7685,10.);
#2052=VECTOR('',#7686,10.);
#2053=VECTOR('',#7687,10.);
#2054=VECTOR('',#7690,10.);
#2055=VECTOR('',#7691,10.);
#2056=VECTOR('',#7692,10.);
#2057=VECTOR('',#7695,10.);
#2058=VECTOR('',#7696,10.);
#2059=VECTOR('',#7699,10.);
#2060=VECTOR('',#7700,10.);
#2061=VECTOR('',#7701,10.);
#2062=VECTOR('',#7704,10.);
#2063=VECTOR('',#7705,10.);
#2064=VECTOR('',#7708,10.);
#2065=VECTOR('',#7709,10.);
#2066=VECTOR('',#7714,10.);
#2067=VECTOR('',#7717,10.);
#2068=VECTOR('',#7718,10.);
#2069=VECTOR('',#7721,10.);
#2070=VECTOR('',#7722,10.);
#2071=VECTOR('',#7725,10.);
#2072=VECTOR('',#7726,10.);
#2073=VECTOR('',#7731,10.);
#2074=VECTOR('',#7734,10.);
#2075=VECTOR('',#7735,10.);
#2076=VECTOR('',#7738,10.);
#2077=VECTOR('',#7739,10.);
#2078=VECTOR('',#7742,10.);
#2079=VECTOR('',#7743,10.);
#2080=VECTOR('',#7748,10.);
#2081=VECTOR('',#7751,10.);
#2082=VECTOR('',#7752,10.);
#2083=VECTOR('',#7755,10.);
#2084=VECTOR('',#7756,10.);
#2085=VECTOR('',#7759,10.);
#2086=VECTOR('',#7760,10.);
#2087=VECTOR('',#7765,10.);
#2088=VECTOR('',#7768,10.);
#2089=VECTOR('',#7769,10.);
#2090=VECTOR('',#7772,10.);
#2091=VECTOR('',#7775,10.);
#2092=VECTOR('',#7776,10.);
#2093=VECTOR('',#7779,10.);
#2094=VECTOR('',#7782,10.);
#2095=VECTOR('',#7787,10.);
#2096=VECTOR('',#7790,10.);
#2097=VECTOR('',#7793,10.);
#2098=VECTOR('',#7796,10.);
#2099=VECTOR('',#7799,10.);
#2100=VECTOR('',#7802,10.);
#2101=VECTOR('',#7807,10.);
#2102=VECTOR('',#7810,10.);
#2103=VECTOR('',#7811,10.);
#2104=VECTOR('',#7814,10.);
#2105=VECTOR('',#7815,10.);
#2106=VECTOR('',#7818,10.);
#2107=VECTOR('',#7819,10.);
#2108=VECTOR('',#7822,10.);
#2109=VECTOR('',#7827,10.);
#2110=VECTOR('',#7828,10.);
#2111=VECTOR('',#7831,10.);
#2112=VECTOR('',#7832,10.);
#2113=VECTOR('',#7835,10.);
#2114=VECTOR('',#7836,10.);
#2115=VECTOR('',#7839,10.);
#2116=VECTOR('',#7844,10.);
#2117=VECTOR('',#7845,10.);
#2118=VECTOR('',#7848,10.);
#2119=VECTOR('',#7849,10.);
#2120=VECTOR('',#7852,10.);
#2121=VECTOR('',#7853,10.);
#2122=VECTOR('',#7856,10.);
#2123=VECTOR('',#7861,10.);
#2124=VECTOR('',#7862,10.);
#2125=VECTOR('',#7865,10.);
#2126=VECTOR('',#7866,10.);
#2127=VECTOR('',#7869,10.);
#2128=VECTOR('',#7870,10.);
#2129=VECTOR('',#7873,10.);
#2130=VECTOR('',#7878,10.);
#2131=VECTOR('',#7879,10.);
#2132=VECTOR('',#7882,10.);
#2133=VECTOR('',#7883,10.);
#2134=VECTOR('',#7886,10.);
#2135=VECTOR('',#7893,10.);
#2136=VECTOR('',#7894,10.);
#2137=VECTOR('',#7899,10.);
#2138=VECTOR('',#7900,10.);
#2139=VECTOR('',#7901,10.);
#2140=VECTOR('',#7902,10.);
#2141=VECTOR('',#7905,10.);
#2142=VECTOR('',#7906,10.);
#2143=VECTOR('',#7909,10.);
#2144=VECTOR('',#7910,10.);
#2145=VECTOR('',#7913,10.);
#2146=VECTOR('',#7914,10.);
#2147=VECTOR('',#7915,10.);
#2148=VECTOR('',#7916,10.);
#2149=VECTOR('',#7919,10.);
#2150=VECTOR('',#7922,10.);
#2151=VECTOR('',#7925,10.);
#2152=VECTOR('',#7928,10.);
#2153=VECTOR('',#7931,10.);
#2154=VECTOR('',#7932,10.);
#2155=VECTOR('',#7935,10.);
#2156=VECTOR('',#7936,10.);
#2157=VECTOR('',#7939,10.);
#2158=VECTOR('',#7942,10.);
#2159=VECTOR('',#7943,10.);
#2160=VECTOR('',#7946,10.);
#2161=VECTOR('',#7949,10.);
#2162=VECTOR('',#7952,10.);
#2163=VECTOR('',#7955,10.);
#2164=VECTOR('',#7958,10.);
#2165=VECTOR('',#7963,10.);
#2166=VECTOR('',#7964,10.);
#2167=VECTOR('',#7967,10.);
#2168=VECTOR('',#7970,10.);
#2169=VECTOR('',#7971,10.);
#2170=VECTOR('',#7972,10.);
#2171=VECTOR('',#7973,10.);
#2172=VECTOR('',#7978,10.);
#2173=VECTOR('',#7981,10.);
#2174=VECTOR('',#7984,10.);
#2175=VECTOR('',#7985,10.);
#2176=VECTOR('',#7986,10.);
#2177=VECTOR('',#7989,10.);
#2178=VECTOR('',#7990,10.);
#2179=VECTOR('',#7991,10.);
#2180=VECTOR('',#7992,10.);
#2181=VECTOR('',#7993,10.);
#2182=VECTOR('',#7994,10.);
#2183=VECTOR('',#7995,10.);
#2184=VECTOR('',#7996,10.);
#2185=VECTOR('',#7997,10.);
#2186=VECTOR('',#8004,10.);
#2187=VECTOR('',#8007,10.);
#2188=VECTOR('',#8008,10.);
#2189=VECTOR('',#8013,10.);
#2190=VECTOR('',#8018,10.);
#2191=VECTOR('',#8019,10.);
#2192=VECTOR('',#8020,10.);
#2193=VECTOR('',#8021,10.);
#2194=VECTOR('',#8022,10.);
#2195=VECTOR('',#8023,10.);
#2196=VECTOR('',#8024,10.);
#2197=VECTOR('',#8025,10.);
#2198=VECTOR('',#8026,10.);
#2199=VECTOR('',#8027,10.);
#2200=VECTOR('',#8028,10.);
#2201=VECTOR('',#8029,10.);
#2202=VECTOR('',#8030,10.);
#2203=VECTOR('',#8031,10.);
#2204=VECTOR('',#8032,10.);
#2205=VECTOR('',#8033,10.);
#2206=VECTOR('',#8034,10.);
#2207=VECTOR('',#8037,10.);
#2208=VECTOR('',#8038,10.);
#2209=VECTOR('',#8039,10.);
#2210=VECTOR('',#8040,10.);
#2211=VECTOR('',#8041,10.);
#2212=VECTOR('',#8042,10.);
#2213=VECTOR('',#8043,10.);
#2214=VECTOR('',#8044,10.);
#2215=VECTOR('',#8045,10.);
#2216=VECTOR('',#8048,10.);
#2217=VECTOR('',#8049,10.);
#2218=VECTOR('',#8050,10.);
#2219=VECTOR('',#8055,10.);
#2220=VECTOR('',#8056,10.);
#2221=VECTOR('',#8059,10.);
#2222=VECTOR('',#8060,10.);
#2223=VECTOR('',#8061,10.);
#2224=VECTOR('',#8062,10.);
#2225=VECTOR('',#8063,10.);
#2226=VECTOR('',#8064,10.);
#2227=VECTOR('',#8065,10.);
#2228=VECTOR('',#8068,10.);
#2229=VECTOR('',#8069,10.);
#2230=VECTOR('',#8072,10.);
#2231=VECTOR('',#8073,10.);
#2232=VECTOR('',#8074,10.);
#2233=VECTOR('',#8075,10.);
#2234=VECTOR('',#8076,10.);
#2235=VECTOR('',#8077,10.);
#2236=VECTOR('',#8078,10.);
#2237=VECTOR('',#8079,10.);
#2238=VECTOR('',#8080,10.);
#2239=VECTOR('',#8081,10.);
#2240=VECTOR('',#8082,10.);
#2241=VECTOR('',#8083,10.);
#2242=VECTOR('',#8084,10.);
#2243=VECTOR('',#8085,10.);
#2244=VECTOR('',#8086,10.);
#2245=VECTOR('',#8087,10.);
#2246=VECTOR('',#8088,10.);
#2247=VECTOR('',#8089,10.);
#2248=VECTOR('',#8090,10.);
#2249=VECTOR('',#8097,10.);
#2250=VECTOR('',#8098,10.);
#2251=VECTOR('',#8099,10.);
#2252=VECTOR('',#8102,10.);
#2253=VECTOR('',#8103,10.);
#2254=VECTOR('',#8104,10.);
#2255=VECTOR('',#8105,10.);
#2256=VECTOR('',#8106,10.);
#2257=VECTOR('',#8107,10.);
#2258=VECTOR('',#8108,10.);
#2259=VECTOR('',#8109,10.);
#2260=VECTOR('',#8110,10.);
#2261=VECTOR('',#8111,10.);
#2262=VECTOR('',#8114,10.);
#2263=VECTOR('',#8115,10.);
#2264=VECTOR('',#8116,10.);
#2265=VECTOR('',#8117,10.);
#2266=VECTOR('',#8118,10.);
#2267=VECTOR('',#8119,10.);
#2268=VECTOR('',#8122,10.);
#2269=VECTOR('',#8123,10.);
#2270=VECTOR('',#8124,10.);
#2271=VECTOR('',#8125,10.);
#2272=VECTOR('',#8126,10.);
#2273=VECTOR('',#8127,10.);
#2274=VECTOR('',#8130,10.);
#2275=VECTOR('',#8135,10.);
#2276=VECTOR('',#8138,10.);
#2277=VECTOR('',#8141,10.);
#2278=VECTOR('',#8142,10.);
#2279=VECTOR('',#8143,10.);
#2280=VECTOR('',#8148,10.);
#2281=VECTOR('',#8151,10.);
#2282=VECTOR('',#8154,10.);
#2283=VECTOR('',#8155,10.);
#2284=VECTOR('',#8160,10.);
#2285=VECTOR('',#8163,10.);
#2286=VECTOR('',#8166,10.);
#2287=VECTOR('',#8167,10.);
#2288=VECTOR('',#8168,10.);
#2289=VECTOR('',#8173,10.);
#2290=VECTOR('',#8178,10.);
#2291=VECTOR('',#8179,10.);
#2292=VECTOR('',#8180,10.);
#2293=VECTOR('',#8183,10.);
#2294=VECTOR('',#8184,10.);
#2295=VECTOR('',#8185,10.);
#2296=VECTOR('',#8192,10.);
#2297=VECTOR('',#8195,10.);
#2298=VECTOR('',#8196,10.);
#2299=VECTOR('',#8197,10.);
#2300=VECTOR('',#8206,10.);
#2301=VECTOR('',#8207,10.);
#2302=VECTOR('',#8208,10.);
#2303=VECTOR('',#8215,10.);
#2304=VECTOR('',#8218,10.);
#2305=VECTOR('',#8219,10.);
#2306=VECTOR('',#8220,10.);
#2307=VECTOR('',#8231,10.);
#2308=VECTOR('',#8234,10.);
#2309=VECTOR('',#8237,10.);
#2310=VECTOR('',#8240,10.);
#2311=VECTOR('',#8241,10.);
#2312=VECTOR('',#8244,10.);
#2313=VECTOR('',#8245,2.);
#2314=VECTOR('',#8250,10.);
#2315=VECTOR('',#8253,10.);
#2316=VECTOR('',#8254,10.);
#2317=VECTOR('',#8257,10.);
#2318=VECTOR('',#8260,10.);
#2319=VECTOR('',#8261,10.);
#2320=VECTOR('',#8262,10.);
#2321=VECTOR('',#8265,10.);
#2322=VECTOR('',#8266,10.);
#2323=VECTOR('',#8267,10.);
#2324=VECTOR('',#8272,10.);
#2325=VECTOR('',#8275,10.);
#2326=VECTOR('',#8278,10.);
#2327=VECTOR('',#8279,10.);
#2328=VECTOR('',#8282,10.);
#2329=VECTOR('',#8285,10.);
#2330=VECTOR('',#8286,10.);
#2331=VECTOR('',#8289,10.);
#2332=VECTOR('',#8292,10.);
#2333=VECTOR('',#8295,2.);
#2334=VECTOR('',#8296,10.);
#2335=VECTOR('',#8301,10.);
#2336=VECTOR('',#8302,10.);
#2337=VECTOR('',#8303,10.);
#2338=VECTOR('',#8306,10.);
#2339=VECTOR('',#8307,10.);
#2340=VECTOR('',#8308,10.);
#2341=VECTOR('',#8311,10.);
#2342=VECTOR('',#8314,10.);
#2343=VECTOR('',#8319,10.);
#2344=VECTOR('',#8322,10.);
#2345=VECTOR('',#8325,10.);
#2346=VECTOR('',#8328,10.);
#2347=VECTOR('',#8331,10.);
#2348=VECTOR('',#8334,10.);
#2349=VECTOR('',#8339,10.);
#2350=VECTOR('',#8342,10.);
#2351=VECTOR('',#8345,10.);
#2352=VECTOR('',#8348,10.);
#2353=VECTOR('',#8351,10.);
#2354=VECTOR('',#8352,10.);
#2355=VECTOR('',#8357,10.);
#2356=VECTOR('',#8358,10.);
#2357=VECTOR('',#8361,10.);
#2358=VECTOR('',#8362,10.);
#2359=VECTOR('',#8367,10.);
#2360=VECTOR('',#8368,10.);
#2361=VECTOR('',#8373,10.);
#2362=VECTOR('',#8374,10.);
#2363=VECTOR('',#8379,10.);
#2364=VECTOR('',#8380,10.);
#2365=VECTOR('',#8383,10.);
#2366=VECTOR('',#8384,10.);
#2367=VECTOR('',#8385,10.);
#2368=VECTOR('',#8388,10.);
#2369=VECTOR('',#8389,10.);
#2370=VECTOR('',#8392,10.);
#2371=VECTOR('',#8393,10.);
#2372=VECTOR('',#8396,10.);
#2373=VECTOR('',#8397,10.);
#2374=VECTOR('',#8400,10.);
#2375=VECTOR('',#8401,10.);
#2376=VECTOR('',#8404,10.);
#2377=VECTOR('',#8405,10.);
#2378=VECTOR('',#8408,10.);
#2379=VECTOR('',#8409,10.);
#2380=VECTOR('',#8410,10.);
#2381=VECTOR('',#8413,10.);
#2382=VECTOR('',#8414,10.);
#2383=VECTOR('',#8415,10.);
#2384=VECTOR('',#8418,10.);
#2385=VECTOR('',#8419,10.);
#2386=VECTOR('',#8420,10.);
#2387=VECTOR('',#8423,10.);
#2388=VECTOR('',#8424,10.);
#2389=VECTOR('',#8425,10.);
#2390=VECTOR('',#8428,10.);
#2391=VECTOR('',#8429,10.);
#2392=VECTOR('',#8430,10.);
#2393=VECTOR('',#8431,10.);
#2394=VECTOR('',#8432,10.);
#2395=VECTOR('',#8433,10.);
#2396=VECTOR('',#8434,10.);
#2397=VECTOR('',#8435,10.);
#2398=VECTOR('',#8436,10.);
#2399=VECTOR('',#8441,10.);
#2400=VECTOR('',#8446,10.);
#2401=VECTOR('',#8453,10.);
#2402=VECTOR('',#8456,10.);
#2403=VECTOR('',#8459,10.);
#2404=VECTOR('',#8460,10.);
#2405=VECTOR('',#8461,10.);
#2406=VECTOR('',#8464,10.);
#2407=VECTOR('',#8465,10.);
#2408=VECTOR('',#8468,10.);
#2409=VECTOR('',#8469,10.);
#2410=VECTOR('',#8472,10.);
#2411=VECTOR('',#8475,10.);
#2412=VECTOR('',#8476,10.);
#2413=VECTOR('',#8479,10.);
#2414=VECTOR('',#8480,10.);
#2415=VECTOR('',#8483,10.);
#2416=VECTOR('',#8484,10.);
#2417=VECTOR('',#8487,10.);
#2418=VECTOR('',#8488,10.);
#2419=VECTOR('',#8491,10.);
#2420=VECTOR('',#8492,10.);
#2421=VECTOR('',#8495,10.);
#2422=VECTOR('',#8498,10.);
#2423=VECTOR('',#8499,10.);
#2424=VECTOR('',#8500,10.);
#2425=VECTOR('',#8501,10.);
#2426=VECTOR('',#8502,10.);
#2427=VECTOR('',#8505,10.);
#2428=VECTOR('',#8506,10.);
#2429=VECTOR('',#8507,10.);
#2430=VECTOR('',#8510,10.);
#2431=VECTOR('',#8511,10.);
#2432=VECTOR('',#8512,10.);
#2433=VECTOR('',#8515,10.);
#2434=VECTOR('',#8516,10.);
#2435=VECTOR('',#8517,10.);
#2436=VECTOR('',#8520,10.);
#2437=VECTOR('',#8521,10.);
#2438=VECTOR('',#8522,10.);
#2439=VECTOR('',#8525,10.);
#2440=VECTOR('',#8526,10.);
#2441=VECTOR('',#8527,10.);
#2442=VECTOR('',#8530,10.);
#2443=VECTOR('',#8531,10.);
#2444=VECTOR('',#8536,10.);
#2445=VECTOR('',#8539,10.);
#2446=VECTOR('',#8540,10.);
#2447=VECTOR('',#8543,10.);
#2448=VECTOR('',#8544,10.);
#2449=VECTOR('',#8547,10.);
#2450=VECTOR('',#8548,10.);
#2451=VECTOR('',#8553,10.);
#2452=VECTOR('',#8556,10.);
#2453=VECTOR('',#8557,10.);
#2454=VECTOR('',#8560,10.);
#2455=VECTOR('',#8561,10.);
#2456=VECTOR('',#8564,10.);
#2457=VECTOR('',#8565,10.);
#2458=VECTOR('',#8570,10.);
#2459=VECTOR('',#8573,10.);
#2460=VECTOR('',#8574,10.);
#2461=VECTOR('',#8577,10.);
#2462=VECTOR('',#8578,10.);
#2463=VECTOR('',#8581,10.);
#2464=VECTOR('',#8582,10.);
#2465=VECTOR('',#8587,10.);
#2466=VECTOR('',#8590,10.);
#2467=VECTOR('',#8591,10.);
#2468=VECTOR('',#8594,10.);
#2469=VECTOR('',#8595,10.);
#2470=VECTOR('',#8598,10.);
#2471=VECTOR('',#8599,10.);
#2472=VECTOR('',#8606,10.);
#2473=VECTOR('',#8607,10.);
#2474=VECTOR('',#8616,10.);
#2475=VECTOR('',#8619,10.);
#2476=VECTOR('',#8622,10.);
#2477=VECTOR('',#8625,10.);
#2478=VECTOR('',#8630,10.);
#2479=VECTOR('',#8639,10.);
#2480=VECTOR('',#8646,10.);
#2481=VECTOR('',#8653,10.);
#2482=VECTOR('',#8658,10.);
#2483=VECTOR('',#8663,10.);
#2484=VECTOR('',#8670,10.);
#2485=VECTOR('',#8681,10.);
#2486=VECTOR('',#8684,10.);
#2487=VECTOR('',#8685,10.);
#2488=VECTOR('',#8688,10.);
#2489=VECTOR('',#8689,10.);
#2490=VECTOR('',#8692,10.);
#2491=VECTOR('',#8697,10.);
#2492=VECTOR('',#8700,10.);
#2493=VECTOR('',#8701,10.);
#2494=VECTOR('',#8704,10.);
#2495=VECTOR('',#8709,10.);
#2496=VECTOR('',#8710,10.);
#2497=VECTOR('',#8713,10.);
#2498=VECTOR('',#8714,10.);
#2499=VECTOR('',#8717,10.);
#2500=VECTOR('',#8718,10.);
#2501=VECTOR('',#8721,10.);
#2502=VECTOR('',#8726,10.);
#2503=VECTOR('',#8729,10.);
#2504=VECTOR('',#8730,10.);
#2505=VECTOR('',#8733,10.);
#2506=VECTOR('',#8738,10.);
#2507=VECTOR('',#8739,10.);
#2508=VECTOR('',#8742,10.);
#2509=VECTOR('',#8743,10.);
#2510=VECTOR('',#8746,10.);
#2511=VECTOR('',#8747,10.);
#2512=VECTOR('',#8750,10.);
#2513=CIRCLE('',#6750,0.25);
#2514=CIRCLE('',#6751,0.25);
#2515=CIRCLE('',#6754,0.25);
#2516=CIRCLE('',#6755,0.25);
#2517=CIRCLE('',#6758,0.25);
#2518=CIRCLE('',#6759,0.25);
#2519=CIRCLE('',#6762,0.25);
#2520=CIRCLE('',#6763,0.25);
#2521=CIRCLE('',#6767,0.0599993201538637);
#2522=CIRCLE('',#6768,0.0599993201538637);
#2523=CIRCLE('',#6771,0.0599993202038509);
#2524=CIRCLE('',#6772,0.0599993202038509);
#2525=CIRCLE('',#6775,0.059999320153846);
#2526=CIRCLE('',#6776,0.059999320153846);
#2527=CIRCLE('',#6779,0.0599993202038509);
#2528=CIRCLE('',#6780,0.0599993202038509);
#2529=CIRCLE('',#6781,0.75);
#2530=CIRCLE('',#6782,0.25);
#2531=CIRCLE('',#6783,0.749999999999993);
#2532=CIRCLE('',#6784,1.);
#2533=CIRCLE('',#6786,0.749999999999993);
#2534=CIRCLE('',#6787,0.75);
#2535=CIRCLE('',#6788,1.);
#2536=CIRCLE('',#6789,0.25);
#2537=CIRCLE('',#6791,0.75);
#2538=CIRCLE('',#6792,0.25);
#2539=CIRCLE('',#6793,0.749999999999993);
#2540=CIRCLE('',#6794,1.);
#2541=CIRCLE('',#6796,0.749999999999993);
#2542=CIRCLE('',#6797,0.75);
#2543=CIRCLE('',#6798,1.);
#2544=CIRCLE('',#6799,0.25);
#2545=CIRCLE('',#6802,1.);
#2546=CIRCLE('',#6804,1.);
#2547=CIRCLE('',#6807,1.);
#2548=CIRCLE('',#6811,1.);
#2549=CIRCLE('',#6816,0.75);
#2550=CIRCLE('',#6817,0.25);
#2551=CIRCLE('',#6818,0.749999999999993);
#2552=CIRCLE('',#6819,1.);
#2553=CIRCLE('',#6821,0.749999999999993);
#2554=CIRCLE('',#6822,0.75);
#2555=CIRCLE('',#6823,1.);
#2556=CIRCLE('',#6824,0.25);
#2557=CIRCLE('',#6826,0.75);
#2558=CIRCLE('',#6827,0.25);
#2559=CIRCLE('',#6828,0.749999999999993);
#2560=CIRCLE('',#6829,1.);
#2561=CIRCLE('',#6831,0.749999999999993);
#2562=CIRCLE('',#6832,0.75);
#2563=CIRCLE('',#6833,1.);
#2564=CIRCLE('',#6834,0.25);
#2565=CIRCLE('',#6837,1.);
#2566=CIRCLE('',#6839,1.);
#2567=CIRCLE('',#6841,1.);
#2568=CIRCLE('',#6845,3.50255313155436);
#2569=CIRCLE('',#6846,2.50255313155436);
#2570=CIRCLE('',#6847,2.50255313164487);
#2571=CIRCLE('',#6848,2.50255313155151);
#2572=CIRCLE('',#6849,2.50267615328062);
#2573=CIRCLE('',#6850,3.50267615328062);
#2574=CIRCLE('',#6851,3.50255313155151);
#2575=CIRCLE('',#6852,3.50255313164488);
#2576=CIRCLE('',#6854,1.);
#2577=CIRCLE('',#6861,1.);
#2578=CIRCLE('',#6862,1.);
#2579=CIRCLE('',#6865,2.50267615328063);
#2580=CIRCLE('',#6866,3.50267615328062);
#2581=CIRCLE('',#6871,2.50255313155151);
#2582=CIRCLE('',#6872,3.50255313155151);
#2583=CIRCLE('',#6879,3.50255313164488);
#2584=CIRCLE('',#6880,2.50255313164488);
#2585=CIRCLE('',#6887,3.50255313155436);
#2586=CIRCLE('',#6888,2.50255313155436);
#2587=CIRCLE('',#6893,1.);
#2588=CIRCLE('',#6896,1.);
#2589=CIRCLE('',#6904,1.50267615328063);
#2590=CIRCLE('',#6905,1.50255313155151);
#2591=CIRCLE('',#6906,1.50255313164487);
#2592=CIRCLE('',#6907,1.50255313155436);
#2593=CIRCLE('',#6912,2.50267615328062);
#2594=CIRCLE('',#6917,2.50255313155151);
#2595=CIRCLE('',#6922,2.50255313164487);
#2596=CIRCLE('',#6927,2.50255313155436);
#2597=CIRCLE('',#6946,1.50255313155436);
#2598=CIRCLE('',#6951,1.50255313164487);
#2599=CIRCLE('',#6956,1.50255313155151);
#2600=CIRCLE('',#6961,1.50267615328063);
#2601=CIRCLE('',#6967,0.500000000000009);
#2602=CIRCLE('',#6968,0.500000000000009);
#2603=CIRCLE('',#6975,0.5);
#2604=CIRCLE('',#6976,0.5);
#2605=CIRCLE('',#6982,0.499999999999995);
#2606=CIRCLE('',#6984,0.5);
#2607=CIRCLE('',#6985,0.5);
#2608=CIRCLE('',#6986,0.499999999999995);
#2609=CIRCLE('',#6991,0.5);
#2610=CIRCLE('',#6992,0.5);
#2611=CIRCLE('',#6996,0.5);
#2612=CIRCLE('',#6997,0.5);
#2613=CIRCLE('',#7000,0.5);
#2614=CIRCLE('',#7001,0.5);
#2615=CIRCLE('',#7018,0.25);
#2616=CIRCLE('',#7019,0.25);
#2617=CIRCLE('',#7022,0.25);
#2618=CIRCLE('',#7023,0.25);
#2619=CIRCLE('',#7026,0.25);
#2620=CIRCLE('',#7027,0.25);
#2621=CIRCLE('',#7030,0.25);
#2622=CIRCLE('',#7031,0.25);
#2623=CIRCLE('',#7035,0.0599993201538637);
#2624=CIRCLE('',#7036,0.0599993201538637);
#2625=CIRCLE('',#7039,0.0599993202038509);
#2626=CIRCLE('',#7040,0.0599993202038509);
#2627=CIRCLE('',#7043,0.059999320153846);
#2628=CIRCLE('',#7044,0.059999320153846);
#2629=CIRCLE('',#7047,0.0599993202038509);
#2630=CIRCLE('',#7048,0.0599993202038509);
#2631=CIRCLE('',#7050,1.);
#2632=CIRCLE('',#7051,1.);
#2633=CIRCLE('',#7053,2.);
#2634=CIRCLE('',#7056,2.);
#2635=CIRCLE('',#7062,1.);
#2636=CIRCLE('',#7063,1.);
#2637=CIRCLE('',#7065,2.);
#2638=CIRCLE('',#7068,2.);
#2639=CIRCLE('',#7104,2.50267615328063);
#2640=CIRCLE('',#7105,2.50255313155151);
#2641=CIRCLE('',#7106,2.50255313164488);
#2642=CIRCLE('',#7107,2.50255313155436);
#2643=CIRCLE('',#7127,2.00255313155436);
#2644=CIRCLE('',#7128,2.00255313164487);
#2645=CIRCLE('',#7129,2.00255313155152);
#2646=CIRCLE('',#7130,2.00267615328063);
#2647=CIRCLE('',#7134,2.00255313155436);
#2648=CIRCLE('',#7139,2.00255313164487);
#2649=CIRCLE('',#7144,2.00255313155152);
#2650=CIRCLE('',#7149,2.00267615328063);
#2651=CIRCLE('',#7154,1.);
#2652=CIRCLE('',#7155,1.);
#2653=CIRCLE('',#7157,1.);
#2654=CIRCLE('',#7159,1.);
#2655=CIRCLE('',#7166,3.50255313155436);
#2656=CIRCLE('',#7173,3.50255313164488);
#2657=CIRCLE('',#7180,3.50255313155151);
#2658=CIRCLE('',#7185,3.50267615328062);
#2659=CIRCLE('',#7190,3.50255313155436);
#2660=CIRCLE('',#7194,3.50255313164488);
#2661=CIRCLE('',#7199,3.50255313155151);
#2662=CIRCLE('',#7203,3.50267615328062);
#2663=VERTEX_POINT('',#8758);
#2664=VERTEX_POINT('',#8759);
#2665=VERTEX_POINT('',#8761);
#2666=VERTEX_POINT('',#8763);
#2667=VERTEX_POINT('',#8767);
#2668=VERTEX_POINT('',#8769);
#2669=VERTEX_POINT('',#8773);
#2670=VERTEX_POINT('',#8774);
#2671=VERTEX_POINT('',#8776);
#2672=VERTEX_POINT('',#8778);
#2673=VERTEX_POINT('',#8785);
#2674=VERTEX_POINT('',#8786);
#2675=VERTEX_POINT('',#8788);
#2676=VERTEX_POINT('',#8790);
#2677=VERTEX_POINT('',#8794);
#2678=VERTEX_POINT('',#8796);
#2679=VERTEX_POINT('',#8800);
#2680=VERTEX_POINT('',#8802);
#2681=VERTEX_POINT('',#8806);
#2682=VERTEX_POINT('',#8808);
#2683=VERTEX_POINT('',#8812);
#2684=VERTEX_POINT('',#8814);
#2685=VERTEX_POINT('',#8818);
#2686=VERTEX_POINT('',#8820);
#2687=VERTEX_POINT('',#8824);
#2688=VERTEX_POINT('',#8826);
#2689=VERTEX_POINT('',#8833);
#2690=VERTEX_POINT('',#8835);
#2691=VERTEX_POINT('',#8839);
#2692=VERTEX_POINT('',#8841);
#2693=VERTEX_POINT('',#8845);
#2694=VERTEX_POINT('',#8847);
#2695=VERTEX_POINT('',#8862);
#2696=VERTEX_POINT('',#8863);
#2697=VERTEX_POINT('',#8865);
#2698=VERTEX_POINT('',#8867);
#2699=VERTEX_POINT('',#8871);
#2700=VERTEX_POINT('',#8872);
#2701=VERTEX_POINT('',#8885);
#2702=VERTEX_POINT('',#8886);
#2703=VERTEX_POINT('',#8901);
#2704=VERTEX_POINT('',#8902);
#2705=VERTEX_POINT('',#8904);
#2706=VERTEX_POINT('',#8906);
#2707=VERTEX_POINT('',#8910);
#2708=VERTEX_POINT('',#8911);
#2709=VERTEX_POINT('',#8924);
#2710=VERTEX_POINT('',#8925);
#2711=VERTEX_POINT('',#8932);
#2712=VERTEX_POINT('',#8934);
#2713=VERTEX_POINT('',#8938);
#2714=VERTEX_POINT('',#8940);
#2715=VERTEX_POINT('',#8946);
#2716=VERTEX_POINT('',#8948);
#2717=VERTEX_POINT('',#8952);
#2718=VERTEX_POINT('',#8958);
#2719=VERTEX_POINT('',#8962);
#2720=VERTEX_POINT('',#8964);
#2721=VERTEX_POINT('',#8973);
#2722=VERTEX_POINT('',#8975);
#2723=VERTEX_POINT('',#8987);
#2724=VERTEX_POINT('',#8988);
#2725=VERTEX_POINT('',#8990);
#2726=VERTEX_POINT('',#8992);
#2727=VERTEX_POINT('',#8996);
#2728=VERTEX_POINT('',#8997);
#2729=VERTEX_POINT('',#9010);
#2730=VERTEX_POINT('',#9011);
#2731=VERTEX_POINT('',#9026);
#2732=VERTEX_POINT('',#9027);
#2733=VERTEX_POINT('',#9029);
#2734=VERTEX_POINT('',#9031);
#2735=VERTEX_POINT('',#9035);
#2736=VERTEX_POINT('',#9036);
#2737=VERTEX_POINT('',#9049);
#2738=VERTEX_POINT('',#9050);
#2739=VERTEX_POINT('',#9057);
#2740=VERTEX_POINT('',#9059);
#2741=VERTEX_POINT('',#9063);
#2742=VERTEX_POINT('',#9065);
#2743=VERTEX_POINT('',#9069);
#2744=VERTEX_POINT('',#9071);
#2745=VERTEX_POINT('',#9075);
#2746=VERTEX_POINT('',#9082);
#2747=VERTEX_POINT('',#9084);
#2748=VERTEX_POINT('',#9086);
#2749=VERTEX_POINT('',#9088);
#2750=VERTEX_POINT('',#9090);
#2751=VERTEX_POINT('',#9092);
#2752=VERTEX_POINT('',#9094);
#2753=VERTEX_POINT('',#9096);
#2754=VERTEX_POINT('',#9098);
#2755=VERTEX_POINT('',#9100);
#2756=VERTEX_POINT('',#9102);
#2757=VERTEX_POINT('',#9104);
#2758=VERTEX_POINT('',#9106);
#2759=VERTEX_POINT('',#9108);
#2760=VERTEX_POINT('',#9110);
#2761=VERTEX_POINT('',#9112);
#2762=VERTEX_POINT('',#9114);
#2763=VERTEX_POINT('',#9116);
#2764=VERTEX_POINT('',#9118);
#2765=VERTEX_POINT('',#9120);
#2766=VERTEX_POINT('',#9122);
#2767=VERTEX_POINT('',#9124);
#2768=VERTEX_POINT('',#9126);
#2769=VERTEX_POINT('',#9128);
#2770=VERTEX_POINT('',#9130);
#2771=VERTEX_POINT('',#9132);
#2772=VERTEX_POINT('',#9134);
#2773=VERTEX_POINT('',#9136);
#2774=VERTEX_POINT('',#9138);
#2775=VERTEX_POINT('',#9141);
#2776=VERTEX_POINT('',#9144);
#2777=VERTEX_POINT('',#9146);
#2778=VERTEX_POINT('',#9148);
#2779=VERTEX_POINT('',#9150);
#2780=VERTEX_POINT('',#9152);
#2781=VERTEX_POINT('',#9154);
#2782=VERTEX_POINT('',#9156);
#2783=VERTEX_POINT('',#9166);
#2784=VERTEX_POINT('',#9171);
#2785=VERTEX_POINT('',#9175);
#2786=VERTEX_POINT('',#9176);
#2787=VERTEX_POINT('',#9178);
#2788=VERTEX_POINT('',#9180);
#2789=VERTEX_POINT('',#9184);
#2790=VERTEX_POINT('',#9185);
#2791=VERTEX_POINT('',#9223);
#2792=VERTEX_POINT('',#9225);
#2793=VERTEX_POINT('',#9240);
#2794=VERTEX_POINT('',#9242);
#2795=VERTEX_POINT('',#9257);
#2796=VERTEX_POINT('',#9295);
#2797=VERTEX_POINT('',#9299);
#2798=VERTEX_POINT('',#9301);
#2799=VERTEX_POINT('',#9316);
#2800=VERTEX_POINT('',#9318);
#2801=VERTEX_POINT('',#9333);
#2802=VERTEX_POINT('',#9335);
#2803=VERTEX_POINT('',#9339);
#2804=VERTEX_POINT('',#9341);
#2805=VERTEX_POINT('',#9345);
#2806=VERTEX_POINT('',#9347);
#2807=VERTEX_POINT('',#9362);
#2808=VERTEX_POINT('',#9364);
#2809=VERTEX_POINT('',#9380);
#2810=VERTEX_POINT('',#9384);
#2811=VERTEX_POINT('',#9388);
#2812=VERTEX_POINT('',#9390);
#2813=VERTEX_POINT('',#9405);
#2814=VERTEX_POINT('',#9407);
#2815=VERTEX_POINT('',#9422);
#2816=VERTEX_POINT('',#9424);
#2817=VERTEX_POINT('',#9431);
#2818=VERTEX_POINT('',#9433);
#2819=VERTEX_POINT('',#9437);
#2820=VERTEX_POINT('',#9438);
#2821=VERTEX_POINT('',#9479);
#2822=VERTEX_POINT('',#9481);
#2823=VERTEX_POINT('',#9494);
#2824=VERTEX_POINT('',#9496);
#2825=VERTEX_POINT('',#9498);
#2826=VERTEX_POINT('',#9504);
#2827=VERTEX_POINT('',#9506);
#2828=VERTEX_POINT('',#9508);
#2829=VERTEX_POINT('',#9510);
#2830=VERTEX_POINT('',#9512);
#2831=VERTEX_POINT('',#9514);
#2832=VERTEX_POINT('',#9516);
#2833=VERTEX_POINT('',#9518);
#2834=VERTEX_POINT('',#9520);
#2835=VERTEX_POINT('',#9522);
#2836=VERTEX_POINT('',#9524);
#2837=VERTEX_POINT('',#9526);
#2838=VERTEX_POINT('',#9528);
#2839=VERTEX_POINT('',#9530);
#2840=VERTEX_POINT('',#9532);
#2841=VERTEX_POINT('',#9534);
#2842=VERTEX_POINT('',#9536);
#2843=VERTEX_POINT('',#9538);
#2844=VERTEX_POINT('',#9542);
#2845=VERTEX_POINT('',#9543);
#2846=VERTEX_POINT('',#9548);
#2847=VERTEX_POINT('',#9552);
#2848=VERTEX_POINT('',#9556);
#2849=VERTEX_POINT('',#9560);
#2850=VERTEX_POINT('',#9564);
#2851=VERTEX_POINT('',#9568);
#2852=VERTEX_POINT('',#9572);
#2853=VERTEX_POINT('',#9576);
#2854=VERTEX_POINT('',#9580);
#2855=VERTEX_POINT('',#9584);
#2856=VERTEX_POINT('',#9588);
#2857=VERTEX_POINT('',#9592);
#2858=VERTEX_POINT('',#9596);
#2859=VERTEX_POINT('',#9600);
#2860=VERTEX_POINT('',#9604);
#2861=VERTEX_POINT('',#9608);
#2862=VERTEX_POINT('',#9637);
#2863=VERTEX_POINT('',#9641);
#2864=VERTEX_POINT('',#9645);
#2865=VERTEX_POINT('',#9649);
#2866=VERTEX_POINT('',#9653);
#2867=VERTEX_POINT('',#9657);
#2868=VERTEX_POINT('',#9661);
#2869=VERTEX_POINT('',#9665);
#2870=VERTEX_POINT('',#9669);
#2871=VERTEX_POINT('',#9673);
#2872=VERTEX_POINT('',#9677);
#2873=VERTEX_POINT('',#9681);
#2874=VERTEX_POINT('',#9685);
#2875=VERTEX_POINT('',#9689);
#2876=VERTEX_POINT('',#9693);
#2877=VERTEX_POINT('',#9697);
#2878=VERTEX_POINT('',#9701);
#2879=VERTEX_POINT('',#9705);
#2880=VERTEX_POINT('',#9712);
#2881=VERTEX_POINT('',#9713);
#2882=VERTEX_POINT('',#9715);
#2883=VERTEX_POINT('',#9717);
#2884=VERTEX_POINT('',#9740);
#2885=VERTEX_POINT('',#9741);
#2886=VERTEX_POINT('',#9798);
#2887=VERTEX_POINT('',#9803);
#2888=VERTEX_POINT('',#9809);
#2889=VERTEX_POINT('',#9815);
#2890=VERTEX_POINT('',#9817);
#2891=VERTEX_POINT('',#9823);
#2892=VERTEX_POINT('',#9829);
#2893=VERTEX_POINT('',#9835);
#2894=VERTEX_POINT('',#9841);
#2895=VERTEX_POINT('',#9847);
#2896=VERTEX_POINT('',#9853);
#2897=VERTEX_POINT('',#9863);
#2898=VERTEX_POINT('',#9864);
#2899=VERTEX_POINT('',#9866);
#2900=VERTEX_POINT('',#9872);
#2901=VERTEX_POINT('',#9878);
#2902=VERTEX_POINT('',#9899);
#2903=VERTEX_POINT('',#9901);
#2904=VERTEX_POINT('',#9909);
#2905=VERTEX_POINT('',#9910);
#2906=VERTEX_POINT('',#9942);
#2907=VERTEX_POINT('',#9944);
#2908=VERTEX_POINT('',#9993);
#2909=VERTEX_POINT('',#9998);
#2910=VERTEX_POINT('',#10004);
#2911=VERTEX_POINT('',#10010);
#2912=VERTEX_POINT('',#10016);
#2913=VERTEX_POINT('',#10022);
#2914=VERTEX_POINT('',#10028);
#2915=VERTEX_POINT('',#10034);
#2916=VERTEX_POINT('',#10036);
#2917=VERTEX_POINT('',#10041);
#2918=VERTEX_POINT('',#10047);
#2919=VERTEX_POINT('',#10053);
#2920=VERTEX_POINT('',#10059);
#2921=VERTEX_POINT('',#10065);
#2922=VERTEX_POINT('',#10071);
#2923=VERTEX_POINT('',#10092);
#2924=VERTEX_POINT('',#10100);
#2925=VERTEX_POINT('',#10147);
#2926=VERTEX_POINT('',#10152);
#2927=VERTEX_POINT('',#10176);
#2928=VERTEX_POINT('',#10178);
#2929=VERTEX_POINT('',#10195);
#2930=VERTEX_POINT('',#10203);
#2931=VERTEX_POINT('',#10204);
#2932=VERTEX_POINT('',#10209);
#2933=VERTEX_POINT('',#10211);
#2934=VERTEX_POINT('',#10213);
#2935=VERTEX_POINT('',#10215);
#2936=VERTEX_POINT('',#10217);
#2937=VERTEX_POINT('',#10219);
#2938=VERTEX_POINT('',#10221);
#2939=VERTEX_POINT('',#10223);
#2940=VERTEX_POINT('',#10275);
#2941=VERTEX_POINT('',#10279);
#2942=VERTEX_POINT('',#10283);
#2943=VERTEX_POINT('',#10285);
#2944=VERTEX_POINT('',#10287);
#2945=VERTEX_POINT('',#10291);
#2946=VERTEX_POINT('',#10297);
#2947=VERTEX_POINT('',#10303);
#2948=VERTEX_POINT('',#10308);
#2949=VERTEX_POINT('',#10310);
#2950=VERTEX_POINT('',#10314);
#2951=VERTEX_POINT('',#10321);
#2952=VERTEX_POINT('',#10326);
#2953=VERTEX_POINT('',#10349);
#2954=VERTEX_POINT('',#10351);
#2955=VERTEX_POINT('',#10353);
#2956=VERTEX_POINT('',#10355);
#2957=VERTEX_POINT('',#10367);
#2958=VERTEX_POINT('',#10369);
#2959=VERTEX_POINT('',#10406);
#2960=VERTEX_POINT('',#10412);
#2961=VERTEX_POINT('',#10419);
#2962=VERTEX_POINT('',#10460);
#2963=VERTEX_POINT('',#10482);
#2964=VERTEX_POINT('',#10499);
#2965=VERTEX_POINT('',#10501);
#2966=VERTEX_POINT('',#10509);
#2967=VERTEX_POINT('',#10510);
#2968=VERTEX_POINT('',#10512);
#2969=VERTEX_POINT('',#10514);
#2970=VERTEX_POINT('',#10518);
#2971=VERTEX_POINT('',#10520);
#2972=VERTEX_POINT('',#10524);
#2973=VERTEX_POINT('',#10526);
#2974=VERTEX_POINT('',#10532);
#2975=VERTEX_POINT('',#10538);
#2976=VERTEX_POINT('',#10544);
#2977=VERTEX_POINT('',#10550);
#2978=VERTEX_POINT('',#10556);
#2979=VERTEX_POINT('',#10562);
#2980=VERTEX_POINT('',#10568);
#2981=VERTEX_POINT('',#10574);
#2982=VERTEX_POINT('',#10576);
#2983=VERTEX_POINT('',#10578);
#2984=VERTEX_POINT('',#10580);
#2985=VERTEX_POINT('',#10582);
#2986=VERTEX_POINT('',#10584);
#2987=VERTEX_POINT('',#10590);
#2988=VERTEX_POINT('',#10596);
#2989=VERTEX_POINT('',#10602);
#2990=VERTEX_POINT('',#10608);
#2991=VERTEX_POINT('',#10614);
#2992=VERTEX_POINT('',#10620);
#2993=VERTEX_POINT('',#10622);
#2994=VERTEX_POINT('',#10624);
#2995=VERTEX_POINT('',#10626);
#2996=VERTEX_POINT('',#10632);
#2997=VERTEX_POINT('',#10638);
#2998=VERTEX_POINT('',#10644);
#2999=VERTEX_POINT('',#10656);
#3000=VERTEX_POINT('',#10658);
#3001=VERTEX_POINT('',#10662);
#3002=VERTEX_POINT('',#10666);
#3003=VERTEX_POINT('',#10668);
#3004=VERTEX_POINT('',#10672);
#3005=VERTEX_POINT('',#10685);
#3006=VERTEX_POINT('',#10702);
#3007=VERTEX_POINT('',#10719);
#3008=VERTEX_POINT('',#10736);
#3009=VERTEX_POINT('',#10753);
#3010=VERTEX_POINT('',#10770);
#3011=VERTEX_POINT('',#10817);
#3012=VERTEX_POINT('',#10834);
#3013=VERTEX_POINT('',#10851);
#3014=VERTEX_POINT('',#10868);
#3015=VERTEX_POINT('',#10900);
#3016=VERTEX_POINT('',#10901);
#3017=VERTEX_POINT('',#10919);
#3018=VERTEX_POINT('',#10936);
#3019=VERTEX_POINT('',#10953);
#3020=VERTEX_POINT('',#10972);
#3021=VERTEX_POINT('',#10989);
#3022=VERTEX_POINT('',#11006);
#3023=VERTEX_POINT('',#11023);
#3024=VERTEX_POINT('',#11040);
#3025=VERTEX_POINT('',#11057);
#3026=VERTEX_POINT('',#11074);
#3027=VERTEX_POINT('',#11091);
#3028=VERTEX_POINT('',#11099);
#3029=VERTEX_POINT('',#11112);
#3030=VERTEX_POINT('',#11151);
#3031=VERTEX_POINT('',#11166);
#3032=VERTEX_POINT('',#11183);
#3033=VERTEX_POINT('',#11215);
#3034=VERTEX_POINT('',#11232);
#3035=VERTEX_POINT('',#11249);
#3036=VERTEX_POINT('',#11266);
#3037=VERTEX_POINT('',#11274);
#3038=VERTEX_POINT('',#11289);
#3039=VERTEX_POINT('',#11290);
#3040=VERTEX_POINT('',#11296);
#3041=VERTEX_POINT('',#11298);
#3042=VERTEX_POINT('',#11315);
#3043=VERTEX_POINT('',#11321);
#3044=VERTEX_POINT('',#11338);
#3045=VERTEX_POINT('',#11344);
#3046=VERTEX_POINT('',#11361);
#3047=VERTEX_POINT('',#11367);
#3048=VERTEX_POINT('',#11384);
#3049=VERTEX_POINT('',#11390);
#3050=VERTEX_POINT('',#11407);
#3051=VERTEX_POINT('',#11413);
#3052=VERTEX_POINT('',#11430);
#3053=VERTEX_POINT('',#11436);
#3054=VERTEX_POINT('',#11473);
#3055=VERTEX_POINT('',#11474);
#3056=VERTEX_POINT('',#11480);
#3057=VERTEX_POINT('',#11482);
#3058=VERTEX_POINT('',#11499);
#3059=VERTEX_POINT('',#11505);
#3060=VERTEX_POINT('',#11522);
#3061=VERTEX_POINT('',#11528);
#3062=VERTEX_POINT('',#11545);
#3063=VERTEX_POINT('',#11551);
#3064=VERTEX_POINT('',#11568);
#3065=VERTEX_POINT('',#11574);
#3066=VERTEX_POINT('',#11591);
#3067=VERTEX_POINT('',#11597);
#3068=VERTEX_POINT('',#11614);
#3069=VERTEX_POINT('',#11620);
#3070=VERTEX_POINT('',#11637);
#3071=VERTEX_POINT('',#11643);
#3072=VERTEX_POINT('',#11660);
#3073=VERTEX_POINT('',#11666);
#3074=VERTEX_POINT('',#11696);
#3075=VERTEX_POINT('',#11697);
#3076=VERTEX_POINT('',#11702);
#3077=VERTEX_POINT('',#11715);
#3078=VERTEX_POINT('',#11732);
#3079=VERTEX_POINT('',#11749);
#3080=VERTEX_POINT('',#11766);
#3081=VERTEX_POINT('',#11783);
#3082=VERTEX_POINT('',#11800);
#3083=VERTEX_POINT('',#11817);
#3084=VERTEX_POINT('',#11834);
#3085=VERTEX_POINT('',#11853);
#3086=VERTEX_POINT('',#11870);
#3087=VERTEX_POINT('',#11887);
#3088=VERTEX_POINT('',#11904);
#3089=VERTEX_POINT('',#11921);
#3090=VERTEX_POINT('',#11940);
#3091=VERTEX_POINT('',#11957);
#3092=VERTEX_POINT('',#11974);
#3093=VERTEX_POINT('',#11991);
#3094=VERTEX_POINT('',#12008);
#3095=VERTEX_POINT('',#12033);
#3096=VERTEX_POINT('',#12034);
#3097=VERTEX_POINT('',#12036);
#3098=VERTEX_POINT('',#12038);
#3099=VERTEX_POINT('',#12042);
#3100=VERTEX_POINT('',#12044);
#3101=VERTEX_POINT('',#12048);
#3102=VERTEX_POINT('',#12049);
#3103=VERTEX_POINT('',#12051);
#3104=VERTEX_POINT('',#12053);
#3105=VERTEX_POINT('',#12060);
#3106=VERTEX_POINT('',#12061);
#3107=VERTEX_POINT('',#12063);
#3108=VERTEX_POINT('',#12065);
#3109=VERTEX_POINT('',#12069);
#3110=VERTEX_POINT('',#12071);
#3111=VERTEX_POINT('',#12075);
#3112=VERTEX_POINT('',#12077);
#3113=VERTEX_POINT('',#12081);
#3114=VERTEX_POINT('',#12083);
#3115=VERTEX_POINT('',#12087);
#3116=VERTEX_POINT('',#12089);
#3117=VERTEX_POINT('',#12093);
#3118=VERTEX_POINT('',#12095);
#3119=VERTEX_POINT('',#12099);
#3120=VERTEX_POINT('',#12101);
#3121=VERTEX_POINT('',#12108);
#3122=VERTEX_POINT('',#12110);
#3123=VERTEX_POINT('',#12114);
#3124=VERTEX_POINT('',#12116);
#3125=VERTEX_POINT('',#12120);
#3126=VERTEX_POINT('',#12122);
#3127=VERTEX_POINT('',#12129);
#3128=VERTEX_POINT('',#12130);
#3129=VERTEX_POINT('',#12132);
#3130=VERTEX_POINT('',#12134);
#3131=VERTEX_POINT('',#12138);
#3132=VERTEX_POINT('',#12140);
#3133=VERTEX_POINT('',#12142);
#3134=VERTEX_POINT('',#12146);
#3135=VERTEX_POINT('',#12150);
#3136=VERTEX_POINT('',#12154);
#3137=VERTEX_POINT('',#12160);
#3138=VERTEX_POINT('',#12162);
#3139=VERTEX_POINT('',#12166);
#3140=VERTEX_POINT('',#12168);
#3141=VERTEX_POINT('',#12172);
#3142=VERTEX_POINT('',#12173);
#3143=VERTEX_POINT('',#12175);
#3144=VERTEX_POINT('',#12177);
#3145=VERTEX_POINT('',#12181);
#3146=VERTEX_POINT('',#12183);
#3147=VERTEX_POINT('',#12185);
#3148=VERTEX_POINT('',#12189);
#3149=VERTEX_POINT('',#12193);
#3150=VERTEX_POINT('',#12195);
#3151=VERTEX_POINT('',#12203);
#3152=VERTEX_POINT('',#12205);
#3153=VERTEX_POINT('',#12209);
#3154=VERTEX_POINT('',#12211);
#3155=VERTEX_POINT('',#12215);
#3156=VERTEX_POINT('',#12216);
#3157=VERTEX_POINT('',#12218);
#3158=VERTEX_POINT('',#12220);
#3159=VERTEX_POINT('',#12224);
#3160=VERTEX_POINT('',#12226);
#3161=VERTEX_POINT('',#12230);
#3162=VERTEX_POINT('',#12232);
#3163=VERTEX_POINT('',#12236);
#3164=VERTEX_POINT('',#12237);
#3165=VERTEX_POINT('',#12239);
#3166=VERTEX_POINT('',#12241);
#3167=VERTEX_POINT('',#12245);
#3168=VERTEX_POINT('',#12247);
#3169=VERTEX_POINT('',#12251);
#3170=VERTEX_POINT('',#12253);
#3171=VERTEX_POINT('',#12257);
#3172=VERTEX_POINT('',#12259);
#3173=VERTEX_POINT('',#12266);
#3174=VERTEX_POINT('',#12268);
#3175=VERTEX_POINT('',#12272);
#3176=VERTEX_POINT('',#12274);
#3177=VERTEX_POINT('',#12278);
#3178=VERTEX_POINT('',#12280);
#3179=VERTEX_POINT('',#12287);
#3180=VERTEX_POINT('',#12289);
#3181=VERTEX_POINT('',#12293);
#3182=VERTEX_POINT('',#12297);
#3183=VERTEX_POINT('',#12301);
#3184=VERTEX_POINT('',#12305);
#3185=VERTEX_POINT('',#12309);
#3186=VERTEX_POINT('',#12313);
#3187=VERTEX_POINT('',#12314);
#3188=VERTEX_POINT('',#12316);
#3189=VERTEX_POINT('',#12318);
#3190=VERTEX_POINT('',#12320);
#3191=VERTEX_POINT('',#12322);
#3192=VERTEX_POINT('',#12324);
#3193=VERTEX_POINT('',#12326);
#3194=VERTEX_POINT('',#12328);
#3195=VERTEX_POINT('',#12330);
#3196=VERTEX_POINT('',#12332);
#3197=VERTEX_POINT('',#12334);
#3198=VERTEX_POINT('',#12336);
#3199=VERTEX_POINT('',#12338);
#3200=VERTEX_POINT('',#12340);
#3201=VERTEX_POINT('',#12342);
#3202=VERTEX_POINT('',#12344);
#3203=VERTEX_POINT('',#12346);
#3204=VERTEX_POINT('',#12348);
#3205=VERTEX_POINT('',#12350);
#3206=VERTEX_POINT('',#12352);
#3207=VERTEX_POINT('',#12355);
#3208=VERTEX_POINT('',#12356);
#3209=VERTEX_POINT('',#12358);
#3210=VERTEX_POINT('',#12360);
#3211=VERTEX_POINT('',#12364);
#3212=VERTEX_POINT('',#12366);
#3213=VERTEX_POINT('',#12370);
#3214=VERTEX_POINT('',#12371);
#3215=VERTEX_POINT('',#12380);
#3216=VERTEX_POINT('',#12382);
#3217=VERTEX_POINT('',#12386);
#3218=VERTEX_POINT('',#12390);
#3219=VERTEX_POINT('',#12396);
#3220=VERTEX_POINT('',#12400);
#3221=VERTEX_POINT('',#12404);
#3222=VERTEX_POINT('',#12408);
#3223=VERTEX_POINT('',#12412);
#3224=VERTEX_POINT('',#12418);
#3225=VERTEX_POINT('',#12419);
#3226=VERTEX_POINT('',#12421);
#3227=VERTEX_POINT('',#12423);
#3228=VERTEX_POINT('',#12425);
#3229=VERTEX_POINT('',#12427);
#3230=VERTEX_POINT('',#12429);
#3231=VERTEX_POINT('',#12431);
#3232=VERTEX_POINT('',#12433);
#3233=VERTEX_POINT('',#12435);
#3234=VERTEX_POINT('',#12437);
#3235=VERTEX_POINT('',#12439);
#3236=VERTEX_POINT('',#12441);
#3237=VERTEX_POINT('',#12443);
#3238=VERTEX_POINT('',#12445);
#3239=VERTEX_POINT('',#12447);
#3240=VERTEX_POINT('',#12449);
#3241=VERTEX_POINT('',#12451);
#3242=VERTEX_POINT('',#12453);
#3243=VERTEX_POINT('',#12455);
#3244=VERTEX_POINT('',#12457);
#3245=VERTEX_POINT('',#12461);
#3246=VERTEX_POINT('',#12462);
#3247=VERTEX_POINT('',#12467);
#3248=VERTEX_POINT('',#12471);
#3249=VERTEX_POINT('',#12475);
#3250=VERTEX_POINT('',#12479);
#3251=VERTEX_POINT('',#12483);
#3252=VERTEX_POINT('',#12487);
#3253=VERTEX_POINT('',#12491);
#3254=VERTEX_POINT('',#12495);
#3255=VERTEX_POINT('',#12499);
#3256=VERTEX_POINT('',#12503);
#3257=VERTEX_POINT('',#12507);
#3258=VERTEX_POINT('',#12511);
#3259=VERTEX_POINT('',#12515);
#3260=VERTEX_POINT('',#12519);
#3261=VERTEX_POINT('',#12523);
#3262=VERTEX_POINT('',#12527);
#3263=VERTEX_POINT('',#12531);
#3264=VERTEX_POINT('',#12536);
#3265=VERTEX_POINT('',#12538);
#3266=VERTEX_POINT('',#12544);
#3267=VERTEX_POINT('',#12582);
#3268=VERTEX_POINT('',#12586);
#3269=VERTEX_POINT('',#12626);
#3270=VERTEX_POINT('',#12678);
#3271=VERTEX_POINT('',#12682);
#3272=VERTEX_POINT('',#12697);
#3273=VERTEX_POINT('',#12717);
#3274=VERTEX_POINT('',#12732);
#3275=VERTEX_POINT('',#12747);
#3276=VERTEX_POINT('',#12751);
#3277=VERTEX_POINT('',#12755);
#3278=VERTEX_POINT('',#12770);
#3279=VERTEX_POINT('',#12789);
#3280=VERTEX_POINT('',#12806);
#3281=VERTEX_POINT('',#12810);
#3282=VERTEX_POINT('',#12814);
#3283=VERTEX_POINT('',#12820);
#3284=VERTEX_POINT('',#12824);
#3285=VERTEX_POINT('',#12828);
#3286=VERTEX_POINT('',#12832);
#3287=VERTEX_POINT('',#12836);
#3288=VERTEX_POINT('',#12840);
#3289=VERTEX_POINT('',#12846);
#3290=VERTEX_POINT('',#12850);
#3291=VERTEX_POINT('',#12854);
#3292=VERTEX_POINT('',#12858);
#3293=VERTEX_POINT('',#12862);
#3294=EDGE_CURVE('',#2663,#2664,#2513,.T.);
#3295=EDGE_CURVE('',#2664,#2665,#1275,.T.);
#3296=EDGE_CURVE('',#2665,#2666,#2514,.T.);
#3297=EDGE_CURVE('',#2666,#2663,#1276,.T.);
#3298=EDGE_CURVE('',#2667,#2664,#1277,.T.);
#3299=EDGE_CURVE('',#2667,#2668,#1278,.T.);
#3300=EDGE_CURVE('',#2665,#2668,#1279,.T.);
#3301=EDGE_CURVE('',#2669,#2670,#2515,.T.);
#3302=EDGE_CURVE('',#2670,#2671,#1280,.T.);
#3303=EDGE_CURVE('',#2671,#2672,#2516,.T.);
#3304=EDGE_CURVE('',#2672,#2669,#1281,.T.);
#3305=EDGE_CURVE('',#2671,#2666,#1282,.T.);
#3306=EDGE_CURVE('',#2663,#2670,#1283,.T.);
#3307=EDGE_CURVE('',#2673,#2674,#2517,.T.);
#3308=EDGE_CURVE('',#2674,#2675,#1284,.T.);
#3309=EDGE_CURVE('',#2675,#2676,#2518,.T.);
#3310=EDGE_CURVE('',#2676,#2673,#1285,.T.);
#3311=EDGE_CURVE('',#2677,#2674,#1286,.T.);
#3312=EDGE_CURVE('',#2678,#2677,#1287,.T.);
#3313=EDGE_CURVE('',#2675,#2678,#1288,.T.);
#3314=EDGE_CURVE('',#2677,#2679,#2519,.T.);
#3315=EDGE_CURVE('',#2679,#2680,#1289,.T.);
#3316=EDGE_CURVE('',#2680,#2678,#2520,.T.);
#3317=EDGE_CURVE('',#2681,#2679,#1290,.T.);
#3318=EDGE_CURVE('',#2681,#2682,#1291,.T.);
#3319=EDGE_CURVE('',#2680,#2682,#1292,.T.);
#3320=EDGE_CURVE('',#2683,#2676,#1293,.T.);
#3321=EDGE_CURVE('',#2684,#2683,#1294,.T.);
#3322=EDGE_CURVE('',#2673,#2684,#1295,.T.);
#3323=EDGE_CURVE('',#2682,#2685,#2521,.T.);
#3324=EDGE_CURVE('',#2686,#2681,#2522,.T.);
#3325=EDGE_CURVE('',#2686,#2685,#1296,.T.);
#3326=EDGE_CURVE('',#2685,#2687,#1297,.T.);
#3327=EDGE_CURVE('',#2688,#2686,#1298,.T.);
#3328=EDGE_CURVE('',#2688,#2687,#1299,.T.);
#3329=EDGE_CURVE('',#2687,#2683,#2523,.T.);
#3330=EDGE_CURVE('',#2684,#2688,#2524,.T.);
#3331=EDGE_CURVE('',#2689,#2672,#1300,.T.);
#3332=EDGE_CURVE('',#2690,#2689,#1301,.T.);
#3333=EDGE_CURVE('',#2669,#2690,#1302,.T.);
#3334=EDGE_CURVE('',#2668,#2691,#2525,.T.);
#3335=EDGE_CURVE('',#2692,#2667,#2526,.T.);
#3336=EDGE_CURVE('',#2692,#2691,#1303,.T.);
#3337=EDGE_CURVE('',#2691,#2693,#1304,.T.);
#3338=EDGE_CURVE('',#2694,#2692,#1305,.T.);
#3339=EDGE_CURVE('',#2694,#2693,#1306,.T.);
#3340=EDGE_CURVE('',#2693,#2689,#2527,.T.);
#3341=EDGE_CURVE('',#2690,#2694,#2528,.T.);
#3342=EDGE_CURVE('',#2695,#2696,#2529,.T.);
#3343=EDGE_CURVE('',#2695,#2697,#2530,.T.);
#3344=EDGE_CURVE('',#2697,#2698,#2531,.T.);
#3345=EDGE_CURVE('',#2698,#2696,#2532,.T.);
#3346=EDGE_CURVE('',#2699,#2700,#2533,.T.);
#3347=EDGE_CURVE('',#2700,#2698,#1307,.T.);
#3348=EDGE_CURVE('',#2697,#2699,#1308,.T.);
#3349=EDGE_CURVE('',#2701,#2702,#2534,.T.);
#3350=EDGE_CURVE('',#2701,#2700,#2535,.T.);
#3351=EDGE_CURVE('',#2699,#2702,#2536,.T.);
#3352=EDGE_CURVE('',#2702,#2695,#1309,.T.);
#3353=EDGE_CURVE('',#2703,#2704,#2537,.F.);
#3354=EDGE_CURVE('',#2704,#2705,#2538,.T.);
#3355=EDGE_CURVE('',#2705,#2706,#2539,.T.);
#3356=EDGE_CURVE('',#2706,#2703,#2540,.T.);
#3357=EDGE_CURVE('',#2707,#2708,#2541,.T.);
#3358=EDGE_CURVE('',#2708,#2706,#1310,.T.);
#3359=EDGE_CURVE('',#2705,#2707,#1311,.T.);
#3360=EDGE_CURVE('',#2709,#2710,#2542,.F.);
#3361=EDGE_CURVE('',#2710,#2708,#2543,.T.);
#3362=EDGE_CURVE('',#2707,#2709,#2544,.T.);
#3363=EDGE_CURVE('',#2709,#2704,#1312,.T.);
#3364=EDGE_CURVE('',#2698,#2711,#1313,.T.);
#3365=EDGE_CURVE('',#2711,#2712,#2545,.T.);
#3366=EDGE_CURVE('',#2696,#2712,#1314,.T.);
#3367=EDGE_CURVE('',#2713,#2711,#1315,.T.);
#3368=EDGE_CURVE('',#2714,#2713,#2546,.T.);
#3369=EDGE_CURVE('',#2712,#2714,#1316,.T.);
#3370=EDGE_CURVE('',#2713,#2700,#1317,.T.);
#3371=EDGE_CURVE('',#2715,#2710,#1318,.T.);
#3372=EDGE_CURVE('',#2715,#2716,#2547,.T.);
#3373=EDGE_CURVE('',#2716,#2708,#1319,.T.);
#3374=EDGE_CURVE('',#2716,#2717,#1320,.T.);
#3375=EDGE_CURVE('',#2706,#2717,#1321,.T.);
#3376=EDGE_CURVE('',#2701,#2714,#1322,.T.);
#3377=EDGE_CURVE('',#2717,#2718,#2548,.T.);
#3378=EDGE_CURVE('',#2718,#2703,#1323,.T.);
#3379=EDGE_CURVE('',#2719,#2696,#1324,.T.);
#3380=EDGE_CURVE('',#2719,#2720,#1325,.T.);
#3381=EDGE_CURVE('',#2701,#2720,#1326,.T.);
#3382=EDGE_CURVE('',#2718,#2714,#1327,.T.);
#3383=EDGE_CURVE('',#2718,#2715,#1328,.T.);
#3384=EDGE_CURVE('',#2712,#2715,#1329,.T.);
#3385=EDGE_CURVE('',#2721,#2703,#1330,.T.);
#3386=EDGE_CURVE('',#2722,#2721,#1331,.T.);
#3387=EDGE_CURVE('',#2710,#2722,#1332,.T.);
#3388=EDGE_CURVE('',#2723,#2724,#2549,.T.);
#3389=EDGE_CURVE('',#2723,#2725,#2550,.T.);
#3390=EDGE_CURVE('',#2725,#2726,#2551,.T.);
#3391=EDGE_CURVE('',#2726,#2724,#2552,.T.);
#3392=EDGE_CURVE('',#2727,#2728,#2553,.T.);
#3393=EDGE_CURVE('',#2728,#2726,#1333,.T.);
#3394=EDGE_CURVE('',#2725,#2727,#1334,.T.);
#3395=EDGE_CURVE('',#2729,#2730,#2554,.T.);
#3396=EDGE_CURVE('',#2729,#2728,#2555,.T.);
#3397=EDGE_CURVE('',#2727,#2730,#2556,.T.);
#3398=EDGE_CURVE('',#2730,#2723,#1335,.T.);
#3399=EDGE_CURVE('',#2731,#2732,#2557,.F.);
#3400=EDGE_CURVE('',#2732,#2733,#2558,.T.);
#3401=EDGE_CURVE('',#2733,#2734,#2559,.T.);
#3402=EDGE_CURVE('',#2734,#2731,#2560,.T.);
#3403=EDGE_CURVE('',#2735,#2736,#2561,.T.);
#3404=EDGE_CURVE('',#2736,#2734,#1336,.T.);
#3405=EDGE_CURVE('',#2733,#2735,#1337,.T.);
#3406=EDGE_CURVE('',#2737,#2738,#2562,.F.);
#3407=EDGE_CURVE('',#2738,#2736,#2563,.T.);
#3408=EDGE_CURVE('',#2735,#2737,#2564,.T.);
#3409=EDGE_CURVE('',#2737,#2732,#1338,.T.);
#3410=EDGE_CURVE('',#2726,#2739,#1339,.T.);
#3411=EDGE_CURVE('',#2739,#2740,#2565,.T.);
#3412=EDGE_CURVE('',#2724,#2740,#1340,.T.);
#3413=EDGE_CURVE('',#2741,#2739,#1341,.T.);
#3414=EDGE_CURVE('',#2742,#2741,#2566,.T.);
#3415=EDGE_CURVE('',#2740,#2742,#1342,.T.);
#3416=EDGE_CURVE('',#2743,#2738,#1343,.T.);
#3417=EDGE_CURVE('',#2743,#2744,#2567,.T.);
#3418=EDGE_CURVE('',#2744,#2736,#1344,.T.);
#3419=EDGE_CURVE('',#2744,#2745,#1345,.T.);
#3420=EDGE_CURVE('',#2734,#2745,#1346,.T.);
#3421=EDGE_CURVE('',#2729,#2742,#1347,.T.);
#3422=EDGE_CURVE('',#2741,#2728,#1348,.T.);
#3423=EDGE_CURVE('',#2720,#2746,#1349,.T.);
#3424=EDGE_CURVE('',#2746,#2747,#2568,.T.);
#3425=EDGE_CURVE('',#2747,#2748,#1350,.T.);
#3426=EDGE_CURVE('',#2748,#2749,#1351,.T.);
#3427=EDGE_CURVE('',#2749,#2750,#1352,.T.);
#3428=EDGE_CURVE('',#2750,#2751,#1353,.T.);
#3429=EDGE_CURVE('',#2751,#2752,#1354,.T.);
#3430=EDGE_CURVE('',#2752,#2753,#2569,.T.);
#3431=EDGE_CURVE('',#2753,#2754,#1355,.T.);
#3432=EDGE_CURVE('',#2754,#2755,#1356,.T.);
#3433=EDGE_CURVE('',#2755,#2756,#1357,.T.);
#3434=EDGE_CURVE('',#2756,#2757,#2570,.T.);
#3435=EDGE_CURVE('',#2757,#2758,#1358,.T.);
#3436=EDGE_CURVE('',#2758,#2759,#1359,.T.);
#3437=EDGE_CURVE('',#2759,#2760,#1360,.T.);
#3438=EDGE_CURVE('',#2760,#2761,#2571,.T.);
#3439=EDGE_CURVE('',#2761,#2762,#1361,.T.);
#3440=EDGE_CURVE('',#2762,#2763,#1362,.T.);
#3441=EDGE_CURVE('',#2763,#2764,#1363,.T.);
#3442=EDGE_CURVE('',#2764,#2765,#2572,.T.);
#3443=EDGE_CURVE('',#2765,#2766,#1364,.T.);
#3444=EDGE_CURVE('',#2766,#2767,#1365,.T.);
#3445=EDGE_CURVE('',#2767,#2768,#1366,.T.);
#3446=EDGE_CURVE('',#2768,#2769,#1367,.T.);
#3447=EDGE_CURVE('',#2769,#2770,#1368,.T.);
#3448=EDGE_CURVE('',#2770,#2771,#1369,.T.);
#3449=EDGE_CURVE('',#2771,#2772,#1370,.T.);
#3450=EDGE_CURVE('',#2772,#2773,#2573,.T.);
#3451=EDGE_CURVE('',#2773,#2774,#1371,.T.);
#3452=EDGE_CURVE('',#2774,#2731,#1372,.T.);
#3453=EDGE_CURVE('',#2775,#2731,#1373,.T.);
#3454=EDGE_CURVE('',#2775,#2742,#1374,.T.);
#3455=EDGE_CURVE('',#2729,#2776,#1375,.T.);
#3456=EDGE_CURVE('',#2776,#2777,#1376,.T.);
#3457=EDGE_CURVE('',#2777,#2778,#2574,.T.);
#3458=EDGE_CURVE('',#2778,#2779,#1377,.T.);
#3459=EDGE_CURVE('',#2779,#2780,#1378,.T.);
#3460=EDGE_CURVE('',#2780,#2781,#1379,.T.);
#3461=EDGE_CURVE('',#2781,#2782,#2575,.T.);
#3462=EDGE_CURVE('',#2782,#2721,#1380,.T.);
#3463=EDGE_CURVE('',#2745,#2775,#2576,.T.);
#3464=EDGE_CURVE('',#2775,#2743,#1381,.T.);
#3465=EDGE_CURVE('',#2740,#2743,#1382,.T.);
#3466=EDGE_CURVE('',#2783,#2724,#1383,.T.);
#3467=EDGE_CURVE('',#2783,#2776,#1384,.T.);
#3468=EDGE_CURVE('',#2784,#2774,#1385,.T.);
#3469=EDGE_CURVE('',#2738,#2784,#1386,.T.);
#3470=EDGE_CURVE('',#2785,#2786,#2577,.T.);
#3471=EDGE_CURVE('',#2785,#2787,#1387,.T.);
#3472=EDGE_CURVE('',#2787,#2788,#2578,.F.);
#3473=EDGE_CURVE('',#2786,#2788,#1388,.T.);
#3474=EDGE_CURVE('',#2789,#2790,#156,.T.);
#3475=EDGE_CURVE('',#2790,#2791,#1389,.T.);
#3476=EDGE_CURVE('',#2791,#2792,#157,.T.);
#3477=EDGE_CURVE('',#2792,#2789,#1390,.T.);
#3478=EDGE_CURVE('',#2791,#2793,#2579,.T.);
#3479=EDGE_CURVE('',#2793,#2794,#158,.T.);
#3480=EDGE_CURVE('',#2794,#2792,#2580,.T.);
#3481=EDGE_CURVE('',#2784,#2795,#159,.T.);
#3482=EDGE_CURVE('',#2795,#2796,#1391,.T.);
#3483=EDGE_CURVE('',#2796,#2783,#118,.T.);
#3484=EDGE_CURVE('',#2796,#2797,#1392,.T.);
#3485=EDGE_CURVE('',#2797,#2798,#160,.T.);
#3486=EDGE_CURVE('',#2798,#2783,#1393,.T.);
#3487=EDGE_CURVE('',#2797,#2799,#2581,.T.);
#3488=EDGE_CURVE('',#2799,#2800,#161,.T.);
#3489=EDGE_CURVE('',#2800,#2798,#2582,.T.);
#3490=EDGE_CURVE('',#2799,#2801,#1394,.T.);
#3491=EDGE_CURVE('',#2801,#2802,#119,.T.);
#3492=EDGE_CURVE('',#2802,#2800,#1395,.T.);
#3493=EDGE_CURVE('',#2801,#2803,#1396,.T.);
#3494=EDGE_CURVE('',#2803,#2804,#120,.T.);
#3495=EDGE_CURVE('',#2804,#2802,#1397,.T.);
#3496=EDGE_CURVE('',#2803,#2805,#1398,.T.);
#3497=EDGE_CURVE('',#2805,#2806,#162,.T.);
#3498=EDGE_CURVE('',#2806,#2804,#1399,.T.);
#3499=EDGE_CURVE('',#2807,#2806,#2583,.T.);
#3500=EDGE_CURVE('',#2805,#2808,#2584,.T.);
#3501=EDGE_CURVE('',#2808,#2807,#163,.T.);
#3502=EDGE_CURVE('',#2722,#2807,#1400,.T.);
#3503=EDGE_CURVE('',#2808,#2809,#1401,.T.);
#3504=EDGE_CURVE('',#2809,#2722,#121,.T.);
#3505=EDGE_CURVE('',#2809,#2810,#1402,.T.);
#3506=EDGE_CURVE('',#2810,#2719,#122,.T.);
#3507=EDGE_CURVE('',#2811,#2719,#1403,.T.);
#3508=EDGE_CURVE('',#2810,#2812,#1404,.T.);
#3509=EDGE_CURVE('',#2812,#2811,#164,.T.);
#3510=EDGE_CURVE('',#2813,#2811,#2585,.T.);
#3511=EDGE_CURVE('',#2812,#2814,#2586,.T.);
#3512=EDGE_CURVE('',#2814,#2813,#165,.T.);
#3513=EDGE_CURVE('',#2815,#2813,#1405,.T.);
#3514=EDGE_CURVE('',#2814,#2816,#1406,.T.);
#3515=EDGE_CURVE('',#2816,#2815,#123,.T.);
#3516=EDGE_CURVE('',#2793,#2795,#1407,.T.);
#3517=EDGE_CURVE('',#2784,#2794,#1408,.T.);
#3518=EDGE_CURVE('',#2816,#2817,#1409,.T.);
#3519=EDGE_CURVE('',#2817,#2818,#2587,.T.);
#3520=EDGE_CURVE('',#2818,#2815,#1410,.T.);
#3521=EDGE_CURVE('',#2819,#2820,#166,.T.);
#3522=EDGE_CURVE('',#2820,#2790,#1411,.T.);
#3523=EDGE_CURVE('',#2789,#2819,#1412,.T.);
#3524=EDGE_CURVE('',#2819,#2821,#1413,.T.);
#3525=EDGE_CURVE('',#2821,#2822,#2588,.T.);
#3526=EDGE_CURVE('',#2822,#2820,#1414,.T.);
#3527=EDGE_CURVE('',#2811,#2746,#1415,.T.);
#3528=EDGE_CURVE('',#2813,#2747,#1416,.T.);
#3529=EDGE_CURVE('',#2815,#2748,#1417,.T.);
#3530=EDGE_CURVE('',#2818,#2749,#1418,.T.);
#3531=EDGE_CURVE('',#2788,#2817,#1419,.T.);
#3532=EDGE_CURVE('',#2787,#2823,#1420,.T.);
#3533=EDGE_CURVE('',#2824,#2823,#1421,.T.);
#3534=EDGE_CURVE('',#2825,#2824,#1422,.T.);
#3535=EDGE_CURVE('',#2825,#2750,#1423,.T.);
#3536=EDGE_CURVE('',#2822,#2786,#1424,.T.);
#3537=EDGE_CURVE('',#2826,#2785,#1425,.T.);
#3538=EDGE_CURVE('',#2827,#2826,#1426,.T.);
#3539=EDGE_CURVE('',#2828,#2827,#1427,.T.);
#3540=EDGE_CURVE('',#2829,#2828,#1428,.T.);
#3541=EDGE_CURVE('',#2830,#2829,#2589,.T.);
#3542=EDGE_CURVE('',#2831,#2830,#1429,.T.);
#3543=EDGE_CURVE('',#2832,#2831,#1430,.T.);
#3544=EDGE_CURVE('',#2833,#2832,#1431,.T.);
#3545=EDGE_CURVE('',#2834,#2833,#2590,.T.);
#3546=EDGE_CURVE('',#2835,#2834,#1432,.T.);
#3547=EDGE_CURVE('',#2836,#2835,#1433,.T.);
#3548=EDGE_CURVE('',#2837,#2836,#1434,.T.);
#3549=EDGE_CURVE('',#2838,#2837,#2591,.T.);
#3550=EDGE_CURVE('',#2839,#2838,#1435,.T.);
#3551=EDGE_CURVE('',#2840,#2839,#1436,.T.);
#3552=EDGE_CURVE('',#2841,#2840,#1437,.T.);
#3553=EDGE_CURVE('',#2842,#2841,#2592,.T.);
#3554=EDGE_CURVE('',#2843,#2842,#1438,.T.);
#3555=EDGE_CURVE('',#2823,#2843,#1439,.T.);
#3556=EDGE_CURVE('',#2844,#2845,#1440,.T.);
#3557=EDGE_CURVE('',#2844,#2768,#1441,.T.);
#3558=EDGE_CURVE('',#2845,#2767,#1442,.T.);
#3559=EDGE_CURVE('',#2845,#2846,#1443,.T.);
#3560=EDGE_CURVE('',#2846,#2766,#1444,.T.);
#3561=EDGE_CURVE('',#2846,#2847,#1445,.T.);
#3562=EDGE_CURVE('',#2847,#2765,#1446,.T.);
#3563=EDGE_CURVE('',#2847,#2848,#2593,.T.);
#3564=EDGE_CURVE('',#2848,#2764,#1447,.T.);
#3565=EDGE_CURVE('',#2848,#2849,#1448,.T.);
#3566=EDGE_CURVE('',#2849,#2763,#1449,.T.);
#3567=EDGE_CURVE('',#2849,#2850,#1450,.T.);
#3568=EDGE_CURVE('',#2850,#2762,#1451,.T.);
#3569=EDGE_CURVE('',#2850,#2851,#1452,.T.);
#3570=EDGE_CURVE('',#2851,#2761,#1453,.T.);
#3571=EDGE_CURVE('',#2851,#2852,#2594,.T.);
#3572=EDGE_CURVE('',#2852,#2760,#1454,.T.);
#3573=EDGE_CURVE('',#2852,#2853,#1455,.T.);
#3574=EDGE_CURVE('',#2853,#2759,#1456,.T.);
#3575=EDGE_CURVE('',#2853,#2854,#1457,.T.);
#3576=EDGE_CURVE('',#2854,#2758,#1458,.T.);
#3577=EDGE_CURVE('',#2854,#2855,#1459,.T.);
#3578=EDGE_CURVE('',#2855,#2757,#1460,.T.);
#3579=EDGE_CURVE('',#2855,#2856,#2595,.T.);
#3580=EDGE_CURVE('',#2856,#2756,#1461,.T.);
#3581=EDGE_CURVE('',#2856,#2857,#1462,.T.);
#3582=EDGE_CURVE('',#2857,#2755,#1463,.T.);
#3583=EDGE_CURVE('',#2857,#2858,#1464,.T.);
#3584=EDGE_CURVE('',#2858,#2754,#1465,.T.);
#3585=EDGE_CURVE('',#2858,#2859,#1466,.T.);
#3586=EDGE_CURVE('',#2859,#2753,#1467,.T.);
#3587=EDGE_CURVE('',#2859,#2860,#2596,.T.);
#3588=EDGE_CURVE('',#2860,#2752,#1468,.T.);
#3589=EDGE_CURVE('',#2860,#2861,#1469,.T.);
#3590=EDGE_CURVE('',#2861,#2751,#1470,.T.);
#3591=EDGE_CURVE('',#2861,#2825,#1471,.T.);
#3592=EDGE_CURVE('',#2789,#2771,#1472,.T.);
#3593=EDGE_CURVE('',#2819,#2770,#1473,.T.);
#3594=EDGE_CURVE('',#2792,#2772,#1474,.T.);
#3595=EDGE_CURVE('',#2794,#2773,#1475,.T.);
#3596=EDGE_CURVE('',#2798,#2777,#1476,.T.);
#3597=EDGE_CURVE('',#2800,#2778,#1477,.T.);
#3598=EDGE_CURVE('',#2802,#2779,#1478,.T.);
#3599=EDGE_CURVE('',#2804,#2780,#1479,.T.);
#3600=EDGE_CURVE('',#2806,#2781,#1480,.T.);
#3601=EDGE_CURVE('',#2807,#2782,#1481,.T.);
#3602=EDGE_CURVE('',#2769,#2821,#1482,.T.);
#3603=EDGE_CURVE('',#2862,#2844,#1483,.T.);
#3604=EDGE_CURVE('',#2862,#2826,#1484,.T.);
#3605=EDGE_CURVE('',#2863,#2843,#1485,.T.);
#3606=EDGE_CURVE('',#2863,#2824,#1486,.T.);
#3607=EDGE_CURVE('',#2864,#2842,#1487,.T.);
#3608=EDGE_CURVE('',#2864,#2863,#1488,.T.);
#3609=EDGE_CURVE('',#2865,#2841,#1489,.T.);
#3610=EDGE_CURVE('',#2865,#2864,#2597,.T.);
#3611=EDGE_CURVE('',#2866,#2840,#1490,.T.);
#3612=EDGE_CURVE('',#2866,#2865,#1491,.T.);
#3613=EDGE_CURVE('',#2867,#2839,#1492,.T.);
#3614=EDGE_CURVE('',#2867,#2866,#1493,.T.);
#3615=EDGE_CURVE('',#2868,#2838,#1494,.T.);
#3616=EDGE_CURVE('',#2868,#2867,#1495,.T.);
#3617=EDGE_CURVE('',#2869,#2837,#1496,.T.);
#3618=EDGE_CURVE('',#2869,#2868,#2598,.T.);
#3619=EDGE_CURVE('',#2870,#2836,#1497,.T.);
#3620=EDGE_CURVE('',#2870,#2869,#1498,.T.);
#3621=EDGE_CURVE('',#2871,#2835,#1499,.T.);
#3622=EDGE_CURVE('',#2871,#2870,#1500,.T.);
#3623=EDGE_CURVE('',#2872,#2834,#1501,.T.);
#3624=EDGE_CURVE('',#2872,#2871,#1502,.T.);
#3625=EDGE_CURVE('',#2873,#2833,#1503,.T.);
#3626=EDGE_CURVE('',#2873,#2872,#2599,.T.);
#3627=EDGE_CURVE('',#2874,#2832,#1504,.T.);
#3628=EDGE_CURVE('',#2874,#2873,#1505,.T.);
#3629=EDGE_CURVE('',#2875,#2831,#1506,.T.);
#3630=EDGE_CURVE('',#2875,#2874,#1507,.T.);
#3631=EDGE_CURVE('',#2876,#2830,#1508,.T.);
#3632=EDGE_CURVE('',#2876,#2875,#1509,.T.);
#3633=EDGE_CURVE('',#2877,#2829,#1510,.T.);
#3634=EDGE_CURVE('',#2877,#2876,#2600,.T.);
#3635=EDGE_CURVE('',#2878,#2828,#1511,.T.);
#3636=EDGE_CURVE('',#2878,#2877,#1512,.T.);
#3637=EDGE_CURVE('',#2879,#2827,#1513,.T.);
#3638=EDGE_CURVE('',#2879,#2878,#1514,.T.);
#3639=EDGE_CURVE('',#2862,#2879,#1515,.T.);
#3640=EDGE_CURVE('',#2880,#2881,#2601,.T.);
#3641=EDGE_CURVE('',#2881,#2882,#1516,.T.);
#3642=EDGE_CURVE('',#2882,#2883,#167,.T.);
#3643=EDGE_CURVE('',#2880,#2883,#1517,.T.);
#3644=EDGE_CURVE('',#2884,#2885,#168,.T.);
#3645=EDGE_CURVE('',#2885,#2881,#2602,.T.);
#3646=EDGE_CURVE('',#2880,#2884,#169,.T.);
#3647=EDGE_CURVE('',#2885,#2886,#170,.T.);
#3648=EDGE_CURVE('',#2886,#2887,#171,.T.);
#3649=EDGE_CURVE('',#2887,#2888,#172,.T.);
#3650=EDGE_CURVE('',#2888,#2889,#1518,.T.);
#3651=EDGE_CURVE('',#2889,#2890,#173,.T.);
#3652=EDGE_CURVE('',#2890,#2891,#174,.T.);
#3653=EDGE_CURVE('',#2891,#2892,#175,.T.);
#3654=EDGE_CURVE('',#2892,#2893,#176,.T.);
#3655=EDGE_CURVE('',#2893,#2894,#177,.T.);
#3656=EDGE_CURVE('',#2894,#2895,#178,.T.);
#3657=EDGE_CURVE('',#2895,#2896,#179,.T.);
#3658=EDGE_CURVE('',#2896,#2882,#180,.T.);
#3659=EDGE_CURVE('',#2897,#2898,#1519,.T.);
#3660=EDGE_CURVE('',#2898,#2899,#181,.T.);
#3661=EDGE_CURVE('',#2899,#2900,#182,.T.);
#3662=EDGE_CURVE('',#2900,#2901,#183,.T.);
#3663=EDGE_CURVE('',#2901,#2897,#184,.T.);
#3664=EDGE_CURVE('',#2902,#2884,#1520,.T.);
#3665=EDGE_CURVE('',#2903,#2902,#185,.T.);
#3666=EDGE_CURVE('',#2903,#2886,#1521,.T.);
#3667=EDGE_CURVE('',#2904,#2905,#186,.T.);
#3668=EDGE_CURVE('',#2906,#2905,#1522,.T.);
#3669=EDGE_CURVE('',#2906,#2907,#187,.T.);
#3670=EDGE_CURVE('',#2907,#2904,#1523,.T.);
#3671=EDGE_CURVE('',#2907,#2908,#188,.T.);
#3672=EDGE_CURVE('',#2908,#2909,#189,.T.);
#3673=EDGE_CURVE('',#2909,#2910,#190,.T.);
#3674=EDGE_CURVE('',#2910,#2911,#191,.T.);
#3675=EDGE_CURVE('',#2911,#2912,#192,.T.);
#3676=EDGE_CURVE('',#2912,#2913,#193,.T.);
#3677=EDGE_CURVE('',#2913,#2914,#194,.T.);
#3678=EDGE_CURVE('',#2915,#2914,#1524,.T.);
#3679=EDGE_CURVE('',#2915,#2916,#195,.T.);
#3680=EDGE_CURVE('',#2916,#2917,#196,.T.);
#3681=EDGE_CURVE('',#2917,#2918,#197,.T.);
#3682=EDGE_CURVE('',#2918,#2919,#198,.T.);
#3683=EDGE_CURVE('',#2919,#2920,#199,.T.);
#3684=EDGE_CURVE('',#2920,#2921,#200,.T.);
#3685=EDGE_CURVE('',#2921,#2922,#201,.T.);
#3686=EDGE_CURVE('',#2922,#2904,#202,.T.);
#3687=EDGE_CURVE('',#2923,#2906,#203,.T.);
#3688=EDGE_CURVE('',#2923,#2908,#1525,.T.);
#3689=EDGE_CURVE('',#2924,#2915,#204,.T.);
#3690=EDGE_CURVE('',#2914,#2925,#205,.T.);
#3691=EDGE_CURVE('',#2925,#2926,#206,.T.);
#3692=EDGE_CURVE('',#2924,#2926,#1526,.T.);
#3693=EDGE_CURVE('',#2927,#2913,#1527,.T.);
#3694=EDGE_CURVE('',#2928,#2927,#207,.T.);
#3695=EDGE_CURVE('',#2928,#2925,#1528,.T.);
#3696=EDGE_CURVE('',#2929,#2924,#208,.T.);
#3697=EDGE_CURVE('',#2929,#2916,#1529,.T.);
#3698=EDGE_CURVE('',#2930,#2931,#209,.T.);
#3699=EDGE_CURVE('',#2931,#2932,#1530,.T.);
#3700=EDGE_CURVE('',#2932,#2933,#124,.T.);
#3701=EDGE_CURVE('',#2933,#2934,#1531,.T.);
#3702=EDGE_CURVE('',#2934,#2935,#2603,.T.);
#3703=EDGE_CURVE('',#2936,#2935,#1532,.T.);
#3704=EDGE_CURVE('',#2936,#2937,#2604,.T.);
#3705=EDGE_CURVE('',#2937,#2938,#1533,.T.);
#3706=EDGE_CURVE('',#2938,#2939,#210,.T.);
#3707=EDGE_CURVE('',#2939,#2930,#211,.T.);
#3708=EDGE_CURVE('',#2940,#2934,#1534,.T.);
#3709=EDGE_CURVE('',#2935,#2940,#1535,.T.);
#3710=EDGE_CURVE('',#2941,#2933,#1536,.T.);
#3711=EDGE_CURVE('',#2940,#2941,#1537,.T.);
#3712=EDGE_CURVE('',#2942,#2932,#1538,.T.);
#3713=EDGE_CURVE('',#2943,#2942,#125,.T.);
#3714=EDGE_CURVE('',#2944,#2943,#1539,.T.);
#3715=EDGE_CURVE('',#2941,#2944,#1540,.T.);
#3716=EDGE_CURVE('',#2931,#2945,#212,.T.);
#3717=EDGE_CURVE('',#2945,#2946,#213,.T.);
#3718=EDGE_CURVE('',#2946,#2947,#214,.T.);
#3719=EDGE_CURVE('',#2948,#2947,#1541,.T.);
#3720=EDGE_CURVE('',#2949,#2948,#2605,.T.);
#3721=EDGE_CURVE('',#2942,#2949,#1542,.T.);
#3722=EDGE_CURVE('',#2949,#2950,#215,.T.);
#3723=EDGE_CURVE('',#2950,#2951,#216,.T.);
#3724=EDGE_CURVE('',#2951,#2952,#217,.T.);
#3725=EDGE_CURVE('',#2952,#2953,#1543,.T.);
#3726=EDGE_CURVE('',#2953,#2954,#2606,.T.);
#3727=EDGE_CURVE('',#2955,#2954,#1544,.T.);
#3728=EDGE_CURVE('',#2955,#2956,#2607,.T.);
#3729=EDGE_CURVE('',#2956,#2943,#1545,.T.);
#3730=EDGE_CURVE('',#2957,#2948,#2608,.T.);
#3731=EDGE_CURVE('',#2957,#2958,#218,.T.);
#3732=EDGE_CURVE('',#2958,#2950,#219,.T.);
#3733=EDGE_CURVE('',#2959,#2956,#1546,.T.);
#3734=EDGE_CURVE('',#2944,#2959,#1547,.T.);
#3735=EDGE_CURVE('',#2959,#2955,#1548,.T.);
#3736=EDGE_CURVE('',#2960,#2957,#220,.T.);
#3737=EDGE_CURVE('',#2947,#2961,#221,.T.);
#3738=EDGE_CURVE('',#2962,#2961,#1549,.T.);
#3739=EDGE_CURVE('',#2962,#2960,#222,.T.);
#3740=EDGE_CURVE('',#2963,#2946,#1550,.T.);
#3741=EDGE_CURVE('',#2961,#2963,#223,.T.);
#3742=EDGE_CURVE('',#2964,#2951,#1551,.T.);
#3743=EDGE_CURVE('',#2965,#2964,#224,.T.);
#3744=EDGE_CURVE('',#2965,#2952,#1552,.T.);
#3745=EDGE_CURVE('',#2966,#2967,#2609,.T.);
#3746=EDGE_CURVE('',#2967,#2968,#1553,.T.);
#3747=EDGE_CURVE('',#2968,#2969,#2610,.T.);
#3748=EDGE_CURVE('',#2966,#2969,#1554,.T.);
#3749=EDGE_CURVE('',#2970,#2968,#1555,.T.);
#3750=EDGE_CURVE('',#2971,#2970,#1556,.T.);
#3751=EDGE_CURVE('',#2969,#2971,#1557,.T.);
#3752=EDGE_CURVE('',#2967,#2972,#1558,.T.);
#3753=EDGE_CURVE('',#2972,#2973,#225,.T.);
#3754=EDGE_CURVE('',#2973,#2974,#226,.T.);
#3755=EDGE_CURVE('',#2974,#2975,#227,.T.);
#3756=EDGE_CURVE('',#2975,#2976,#228,.T.);
#3757=EDGE_CURVE('',#2976,#2977,#229,.T.);
#3758=EDGE_CURVE('',#2977,#2978,#230,.T.);
#3759=EDGE_CURVE('',#2978,#2979,#231,.T.);
#3760=EDGE_CURVE('',#2979,#2980,#232,.T.);
#3761=EDGE_CURVE('',#2980,#2981,#1559,.T.);
#3762=EDGE_CURVE('',#2981,#2982,#1560,.T.);
#3763=EDGE_CURVE('',#2982,#2983,#1561,.T.);
#3764=EDGE_CURVE('',#2984,#2983,#1562,.T.);
#3765=EDGE_CURVE('',#2984,#2985,#1563,.T.);
#3766=EDGE_CURVE('',#2985,#2986,#233,.T.);
#3767=EDGE_CURVE('',#2986,#2987,#234,.T.);
#3768=EDGE_CURVE('',#2987,#2988,#235,.T.);
#3769=EDGE_CURVE('',#2988,#2989,#236,.T.);
#3770=EDGE_CURVE('',#2989,#2990,#237,.T.);
#3771=EDGE_CURVE('',#2990,#2991,#238,.T.);
#3772=EDGE_CURVE('',#2991,#2992,#1564,.T.);
#3773=EDGE_CURVE('',#2993,#2992,#1565,.T.);
#3774=EDGE_CURVE('',#2993,#2994,#1566,.T.);
#3775=EDGE_CURVE('',#2994,#2995,#239,.T.);
#3776=EDGE_CURVE('',#2995,#2996,#240,.T.);
#3777=EDGE_CURVE('',#2996,#2997,#241,.T.);
#3778=EDGE_CURVE('',#2997,#2998,#242,.T.);
#3779=EDGE_CURVE('',#2998,#2970,#243,.T.);
#3780=EDGE_CURVE('',#2999,#2993,#2611,.T.);
#3781=EDGE_CURVE('',#2992,#3000,#2612,.T.);
#3782=EDGE_CURVE('',#2999,#3000,#1567,.T.);
#3783=EDGE_CURVE('',#3001,#2991,#1568,.T.);
#3784=EDGE_CURVE('',#3000,#3001,#1569,.T.);
#3785=EDGE_CURVE('',#2983,#3002,#2613,.T.);
#3786=EDGE_CURVE('',#3003,#3002,#1570,.T.);
#3787=EDGE_CURVE('',#3003,#2984,#2614,.T.);
#3788=EDGE_CURVE('',#3004,#3003,#1571,.T.);
#3789=EDGE_CURVE('',#3004,#2985,#1572,.T.);
#3790=EDGE_CURVE('',#3005,#2922,#1573,.T.);
#3791=EDGE_CURVE('',#2905,#3005,#244,.T.);
#3792=EDGE_CURVE('',#3005,#3006,#245,.T.);
#3793=EDGE_CURVE('',#3006,#2921,#1574,.T.);
#3794=EDGE_CURVE('',#3006,#3007,#246,.T.);
#3795=EDGE_CURVE('',#3007,#2920,#1575,.T.);
#3796=EDGE_CURVE('',#3007,#3008,#247,.T.);
#3797=EDGE_CURVE('',#3008,#2919,#1576,.T.);
#3798=EDGE_CURVE('',#3008,#3009,#248,.T.);
#3799=EDGE_CURVE('',#3009,#2918,#1577,.T.);
#3800=EDGE_CURVE('',#3009,#3010,#249,.T.);
#3801=EDGE_CURVE('',#3010,#2917,#1578,.T.);
#3802=EDGE_CURVE('',#3010,#2929,#250,.T.);
#3803=EDGE_CURVE('',#2926,#2928,#251,.T.);
#3804=EDGE_CURVE('',#2927,#3011,#252,.T.);
#3805=EDGE_CURVE('',#3011,#2912,#1579,.T.);
#3806=EDGE_CURVE('',#3011,#3012,#253,.T.);
#3807=EDGE_CURVE('',#3012,#2911,#1580,.T.);
#3808=EDGE_CURVE('',#3012,#3013,#254,.T.);
#3809=EDGE_CURVE('',#3013,#2910,#1581,.T.);
#3810=EDGE_CURVE('',#3013,#3014,#255,.T.);
#3811=EDGE_CURVE('',#3014,#2909,#1582,.T.);
#3812=EDGE_CURVE('',#3014,#2923,#256,.T.);
#3813=EDGE_CURVE('',#3015,#3016,#257,.T.);
#3814=EDGE_CURVE('',#3015,#2897,#1583,.T.);
#3815=EDGE_CURVE('',#3016,#2901,#1584,.T.);
#3816=EDGE_CURVE('',#3016,#3017,#258,.T.);
#3817=EDGE_CURVE('',#3017,#2900,#1585,.T.);
#3818=EDGE_CURVE('',#3017,#3018,#259,.T.);
#3819=EDGE_CURVE('',#3018,#2899,#1586,.T.);
#3820=EDGE_CURVE('',#3018,#3019,#260,.T.);
#3821=EDGE_CURVE('',#3019,#2898,#1587,.T.);
#3822=EDGE_CURVE('',#3019,#3015,#1588,.T.);
#3823=EDGE_CURVE('',#3020,#2896,#1589,.T.);
#3824=EDGE_CURVE('',#2883,#3020,#261,.T.);
#3825=EDGE_CURVE('',#3020,#3021,#262,.T.);
#3826=EDGE_CURVE('',#3021,#2895,#1590,.T.);
#3827=EDGE_CURVE('',#3021,#3022,#263,.T.);
#3828=EDGE_CURVE('',#3022,#2894,#1591,.T.);
#3829=EDGE_CURVE('',#3022,#3023,#264,.T.);
#3830=EDGE_CURVE('',#3023,#2893,#1592,.T.);
#3831=EDGE_CURVE('',#3023,#3024,#265,.T.);
#3832=EDGE_CURVE('',#3024,#2892,#1593,.T.);
#3833=EDGE_CURVE('',#3024,#3025,#266,.T.);
#3834=EDGE_CURVE('',#3025,#2891,#1594,.T.);
#3835=EDGE_CURVE('',#3025,#3026,#267,.T.);
#3836=EDGE_CURVE('',#3026,#2890,#1595,.T.);
#3837=EDGE_CURVE('',#3026,#3027,#268,.T.);
#3838=EDGE_CURVE('',#3027,#2889,#1596,.T.);
#3839=EDGE_CURVE('',#3027,#3028,#1597,.T.);
#3840=EDGE_CURVE('',#3028,#2888,#1598,.T.);
#3841=EDGE_CURVE('',#3028,#3029,#269,.T.);
#3842=EDGE_CURVE('',#3029,#2887,#1599,.T.);
#3843=EDGE_CURVE('',#3029,#2903,#270,.T.);
#3844=EDGE_CURVE('',#2902,#2880,#271,.T.);
#3845=EDGE_CURVE('',#3030,#2953,#1600,.T.);
#3846=EDGE_CURVE('',#2954,#3030,#1601,.T.);
#3847=EDGE_CURVE('',#3030,#2965,#1602,.T.);
#3848=EDGE_CURVE('',#3031,#2958,#1603,.T.);
#3849=EDGE_CURVE('',#2964,#3031,#272,.T.);
#3850=EDGE_CURVE('',#3032,#2960,#1604,.T.);
#3851=EDGE_CURVE('',#3031,#3032,#273,.T.);
#3852=EDGE_CURVE('',#3032,#2962,#274,.T.);
#3853=EDGE_CURVE('',#2963,#3033,#275,.T.);
#3854=EDGE_CURVE('',#3033,#2945,#1605,.T.);
#3855=EDGE_CURVE('',#3034,#2930,#1606,.T.);
#3856=EDGE_CURVE('',#3033,#3034,#276,.T.);
#3857=EDGE_CURVE('',#3035,#2939,#1607,.T.);
#3858=EDGE_CURVE('',#3034,#3035,#277,.T.);
#3859=EDGE_CURVE('',#3036,#2938,#1608,.T.);
#3860=EDGE_CURVE('',#3035,#3036,#278,.T.);
#3861=EDGE_CURVE('',#3037,#2937,#1609,.T.);
#3862=EDGE_CURVE('',#3036,#3037,#1610,.T.);
#3863=EDGE_CURVE('',#3037,#2936,#1611,.T.);
#3864=EDGE_CURVE('',#3038,#3039,#279,.T.);
#3865=EDGE_CURVE('',#3038,#3040,#1612,.T.);
#3866=EDGE_CURVE('',#3041,#3040,#280,.T.);
#3867=EDGE_CURVE('',#3039,#3041,#1613,.T.);
#3868=EDGE_CURVE('',#3039,#3042,#281,.T.);
#3869=EDGE_CURVE('',#3043,#3041,#282,.T.);
#3870=EDGE_CURVE('',#3042,#3043,#1614,.T.);
#3871=EDGE_CURVE('',#3042,#3044,#283,.T.);
#3872=EDGE_CURVE('',#3045,#3043,#284,.T.);
#3873=EDGE_CURVE('',#3044,#3045,#1615,.T.);
#3874=EDGE_CURVE('',#3044,#3046,#285,.T.);
#3875=EDGE_CURVE('',#3047,#3045,#286,.T.);
#3876=EDGE_CURVE('',#3046,#3047,#1616,.T.);
#3877=EDGE_CURVE('',#3046,#3048,#287,.T.);
#3878=EDGE_CURVE('',#3049,#3047,#288,.T.);
#3879=EDGE_CURVE('',#3048,#3049,#1617,.T.);
#3880=EDGE_CURVE('',#3048,#3050,#289,.T.);
#3881=EDGE_CURVE('',#3051,#3049,#290,.T.);
#3882=EDGE_CURVE('',#3050,#3051,#1618,.T.);
#3883=EDGE_CURVE('',#3050,#3052,#291,.T.);
#3884=EDGE_CURVE('',#3053,#3051,#292,.T.);
#3885=EDGE_CURVE('',#3052,#3053,#1619,.T.);
#3886=EDGE_CURVE('',#3052,#3038,#293,.T.);
#3887=EDGE_CURVE('',#3040,#3053,#294,.T.);
#3888=EDGE_CURVE('',#3054,#3055,#295,.T.);
#3889=EDGE_CURVE('',#3054,#3056,#1620,.T.);
#3890=EDGE_CURVE('',#3057,#3056,#296,.T.);
#3891=EDGE_CURVE('',#3055,#3057,#1621,.T.);
#3892=EDGE_CURVE('',#3055,#3058,#297,.T.);
#3893=EDGE_CURVE('',#3059,#3057,#298,.T.);
#3894=EDGE_CURVE('',#3058,#3059,#1622,.T.);
#3895=EDGE_CURVE('',#3058,#3060,#299,.T.);
#3896=EDGE_CURVE('',#3061,#3059,#300,.T.);
#3897=EDGE_CURVE('',#3060,#3061,#1623,.T.);
#3898=EDGE_CURVE('',#3060,#3062,#301,.T.);
#3899=EDGE_CURVE('',#3063,#3061,#302,.T.);
#3900=EDGE_CURVE('',#3062,#3063,#1624,.T.);
#3901=EDGE_CURVE('',#3062,#3064,#303,.T.);
#3902=EDGE_CURVE('',#3065,#3063,#304,.T.);
#3903=EDGE_CURVE('',#3064,#3065,#1625,.T.);
#3904=EDGE_CURVE('',#3064,#3066,#305,.T.);
#3905=EDGE_CURVE('',#3067,#3065,#306,.T.);
#3906=EDGE_CURVE('',#3066,#3067,#1626,.T.);
#3907=EDGE_CURVE('',#3066,#3068,#307,.T.);
#3908=EDGE_CURVE('',#3069,#3067,#308,.T.);
#3909=EDGE_CURVE('',#3068,#3069,#1627,.T.);
#3910=EDGE_CURVE('',#3068,#3070,#309,.T.);
#3911=EDGE_CURVE('',#3071,#3069,#310,.T.);
#3912=EDGE_CURVE('',#3070,#3071,#1628,.T.);
#3913=EDGE_CURVE('',#3070,#3072,#311,.T.);
#3914=EDGE_CURVE('',#3073,#3071,#312,.T.);
#3915=EDGE_CURVE('',#3072,#3073,#1629,.T.);
#3916=EDGE_CURVE('',#3072,#3054,#313,.T.);
#3917=EDGE_CURVE('',#3056,#3073,#314,.T.);
#3918=EDGE_CURVE('',#3074,#3075,#1630,.T.);
#3919=EDGE_CURVE('',#3074,#2982,#1631,.T.);
#3920=EDGE_CURVE('',#3075,#2981,#1632,.T.);
#3921=EDGE_CURVE('',#3075,#3076,#1633,.T.);
#3922=EDGE_CURVE('',#3076,#2980,#1634,.T.);
#3923=EDGE_CURVE('',#3076,#3077,#315,.T.);
#3924=EDGE_CURVE('',#3077,#2979,#1635,.T.);
#3925=EDGE_CURVE('',#3077,#3078,#316,.T.);
#3926=EDGE_CURVE('',#3078,#2978,#1636,.T.);
#3927=EDGE_CURVE('',#3078,#3079,#317,.T.);
#3928=EDGE_CURVE('',#3079,#2977,#1637,.T.);
#3929=EDGE_CURVE('',#3079,#3080,#318,.T.);
#3930=EDGE_CURVE('',#3080,#2976,#1638,.T.);
#3931=EDGE_CURVE('',#3080,#3081,#319,.T.);
#3932=EDGE_CURVE('',#3081,#2975,#1639,.T.);
#3933=EDGE_CURVE('',#3081,#3082,#320,.T.);
#3934=EDGE_CURVE('',#3082,#2974,#1640,.T.);
#3935=EDGE_CURVE('',#3082,#3083,#321,.T.);
#3936=EDGE_CURVE('',#3083,#2973,#1641,.T.);
#3937=EDGE_CURVE('',#3083,#3084,#322,.T.);
#3938=EDGE_CURVE('',#3084,#2972,#1642,.T.);
#3939=EDGE_CURVE('',#3084,#2966,#1643,.T.);
#3940=EDGE_CURVE('',#2971,#3085,#323,.T.);
#3941=EDGE_CURVE('',#3085,#2998,#1644,.T.);
#3942=EDGE_CURVE('',#3085,#3086,#324,.T.);
#3943=EDGE_CURVE('',#3086,#2997,#1645,.T.);
#3944=EDGE_CURVE('',#3086,#3087,#325,.T.);
#3945=EDGE_CURVE('',#3087,#2996,#1646,.T.);
#3946=EDGE_CURVE('',#3087,#3088,#326,.T.);
#3947=EDGE_CURVE('',#3088,#2995,#1647,.T.);
#3948=EDGE_CURVE('',#3088,#3089,#327,.T.);
#3949=EDGE_CURVE('',#3089,#2994,#1648,.T.);
#3950=EDGE_CURVE('',#3089,#2999,#1649,.T.);
#3951=EDGE_CURVE('',#3001,#3090,#328,.T.);
#3952=EDGE_CURVE('',#3090,#2990,#1650,.T.);
#3953=EDGE_CURVE('',#3090,#3091,#329,.T.);
#3954=EDGE_CURVE('',#3091,#2989,#1651,.T.);
#3955=EDGE_CURVE('',#3091,#3092,#330,.T.);
#3956=EDGE_CURVE('',#3092,#2988,#1652,.T.);
#3957=EDGE_CURVE('',#3092,#3093,#331,.T.);
#3958=EDGE_CURVE('',#3093,#2987,#1653,.T.);
#3959=EDGE_CURVE('',#3093,#3094,#332,.T.);
#3960=EDGE_CURVE('',#3094,#2986,#1654,.T.);
#3961=EDGE_CURVE('',#3094,#3004,#333,.T.);
#3962=EDGE_CURVE('',#3002,#3074,#1655,.T.);
#3963=EDGE_CURVE('',#3095,#3096,#2615,.T.);
#3964=EDGE_CURVE('',#3096,#3097,#1656,.T.);
#3965=EDGE_CURVE('',#3097,#3098,#2616,.T.);
#3966=EDGE_CURVE('',#3098,#3095,#1657,.T.);
#3967=EDGE_CURVE('',#3099,#3096,#1658,.T.);
#3968=EDGE_CURVE('',#3099,#3100,#1659,.T.);
#3969=EDGE_CURVE('',#3097,#3100,#1660,.T.);
#3970=EDGE_CURVE('',#3101,#3102,#2617,.T.);
#3971=EDGE_CURVE('',#3102,#3103,#1661,.T.);
#3972=EDGE_CURVE('',#3103,#3104,#2618,.T.);
#3973=EDGE_CURVE('',#3104,#3101,#1662,.T.);
#3974=EDGE_CURVE('',#3103,#3098,#1663,.T.);
#3975=EDGE_CURVE('',#3095,#3102,#1664,.T.);
#3976=EDGE_CURVE('',#3105,#3106,#2619,.T.);
#3977=EDGE_CURVE('',#3106,#3107,#1665,.T.);
#3978=EDGE_CURVE('',#3107,#3108,#2620,.T.);
#3979=EDGE_CURVE('',#3108,#3105,#1666,.T.);
#3980=EDGE_CURVE('',#3109,#3106,#1667,.T.);
#3981=EDGE_CURVE('',#3110,#3109,#1668,.T.);
#3982=EDGE_CURVE('',#3107,#3110,#1669,.T.);
#3983=EDGE_CURVE('',#3109,#3111,#2621,.T.);
#3984=EDGE_CURVE('',#3111,#3112,#1670,.T.);
#3985=EDGE_CURVE('',#3112,#3110,#2622,.T.);
#3986=EDGE_CURVE('',#3113,#3111,#1671,.T.);
#3987=EDGE_CURVE('',#3113,#3114,#1672,.T.);
#3988=EDGE_CURVE('',#3112,#3114,#1673,.T.);
#3989=EDGE_CURVE('',#3115,#3104,#1674,.T.);
#3990=EDGE_CURVE('',#3116,#3115,#1675,.T.);
#3991=EDGE_CURVE('',#3101,#3116,#1676,.T.);
#3992=EDGE_CURVE('',#3100,#3117,#2623,.T.);
#3993=EDGE_CURVE('',#3118,#3099,#2624,.T.);
#3994=EDGE_CURVE('',#3118,#3117,#1677,.T.);
#3995=EDGE_CURVE('',#3117,#3119,#1678,.T.);
#3996=EDGE_CURVE('',#3120,#3118,#1679,.T.);
#3997=EDGE_CURVE('',#3120,#3119,#1680,.T.);
#3998=EDGE_CURVE('',#3119,#3115,#2625,.T.);
#3999=EDGE_CURVE('',#3116,#3120,#2626,.T.);
#4000=EDGE_CURVE('',#3121,#3108,#1681,.T.);
#4001=EDGE_CURVE('',#3122,#3121,#1682,.T.);
#4002=EDGE_CURVE('',#3105,#3122,#1683,.T.);
#4003=EDGE_CURVE('',#3114,#3123,#2627,.T.);
#4004=EDGE_CURVE('',#3124,#3113,#2628,.T.);
#4005=EDGE_CURVE('',#3124,#3123,#1684,.T.);
#4006=EDGE_CURVE('',#3123,#3125,#1685,.T.);
#4007=EDGE_CURVE('',#3126,#3124,#1686,.T.);
#4008=EDGE_CURVE('',#3126,#3125,#1687,.T.);
#4009=EDGE_CURVE('',#3125,#3121,#2629,.T.);
#4010=EDGE_CURVE('',#3122,#3126,#2630,.T.);
#4011=EDGE_CURVE('',#3127,#3128,#2631,.T.);
#4012=EDGE_CURVE('',#3128,#3129,#1688,.T.);
#4013=EDGE_CURVE('',#3129,#3130,#2632,.T.);
#4014=EDGE_CURVE('',#3130,#3127,#1689,.T.);
#4015=EDGE_CURVE('',#3131,#3129,#1690,.T.);
#4016=EDGE_CURVE('',#3132,#3131,#2633,.T.);
#4017=EDGE_CURVE('',#3133,#3132,#1691,.T.);
#4018=EDGE_CURVE('',#3133,#3130,#1692,.T.);
#4019=EDGE_CURVE('',#3128,#3134,#1693,.T.);
#4020=EDGE_CURVE('',#3131,#3134,#1694,.T.);
#4021=EDGE_CURVE('',#3134,#3135,#2634,.T.);
#4022=EDGE_CURVE('',#3132,#3135,#1695,.T.);
#4023=EDGE_CURVE('',#3133,#3136,#1696,.T.);
#4024=EDGE_CURVE('',#3127,#3136,#1697,.T.);
#4025=EDGE_CURVE('',#3135,#3136,#1698,.T.);
#4026=EDGE_CURVE('',#3136,#3137,#1699,.T.);
#4027=EDGE_CURVE('',#3137,#3138,#1700,.T.);
#4028=EDGE_CURVE('',#3135,#3138,#1701,.T.);
#4029=EDGE_CURVE('',#3139,#3132,#1702,.T.);
#4030=EDGE_CURVE('',#3140,#3139,#1703,.T.);
#4031=EDGE_CURVE('',#3140,#3133,#1704,.T.);
#4032=EDGE_CURVE('',#3141,#3142,#2635,.T.);
#4033=EDGE_CURVE('',#3142,#3143,#1705,.T.);
#4034=EDGE_CURVE('',#3143,#3144,#2636,.T.);
#4035=EDGE_CURVE('',#3144,#3141,#1706,.T.);
#4036=EDGE_CURVE('',#3145,#3141,#1707,.T.);
#4037=EDGE_CURVE('',#3146,#3145,#1708,.T.);
#4038=EDGE_CURVE('',#3147,#3146,#2637,.T.);
#4039=EDGE_CURVE('',#3142,#3147,#1709,.T.);
#4040=EDGE_CURVE('',#3144,#3148,#1710,.T.);
#4041=EDGE_CURVE('',#3148,#3145,#1711,.T.);
#4042=EDGE_CURVE('',#3149,#3143,#1712,.T.);
#4043=EDGE_CURVE('',#3150,#3149,#2638,.T.);
#4044=EDGE_CURVE('',#3148,#3150,#1713,.T.);
#4045=EDGE_CURVE('',#3149,#3147,#1714,.T.);
#4046=EDGE_CURVE('',#3150,#3146,#1715,.T.);
#4047=EDGE_CURVE('',#3151,#3150,#1716,.T.);
#4048=EDGE_CURVE('',#3152,#3151,#1717,.T.);
#4049=EDGE_CURVE('',#3152,#3148,#1718,.T.);
#4050=EDGE_CURVE('',#3145,#3153,#1719,.T.);
#4051=EDGE_CURVE('',#3153,#3154,#1720,.T.);
#4052=EDGE_CURVE('',#3146,#3154,#1721,.T.);
#4053=EDGE_CURVE('',#3155,#3156,#1722,.T.);
#4054=EDGE_CURVE('',#3156,#3157,#126,.T.);
#4055=EDGE_CURVE('',#3157,#3158,#1723,.T.);
#4056=EDGE_CURVE('',#3155,#3158,#127,.T.);
#4057=EDGE_CURVE('',#3156,#3159,#1724,.T.);
#4058=EDGE_CURVE('',#3159,#3160,#128,.T.);
#4059=EDGE_CURVE('',#3160,#3157,#1725,.T.);
#4060=EDGE_CURVE('',#3159,#3161,#1726,.T.);
#4061=EDGE_CURVE('',#3161,#3162,#129,.T.);
#4062=EDGE_CURVE('',#3162,#3160,#1727,.T.);
#4063=EDGE_CURVE('',#3163,#3164,#1728,.T.);
#4064=EDGE_CURVE('',#3164,#3165,#130,.T.);
#4065=EDGE_CURVE('',#3165,#3166,#1729,.T.);
#4066=EDGE_CURVE('',#3166,#3163,#131,.T.);
#4067=EDGE_CURVE('',#3161,#3167,#1730,.T.);
#4068=EDGE_CURVE('',#3167,#3168,#132,.T.);
#4069=EDGE_CURVE('',#3168,#3162,#1731,.T.);
#4070=EDGE_CURVE('',#3167,#3169,#1732,.T.);
#4071=EDGE_CURVE('',#3169,#3170,#133,.T.);
#4072=EDGE_CURVE('',#3170,#3168,#1733,.T.);
#4073=EDGE_CURVE('',#3171,#3170,#1734,.T.);
#4074=EDGE_CURVE('',#3169,#3172,#1735,.T.);
#4075=EDGE_CURVE('',#3172,#3171,#134,.T.);
#4076=EDGE_CURVE('',#3164,#3171,#1736,.T.);
#4077=EDGE_CURVE('',#3172,#3165,#1737,.T.);
#4078=EDGE_CURVE('',#3173,#3163,#1738,.T.);
#4079=EDGE_CURVE('',#3166,#3174,#1739,.T.);
#4080=EDGE_CURVE('',#3174,#3173,#135,.T.);
#4081=EDGE_CURVE('',#3175,#3173,#1740,.T.);
#4082=EDGE_CURVE('',#3174,#3176,#1741,.T.);
#4083=EDGE_CURVE('',#3176,#3175,#136,.T.);
#4084=EDGE_CURVE('',#3177,#3175,#1742,.T.);
#4085=EDGE_CURVE('',#3176,#3178,#1743,.T.);
#4086=EDGE_CURVE('',#3178,#3177,#137,.T.);
#4087=EDGE_CURVE('',#3158,#3177,#1744,.T.);
#4088=EDGE_CURVE('',#3178,#3155,#1745,.T.);
#4089=EDGE_CURVE('',#3179,#3155,#1746,.T.);
#4090=EDGE_CURVE('',#3180,#3179,#1747,.T.);
#4091=EDGE_CURVE('',#3180,#3156,#1748,.T.);
#4092=EDGE_CURVE('',#3181,#3178,#1749,.T.);
#4093=EDGE_CURVE('',#3179,#3181,#1750,.T.);
#4094=EDGE_CURVE('',#3182,#3176,#1751,.T.);
#4095=EDGE_CURVE('',#3181,#3182,#1752,.T.);
#4096=EDGE_CURVE('',#3183,#3174,#1753,.T.);
#4097=EDGE_CURVE('',#3182,#3183,#1754,.T.);
#4098=EDGE_CURVE('',#3184,#3166,#1755,.T.);
#4099=EDGE_CURVE('',#3183,#3184,#1756,.T.);
#4100=EDGE_CURVE('',#3185,#3165,#1757,.T.);
#4101=EDGE_CURVE('',#3184,#3185,#1758,.T.);
#4102=EDGE_CURVE('',#3186,#3187,#1759,.T.);
#4103=EDGE_CURVE('',#3188,#3186,#1760,.T.);
#4104=EDGE_CURVE('',#3189,#3188,#1761,.T.);
#4105=EDGE_CURVE('',#3190,#3189,#2639,.T.);
#4106=EDGE_CURVE('',#3191,#3190,#1762,.T.);
#4107=EDGE_CURVE('',#3192,#3191,#1763,.T.);
#4108=EDGE_CURVE('',#3193,#3192,#1764,.T.);
#4109=EDGE_CURVE('',#3194,#3193,#2640,.T.);
#4110=EDGE_CURVE('',#3195,#3194,#1765,.T.);
#4111=EDGE_CURVE('',#3196,#3195,#1766,.T.);
#4112=EDGE_CURVE('',#3197,#3196,#1767,.T.);
#4113=EDGE_CURVE('',#3198,#3197,#2641,.T.);
#4114=EDGE_CURVE('',#3199,#3198,#1768,.T.);
#4115=EDGE_CURVE('',#3200,#3199,#1769,.T.);
#4116=EDGE_CURVE('',#3201,#3200,#1770,.T.);
#4117=EDGE_CURVE('',#3202,#3201,#2642,.T.);
#4118=EDGE_CURVE('',#3203,#3202,#1771,.T.);
#4119=EDGE_CURVE('',#3204,#3203,#1772,.T.);
#4120=EDGE_CURVE('',#3204,#3205,#1773,.T.);
#4121=EDGE_CURVE('',#3205,#3206,#1774,.T.);
#4122=EDGE_CURVE('',#3206,#3187,#1775,.T.);
#4123=EDGE_CURVE('',#3207,#3208,#1776,.T.);
#4124=EDGE_CURVE('',#3209,#3207,#1777,.T.);
#4125=EDGE_CURVE('',#3210,#3209,#1778,.T.);
#4126=EDGE_CURVE('',#3208,#3210,#1779,.T.);
#4127=EDGE_CURVE('',#3209,#3211,#138,.T.);
#4128=EDGE_CURVE('',#3211,#3212,#1780,.T.);
#4129=EDGE_CURVE('',#3212,#3210,#139,.T.);
#4130=EDGE_CURVE('',#3213,#3214,#1781,.T.);
#4131=EDGE_CURVE('',#3214,#3207,#140,.T.);
#4132=EDGE_CURVE('',#3213,#3208,#141,.T.);
#4133=EDGE_CURVE('',#3214,#3211,#1782,.T.);
#4134=EDGE_CURVE('',#3212,#3213,#1783,.T.);
#4135=EDGE_CURVE('',#3215,#3214,#1784,.T.);
#4136=EDGE_CURVE('',#3216,#3215,#1785,.T.);
#4137=EDGE_CURVE('',#3216,#3211,#1786,.T.);
#4138=EDGE_CURVE('',#3217,#3213,#1787,.T.);
#4139=EDGE_CURVE('',#3215,#3217,#1788,.T.);
#4140=EDGE_CURVE('',#3218,#3212,#1789,.T.);
#4141=EDGE_CURVE('',#3217,#3218,#1790,.T.);
#4142=EDGE_CURVE('',#3218,#3216,#1791,.T.);
#4143=EDGE_CURVE('',#3219,#3180,#1792,.T.);
#4144=EDGE_CURVE('',#3219,#3159,#1793,.T.);
#4145=EDGE_CURVE('',#3220,#3219,#1794,.T.);
#4146=EDGE_CURVE('',#3220,#3161,#1795,.T.);
#4147=EDGE_CURVE('',#3221,#3220,#1796,.T.);
#4148=EDGE_CURVE('',#3221,#3167,#1797,.T.);
#4149=EDGE_CURVE('',#3222,#3221,#1798,.T.);
#4150=EDGE_CURVE('',#3222,#3169,#1799,.T.);
#4151=EDGE_CURVE('',#3223,#3222,#1800,.T.);
#4152=EDGE_CURVE('',#3223,#3172,#1801,.T.);
#4153=EDGE_CURVE('',#3185,#3223,#1802,.T.);
#4154=EDGE_CURVE('',#3224,#3225,#1803,.T.);
#4155=EDGE_CURVE('',#3226,#3224,#1804,.T.);
#4156=EDGE_CURVE('',#3227,#3226,#1805,.T.);
#4157=EDGE_CURVE('',#3228,#3227,#1806,.T.);
#4158=EDGE_CURVE('',#3229,#3228,#1807,.T.);
#4159=EDGE_CURVE('',#3230,#3229,#2643,.T.);
#4160=EDGE_CURVE('',#3231,#3230,#1808,.T.);
#4161=EDGE_CURVE('',#3232,#3231,#1809,.T.);
#4162=EDGE_CURVE('',#3233,#3232,#1810,.T.);
#4163=EDGE_CURVE('',#3234,#3233,#2644,.T.);
#4164=EDGE_CURVE('',#3235,#3234,#1811,.T.);
#4165=EDGE_CURVE('',#3236,#3235,#1812,.T.);
#4166=EDGE_CURVE('',#3237,#3236,#1813,.T.);
#4167=EDGE_CURVE('',#3238,#3237,#2645,.T.);
#4168=EDGE_CURVE('',#3239,#3238,#1814,.T.);
#4169=EDGE_CURVE('',#3240,#3239,#1815,.T.);
#4170=EDGE_CURVE('',#3241,#3240,#1816,.T.);
#4171=EDGE_CURVE('',#3242,#3241,#2646,.T.);
#4172=EDGE_CURVE('',#3243,#3242,#1817,.T.);
#4173=EDGE_CURVE('',#3244,#3243,#1818,.T.);
#4174=EDGE_CURVE('',#3225,#3244,#1819,.T.);
#4175=EDGE_CURVE('',#3245,#3246,#1820,.T.);
#4176=EDGE_CURVE('',#3245,#3228,#1821,.T.);
#4177=EDGE_CURVE('',#3246,#3227,#1822,.T.);
#4178=EDGE_CURVE('',#3247,#3245,#1823,.T.);
#4179=EDGE_CURVE('',#3247,#3229,#1824,.T.);
#4180=EDGE_CURVE('',#3248,#3247,#2647,.T.);
#4181=EDGE_CURVE('',#3248,#3230,#1825,.T.);
#4182=EDGE_CURVE('',#3249,#3248,#1826,.T.);
#4183=EDGE_CURVE('',#3249,#3231,#1827,.T.);
#4184=EDGE_CURVE('',#3250,#3249,#1828,.T.);
#4185=EDGE_CURVE('',#3250,#3232,#1829,.T.);
#4186=EDGE_CURVE('',#3251,#3250,#1830,.T.);
#4187=EDGE_CURVE('',#3251,#3233,#1831,.T.);
#4188=EDGE_CURVE('',#3252,#3251,#2648,.T.);
#4189=EDGE_CURVE('',#3252,#3234,#1832,.T.);
#4190=EDGE_CURVE('',#3253,#3252,#1833,.T.);
#4191=EDGE_CURVE('',#3253,#3235,#1834,.T.);
#4192=EDGE_CURVE('',#3254,#3253,#1835,.T.);
#4193=EDGE_CURVE('',#3254,#3236,#1836,.T.);
#4194=EDGE_CURVE('',#3255,#3254,#1837,.T.);
#4195=EDGE_CURVE('',#3255,#3237,#1838,.T.);
#4196=EDGE_CURVE('',#3256,#3255,#2649,.T.);
#4197=EDGE_CURVE('',#3256,#3238,#1839,.T.);
#4198=EDGE_CURVE('',#3257,#3256,#1840,.T.);
#4199=EDGE_CURVE('',#3257,#3239,#1841,.T.);
#4200=EDGE_CURVE('',#3258,#3257,#1842,.T.);
#4201=EDGE_CURVE('',#3258,#3240,#1843,.T.);
#4202=EDGE_CURVE('',#3259,#3258,#1844,.T.);
#4203=EDGE_CURVE('',#3259,#3241,#1845,.T.);
#4204=EDGE_CURVE('',#3260,#3259,#2650,.T.);
#4205=EDGE_CURVE('',#3260,#3242,#1846,.T.);
#4206=EDGE_CURVE('',#3261,#3260,#1847,.T.);
#4207=EDGE_CURVE('',#3261,#3243,#1848,.T.);
#4208=EDGE_CURVE('',#3262,#3261,#1849,.T.);
#4209=EDGE_CURVE('',#3262,#3244,#1850,.T.);
#4210=EDGE_CURVE('',#3263,#3262,#1851,.T.);
#4211=EDGE_CURVE('',#3225,#3263,#1852,.T.);
#4212=EDGE_CURVE('',#3226,#3205,#2651,.T.);
#4213=EDGE_CURVE('',#3264,#3204,#2652,.T.);
#4214=EDGE_CURVE('',#3265,#3264,#1853,.T.);
#4215=EDGE_CURVE('',#3265,#3246,#1854,.T.);
#4216=EDGE_CURVE('',#3224,#3206,#2653,.F.);
#4217=EDGE_CURVE('',#3266,#3186,#334,.T.);
#4218=EDGE_CURVE('',#3187,#3267,#2654,.T.);
#4219=EDGE_CURVE('',#3267,#3266,#1855,.T.);
#4220=EDGE_CURVE('',#3268,#3188,#335,.T.);
#4221=EDGE_CURVE('',#3266,#3268,#1856,.T.);
#4222=EDGE_CURVE('',#3269,#3151,#1857,.T.);
#4223=EDGE_CURVE('',#3151,#3191,#336,.T.);
#4224=EDGE_CURVE('',#3190,#3269,#337,.T.);
#4225=EDGE_CURVE('',#3270,#3264,#1858,.T.);
#4226=EDGE_CURVE('',#3203,#3270,#142,.T.);
#4227=EDGE_CURVE('',#3202,#3271,#338,.T.);
#4228=EDGE_CURVE('',#3271,#3270,#1859,.T.);
#4229=EDGE_CURVE('',#3201,#3272,#339,.T.);
#4230=EDGE_CURVE('',#3272,#3271,#2655,.T.);
#4231=EDGE_CURVE('',#3200,#3138,#143,.T.);
#4232=EDGE_CURVE('',#3138,#3272,#1860,.T.);
#4233=EDGE_CURVE('',#3199,#3139,#144,.T.);
#4234=EDGE_CURVE('',#3273,#3139,#1861,.T.);
#4235=EDGE_CURVE('',#3198,#3273,#340,.T.);
#4236=EDGE_CURVE('',#3274,#3273,#2656,.T.);
#4237=EDGE_CURVE('',#3197,#3274,#341,.T.);
#4238=EDGE_CURVE('',#3275,#3274,#1862,.T.);
#4239=EDGE_CURVE('',#3196,#3275,#145,.T.);
#4240=EDGE_CURVE('',#3276,#3275,#1863,.T.);
#4241=EDGE_CURVE('',#3195,#3276,#146,.T.);
#4242=EDGE_CURVE('',#3277,#3276,#1864,.T.);
#4243=EDGE_CURVE('',#3194,#3277,#342,.T.);
#4244=EDGE_CURVE('',#3278,#3277,#2657,.T.);
#4245=EDGE_CURVE('',#3193,#3278,#343,.T.);
#4246=EDGE_CURVE('',#3154,#3278,#1865,.T.);
#4247=EDGE_CURVE('',#3192,#3154,#147,.T.);
#4248=EDGE_CURVE('',#3279,#3269,#2658,.T.);
#4249=EDGE_CURVE('',#3189,#3279,#344,.T.);
#4250=EDGE_CURVE('',#3268,#3279,#1866,.T.);
#4251=EDGE_CURVE('',#3280,#3270,#1867,.T.);
#4252=EDGE_CURVE('',#3280,#3265,#1868,.T.);
#4253=EDGE_CURVE('',#3281,#3271,#1869,.T.);
#4254=EDGE_CURVE('',#3281,#3280,#1870,.T.);
#4255=EDGE_CURVE('',#3282,#3272,#1871,.T.);
#4256=EDGE_CURVE('',#3282,#3281,#2659,.T.);
#4257=EDGE_CURVE('',#3137,#3282,#1872,.T.);
#4258=EDGE_CURVE('',#3283,#3273,#1873,.T.);
#4259=EDGE_CURVE('',#3283,#3140,#1874,.T.);
#4260=EDGE_CURVE('',#3284,#3274,#1875,.T.);
#4261=EDGE_CURVE('',#3284,#3283,#2660,.T.);
#4262=EDGE_CURVE('',#3285,#3275,#1876,.T.);
#4263=EDGE_CURVE('',#3285,#3284,#1877,.T.);
#4264=EDGE_CURVE('',#3286,#3276,#1878,.T.);
#4265=EDGE_CURVE('',#3286,#3285,#1879,.T.);
#4266=EDGE_CURVE('',#3287,#3277,#1880,.T.);
#4267=EDGE_CURVE('',#3287,#3286,#1881,.T.);
#4268=EDGE_CURVE('',#3288,#3278,#1882,.T.);
#4269=EDGE_CURVE('',#3288,#3287,#2661,.T.);
#4270=EDGE_CURVE('',#3153,#3288,#1883,.T.);
#4271=EDGE_CURVE('',#3289,#3269,#1884,.T.);
#4272=EDGE_CURVE('',#3289,#3152,#1885,.T.);
#4273=EDGE_CURVE('',#3290,#3279,#1886,.T.);
#4274=EDGE_CURVE('',#3290,#3289,#2662,.T.);
#4275=EDGE_CURVE('',#3291,#3268,#1887,.T.);
#4276=EDGE_CURVE('',#3291,#3290,#1888,.T.);
#4277=EDGE_CURVE('',#3292,#3266,#1889,.T.);
#4278=EDGE_CURVE('',#3292,#3291,#1890,.T.);
#4279=EDGE_CURVE('',#3293,#3267,#1891,.T.);
#4280=EDGE_CURVE('',#3293,#3292,#1892,.T.);
#4281=EDGE_CURVE('',#3263,#3293,#1893,.T.);
#4282=ORIENTED_EDGE('',*,*,#3294,.T.);
#4283=ORIENTED_EDGE('',*,*,#3295,.T.);
#4284=ORIENTED_EDGE('',*,*,#3296,.T.);
#4285=ORIENTED_EDGE('',*,*,#3297,.T.);
#4286=ORIENTED_EDGE('',*,*,#3295,.F.);
#4287=ORIENTED_EDGE('',*,*,#3298,.F.);
#4288=ORIENTED_EDGE('',*,*,#3299,.T.);
#4289=ORIENTED_EDGE('',*,*,#3300,.F.);
#4290=ORIENTED_EDGE('',*,*,#3301,.T.);
#4291=ORIENTED_EDGE('',*,*,#3302,.T.);
#4292=ORIENTED_EDGE('',*,*,#3303,.T.);
#4293=ORIENTED_EDGE('',*,*,#3304,.T.);
#4294=ORIENTED_EDGE('',*,*,#3297,.F.);
#4295=ORIENTED_EDGE('',*,*,#3305,.F.);
#4296=ORIENTED_EDGE('',*,*,#3302,.F.);
#4297=ORIENTED_EDGE('',*,*,#3306,.F.);
#4298=ORIENTED_EDGE('',*,*,#3307,.T.);
#4299=ORIENTED_EDGE('',*,*,#3308,.T.);
#4300=ORIENTED_EDGE('',*,*,#3309,.T.);
#4301=ORIENTED_EDGE('',*,*,#3310,.T.);
#4302=ORIENTED_EDGE('',*,*,#3308,.F.);
#4303=ORIENTED_EDGE('',*,*,#3311,.F.);
#4304=ORIENTED_EDGE('',*,*,#3312,.F.);
#4305=ORIENTED_EDGE('',*,*,#3313,.F.);
#4306=ORIENTED_EDGE('',*,*,#3314,.T.);
#4307=ORIENTED_EDGE('',*,*,#3315,.T.);
#4308=ORIENTED_EDGE('',*,*,#3316,.T.);
#4309=ORIENTED_EDGE('',*,*,#3312,.T.);
#4310=ORIENTED_EDGE('',*,*,#3315,.F.);
#4311=ORIENTED_EDGE('',*,*,#3317,.F.);
#4312=ORIENTED_EDGE('',*,*,#3318,.T.);
#4313=ORIENTED_EDGE('',*,*,#3319,.F.);
#4314=ORIENTED_EDGE('',*,*,#3310,.F.);
#4315=ORIENTED_EDGE('',*,*,#3320,.F.);
#4316=ORIENTED_EDGE('',*,*,#3321,.F.);
#4317=ORIENTED_EDGE('',*,*,#3322,.F.);
#4318=ORIENTED_EDGE('',*,*,#3323,.F.);
#4319=ORIENTED_EDGE('',*,*,#3318,.F.);
#4320=ORIENTED_EDGE('',*,*,#3324,.F.);
#4321=ORIENTED_EDGE('',*,*,#3325,.T.);
#4322=ORIENTED_EDGE('',*,*,#3326,.F.);
#4323=ORIENTED_EDGE('',*,*,#3325,.F.);
#4324=ORIENTED_EDGE('',*,*,#3327,.F.);
#4325=ORIENTED_EDGE('',*,*,#3328,.T.);
#4326=ORIENTED_EDGE('',*,*,#3329,.F.);
#4327=ORIENTED_EDGE('',*,*,#3328,.F.);
#4328=ORIENTED_EDGE('',*,*,#3330,.F.);
#4329=ORIENTED_EDGE('',*,*,#3321,.T.);
#4330=ORIENTED_EDGE('',*,*,#3304,.F.);
#4331=ORIENTED_EDGE('',*,*,#3331,.F.);
#4332=ORIENTED_EDGE('',*,*,#3332,.F.);
#4333=ORIENTED_EDGE('',*,*,#3333,.F.);
#4334=ORIENTED_EDGE('',*,*,#3334,.F.);
#4335=ORIENTED_EDGE('',*,*,#3299,.F.);
#4336=ORIENTED_EDGE('',*,*,#3335,.F.);
#4337=ORIENTED_EDGE('',*,*,#3336,.T.);
#4338=ORIENTED_EDGE('',*,*,#3337,.F.);
#4339=ORIENTED_EDGE('',*,*,#3336,.F.);
#4340=ORIENTED_EDGE('',*,*,#3338,.F.);
#4341=ORIENTED_EDGE('',*,*,#3339,.T.);
#4342=ORIENTED_EDGE('',*,*,#3340,.F.);
#4343=ORIENTED_EDGE('',*,*,#3339,.F.);
#4344=ORIENTED_EDGE('',*,*,#3341,.F.);
#4345=ORIENTED_EDGE('',*,*,#3332,.T.);
#4346=ORIENTED_EDGE('',*,*,#3342,.F.);
#4347=ORIENTED_EDGE('',*,*,#3343,.T.);
#4348=ORIENTED_EDGE('',*,*,#3344,.T.);
#4349=ORIENTED_EDGE('',*,*,#3345,.T.);
#4350=ORIENTED_EDGE('',*,*,#3346,.T.);
#4351=ORIENTED_EDGE('',*,*,#3347,.T.);
#4352=ORIENTED_EDGE('',*,*,#3344,.F.);
#4353=ORIENTED_EDGE('',*,*,#3348,.T.);
#4354=ORIENTED_EDGE('',*,*,#3349,.F.);
#4355=ORIENTED_EDGE('',*,*,#3350,.T.);
#4356=ORIENTED_EDGE('',*,*,#3346,.F.);
#4357=ORIENTED_EDGE('',*,*,#3351,.T.);
#4358=ORIENTED_EDGE('',*,*,#3351,.F.);
#4359=ORIENTED_EDGE('',*,*,#3348,.F.);
#4360=ORIENTED_EDGE('',*,*,#3343,.F.);
#4361=ORIENTED_EDGE('',*,*,#3352,.F.);
#4362=ORIENTED_EDGE('',*,*,#3353,.T.);
#4363=ORIENTED_EDGE('',*,*,#3354,.T.);
#4364=ORIENTED_EDGE('',*,*,#3355,.T.);
#4365=ORIENTED_EDGE('',*,*,#3356,.T.);
#4366=ORIENTED_EDGE('',*,*,#3357,.T.);
#4367=ORIENTED_EDGE('',*,*,#3358,.T.);
#4368=ORIENTED_EDGE('',*,*,#3355,.F.);
#4369=ORIENTED_EDGE('',*,*,#3359,.T.);
#4370=ORIENTED_EDGE('',*,*,#3360,.T.);
#4371=ORIENTED_EDGE('',*,*,#3361,.T.);
#4372=ORIENTED_EDGE('',*,*,#3357,.F.);
#4373=ORIENTED_EDGE('',*,*,#3362,.T.);
#4374=ORIENTED_EDGE('',*,*,#3362,.F.);
#4375=ORIENTED_EDGE('',*,*,#3359,.F.);
#4376=ORIENTED_EDGE('',*,*,#3354,.F.);
#4377=ORIENTED_EDGE('',*,*,#3363,.F.);
#4378=ORIENTED_EDGE('',*,*,#3345,.F.);
#4379=ORIENTED_EDGE('',*,*,#3364,.T.);
#4380=ORIENTED_EDGE('',*,*,#3365,.T.);
#4381=ORIENTED_EDGE('',*,*,#3366,.F.);
#4382=ORIENTED_EDGE('',*,*,#3365,.F.);
#4383=ORIENTED_EDGE('',*,*,#3367,.F.);
#4384=ORIENTED_EDGE('',*,*,#3368,.F.);
#4385=ORIENTED_EDGE('',*,*,#3369,.F.);
#4386=ORIENTED_EDGE('',*,*,#3347,.F.);
#4387=ORIENTED_EDGE('',*,*,#3370,.F.);
#4388=ORIENTED_EDGE('',*,*,#3367,.T.);
#4389=ORIENTED_EDGE('',*,*,#3364,.F.);
#4390=ORIENTED_EDGE('',*,*,#3361,.F.);
#4391=ORIENTED_EDGE('',*,*,#3371,.F.);
#4392=ORIENTED_EDGE('',*,*,#3372,.T.);
#4393=ORIENTED_EDGE('',*,*,#3373,.T.);
#4394=ORIENTED_EDGE('',*,*,#3358,.F.);
#4395=ORIENTED_EDGE('',*,*,#3373,.F.);
#4396=ORIENTED_EDGE('',*,*,#3374,.T.);
#4397=ORIENTED_EDGE('',*,*,#3375,.F.);
#4398=ORIENTED_EDGE('',*,*,#3350,.F.);
#4399=ORIENTED_EDGE('',*,*,#3376,.T.);
#4400=ORIENTED_EDGE('',*,*,#3368,.T.);
#4401=ORIENTED_EDGE('',*,*,#3370,.T.);
#4402=ORIENTED_EDGE('',*,*,#3356,.F.);
#4403=ORIENTED_EDGE('',*,*,#3375,.T.);
#4404=ORIENTED_EDGE('',*,*,#3377,.T.);
#4405=ORIENTED_EDGE('',*,*,#3378,.T.);
#4406=ORIENTED_EDGE('',*,*,#3352,.T.);
#4407=ORIENTED_EDGE('',*,*,#3342,.T.);
#4408=ORIENTED_EDGE('',*,*,#3379,.F.);
#4409=ORIENTED_EDGE('',*,*,#3380,.T.);
#4410=ORIENTED_EDGE('',*,*,#3381,.F.);
#4411=ORIENTED_EDGE('',*,*,#3349,.T.);
#4412=ORIENTED_EDGE('',*,*,#3369,.T.);
#4413=ORIENTED_EDGE('',*,*,#3382,.F.);
#4414=ORIENTED_EDGE('',*,*,#3383,.T.);
#4415=ORIENTED_EDGE('',*,*,#3384,.F.);
#4416=ORIENTED_EDGE('',*,*,#3372,.F.);
#4417=ORIENTED_EDGE('',*,*,#3383,.F.);
#4418=ORIENTED_EDGE('',*,*,#3377,.F.);
#4419=ORIENTED_EDGE('',*,*,#3374,.F.);
#4420=ORIENTED_EDGE('',*,*,#3363,.T.);
#4421=ORIENTED_EDGE('',*,*,#3353,.F.);
#4422=ORIENTED_EDGE('',*,*,#3385,.F.);
#4423=ORIENTED_EDGE('',*,*,#3386,.F.);
#4424=ORIENTED_EDGE('',*,*,#3387,.F.);
#4425=ORIENTED_EDGE('',*,*,#3360,.F.);
#4426=ORIENTED_EDGE('',*,*,#3388,.F.);
#4427=ORIENTED_EDGE('',*,*,#3389,.T.);
#4428=ORIENTED_EDGE('',*,*,#3390,.T.);
#4429=ORIENTED_EDGE('',*,*,#3391,.T.);
#4430=ORIENTED_EDGE('',*,*,#3392,.T.);
#4431=ORIENTED_EDGE('',*,*,#3393,.T.);
#4432=ORIENTED_EDGE('',*,*,#3390,.F.);
#4433=ORIENTED_EDGE('',*,*,#3394,.T.);
#4434=ORIENTED_EDGE('',*,*,#3395,.F.);
#4435=ORIENTED_EDGE('',*,*,#3396,.T.);
#4436=ORIENTED_EDGE('',*,*,#3392,.F.);
#4437=ORIENTED_EDGE('',*,*,#3397,.T.);
#4438=ORIENTED_EDGE('',*,*,#3397,.F.);
#4439=ORIENTED_EDGE('',*,*,#3394,.F.);
#4440=ORIENTED_EDGE('',*,*,#3389,.F.);
#4441=ORIENTED_EDGE('',*,*,#3398,.F.);
#4442=ORIENTED_EDGE('',*,*,#3399,.T.);
#4443=ORIENTED_EDGE('',*,*,#3400,.T.);
#4444=ORIENTED_EDGE('',*,*,#3401,.T.);
#4445=ORIENTED_EDGE('',*,*,#3402,.T.);
#4446=ORIENTED_EDGE('',*,*,#3403,.T.);
#4447=ORIENTED_EDGE('',*,*,#3404,.T.);
#4448=ORIENTED_EDGE('',*,*,#3401,.F.);
#4449=ORIENTED_EDGE('',*,*,#3405,.T.);
#4450=ORIENTED_EDGE('',*,*,#3406,.T.);
#4451=ORIENTED_EDGE('',*,*,#3407,.T.);
#4452=ORIENTED_EDGE('',*,*,#3403,.F.);
#4453=ORIENTED_EDGE('',*,*,#3408,.T.);
#4454=ORIENTED_EDGE('',*,*,#3408,.F.);
#4455=ORIENTED_EDGE('',*,*,#3405,.F.);
#4456=ORIENTED_EDGE('',*,*,#3400,.F.);
#4457=ORIENTED_EDGE('',*,*,#3409,.F.);
#4458=ORIENTED_EDGE('',*,*,#3391,.F.);
#4459=ORIENTED_EDGE('',*,*,#3410,.T.);
#4460=ORIENTED_EDGE('',*,*,#3411,.T.);
#4461=ORIENTED_EDGE('',*,*,#3412,.F.);
#4462=ORIENTED_EDGE('',*,*,#3411,.F.);
#4463=ORIENTED_EDGE('',*,*,#3413,.F.);
#4464=ORIENTED_EDGE('',*,*,#3414,.F.);
#4465=ORIENTED_EDGE('',*,*,#3415,.F.);
#4466=ORIENTED_EDGE('',*,*,#3407,.F.);
#4467=ORIENTED_EDGE('',*,*,#3416,.F.);
#4468=ORIENTED_EDGE('',*,*,#3417,.T.);
#4469=ORIENTED_EDGE('',*,*,#3418,.T.);
#4470=ORIENTED_EDGE('',*,*,#3404,.F.);
#4471=ORIENTED_EDGE('',*,*,#3418,.F.);
#4472=ORIENTED_EDGE('',*,*,#3419,.T.);
#4473=ORIENTED_EDGE('',*,*,#3420,.F.);
#4474=ORIENTED_EDGE('',*,*,#3396,.F.);
#4475=ORIENTED_EDGE('',*,*,#3421,.T.);
#4476=ORIENTED_EDGE('',*,*,#3414,.T.);
#4477=ORIENTED_EDGE('',*,*,#3422,.T.);
#4478=ORIENTED_EDGE('',*,*,#3381,.T.);
#4479=ORIENTED_EDGE('',*,*,#3423,.T.);
#4480=ORIENTED_EDGE('',*,*,#3424,.T.);
#4481=ORIENTED_EDGE('',*,*,#3425,.T.);
#4482=ORIENTED_EDGE('',*,*,#3426,.T.);
#4483=ORIENTED_EDGE('',*,*,#3427,.T.);
#4484=ORIENTED_EDGE('',*,*,#3428,.T.);
#4485=ORIENTED_EDGE('',*,*,#3429,.T.);
#4486=ORIENTED_EDGE('',*,*,#3430,.T.);
#4487=ORIENTED_EDGE('',*,*,#3431,.T.);
#4488=ORIENTED_EDGE('',*,*,#3432,.T.);
#4489=ORIENTED_EDGE('',*,*,#3433,.T.);
#4490=ORIENTED_EDGE('',*,*,#3434,.T.);
#4491=ORIENTED_EDGE('',*,*,#3435,.T.);
#4492=ORIENTED_EDGE('',*,*,#3436,.T.);
#4493=ORIENTED_EDGE('',*,*,#3437,.T.);
#4494=ORIENTED_EDGE('',*,*,#3438,.T.);
#4495=ORIENTED_EDGE('',*,*,#3439,.T.);
#4496=ORIENTED_EDGE('',*,*,#3440,.T.);
#4497=ORIENTED_EDGE('',*,*,#3441,.T.);
#4498=ORIENTED_EDGE('',*,*,#3442,.T.);
#4499=ORIENTED_EDGE('',*,*,#3443,.T.);
#4500=ORIENTED_EDGE('',*,*,#3444,.T.);
#4501=ORIENTED_EDGE('',*,*,#3445,.T.);
#4502=ORIENTED_EDGE('',*,*,#3446,.T.);
#4503=ORIENTED_EDGE('',*,*,#3447,.T.);
#4504=ORIENTED_EDGE('',*,*,#3448,.T.);
#4505=ORIENTED_EDGE('',*,*,#3449,.T.);
#4506=ORIENTED_EDGE('',*,*,#3450,.T.);
#4507=ORIENTED_EDGE('',*,*,#3451,.T.);
#4508=ORIENTED_EDGE('',*,*,#3452,.T.);
#4509=ORIENTED_EDGE('',*,*,#3453,.F.);
#4510=ORIENTED_EDGE('',*,*,#3454,.T.);
#4511=ORIENTED_EDGE('',*,*,#3421,.F.);
#4512=ORIENTED_EDGE('',*,*,#3455,.T.);
#4513=ORIENTED_EDGE('',*,*,#3456,.T.);
#4514=ORIENTED_EDGE('',*,*,#3457,.T.);
#4515=ORIENTED_EDGE('',*,*,#3458,.T.);
#4516=ORIENTED_EDGE('',*,*,#3459,.T.);
#4517=ORIENTED_EDGE('',*,*,#3460,.T.);
#4518=ORIENTED_EDGE('',*,*,#3461,.T.);
#4519=ORIENTED_EDGE('',*,*,#3462,.T.);
#4520=ORIENTED_EDGE('',*,*,#3385,.T.);
#4521=ORIENTED_EDGE('',*,*,#3378,.F.);
#4522=ORIENTED_EDGE('',*,*,#3382,.T.);
#4523=ORIENTED_EDGE('',*,*,#3376,.F.);
#4524=ORIENTED_EDGE('',*,*,#3402,.F.);
#4525=ORIENTED_EDGE('',*,*,#3420,.T.);
#4526=ORIENTED_EDGE('',*,*,#3463,.T.);
#4527=ORIENTED_EDGE('',*,*,#3453,.T.);
#4528=ORIENTED_EDGE('',*,*,#3393,.F.);
#4529=ORIENTED_EDGE('',*,*,#3422,.F.);
#4530=ORIENTED_EDGE('',*,*,#3413,.T.);
#4531=ORIENTED_EDGE('',*,*,#3410,.F.);
#4532=ORIENTED_EDGE('',*,*,#3415,.T.);
#4533=ORIENTED_EDGE('',*,*,#3454,.F.);
#4534=ORIENTED_EDGE('',*,*,#3464,.T.);
#4535=ORIENTED_EDGE('',*,*,#3465,.F.);
#4536=ORIENTED_EDGE('',*,*,#3398,.T.);
#4537=ORIENTED_EDGE('',*,*,#3388,.T.);
#4538=ORIENTED_EDGE('',*,*,#3466,.F.);
#4539=ORIENTED_EDGE('',*,*,#3467,.T.);
#4540=ORIENTED_EDGE('',*,*,#3455,.F.);
#4541=ORIENTED_EDGE('',*,*,#3395,.T.);
#4542=ORIENTED_EDGE('',*,*,#3417,.F.);
#4543=ORIENTED_EDGE('',*,*,#3464,.F.);
#4544=ORIENTED_EDGE('',*,*,#3463,.F.);
#4545=ORIENTED_EDGE('',*,*,#3419,.F.);
#4546=ORIENTED_EDGE('',*,*,#3409,.T.);
#4547=ORIENTED_EDGE('',*,*,#3399,.F.);
#4548=ORIENTED_EDGE('',*,*,#3452,.F.);
#4549=ORIENTED_EDGE('',*,*,#3468,.F.);
#4550=ORIENTED_EDGE('',*,*,#3469,.F.);
#4551=ORIENTED_EDGE('',*,*,#3406,.F.);
#4552=ORIENTED_EDGE('',*,*,#3470,.F.);
#4553=ORIENTED_EDGE('',*,*,#3471,.T.);
#4554=ORIENTED_EDGE('',*,*,#3472,.T.);
#4555=ORIENTED_EDGE('',*,*,#3473,.F.);
#4556=ORIENTED_EDGE('',*,*,#3474,.T.);
#4557=ORIENTED_EDGE('',*,*,#3475,.T.);
#4558=ORIENTED_EDGE('',*,*,#3476,.T.);
#4559=ORIENTED_EDGE('',*,*,#3477,.T.);
#4560=ORIENTED_EDGE('',*,*,#3478,.T.);
#4561=ORIENTED_EDGE('',*,*,#3479,.T.);
#4562=ORIENTED_EDGE('',*,*,#3480,.T.);
#4563=ORIENTED_EDGE('',*,*,#3476,.F.);
#4564=ORIENTED_EDGE('',*,*,#3481,.T.);
#4565=ORIENTED_EDGE('',*,*,#3482,.T.);
#4566=ORIENTED_EDGE('',*,*,#3483,.T.);
#4567=ORIENTED_EDGE('',*,*,#3466,.T.);
#4568=ORIENTED_EDGE('',*,*,#3412,.T.);
#4569=ORIENTED_EDGE('',*,*,#3465,.T.);
#4570=ORIENTED_EDGE('',*,*,#3416,.T.);
#4571=ORIENTED_EDGE('',*,*,#3469,.T.);
#4572=ORIENTED_EDGE('',*,*,#3484,.T.);
#4573=ORIENTED_EDGE('',*,*,#3485,.T.);
#4574=ORIENTED_EDGE('',*,*,#3486,.T.);
#4575=ORIENTED_EDGE('',*,*,#3483,.F.);
#4576=ORIENTED_EDGE('',*,*,#3487,.T.);
#4577=ORIENTED_EDGE('',*,*,#3488,.T.);
#4578=ORIENTED_EDGE('',*,*,#3489,.T.);
#4579=ORIENTED_EDGE('',*,*,#3485,.F.);
#4580=ORIENTED_EDGE('',*,*,#3490,.T.);
#4581=ORIENTED_EDGE('',*,*,#3491,.T.);
#4582=ORIENTED_EDGE('',*,*,#3492,.T.);
#4583=ORIENTED_EDGE('',*,*,#3488,.F.);
#4584=ORIENTED_EDGE('',*,*,#3493,.T.);
#4585=ORIENTED_EDGE('',*,*,#3494,.T.);
#4586=ORIENTED_EDGE('',*,*,#3495,.T.);
#4587=ORIENTED_EDGE('',*,*,#3491,.F.);
#4588=ORIENTED_EDGE('',*,*,#3496,.T.);
#4589=ORIENTED_EDGE('',*,*,#3497,.T.);
#4590=ORIENTED_EDGE('',*,*,#3498,.T.);
#4591=ORIENTED_EDGE('',*,*,#3494,.F.);
#4592=ORIENTED_EDGE('',*,*,#3499,.T.);
#4593=ORIENTED_EDGE('',*,*,#3497,.F.);
#4594=ORIENTED_EDGE('',*,*,#3500,.T.);
#4595=ORIENTED_EDGE('',*,*,#3501,.T.);
#4596=ORIENTED_EDGE('',*,*,#3502,.T.);
#4597=ORIENTED_EDGE('',*,*,#3501,.F.);
#4598=ORIENTED_EDGE('',*,*,#3503,.T.);
#4599=ORIENTED_EDGE('',*,*,#3504,.T.);
#4600=ORIENTED_EDGE('',*,*,#3379,.T.);
#4601=ORIENTED_EDGE('',*,*,#3366,.T.);
#4602=ORIENTED_EDGE('',*,*,#3384,.T.);
#4603=ORIENTED_EDGE('',*,*,#3371,.T.);
#4604=ORIENTED_EDGE('',*,*,#3387,.T.);
#4605=ORIENTED_EDGE('',*,*,#3504,.F.);
#4606=ORIENTED_EDGE('',*,*,#3505,.T.);
#4607=ORIENTED_EDGE('',*,*,#3506,.T.);
#4608=ORIENTED_EDGE('',*,*,#3507,.T.);
#4609=ORIENTED_EDGE('',*,*,#3506,.F.);
#4610=ORIENTED_EDGE('',*,*,#3508,.T.);
#4611=ORIENTED_EDGE('',*,*,#3509,.T.);
#4612=ORIENTED_EDGE('',*,*,#3510,.T.);
#4613=ORIENTED_EDGE('',*,*,#3509,.F.);
#4614=ORIENTED_EDGE('',*,*,#3511,.T.);
#4615=ORIENTED_EDGE('',*,*,#3512,.T.);
#4616=ORIENTED_EDGE('',*,*,#3513,.T.);
#4617=ORIENTED_EDGE('',*,*,#3512,.F.);
#4618=ORIENTED_EDGE('',*,*,#3514,.T.);
#4619=ORIENTED_EDGE('',*,*,#3515,.T.);
#4620=ORIENTED_EDGE('',*,*,#3516,.T.);
#4621=ORIENTED_EDGE('',*,*,#3481,.F.);
#4622=ORIENTED_EDGE('',*,*,#3517,.T.);
#4623=ORIENTED_EDGE('',*,*,#3479,.F.);
#4624=ORIENTED_EDGE('',*,*,#3518,.T.);
#4625=ORIENTED_EDGE('',*,*,#3519,.T.);
#4626=ORIENTED_EDGE('',*,*,#3520,.T.);
#4627=ORIENTED_EDGE('',*,*,#3515,.F.);
#4628=ORIENTED_EDGE('',*,*,#3521,.T.);
#4629=ORIENTED_EDGE('',*,*,#3522,.T.);
#4630=ORIENTED_EDGE('',*,*,#3474,.F.);
#4631=ORIENTED_EDGE('',*,*,#3523,.T.);
#4632=ORIENTED_EDGE('',*,*,#3521,.F.);
#4633=ORIENTED_EDGE('',*,*,#3524,.T.);
#4634=ORIENTED_EDGE('',*,*,#3525,.T.);
#4635=ORIENTED_EDGE('',*,*,#3526,.T.);
#4636=ORIENTED_EDGE('',*,*,#3507,.F.);
#4637=ORIENTED_EDGE('',*,*,#3527,.T.);
#4638=ORIENTED_EDGE('',*,*,#3423,.F.);
#4639=ORIENTED_EDGE('',*,*,#3380,.F.);
#4640=ORIENTED_EDGE('',*,*,#3510,.F.);
#4641=ORIENTED_EDGE('',*,*,#3528,.T.);
#4642=ORIENTED_EDGE('',*,*,#3424,.F.);
#4643=ORIENTED_EDGE('',*,*,#3527,.F.);
#4644=ORIENTED_EDGE('',*,*,#3513,.F.);
#4645=ORIENTED_EDGE('',*,*,#3529,.T.);
#4646=ORIENTED_EDGE('',*,*,#3425,.F.);
#4647=ORIENTED_EDGE('',*,*,#3528,.F.);
#4648=ORIENTED_EDGE('',*,*,#3520,.F.);
#4649=ORIENTED_EDGE('',*,*,#3530,.T.);
#4650=ORIENTED_EDGE('',*,*,#3426,.F.);
#4651=ORIENTED_EDGE('',*,*,#3529,.F.);
#4652=ORIENTED_EDGE('',*,*,#3519,.F.);
#4653=ORIENTED_EDGE('',*,*,#3531,.F.);
#4654=ORIENTED_EDGE('',*,*,#3472,.F.);
#4655=ORIENTED_EDGE('',*,*,#3532,.T.);
#4656=ORIENTED_EDGE('',*,*,#3533,.F.);
#4657=ORIENTED_EDGE('',*,*,#3534,.F.);
#4658=ORIENTED_EDGE('',*,*,#3535,.T.);
#4659=ORIENTED_EDGE('',*,*,#3427,.F.);
#4660=ORIENTED_EDGE('',*,*,#3530,.F.);
#4661=ORIENTED_EDGE('',*,*,#3518,.F.);
#4662=ORIENTED_EDGE('',*,*,#3514,.F.);
#4663=ORIENTED_EDGE('',*,*,#3511,.F.);
#4664=ORIENTED_EDGE('',*,*,#3508,.F.);
#4665=ORIENTED_EDGE('',*,*,#3505,.F.);
#4666=ORIENTED_EDGE('',*,*,#3503,.F.);
#4667=ORIENTED_EDGE('',*,*,#3500,.F.);
#4668=ORIENTED_EDGE('',*,*,#3496,.F.);
#4669=ORIENTED_EDGE('',*,*,#3493,.F.);
#4670=ORIENTED_EDGE('',*,*,#3490,.F.);
#4671=ORIENTED_EDGE('',*,*,#3487,.F.);
#4672=ORIENTED_EDGE('',*,*,#3484,.F.);
#4673=ORIENTED_EDGE('',*,*,#3482,.F.);
#4674=ORIENTED_EDGE('',*,*,#3516,.F.);
#4675=ORIENTED_EDGE('',*,*,#3478,.F.);
#4676=ORIENTED_EDGE('',*,*,#3475,.F.);
#4677=ORIENTED_EDGE('',*,*,#3522,.F.);
#4678=ORIENTED_EDGE('',*,*,#3526,.F.);
#4679=ORIENTED_EDGE('',*,*,#3536,.T.);
#4680=ORIENTED_EDGE('',*,*,#3473,.T.);
#4681=ORIENTED_EDGE('',*,*,#3531,.T.);
#4682=ORIENTED_EDGE('',*,*,#3323,.T.);
#4683=ORIENTED_EDGE('',*,*,#3326,.T.);
#4684=ORIENTED_EDGE('',*,*,#3329,.T.);
#4685=ORIENTED_EDGE('',*,*,#3320,.T.);
#4686=ORIENTED_EDGE('',*,*,#3309,.F.);
#4687=ORIENTED_EDGE('',*,*,#3313,.T.);
#4688=ORIENTED_EDGE('',*,*,#3316,.F.);
#4689=ORIENTED_EDGE('',*,*,#3319,.T.);
#4690=ORIENTED_EDGE('',*,*,#3334,.T.);
#4691=ORIENTED_EDGE('',*,*,#3337,.T.);
#4692=ORIENTED_EDGE('',*,*,#3340,.T.);
#4693=ORIENTED_EDGE('',*,*,#3331,.T.);
#4694=ORIENTED_EDGE('',*,*,#3303,.F.);
#4695=ORIENTED_EDGE('',*,*,#3305,.T.);
#4696=ORIENTED_EDGE('',*,*,#3296,.F.);
#4697=ORIENTED_EDGE('',*,*,#3300,.T.);
#4698=ORIENTED_EDGE('',*,*,#3537,.F.);
#4699=ORIENTED_EDGE('',*,*,#3538,.F.);
#4700=ORIENTED_EDGE('',*,*,#3539,.F.);
#4701=ORIENTED_EDGE('',*,*,#3540,.F.);
#4702=ORIENTED_EDGE('',*,*,#3541,.F.);
#4703=ORIENTED_EDGE('',*,*,#3542,.F.);
#4704=ORIENTED_EDGE('',*,*,#3543,.F.);
#4705=ORIENTED_EDGE('',*,*,#3544,.F.);
#4706=ORIENTED_EDGE('',*,*,#3545,.F.);
#4707=ORIENTED_EDGE('',*,*,#3546,.F.);
#4708=ORIENTED_EDGE('',*,*,#3547,.F.);
#4709=ORIENTED_EDGE('',*,*,#3548,.F.);
#4710=ORIENTED_EDGE('',*,*,#3549,.F.);
#4711=ORIENTED_EDGE('',*,*,#3550,.F.);
#4712=ORIENTED_EDGE('',*,*,#3551,.F.);
#4713=ORIENTED_EDGE('',*,*,#3552,.F.);
#4714=ORIENTED_EDGE('',*,*,#3553,.F.);
#4715=ORIENTED_EDGE('',*,*,#3554,.F.);
#4716=ORIENTED_EDGE('',*,*,#3555,.F.);
#4717=ORIENTED_EDGE('',*,*,#3532,.F.);
#4718=ORIENTED_EDGE('',*,*,#3471,.F.);
#4719=ORIENTED_EDGE('',*,*,#3324,.T.);
#4720=ORIENTED_EDGE('',*,*,#3317,.T.);
#4721=ORIENTED_EDGE('',*,*,#3314,.F.);
#4722=ORIENTED_EDGE('',*,*,#3311,.T.);
#4723=ORIENTED_EDGE('',*,*,#3307,.F.);
#4724=ORIENTED_EDGE('',*,*,#3322,.T.);
#4725=ORIENTED_EDGE('',*,*,#3330,.T.);
#4726=ORIENTED_EDGE('',*,*,#3327,.T.);
#4727=ORIENTED_EDGE('',*,*,#3335,.T.);
#4728=ORIENTED_EDGE('',*,*,#3298,.T.);
#4729=ORIENTED_EDGE('',*,*,#3294,.F.);
#4730=ORIENTED_EDGE('',*,*,#3306,.T.);
#4731=ORIENTED_EDGE('',*,*,#3301,.F.);
#4732=ORIENTED_EDGE('',*,*,#3333,.T.);
#4733=ORIENTED_EDGE('',*,*,#3341,.T.);
#4734=ORIENTED_EDGE('',*,*,#3338,.T.);
#4735=ORIENTED_EDGE('',*,*,#3556,.F.);
#4736=ORIENTED_EDGE('',*,*,#3557,.T.);
#4737=ORIENTED_EDGE('',*,*,#3445,.F.);
#4738=ORIENTED_EDGE('',*,*,#3558,.F.);
#4739=ORIENTED_EDGE('',*,*,#3559,.F.);
#4740=ORIENTED_EDGE('',*,*,#3558,.T.);
#4741=ORIENTED_EDGE('',*,*,#3444,.F.);
#4742=ORIENTED_EDGE('',*,*,#3560,.F.);
#4743=ORIENTED_EDGE('',*,*,#3561,.F.);
#4744=ORIENTED_EDGE('',*,*,#3560,.T.);
#4745=ORIENTED_EDGE('',*,*,#3443,.F.);
#4746=ORIENTED_EDGE('',*,*,#3562,.F.);
#4747=ORIENTED_EDGE('',*,*,#3563,.F.);
#4748=ORIENTED_EDGE('',*,*,#3562,.T.);
#4749=ORIENTED_EDGE('',*,*,#3442,.F.);
#4750=ORIENTED_EDGE('',*,*,#3564,.F.);
#4751=ORIENTED_EDGE('',*,*,#3565,.F.);
#4752=ORIENTED_EDGE('',*,*,#3564,.T.);
#4753=ORIENTED_EDGE('',*,*,#3441,.F.);
#4754=ORIENTED_EDGE('',*,*,#3566,.F.);
#4755=ORIENTED_EDGE('',*,*,#3567,.F.);
#4756=ORIENTED_EDGE('',*,*,#3566,.T.);
#4757=ORIENTED_EDGE('',*,*,#3440,.F.);
#4758=ORIENTED_EDGE('',*,*,#3568,.F.);
#4759=ORIENTED_EDGE('',*,*,#3569,.F.);
#4760=ORIENTED_EDGE('',*,*,#3568,.T.);
#4761=ORIENTED_EDGE('',*,*,#3439,.F.);
#4762=ORIENTED_EDGE('',*,*,#3570,.F.);
#4763=ORIENTED_EDGE('',*,*,#3571,.F.);
#4764=ORIENTED_EDGE('',*,*,#3570,.T.);
#4765=ORIENTED_EDGE('',*,*,#3438,.F.);
#4766=ORIENTED_EDGE('',*,*,#3572,.F.);
#4767=ORIENTED_EDGE('',*,*,#3573,.F.);
#4768=ORIENTED_EDGE('',*,*,#3572,.T.);
#4769=ORIENTED_EDGE('',*,*,#3437,.F.);
#4770=ORIENTED_EDGE('',*,*,#3574,.F.);
#4771=ORIENTED_EDGE('',*,*,#3575,.F.);
#4772=ORIENTED_EDGE('',*,*,#3574,.T.);
#4773=ORIENTED_EDGE('',*,*,#3436,.F.);
#4774=ORIENTED_EDGE('',*,*,#3576,.F.);
#4775=ORIENTED_EDGE('',*,*,#3577,.F.);
#4776=ORIENTED_EDGE('',*,*,#3576,.T.);
#4777=ORIENTED_EDGE('',*,*,#3435,.F.);
#4778=ORIENTED_EDGE('',*,*,#3578,.F.);
#4779=ORIENTED_EDGE('',*,*,#3579,.F.);
#4780=ORIENTED_EDGE('',*,*,#3578,.T.);
#4781=ORIENTED_EDGE('',*,*,#3434,.F.);
#4782=ORIENTED_EDGE('',*,*,#3580,.F.);
#4783=ORIENTED_EDGE('',*,*,#3581,.F.);
#4784=ORIENTED_EDGE('',*,*,#3580,.T.);
#4785=ORIENTED_EDGE('',*,*,#3433,.F.);
#4786=ORIENTED_EDGE('',*,*,#3582,.F.);
#4787=ORIENTED_EDGE('',*,*,#3583,.F.);
#4788=ORIENTED_EDGE('',*,*,#3582,.T.);
#4789=ORIENTED_EDGE('',*,*,#3432,.F.);
#4790=ORIENTED_EDGE('',*,*,#3584,.F.);
#4791=ORIENTED_EDGE('',*,*,#3585,.F.);
#4792=ORIENTED_EDGE('',*,*,#3584,.T.);
#4793=ORIENTED_EDGE('',*,*,#3431,.F.);
#4794=ORIENTED_EDGE('',*,*,#3586,.F.);
#4795=ORIENTED_EDGE('',*,*,#3587,.F.);
#4796=ORIENTED_EDGE('',*,*,#3586,.T.);
#4797=ORIENTED_EDGE('',*,*,#3430,.F.);
#4798=ORIENTED_EDGE('',*,*,#3588,.F.);
#4799=ORIENTED_EDGE('',*,*,#3589,.F.);
#4800=ORIENTED_EDGE('',*,*,#3588,.T.);
#4801=ORIENTED_EDGE('',*,*,#3429,.F.);
#4802=ORIENTED_EDGE('',*,*,#3590,.F.);
#4803=ORIENTED_EDGE('',*,*,#3591,.F.);
#4804=ORIENTED_EDGE('',*,*,#3590,.T.);
#4805=ORIENTED_EDGE('',*,*,#3428,.F.);
#4806=ORIENTED_EDGE('',*,*,#3535,.F.);
#4807=ORIENTED_EDGE('',*,*,#3523,.F.);
#4808=ORIENTED_EDGE('',*,*,#3592,.T.);
#4809=ORIENTED_EDGE('',*,*,#3448,.F.);
#4810=ORIENTED_EDGE('',*,*,#3593,.F.);
#4811=ORIENTED_EDGE('',*,*,#3477,.F.);
#4812=ORIENTED_EDGE('',*,*,#3594,.T.);
#4813=ORIENTED_EDGE('',*,*,#3449,.F.);
#4814=ORIENTED_EDGE('',*,*,#3592,.F.);
#4815=ORIENTED_EDGE('',*,*,#3480,.F.);
#4816=ORIENTED_EDGE('',*,*,#3595,.T.);
#4817=ORIENTED_EDGE('',*,*,#3450,.F.);
#4818=ORIENTED_EDGE('',*,*,#3594,.F.);
#4819=ORIENTED_EDGE('',*,*,#3517,.F.);
#4820=ORIENTED_EDGE('',*,*,#3468,.T.);
#4821=ORIENTED_EDGE('',*,*,#3451,.F.);
#4822=ORIENTED_EDGE('',*,*,#3595,.F.);
#4823=ORIENTED_EDGE('',*,*,#3486,.F.);
#4824=ORIENTED_EDGE('',*,*,#3596,.T.);
#4825=ORIENTED_EDGE('',*,*,#3456,.F.);
#4826=ORIENTED_EDGE('',*,*,#3467,.F.);
#4827=ORIENTED_EDGE('',*,*,#3489,.F.);
#4828=ORIENTED_EDGE('',*,*,#3597,.T.);
#4829=ORIENTED_EDGE('',*,*,#3457,.F.);
#4830=ORIENTED_EDGE('',*,*,#3596,.F.);
#4831=ORIENTED_EDGE('',*,*,#3492,.F.);
#4832=ORIENTED_EDGE('',*,*,#3598,.T.);
#4833=ORIENTED_EDGE('',*,*,#3458,.F.);
#4834=ORIENTED_EDGE('',*,*,#3597,.F.);
#4835=ORIENTED_EDGE('',*,*,#3495,.F.);
#4836=ORIENTED_EDGE('',*,*,#3599,.T.);
#4837=ORIENTED_EDGE('',*,*,#3459,.F.);
#4838=ORIENTED_EDGE('',*,*,#3598,.F.);
#4839=ORIENTED_EDGE('',*,*,#3498,.F.);
#4840=ORIENTED_EDGE('',*,*,#3600,.T.);
#4841=ORIENTED_EDGE('',*,*,#3460,.F.);
#4842=ORIENTED_EDGE('',*,*,#3599,.F.);
#4843=ORIENTED_EDGE('',*,*,#3499,.F.);
#4844=ORIENTED_EDGE('',*,*,#3601,.T.);
#4845=ORIENTED_EDGE('',*,*,#3461,.F.);
#4846=ORIENTED_EDGE('',*,*,#3600,.F.);
#4847=ORIENTED_EDGE('',*,*,#3502,.F.);
#4848=ORIENTED_EDGE('',*,*,#3386,.T.);
#4849=ORIENTED_EDGE('',*,*,#3462,.F.);
#4850=ORIENTED_EDGE('',*,*,#3601,.F.);
#4851=ORIENTED_EDGE('',*,*,#3524,.F.);
#4852=ORIENTED_EDGE('',*,*,#3593,.T.);
#4853=ORIENTED_EDGE('',*,*,#3447,.F.);
#4854=ORIENTED_EDGE('',*,*,#3602,.T.);
#4855=ORIENTED_EDGE('',*,*,#3525,.F.);
#4856=ORIENTED_EDGE('',*,*,#3602,.F.);
#4857=ORIENTED_EDGE('',*,*,#3446,.F.);
#4858=ORIENTED_EDGE('',*,*,#3557,.F.);
#4859=ORIENTED_EDGE('',*,*,#3603,.F.);
#4860=ORIENTED_EDGE('',*,*,#3604,.T.);
#4861=ORIENTED_EDGE('',*,*,#3537,.T.);
#4862=ORIENTED_EDGE('',*,*,#3470,.T.);
#4863=ORIENTED_EDGE('',*,*,#3536,.F.);
#4864=ORIENTED_EDGE('',*,*,#3555,.T.);
#4865=ORIENTED_EDGE('',*,*,#3605,.F.);
#4866=ORIENTED_EDGE('',*,*,#3606,.T.);
#4867=ORIENTED_EDGE('',*,*,#3533,.T.);
#4868=ORIENTED_EDGE('',*,*,#3554,.T.);
#4869=ORIENTED_EDGE('',*,*,#3607,.F.);
#4870=ORIENTED_EDGE('',*,*,#3608,.T.);
#4871=ORIENTED_EDGE('',*,*,#3605,.T.);
#4872=ORIENTED_EDGE('',*,*,#3553,.T.);
#4873=ORIENTED_EDGE('',*,*,#3609,.F.);
#4874=ORIENTED_EDGE('',*,*,#3610,.T.);
#4875=ORIENTED_EDGE('',*,*,#3607,.T.);
#4876=ORIENTED_EDGE('',*,*,#3552,.T.);
#4877=ORIENTED_EDGE('',*,*,#3611,.F.);
#4878=ORIENTED_EDGE('',*,*,#3612,.T.);
#4879=ORIENTED_EDGE('',*,*,#3609,.T.);
#4880=ORIENTED_EDGE('',*,*,#3551,.T.);
#4881=ORIENTED_EDGE('',*,*,#3613,.F.);
#4882=ORIENTED_EDGE('',*,*,#3614,.T.);
#4883=ORIENTED_EDGE('',*,*,#3611,.T.);
#4884=ORIENTED_EDGE('',*,*,#3550,.T.);
#4885=ORIENTED_EDGE('',*,*,#3615,.F.);
#4886=ORIENTED_EDGE('',*,*,#3616,.T.);
#4887=ORIENTED_EDGE('',*,*,#3613,.T.);
#4888=ORIENTED_EDGE('',*,*,#3549,.T.);
#4889=ORIENTED_EDGE('',*,*,#3617,.F.);
#4890=ORIENTED_EDGE('',*,*,#3618,.T.);
#4891=ORIENTED_EDGE('',*,*,#3615,.T.);
#4892=ORIENTED_EDGE('',*,*,#3548,.T.);
#4893=ORIENTED_EDGE('',*,*,#3619,.F.);
#4894=ORIENTED_EDGE('',*,*,#3620,.T.);
#4895=ORIENTED_EDGE('',*,*,#3617,.T.);
#4896=ORIENTED_EDGE('',*,*,#3547,.T.);
#4897=ORIENTED_EDGE('',*,*,#3621,.F.);
#4898=ORIENTED_EDGE('',*,*,#3622,.T.);
#4899=ORIENTED_EDGE('',*,*,#3619,.T.);
#4900=ORIENTED_EDGE('',*,*,#3546,.T.);
#4901=ORIENTED_EDGE('',*,*,#3623,.F.);
#4902=ORIENTED_EDGE('',*,*,#3624,.T.);
#4903=ORIENTED_EDGE('',*,*,#3621,.T.);
#4904=ORIENTED_EDGE('',*,*,#3545,.T.);
#4905=ORIENTED_EDGE('',*,*,#3625,.F.);
#4906=ORIENTED_EDGE('',*,*,#3626,.T.);
#4907=ORIENTED_EDGE('',*,*,#3623,.T.);
#4908=ORIENTED_EDGE('',*,*,#3544,.T.);
#4909=ORIENTED_EDGE('',*,*,#3627,.F.);
#4910=ORIENTED_EDGE('',*,*,#3628,.T.);
#4911=ORIENTED_EDGE('',*,*,#3625,.T.);
#4912=ORIENTED_EDGE('',*,*,#3543,.T.);
#4913=ORIENTED_EDGE('',*,*,#3629,.F.);
#4914=ORIENTED_EDGE('',*,*,#3630,.T.);
#4915=ORIENTED_EDGE('',*,*,#3627,.T.);
#4916=ORIENTED_EDGE('',*,*,#3542,.T.);
#4917=ORIENTED_EDGE('',*,*,#3631,.F.);
#4918=ORIENTED_EDGE('',*,*,#3632,.T.);
#4919=ORIENTED_EDGE('',*,*,#3629,.T.);
#4920=ORIENTED_EDGE('',*,*,#3541,.T.);
#4921=ORIENTED_EDGE('',*,*,#3633,.F.);
#4922=ORIENTED_EDGE('',*,*,#3634,.T.);
#4923=ORIENTED_EDGE('',*,*,#3631,.T.);
#4924=ORIENTED_EDGE('',*,*,#3540,.T.);
#4925=ORIENTED_EDGE('',*,*,#3635,.F.);
#4926=ORIENTED_EDGE('',*,*,#3636,.T.);
#4927=ORIENTED_EDGE('',*,*,#3633,.T.);
#4928=ORIENTED_EDGE('',*,*,#3539,.T.);
#4929=ORIENTED_EDGE('',*,*,#3637,.F.);
#4930=ORIENTED_EDGE('',*,*,#3638,.T.);
#4931=ORIENTED_EDGE('',*,*,#3635,.T.);
#4932=ORIENTED_EDGE('',*,*,#3538,.T.);
#4933=ORIENTED_EDGE('',*,*,#3604,.F.);
#4934=ORIENTED_EDGE('',*,*,#3639,.T.);
#4935=ORIENTED_EDGE('',*,*,#3637,.T.);
#4936=ORIENTED_EDGE('',*,*,#3591,.T.);
#4937=ORIENTED_EDGE('',*,*,#3534,.T.);
#4938=ORIENTED_EDGE('',*,*,#3606,.F.);
#4939=ORIENTED_EDGE('',*,*,#3608,.F.);
#4940=ORIENTED_EDGE('',*,*,#3610,.F.);
#4941=ORIENTED_EDGE('',*,*,#3612,.F.);
#4942=ORIENTED_EDGE('',*,*,#3614,.F.);
#4943=ORIENTED_EDGE('',*,*,#3616,.F.);
#4944=ORIENTED_EDGE('',*,*,#3618,.F.);
#4945=ORIENTED_EDGE('',*,*,#3620,.F.);
#4946=ORIENTED_EDGE('',*,*,#3622,.F.);
#4947=ORIENTED_EDGE('',*,*,#3624,.F.);
#4948=ORIENTED_EDGE('',*,*,#3626,.F.);
#4949=ORIENTED_EDGE('',*,*,#3628,.F.);
#4950=ORIENTED_EDGE('',*,*,#3630,.F.);
#4951=ORIENTED_EDGE('',*,*,#3632,.F.);
#4952=ORIENTED_EDGE('',*,*,#3634,.F.);
#4953=ORIENTED_EDGE('',*,*,#3636,.F.);
#4954=ORIENTED_EDGE('',*,*,#3638,.F.);
#4955=ORIENTED_EDGE('',*,*,#3639,.F.);
#4956=ORIENTED_EDGE('',*,*,#3603,.T.);
#4957=ORIENTED_EDGE('',*,*,#3556,.T.);
#4958=ORIENTED_EDGE('',*,*,#3559,.T.);
#4959=ORIENTED_EDGE('',*,*,#3561,.T.);
#4960=ORIENTED_EDGE('',*,*,#3563,.T.);
#4961=ORIENTED_EDGE('',*,*,#3565,.T.);
#4962=ORIENTED_EDGE('',*,*,#3567,.T.);
#4963=ORIENTED_EDGE('',*,*,#3569,.T.);
#4964=ORIENTED_EDGE('',*,*,#3571,.T.);
#4965=ORIENTED_EDGE('',*,*,#3573,.T.);
#4966=ORIENTED_EDGE('',*,*,#3575,.T.);
#4967=ORIENTED_EDGE('',*,*,#3577,.T.);
#4968=ORIENTED_EDGE('',*,*,#3579,.T.);
#4969=ORIENTED_EDGE('',*,*,#3581,.T.);
#4970=ORIENTED_EDGE('',*,*,#3583,.T.);
#4971=ORIENTED_EDGE('',*,*,#3585,.T.);
#4972=ORIENTED_EDGE('',*,*,#3587,.T.);
#4973=ORIENTED_EDGE('',*,*,#3589,.T.);
#4974=ORIENTED_EDGE('',*,*,#3640,.T.);
#4975=ORIENTED_EDGE('',*,*,#3641,.T.);
#4976=ORIENTED_EDGE('',*,*,#3642,.T.);
#4977=ORIENTED_EDGE('',*,*,#3643,.F.);
#4978=ORIENTED_EDGE('',*,*,#3644,.T.);
#4979=ORIENTED_EDGE('',*,*,#3645,.T.);
#4980=ORIENTED_EDGE('',*,*,#3640,.F.);
#4981=ORIENTED_EDGE('',*,*,#3646,.T.);
#4982=ORIENTED_EDGE('',*,*,#3641,.F.);
#4983=ORIENTED_EDGE('',*,*,#3645,.F.);
#4984=ORIENTED_EDGE('',*,*,#3647,.T.);
#4985=ORIENTED_EDGE('',*,*,#3648,.T.);
#4986=ORIENTED_EDGE('',*,*,#3649,.T.);
#4987=ORIENTED_EDGE('',*,*,#3650,.T.);
#4988=ORIENTED_EDGE('',*,*,#3651,.T.);
#4989=ORIENTED_EDGE('',*,*,#3652,.T.);
#4990=ORIENTED_EDGE('',*,*,#3653,.T.);
#4991=ORIENTED_EDGE('',*,*,#3654,.T.);
#4992=ORIENTED_EDGE('',*,*,#3655,.T.);
#4993=ORIENTED_EDGE('',*,*,#3656,.T.);
#4994=ORIENTED_EDGE('',*,*,#3657,.T.);
#4995=ORIENTED_EDGE('',*,*,#3658,.T.);
#4996=ORIENTED_EDGE('',*,*,#3659,.T.);
#4997=ORIENTED_EDGE('',*,*,#3660,.T.);
#4998=ORIENTED_EDGE('',*,*,#3661,.T.);
#4999=ORIENTED_EDGE('',*,*,#3662,.T.);
#5000=ORIENTED_EDGE('',*,*,#3663,.T.);
#5001=ORIENTED_EDGE('',*,*,#3644,.F.);
#5002=ORIENTED_EDGE('',*,*,#3664,.F.);
#5003=ORIENTED_EDGE('',*,*,#3665,.F.);
#5004=ORIENTED_EDGE('',*,*,#3666,.T.);
#5005=ORIENTED_EDGE('',*,*,#3647,.F.);
#5006=ORIENTED_EDGE('',*,*,#3667,.T.);
#5007=ORIENTED_EDGE('',*,*,#3668,.F.);
#5008=ORIENTED_EDGE('',*,*,#3669,.T.);
#5009=ORIENTED_EDGE('',*,*,#3670,.T.);
#5010=ORIENTED_EDGE('',*,*,#3670,.F.);
#5011=ORIENTED_EDGE('',*,*,#3671,.T.);
#5012=ORIENTED_EDGE('',*,*,#3672,.T.);
#5013=ORIENTED_EDGE('',*,*,#3673,.T.);
#5014=ORIENTED_EDGE('',*,*,#3674,.T.);
#5015=ORIENTED_EDGE('',*,*,#3675,.T.);
#5016=ORIENTED_EDGE('',*,*,#3676,.T.);
#5017=ORIENTED_EDGE('',*,*,#3677,.T.);
#5018=ORIENTED_EDGE('',*,*,#3678,.F.);
#5019=ORIENTED_EDGE('',*,*,#3679,.T.);
#5020=ORIENTED_EDGE('',*,*,#3680,.T.);
#5021=ORIENTED_EDGE('',*,*,#3681,.T.);
#5022=ORIENTED_EDGE('',*,*,#3682,.T.);
#5023=ORIENTED_EDGE('',*,*,#3683,.T.);
#5024=ORIENTED_EDGE('',*,*,#3684,.T.);
#5025=ORIENTED_EDGE('',*,*,#3685,.T.);
#5026=ORIENTED_EDGE('',*,*,#3686,.T.);
#5027=ORIENTED_EDGE('',*,*,#3669,.F.);
#5028=ORIENTED_EDGE('',*,*,#3687,.F.);
#5029=ORIENTED_EDGE('',*,*,#3688,.T.);
#5030=ORIENTED_EDGE('',*,*,#3671,.F.);
#5031=ORIENTED_EDGE('',*,*,#3689,.T.);
#5032=ORIENTED_EDGE('',*,*,#3678,.T.);
#5033=ORIENTED_EDGE('',*,*,#3690,.T.);
#5034=ORIENTED_EDGE('',*,*,#3691,.T.);
#5035=ORIENTED_EDGE('',*,*,#3692,.F.);
#5036=ORIENTED_EDGE('',*,*,#3690,.F.);
#5037=ORIENTED_EDGE('',*,*,#3677,.F.);
#5038=ORIENTED_EDGE('',*,*,#3693,.F.);
#5039=ORIENTED_EDGE('',*,*,#3694,.F.);
#5040=ORIENTED_EDGE('',*,*,#3695,.T.);
#5041=ORIENTED_EDGE('',*,*,#3689,.F.);
#5042=ORIENTED_EDGE('',*,*,#3696,.F.);
#5043=ORIENTED_EDGE('',*,*,#3697,.T.);
#5044=ORIENTED_EDGE('',*,*,#3679,.F.);
#5045=ORIENTED_EDGE('',*,*,#3698,.T.);
#5046=ORIENTED_EDGE('',*,*,#3699,.T.);
#5047=ORIENTED_EDGE('',*,*,#3700,.T.);
#5048=ORIENTED_EDGE('',*,*,#3701,.T.);
#5049=ORIENTED_EDGE('',*,*,#3702,.T.);
#5050=ORIENTED_EDGE('',*,*,#3703,.F.);
#5051=ORIENTED_EDGE('',*,*,#3704,.T.);
#5052=ORIENTED_EDGE('',*,*,#3705,.T.);
#5053=ORIENTED_EDGE('',*,*,#3706,.T.);
#5054=ORIENTED_EDGE('',*,*,#3707,.T.);
#5055=ORIENTED_EDGE('',*,*,#3702,.F.);
#5056=ORIENTED_EDGE('',*,*,#3708,.F.);
#5057=ORIENTED_EDGE('',*,*,#3709,.F.);
#5058=ORIENTED_EDGE('',*,*,#3701,.F.);
#5059=ORIENTED_EDGE('',*,*,#3710,.F.);
#5060=ORIENTED_EDGE('',*,*,#3711,.F.);
#5061=ORIENTED_EDGE('',*,*,#3708,.T.);
#5062=ORIENTED_EDGE('',*,*,#3700,.F.);
#5063=ORIENTED_EDGE('',*,*,#3712,.F.);
#5064=ORIENTED_EDGE('',*,*,#3713,.F.);
#5065=ORIENTED_EDGE('',*,*,#3714,.F.);
#5066=ORIENTED_EDGE('',*,*,#3715,.F.);
#5067=ORIENTED_EDGE('',*,*,#3710,.T.);
#5068=ORIENTED_EDGE('',*,*,#3699,.F.);
#5069=ORIENTED_EDGE('',*,*,#3716,.T.);
#5070=ORIENTED_EDGE('',*,*,#3717,.T.);
#5071=ORIENTED_EDGE('',*,*,#3718,.T.);
#5072=ORIENTED_EDGE('',*,*,#3719,.F.);
#5073=ORIENTED_EDGE('',*,*,#3720,.F.);
#5074=ORIENTED_EDGE('',*,*,#3721,.F.);
#5075=ORIENTED_EDGE('',*,*,#3712,.T.);
#5076=ORIENTED_EDGE('',*,*,#3713,.T.);
#5077=ORIENTED_EDGE('',*,*,#3721,.T.);
#5078=ORIENTED_EDGE('',*,*,#3722,.T.);
#5079=ORIENTED_EDGE('',*,*,#3723,.T.);
#5080=ORIENTED_EDGE('',*,*,#3724,.T.);
#5081=ORIENTED_EDGE('',*,*,#3725,.T.);
#5082=ORIENTED_EDGE('',*,*,#3726,.T.);
#5083=ORIENTED_EDGE('',*,*,#3727,.F.);
#5084=ORIENTED_EDGE('',*,*,#3728,.T.);
#5085=ORIENTED_EDGE('',*,*,#3729,.T.);
#5086=ORIENTED_EDGE('',*,*,#3722,.F.);
#5087=ORIENTED_EDGE('',*,*,#3720,.T.);
#5088=ORIENTED_EDGE('',*,*,#3730,.F.);
#5089=ORIENTED_EDGE('',*,*,#3731,.T.);
#5090=ORIENTED_EDGE('',*,*,#3732,.T.);
#5091=ORIENTED_EDGE('',*,*,#3729,.F.);
#5092=ORIENTED_EDGE('',*,*,#3733,.F.);
#5093=ORIENTED_EDGE('',*,*,#3734,.F.);
#5094=ORIENTED_EDGE('',*,*,#3714,.T.);
#5095=ORIENTED_EDGE('',*,*,#3728,.F.);
#5096=ORIENTED_EDGE('',*,*,#3735,.F.);
#5097=ORIENTED_EDGE('',*,*,#3733,.T.);
#5098=ORIENTED_EDGE('',*,*,#3736,.T.);
#5099=ORIENTED_EDGE('',*,*,#3730,.T.);
#5100=ORIENTED_EDGE('',*,*,#3719,.T.);
#5101=ORIENTED_EDGE('',*,*,#3737,.T.);
#5102=ORIENTED_EDGE('',*,*,#3738,.F.);
#5103=ORIENTED_EDGE('',*,*,#3739,.T.);
#5104=ORIENTED_EDGE('',*,*,#3737,.F.);
#5105=ORIENTED_EDGE('',*,*,#3718,.F.);
#5106=ORIENTED_EDGE('',*,*,#3740,.F.);
#5107=ORIENTED_EDGE('',*,*,#3741,.F.);
#5108=ORIENTED_EDGE('',*,*,#3724,.F.);
#5109=ORIENTED_EDGE('',*,*,#3742,.F.);
#5110=ORIENTED_EDGE('',*,*,#3743,.F.);
#5111=ORIENTED_EDGE('',*,*,#3744,.T.);
#5112=ORIENTED_EDGE('',*,*,#3745,.T.);
#5113=ORIENTED_EDGE('',*,*,#3746,.T.);
#5114=ORIENTED_EDGE('',*,*,#3747,.T.);
#5115=ORIENTED_EDGE('',*,*,#3748,.F.);
#5116=ORIENTED_EDGE('',*,*,#3747,.F.);
#5117=ORIENTED_EDGE('',*,*,#3749,.F.);
#5118=ORIENTED_EDGE('',*,*,#3750,.F.);
#5119=ORIENTED_EDGE('',*,*,#3751,.F.);
#5120=ORIENTED_EDGE('',*,*,#3746,.F.);
#5121=ORIENTED_EDGE('',*,*,#3752,.T.);
#5122=ORIENTED_EDGE('',*,*,#3753,.T.);
#5123=ORIENTED_EDGE('',*,*,#3754,.T.);
#5124=ORIENTED_EDGE('',*,*,#3755,.T.);
#5125=ORIENTED_EDGE('',*,*,#3756,.T.);
#5126=ORIENTED_EDGE('',*,*,#3757,.T.);
#5127=ORIENTED_EDGE('',*,*,#3758,.T.);
#5128=ORIENTED_EDGE('',*,*,#3759,.T.);
#5129=ORIENTED_EDGE('',*,*,#3760,.T.);
#5130=ORIENTED_EDGE('',*,*,#3761,.T.);
#5131=ORIENTED_EDGE('',*,*,#3762,.T.);
#5132=ORIENTED_EDGE('',*,*,#3763,.T.);
#5133=ORIENTED_EDGE('',*,*,#3764,.F.);
#5134=ORIENTED_EDGE('',*,*,#3765,.T.);
#5135=ORIENTED_EDGE('',*,*,#3766,.T.);
#5136=ORIENTED_EDGE('',*,*,#3767,.T.);
#5137=ORIENTED_EDGE('',*,*,#3768,.T.);
#5138=ORIENTED_EDGE('',*,*,#3769,.T.);
#5139=ORIENTED_EDGE('',*,*,#3770,.T.);
#5140=ORIENTED_EDGE('',*,*,#3771,.T.);
#5141=ORIENTED_EDGE('',*,*,#3772,.T.);
#5142=ORIENTED_EDGE('',*,*,#3773,.F.);
#5143=ORIENTED_EDGE('',*,*,#3774,.T.);
#5144=ORIENTED_EDGE('',*,*,#3775,.T.);
#5145=ORIENTED_EDGE('',*,*,#3776,.T.);
#5146=ORIENTED_EDGE('',*,*,#3777,.T.);
#5147=ORIENTED_EDGE('',*,*,#3778,.T.);
#5148=ORIENTED_EDGE('',*,*,#3779,.T.);
#5149=ORIENTED_EDGE('',*,*,#3749,.T.);
#5150=ORIENTED_EDGE('',*,*,#3780,.T.);
#5151=ORIENTED_EDGE('',*,*,#3773,.T.);
#5152=ORIENTED_EDGE('',*,*,#3781,.T.);
#5153=ORIENTED_EDGE('',*,*,#3782,.F.);
#5154=ORIENTED_EDGE('',*,*,#3781,.F.);
#5155=ORIENTED_EDGE('',*,*,#3772,.F.);
#5156=ORIENTED_EDGE('',*,*,#3783,.F.);
#5157=ORIENTED_EDGE('',*,*,#3784,.F.);
#5158=ORIENTED_EDGE('',*,*,#3785,.T.);
#5159=ORIENTED_EDGE('',*,*,#3786,.F.);
#5160=ORIENTED_EDGE('',*,*,#3787,.T.);
#5161=ORIENTED_EDGE('',*,*,#3764,.T.);
#5162=ORIENTED_EDGE('',*,*,#3787,.F.);
#5163=ORIENTED_EDGE('',*,*,#3788,.F.);
#5164=ORIENTED_EDGE('',*,*,#3789,.T.);
#5165=ORIENTED_EDGE('',*,*,#3765,.F.);
#5166=ORIENTED_EDGE('',*,*,#3667,.F.);
#5167=ORIENTED_EDGE('',*,*,#3686,.F.);
#5168=ORIENTED_EDGE('',*,*,#3790,.F.);
#5169=ORIENTED_EDGE('',*,*,#3791,.F.);
#5170=ORIENTED_EDGE('',*,*,#3792,.F.);
#5171=ORIENTED_EDGE('',*,*,#3790,.T.);
#5172=ORIENTED_EDGE('',*,*,#3685,.F.);
#5173=ORIENTED_EDGE('',*,*,#3793,.F.);
#5174=ORIENTED_EDGE('',*,*,#3794,.F.);
#5175=ORIENTED_EDGE('',*,*,#3793,.T.);
#5176=ORIENTED_EDGE('',*,*,#3684,.F.);
#5177=ORIENTED_EDGE('',*,*,#3795,.F.);
#5178=ORIENTED_EDGE('',*,*,#3796,.F.);
#5179=ORIENTED_EDGE('',*,*,#3795,.T.);
#5180=ORIENTED_EDGE('',*,*,#3683,.F.);
#5181=ORIENTED_EDGE('',*,*,#3797,.F.);
#5182=ORIENTED_EDGE('',*,*,#3798,.F.);
#5183=ORIENTED_EDGE('',*,*,#3797,.T.);
#5184=ORIENTED_EDGE('',*,*,#3682,.F.);
#5185=ORIENTED_EDGE('',*,*,#3799,.F.);
#5186=ORIENTED_EDGE('',*,*,#3800,.F.);
#5187=ORIENTED_EDGE('',*,*,#3799,.T.);
#5188=ORIENTED_EDGE('',*,*,#3681,.F.);
#5189=ORIENTED_EDGE('',*,*,#3801,.F.);
#5190=ORIENTED_EDGE('',*,*,#3802,.F.);
#5191=ORIENTED_EDGE('',*,*,#3801,.T.);
#5192=ORIENTED_EDGE('',*,*,#3680,.F.);
#5193=ORIENTED_EDGE('',*,*,#3697,.F.);
#5194=ORIENTED_EDGE('',*,*,#3691,.F.);
#5195=ORIENTED_EDGE('',*,*,#3695,.F.);
#5196=ORIENTED_EDGE('',*,*,#3803,.F.);
#5197=ORIENTED_EDGE('',*,*,#3804,.F.);
#5198=ORIENTED_EDGE('',*,*,#3693,.T.);
#5199=ORIENTED_EDGE('',*,*,#3676,.F.);
#5200=ORIENTED_EDGE('',*,*,#3805,.F.);
#5201=ORIENTED_EDGE('',*,*,#3806,.F.);
#5202=ORIENTED_EDGE('',*,*,#3805,.T.);
#5203=ORIENTED_EDGE('',*,*,#3675,.F.);
#5204=ORIENTED_EDGE('',*,*,#3807,.F.);
#5205=ORIENTED_EDGE('',*,*,#3808,.F.);
#5206=ORIENTED_EDGE('',*,*,#3807,.T.);
#5207=ORIENTED_EDGE('',*,*,#3674,.F.);
#5208=ORIENTED_EDGE('',*,*,#3809,.F.);
#5209=ORIENTED_EDGE('',*,*,#3810,.F.);
#5210=ORIENTED_EDGE('',*,*,#3809,.T.);
#5211=ORIENTED_EDGE('',*,*,#3673,.F.);
#5212=ORIENTED_EDGE('',*,*,#3811,.F.);
#5213=ORIENTED_EDGE('',*,*,#3812,.F.);
#5214=ORIENTED_EDGE('',*,*,#3811,.T.);
#5215=ORIENTED_EDGE('',*,*,#3672,.F.);
#5216=ORIENTED_EDGE('',*,*,#3688,.F.);
#5217=ORIENTED_EDGE('',*,*,#3813,.F.);
#5218=ORIENTED_EDGE('',*,*,#3814,.T.);
#5219=ORIENTED_EDGE('',*,*,#3663,.F.);
#5220=ORIENTED_EDGE('',*,*,#3815,.F.);
#5221=ORIENTED_EDGE('',*,*,#3816,.F.);
#5222=ORIENTED_EDGE('',*,*,#3815,.T.);
#5223=ORIENTED_EDGE('',*,*,#3662,.F.);
#5224=ORIENTED_EDGE('',*,*,#3817,.F.);
#5225=ORIENTED_EDGE('',*,*,#3818,.F.);
#5226=ORIENTED_EDGE('',*,*,#3817,.T.);
#5227=ORIENTED_EDGE('',*,*,#3661,.F.);
#5228=ORIENTED_EDGE('',*,*,#3819,.F.);
#5229=ORIENTED_EDGE('',*,*,#3820,.F.);
#5230=ORIENTED_EDGE('',*,*,#3819,.T.);
#5231=ORIENTED_EDGE('',*,*,#3660,.F.);
#5232=ORIENTED_EDGE('',*,*,#3821,.F.);
#5233=ORIENTED_EDGE('',*,*,#3822,.F.);
#5234=ORIENTED_EDGE('',*,*,#3821,.T.);
#5235=ORIENTED_EDGE('',*,*,#3659,.F.);
#5236=ORIENTED_EDGE('',*,*,#3814,.F.);
#5237=ORIENTED_EDGE('',*,*,#3642,.F.);
#5238=ORIENTED_EDGE('',*,*,#3658,.F.);
#5239=ORIENTED_EDGE('',*,*,#3823,.F.);
#5240=ORIENTED_EDGE('',*,*,#3824,.F.);
#5241=ORIENTED_EDGE('',*,*,#3825,.F.);
#5242=ORIENTED_EDGE('',*,*,#3823,.T.);
#5243=ORIENTED_EDGE('',*,*,#3657,.F.);
#5244=ORIENTED_EDGE('',*,*,#3826,.F.);
#5245=ORIENTED_EDGE('',*,*,#3827,.F.);
#5246=ORIENTED_EDGE('',*,*,#3826,.T.);
#5247=ORIENTED_EDGE('',*,*,#3656,.F.);
#5248=ORIENTED_EDGE('',*,*,#3828,.F.);
#5249=ORIENTED_EDGE('',*,*,#3829,.F.);
#5250=ORIENTED_EDGE('',*,*,#3828,.T.);
#5251=ORIENTED_EDGE('',*,*,#3655,.F.);
#5252=ORIENTED_EDGE('',*,*,#3830,.F.);
#5253=ORIENTED_EDGE('',*,*,#3831,.F.);
#5254=ORIENTED_EDGE('',*,*,#3830,.T.);
#5255=ORIENTED_EDGE('',*,*,#3654,.F.);
#5256=ORIENTED_EDGE('',*,*,#3832,.F.);
#5257=ORIENTED_EDGE('',*,*,#3833,.F.);
#5258=ORIENTED_EDGE('',*,*,#3832,.T.);
#5259=ORIENTED_EDGE('',*,*,#3653,.F.);
#5260=ORIENTED_EDGE('',*,*,#3834,.F.);
#5261=ORIENTED_EDGE('',*,*,#3835,.F.);
#5262=ORIENTED_EDGE('',*,*,#3834,.T.);
#5263=ORIENTED_EDGE('',*,*,#3652,.F.);
#5264=ORIENTED_EDGE('',*,*,#3836,.F.);
#5265=ORIENTED_EDGE('',*,*,#3837,.F.);
#5266=ORIENTED_EDGE('',*,*,#3836,.T.);
#5267=ORIENTED_EDGE('',*,*,#3651,.F.);
#5268=ORIENTED_EDGE('',*,*,#3838,.F.);
#5269=ORIENTED_EDGE('',*,*,#3839,.F.);
#5270=ORIENTED_EDGE('',*,*,#3838,.T.);
#5271=ORIENTED_EDGE('',*,*,#3650,.F.);
#5272=ORIENTED_EDGE('',*,*,#3840,.F.);
#5273=ORIENTED_EDGE('',*,*,#3841,.F.);
#5274=ORIENTED_EDGE('',*,*,#3840,.T.);
#5275=ORIENTED_EDGE('',*,*,#3649,.F.);
#5276=ORIENTED_EDGE('',*,*,#3842,.F.);
#5277=ORIENTED_EDGE('',*,*,#3843,.F.);
#5278=ORIENTED_EDGE('',*,*,#3842,.T.);
#5279=ORIENTED_EDGE('',*,*,#3648,.F.);
#5280=ORIENTED_EDGE('',*,*,#3666,.F.);
#5281=ORIENTED_EDGE('',*,*,#3646,.F.);
#5282=ORIENTED_EDGE('',*,*,#3844,.F.);
#5283=ORIENTED_EDGE('',*,*,#3664,.T.);
#5284=ORIENTED_EDGE('',*,*,#3813,.T.);
#5285=ORIENTED_EDGE('',*,*,#3816,.T.);
#5286=ORIENTED_EDGE('',*,*,#3818,.T.);
#5287=ORIENTED_EDGE('',*,*,#3820,.T.);
#5288=ORIENTED_EDGE('',*,*,#3822,.T.);
#5289=ORIENTED_EDGE('',*,*,#3726,.F.);
#5290=ORIENTED_EDGE('',*,*,#3845,.F.);
#5291=ORIENTED_EDGE('',*,*,#3846,.F.);
#5292=ORIENTED_EDGE('',*,*,#3725,.F.);
#5293=ORIENTED_EDGE('',*,*,#3744,.F.);
#5294=ORIENTED_EDGE('',*,*,#3847,.F.);
#5295=ORIENTED_EDGE('',*,*,#3845,.T.);
#5296=ORIENTED_EDGE('',*,*,#3723,.F.);
#5297=ORIENTED_EDGE('',*,*,#3732,.F.);
#5298=ORIENTED_EDGE('',*,*,#3848,.F.);
#5299=ORIENTED_EDGE('',*,*,#3849,.F.);
#5300=ORIENTED_EDGE('',*,*,#3742,.T.);
#5301=ORIENTED_EDGE('',*,*,#3736,.F.);
#5302=ORIENTED_EDGE('',*,*,#3850,.F.);
#5303=ORIENTED_EDGE('',*,*,#3851,.F.);
#5304=ORIENTED_EDGE('',*,*,#3848,.T.);
#5305=ORIENTED_EDGE('',*,*,#3731,.F.);
#5306=ORIENTED_EDGE('',*,*,#3739,.F.);
#5307=ORIENTED_EDGE('',*,*,#3852,.F.);
#5308=ORIENTED_EDGE('',*,*,#3850,.T.);
#5309=ORIENTED_EDGE('',*,*,#3853,.F.);
#5310=ORIENTED_EDGE('',*,*,#3740,.T.);
#5311=ORIENTED_EDGE('',*,*,#3717,.F.);
#5312=ORIENTED_EDGE('',*,*,#3854,.F.);
#5313=ORIENTED_EDGE('',*,*,#3698,.F.);
#5314=ORIENTED_EDGE('',*,*,#3855,.F.);
#5315=ORIENTED_EDGE('',*,*,#3856,.F.);
#5316=ORIENTED_EDGE('',*,*,#3854,.T.);
#5317=ORIENTED_EDGE('',*,*,#3716,.F.);
#5318=ORIENTED_EDGE('',*,*,#3707,.F.);
#5319=ORIENTED_EDGE('',*,*,#3857,.F.);
#5320=ORIENTED_EDGE('',*,*,#3858,.F.);
#5321=ORIENTED_EDGE('',*,*,#3855,.T.);
#5322=ORIENTED_EDGE('',*,*,#3706,.F.);
#5323=ORIENTED_EDGE('',*,*,#3859,.F.);
#5324=ORIENTED_EDGE('',*,*,#3860,.F.);
#5325=ORIENTED_EDGE('',*,*,#3857,.T.);
#5326=ORIENTED_EDGE('',*,*,#3705,.F.);
#5327=ORIENTED_EDGE('',*,*,#3861,.F.);
#5328=ORIENTED_EDGE('',*,*,#3862,.F.);
#5329=ORIENTED_EDGE('',*,*,#3859,.T.);
#5330=ORIENTED_EDGE('',*,*,#3704,.F.);
#5331=ORIENTED_EDGE('',*,*,#3863,.F.);
#5332=ORIENTED_EDGE('',*,*,#3861,.T.);
#5333=ORIENTED_EDGE('',*,*,#3864,.F.);
#5334=ORIENTED_EDGE('',*,*,#3865,.T.);
#5335=ORIENTED_EDGE('',*,*,#3866,.F.);
#5336=ORIENTED_EDGE('',*,*,#3867,.F.);
#5337=ORIENTED_EDGE('',*,*,#3868,.F.);
#5338=ORIENTED_EDGE('',*,*,#3867,.T.);
#5339=ORIENTED_EDGE('',*,*,#3869,.F.);
#5340=ORIENTED_EDGE('',*,*,#3870,.F.);
#5341=ORIENTED_EDGE('',*,*,#3871,.F.);
#5342=ORIENTED_EDGE('',*,*,#3870,.T.);
#5343=ORIENTED_EDGE('',*,*,#3872,.F.);
#5344=ORIENTED_EDGE('',*,*,#3873,.F.);
#5345=ORIENTED_EDGE('',*,*,#3874,.F.);
#5346=ORIENTED_EDGE('',*,*,#3873,.T.);
#5347=ORIENTED_EDGE('',*,*,#3875,.F.);
#5348=ORIENTED_EDGE('',*,*,#3876,.F.);
#5349=ORIENTED_EDGE('',*,*,#3877,.F.);
#5350=ORIENTED_EDGE('',*,*,#3876,.T.);
#5351=ORIENTED_EDGE('',*,*,#3878,.F.);
#5352=ORIENTED_EDGE('',*,*,#3879,.F.);
#5353=ORIENTED_EDGE('',*,*,#3880,.F.);
#5354=ORIENTED_EDGE('',*,*,#3879,.T.);
#5355=ORIENTED_EDGE('',*,*,#3881,.F.);
#5356=ORIENTED_EDGE('',*,*,#3882,.F.);
#5357=ORIENTED_EDGE('',*,*,#3883,.F.);
#5358=ORIENTED_EDGE('',*,*,#3882,.T.);
#5359=ORIENTED_EDGE('',*,*,#3884,.F.);
#5360=ORIENTED_EDGE('',*,*,#3885,.F.);
#5361=ORIENTED_EDGE('',*,*,#3886,.F.);
#5362=ORIENTED_EDGE('',*,*,#3885,.T.);
#5363=ORIENTED_EDGE('',*,*,#3887,.F.);
#5364=ORIENTED_EDGE('',*,*,#3865,.F.);
#5365=ORIENTED_EDGE('',*,*,#3888,.F.);
#5366=ORIENTED_EDGE('',*,*,#3889,.T.);
#5367=ORIENTED_EDGE('',*,*,#3890,.F.);
#5368=ORIENTED_EDGE('',*,*,#3891,.F.);
#5369=ORIENTED_EDGE('',*,*,#3892,.F.);
#5370=ORIENTED_EDGE('',*,*,#3891,.T.);
#5371=ORIENTED_EDGE('',*,*,#3893,.F.);
#5372=ORIENTED_EDGE('',*,*,#3894,.F.);
#5373=ORIENTED_EDGE('',*,*,#3895,.F.);
#5374=ORIENTED_EDGE('',*,*,#3894,.T.);
#5375=ORIENTED_EDGE('',*,*,#3896,.F.);
#5376=ORIENTED_EDGE('',*,*,#3897,.F.);
#5377=ORIENTED_EDGE('',*,*,#3898,.F.);
#5378=ORIENTED_EDGE('',*,*,#3897,.T.);
#5379=ORIENTED_EDGE('',*,*,#3899,.F.);
#5380=ORIENTED_EDGE('',*,*,#3900,.F.);
#5381=ORIENTED_EDGE('',*,*,#3901,.F.);
#5382=ORIENTED_EDGE('',*,*,#3900,.T.);
#5383=ORIENTED_EDGE('',*,*,#3902,.F.);
#5384=ORIENTED_EDGE('',*,*,#3903,.F.);
#5385=ORIENTED_EDGE('',*,*,#3904,.F.);
#5386=ORIENTED_EDGE('',*,*,#3903,.T.);
#5387=ORIENTED_EDGE('',*,*,#3905,.F.);
#5388=ORIENTED_EDGE('',*,*,#3906,.F.);
#5389=ORIENTED_EDGE('',*,*,#3907,.F.);
#5390=ORIENTED_EDGE('',*,*,#3906,.T.);
#5391=ORIENTED_EDGE('',*,*,#3908,.F.);
#5392=ORIENTED_EDGE('',*,*,#3909,.F.);
#5393=ORIENTED_EDGE('',*,*,#3910,.F.);
#5394=ORIENTED_EDGE('',*,*,#3909,.T.);
#5395=ORIENTED_EDGE('',*,*,#3911,.F.);
#5396=ORIENTED_EDGE('',*,*,#3912,.F.);
#5397=ORIENTED_EDGE('',*,*,#3913,.F.);
#5398=ORIENTED_EDGE('',*,*,#3912,.T.);
#5399=ORIENTED_EDGE('',*,*,#3914,.F.);
#5400=ORIENTED_EDGE('',*,*,#3915,.F.);
#5401=ORIENTED_EDGE('',*,*,#3916,.F.);
#5402=ORIENTED_EDGE('',*,*,#3915,.T.);
#5403=ORIENTED_EDGE('',*,*,#3917,.F.);
#5404=ORIENTED_EDGE('',*,*,#3889,.F.);
#5405=ORIENTED_EDGE('',*,*,#3917,.T.);
#5406=ORIENTED_EDGE('',*,*,#3914,.T.);
#5407=ORIENTED_EDGE('',*,*,#3911,.T.);
#5408=ORIENTED_EDGE('',*,*,#3908,.T.);
#5409=ORIENTED_EDGE('',*,*,#3905,.T.);
#5410=ORIENTED_EDGE('',*,*,#3902,.T.);
#5411=ORIENTED_EDGE('',*,*,#3899,.T.);
#5412=ORIENTED_EDGE('',*,*,#3896,.T.);
#5413=ORIENTED_EDGE('',*,*,#3893,.T.);
#5414=ORIENTED_EDGE('',*,*,#3890,.T.);
#5415=ORIENTED_EDGE('',*,*,#3887,.T.);
#5416=ORIENTED_EDGE('',*,*,#3884,.T.);
#5417=ORIENTED_EDGE('',*,*,#3881,.T.);
#5418=ORIENTED_EDGE('',*,*,#3878,.T.);
#5419=ORIENTED_EDGE('',*,*,#3875,.T.);
#5420=ORIENTED_EDGE('',*,*,#3872,.T.);
#5421=ORIENTED_EDGE('',*,*,#3869,.T.);
#5422=ORIENTED_EDGE('',*,*,#3866,.T.);
#5423=ORIENTED_EDGE('',*,*,#3864,.T.);
#5424=ORIENTED_EDGE('',*,*,#3868,.T.);
#5425=ORIENTED_EDGE('',*,*,#3871,.T.);
#5426=ORIENTED_EDGE('',*,*,#3874,.T.);
#5427=ORIENTED_EDGE('',*,*,#3877,.T.);
#5428=ORIENTED_EDGE('',*,*,#3880,.T.);
#5429=ORIENTED_EDGE('',*,*,#3883,.T.);
#5430=ORIENTED_EDGE('',*,*,#3886,.T.);
#5431=ORIENTED_EDGE('',*,*,#3918,.F.);
#5432=ORIENTED_EDGE('',*,*,#3919,.T.);
#5433=ORIENTED_EDGE('',*,*,#3762,.F.);
#5434=ORIENTED_EDGE('',*,*,#3920,.F.);
#5435=ORIENTED_EDGE('',*,*,#3921,.F.);
#5436=ORIENTED_EDGE('',*,*,#3920,.T.);
#5437=ORIENTED_EDGE('',*,*,#3761,.F.);
#5438=ORIENTED_EDGE('',*,*,#3922,.F.);
#5439=ORIENTED_EDGE('',*,*,#3923,.F.);
#5440=ORIENTED_EDGE('',*,*,#3922,.T.);
#5441=ORIENTED_EDGE('',*,*,#3760,.F.);
#5442=ORIENTED_EDGE('',*,*,#3924,.F.);
#5443=ORIENTED_EDGE('',*,*,#3925,.F.);
#5444=ORIENTED_EDGE('',*,*,#3924,.T.);
#5445=ORIENTED_EDGE('',*,*,#3759,.F.);
#5446=ORIENTED_EDGE('',*,*,#3926,.F.);
#5447=ORIENTED_EDGE('',*,*,#3927,.F.);
#5448=ORIENTED_EDGE('',*,*,#3926,.T.);
#5449=ORIENTED_EDGE('',*,*,#3758,.F.);
#5450=ORIENTED_EDGE('',*,*,#3928,.F.);
#5451=ORIENTED_EDGE('',*,*,#3929,.F.);
#5452=ORIENTED_EDGE('',*,*,#3928,.T.);
#5453=ORIENTED_EDGE('',*,*,#3757,.F.);
#5454=ORIENTED_EDGE('',*,*,#3930,.F.);
#5455=ORIENTED_EDGE('',*,*,#3931,.F.);
#5456=ORIENTED_EDGE('',*,*,#3930,.T.);
#5457=ORIENTED_EDGE('',*,*,#3756,.F.);
#5458=ORIENTED_EDGE('',*,*,#3932,.F.);
#5459=ORIENTED_EDGE('',*,*,#3933,.F.);
#5460=ORIENTED_EDGE('',*,*,#3932,.T.);
#5461=ORIENTED_EDGE('',*,*,#3755,.F.);
#5462=ORIENTED_EDGE('',*,*,#3934,.F.);
#5463=ORIENTED_EDGE('',*,*,#3935,.F.);
#5464=ORIENTED_EDGE('',*,*,#3934,.T.);
#5465=ORIENTED_EDGE('',*,*,#3754,.F.);
#5466=ORIENTED_EDGE('',*,*,#3936,.F.);
#5467=ORIENTED_EDGE('',*,*,#3937,.F.);
#5468=ORIENTED_EDGE('',*,*,#3936,.T.);
#5469=ORIENTED_EDGE('',*,*,#3753,.F.);
#5470=ORIENTED_EDGE('',*,*,#3938,.F.);
#5471=ORIENTED_EDGE('',*,*,#3745,.F.);
#5472=ORIENTED_EDGE('',*,*,#3939,.F.);
#5473=ORIENTED_EDGE('',*,*,#3938,.T.);
#5474=ORIENTED_EDGE('',*,*,#3752,.F.);
#5475=ORIENTED_EDGE('',*,*,#3940,.F.);
#5476=ORIENTED_EDGE('',*,*,#3750,.T.);
#5477=ORIENTED_EDGE('',*,*,#3779,.F.);
#5478=ORIENTED_EDGE('',*,*,#3941,.F.);
#5479=ORIENTED_EDGE('',*,*,#3942,.F.);
#5480=ORIENTED_EDGE('',*,*,#3941,.T.);
#5481=ORIENTED_EDGE('',*,*,#3778,.F.);
#5482=ORIENTED_EDGE('',*,*,#3943,.F.);
#5483=ORIENTED_EDGE('',*,*,#3944,.F.);
#5484=ORIENTED_EDGE('',*,*,#3943,.T.);
#5485=ORIENTED_EDGE('',*,*,#3777,.F.);
#5486=ORIENTED_EDGE('',*,*,#3945,.F.);
#5487=ORIENTED_EDGE('',*,*,#3946,.F.);
#5488=ORIENTED_EDGE('',*,*,#3945,.T.);
#5489=ORIENTED_EDGE('',*,*,#3776,.F.);
#5490=ORIENTED_EDGE('',*,*,#3947,.F.);
#5491=ORIENTED_EDGE('',*,*,#3948,.F.);
#5492=ORIENTED_EDGE('',*,*,#3947,.T.);
#5493=ORIENTED_EDGE('',*,*,#3775,.F.);
#5494=ORIENTED_EDGE('',*,*,#3949,.F.);
#5495=ORIENTED_EDGE('',*,*,#3780,.F.);
#5496=ORIENTED_EDGE('',*,*,#3950,.F.);
#5497=ORIENTED_EDGE('',*,*,#3949,.T.);
#5498=ORIENTED_EDGE('',*,*,#3774,.F.);
#5499=ORIENTED_EDGE('',*,*,#3951,.F.);
#5500=ORIENTED_EDGE('',*,*,#3783,.T.);
#5501=ORIENTED_EDGE('',*,*,#3771,.F.);
#5502=ORIENTED_EDGE('',*,*,#3952,.F.);
#5503=ORIENTED_EDGE('',*,*,#3953,.F.);
#5504=ORIENTED_EDGE('',*,*,#3952,.T.);
#5505=ORIENTED_EDGE('',*,*,#3770,.F.);
#5506=ORIENTED_EDGE('',*,*,#3954,.F.);
#5507=ORIENTED_EDGE('',*,*,#3955,.F.);
#5508=ORIENTED_EDGE('',*,*,#3954,.T.);
#5509=ORIENTED_EDGE('',*,*,#3769,.F.);
#5510=ORIENTED_EDGE('',*,*,#3956,.F.);
#5511=ORIENTED_EDGE('',*,*,#3957,.F.);
#5512=ORIENTED_EDGE('',*,*,#3956,.T.);
#5513=ORIENTED_EDGE('',*,*,#3768,.F.);
#5514=ORIENTED_EDGE('',*,*,#3958,.F.);
#5515=ORIENTED_EDGE('',*,*,#3959,.F.);
#5516=ORIENTED_EDGE('',*,*,#3958,.T.);
#5517=ORIENTED_EDGE('',*,*,#3767,.F.);
#5518=ORIENTED_EDGE('',*,*,#3960,.F.);
#5519=ORIENTED_EDGE('',*,*,#3961,.F.);
#5520=ORIENTED_EDGE('',*,*,#3960,.T.);
#5521=ORIENTED_EDGE('',*,*,#3766,.F.);
#5522=ORIENTED_EDGE('',*,*,#3789,.F.);
#5523=ORIENTED_EDGE('',*,*,#3785,.F.);
#5524=ORIENTED_EDGE('',*,*,#3763,.F.);
#5525=ORIENTED_EDGE('',*,*,#3919,.F.);
#5526=ORIENTED_EDGE('',*,*,#3962,.F.);
#5527=ORIENTED_EDGE('',*,*,#3963,.T.);
#5528=ORIENTED_EDGE('',*,*,#3964,.T.);
#5529=ORIENTED_EDGE('',*,*,#3965,.T.);
#5530=ORIENTED_EDGE('',*,*,#3966,.T.);
#5531=ORIENTED_EDGE('',*,*,#3964,.F.);
#5532=ORIENTED_EDGE('',*,*,#3967,.F.);
#5533=ORIENTED_EDGE('',*,*,#3968,.T.);
#5534=ORIENTED_EDGE('',*,*,#3969,.F.);
#5535=ORIENTED_EDGE('',*,*,#3970,.T.);
#5536=ORIENTED_EDGE('',*,*,#3971,.T.);
#5537=ORIENTED_EDGE('',*,*,#3972,.T.);
#5538=ORIENTED_EDGE('',*,*,#3973,.T.);
#5539=ORIENTED_EDGE('',*,*,#3966,.F.);
#5540=ORIENTED_EDGE('',*,*,#3974,.F.);
#5541=ORIENTED_EDGE('',*,*,#3971,.F.);
#5542=ORIENTED_EDGE('',*,*,#3975,.F.);
#5543=ORIENTED_EDGE('',*,*,#3976,.T.);
#5544=ORIENTED_EDGE('',*,*,#3977,.T.);
#5545=ORIENTED_EDGE('',*,*,#3978,.T.);
#5546=ORIENTED_EDGE('',*,*,#3979,.T.);
#5547=ORIENTED_EDGE('',*,*,#3977,.F.);
#5548=ORIENTED_EDGE('',*,*,#3980,.F.);
#5549=ORIENTED_EDGE('',*,*,#3981,.F.);
#5550=ORIENTED_EDGE('',*,*,#3982,.F.);
#5551=ORIENTED_EDGE('',*,*,#3983,.T.);
#5552=ORIENTED_EDGE('',*,*,#3984,.T.);
#5553=ORIENTED_EDGE('',*,*,#3985,.T.);
#5554=ORIENTED_EDGE('',*,*,#3981,.T.);
#5555=ORIENTED_EDGE('',*,*,#3984,.F.);
#5556=ORIENTED_EDGE('',*,*,#3986,.F.);
#5557=ORIENTED_EDGE('',*,*,#3987,.T.);
#5558=ORIENTED_EDGE('',*,*,#3988,.F.);
#5559=ORIENTED_EDGE('',*,*,#3973,.F.);
#5560=ORIENTED_EDGE('',*,*,#3989,.F.);
#5561=ORIENTED_EDGE('',*,*,#3990,.F.);
#5562=ORIENTED_EDGE('',*,*,#3991,.F.);
#5563=ORIENTED_EDGE('',*,*,#3992,.F.);
#5564=ORIENTED_EDGE('',*,*,#3968,.F.);
#5565=ORIENTED_EDGE('',*,*,#3993,.F.);
#5566=ORIENTED_EDGE('',*,*,#3994,.T.);
#5567=ORIENTED_EDGE('',*,*,#3995,.F.);
#5568=ORIENTED_EDGE('',*,*,#3994,.F.);
#5569=ORIENTED_EDGE('',*,*,#3996,.F.);
#5570=ORIENTED_EDGE('',*,*,#3997,.T.);
#5571=ORIENTED_EDGE('',*,*,#3998,.F.);
#5572=ORIENTED_EDGE('',*,*,#3997,.F.);
#5573=ORIENTED_EDGE('',*,*,#3999,.F.);
#5574=ORIENTED_EDGE('',*,*,#3990,.T.);
#5575=ORIENTED_EDGE('',*,*,#3979,.F.);
#5576=ORIENTED_EDGE('',*,*,#4000,.F.);
#5577=ORIENTED_EDGE('',*,*,#4001,.F.);
#5578=ORIENTED_EDGE('',*,*,#4002,.F.);
#5579=ORIENTED_EDGE('',*,*,#4003,.F.);
#5580=ORIENTED_EDGE('',*,*,#3987,.F.);
#5581=ORIENTED_EDGE('',*,*,#4004,.F.);
#5582=ORIENTED_EDGE('',*,*,#4005,.T.);
#5583=ORIENTED_EDGE('',*,*,#4006,.F.);
#5584=ORIENTED_EDGE('',*,*,#4005,.F.);
#5585=ORIENTED_EDGE('',*,*,#4007,.F.);
#5586=ORIENTED_EDGE('',*,*,#4008,.T.);
#5587=ORIENTED_EDGE('',*,*,#4009,.F.);
#5588=ORIENTED_EDGE('',*,*,#4008,.F.);
#5589=ORIENTED_EDGE('',*,*,#4010,.F.);
#5590=ORIENTED_EDGE('',*,*,#4001,.T.);
#5591=ORIENTED_EDGE('',*,*,#4011,.T.);
#5592=ORIENTED_EDGE('',*,*,#4012,.T.);
#5593=ORIENTED_EDGE('',*,*,#4013,.T.);
#5594=ORIENTED_EDGE('',*,*,#4014,.T.);
#5595=ORIENTED_EDGE('',*,*,#4013,.F.);
#5596=ORIENTED_EDGE('',*,*,#4015,.F.);
#5597=ORIENTED_EDGE('',*,*,#4016,.F.);
#5598=ORIENTED_EDGE('',*,*,#4017,.F.);
#5599=ORIENTED_EDGE('',*,*,#4018,.T.);
#5600=ORIENTED_EDGE('',*,*,#4012,.F.);
#5601=ORIENTED_EDGE('',*,*,#4019,.T.);
#5602=ORIENTED_EDGE('',*,*,#4020,.F.);
#5603=ORIENTED_EDGE('',*,*,#4015,.T.);
#5604=ORIENTED_EDGE('',*,*,#4016,.T.);
#5605=ORIENTED_EDGE('',*,*,#4020,.T.);
#5606=ORIENTED_EDGE('',*,*,#4021,.T.);
#5607=ORIENTED_EDGE('',*,*,#4022,.F.);
#5608=ORIENTED_EDGE('',*,*,#4023,.T.);
#5609=ORIENTED_EDGE('',*,*,#4024,.F.);
#5610=ORIENTED_EDGE('',*,*,#4014,.F.);
#5611=ORIENTED_EDGE('',*,*,#4018,.F.);
#5612=ORIENTED_EDGE('',*,*,#4011,.F.);
#5613=ORIENTED_EDGE('',*,*,#4024,.T.);
#5614=ORIENTED_EDGE('',*,*,#4025,.F.);
#5615=ORIENTED_EDGE('',*,*,#4021,.F.);
#5616=ORIENTED_EDGE('',*,*,#4019,.F.);
#5617=ORIENTED_EDGE('',*,*,#4025,.T.);
#5618=ORIENTED_EDGE('',*,*,#4026,.T.);
#5619=ORIENTED_EDGE('',*,*,#4027,.T.);
#5620=ORIENTED_EDGE('',*,*,#4028,.F.);
#5621=ORIENTED_EDGE('',*,*,#4017,.T.);
#5622=ORIENTED_EDGE('',*,*,#4029,.F.);
#5623=ORIENTED_EDGE('',*,*,#4030,.F.);
#5624=ORIENTED_EDGE('',*,*,#4031,.T.);
#5625=ORIENTED_EDGE('',*,*,#4032,.T.);
#5626=ORIENTED_EDGE('',*,*,#4033,.T.);
#5627=ORIENTED_EDGE('',*,*,#4034,.T.);
#5628=ORIENTED_EDGE('',*,*,#4035,.T.);
#5629=ORIENTED_EDGE('',*,*,#4032,.F.);
#5630=ORIENTED_EDGE('',*,*,#4036,.F.);
#5631=ORIENTED_EDGE('',*,*,#4037,.F.);
#5632=ORIENTED_EDGE('',*,*,#4038,.F.);
#5633=ORIENTED_EDGE('',*,*,#4039,.F.);
#5634=ORIENTED_EDGE('',*,*,#4040,.T.);
#5635=ORIENTED_EDGE('',*,*,#4041,.T.);
#5636=ORIENTED_EDGE('',*,*,#4036,.T.);
#5637=ORIENTED_EDGE('',*,*,#4035,.F.);
#5638=ORIENTED_EDGE('',*,*,#4034,.F.);
#5639=ORIENTED_EDGE('',*,*,#4042,.F.);
#5640=ORIENTED_EDGE('',*,*,#4043,.F.);
#5641=ORIENTED_EDGE('',*,*,#4044,.F.);
#5642=ORIENTED_EDGE('',*,*,#4040,.F.);
#5643=ORIENTED_EDGE('',*,*,#4043,.T.);
#5644=ORIENTED_EDGE('',*,*,#4045,.T.);
#5645=ORIENTED_EDGE('',*,*,#4038,.T.);
#5646=ORIENTED_EDGE('',*,*,#4046,.F.);
#5647=ORIENTED_EDGE('',*,*,#4033,.F.);
#5648=ORIENTED_EDGE('',*,*,#4039,.T.);
#5649=ORIENTED_EDGE('',*,*,#4045,.F.);
#5650=ORIENTED_EDGE('',*,*,#4042,.T.);
#5651=ORIENTED_EDGE('',*,*,#4044,.T.);
#5652=ORIENTED_EDGE('',*,*,#4047,.F.);
#5653=ORIENTED_EDGE('',*,*,#4048,.F.);
#5654=ORIENTED_EDGE('',*,*,#4049,.T.);
#5655=ORIENTED_EDGE('',*,*,#4037,.T.);
#5656=ORIENTED_EDGE('',*,*,#4050,.T.);
#5657=ORIENTED_EDGE('',*,*,#4051,.T.);
#5658=ORIENTED_EDGE('',*,*,#4052,.F.);
#5659=ORIENTED_EDGE('',*,*,#4053,.T.);
#5660=ORIENTED_EDGE('',*,*,#4054,.T.);
#5661=ORIENTED_EDGE('',*,*,#4055,.T.);
#5662=ORIENTED_EDGE('',*,*,#4056,.F.);
#5663=ORIENTED_EDGE('',*,*,#4057,.T.);
#5664=ORIENTED_EDGE('',*,*,#4058,.T.);
#5665=ORIENTED_EDGE('',*,*,#4059,.T.);
#5666=ORIENTED_EDGE('',*,*,#4054,.F.);
#5667=ORIENTED_EDGE('',*,*,#4060,.T.);
#5668=ORIENTED_EDGE('',*,*,#4061,.T.);
#5669=ORIENTED_EDGE('',*,*,#4062,.T.);
#5670=ORIENTED_EDGE('',*,*,#4058,.F.);
#5671=ORIENTED_EDGE('',*,*,#4063,.T.);
#5672=ORIENTED_EDGE('',*,*,#4064,.T.);
#5673=ORIENTED_EDGE('',*,*,#4065,.T.);
#5674=ORIENTED_EDGE('',*,*,#4066,.T.);
#5675=ORIENTED_EDGE('',*,*,#4067,.T.);
#5676=ORIENTED_EDGE('',*,*,#4068,.T.);
#5677=ORIENTED_EDGE('',*,*,#4069,.T.);
#5678=ORIENTED_EDGE('',*,*,#4061,.F.);
#5679=ORIENTED_EDGE('',*,*,#4070,.T.);
#5680=ORIENTED_EDGE('',*,*,#4071,.T.);
#5681=ORIENTED_EDGE('',*,*,#4072,.T.);
#5682=ORIENTED_EDGE('',*,*,#4068,.F.);
#5683=ORIENTED_EDGE('',*,*,#4073,.T.);
#5684=ORIENTED_EDGE('',*,*,#4071,.F.);
#5685=ORIENTED_EDGE('',*,*,#4074,.T.);
#5686=ORIENTED_EDGE('',*,*,#4075,.T.);
#5687=ORIENTED_EDGE('',*,*,#4076,.T.);
#5688=ORIENTED_EDGE('',*,*,#4075,.F.);
#5689=ORIENTED_EDGE('',*,*,#4077,.T.);
#5690=ORIENTED_EDGE('',*,*,#4064,.F.);
#5691=ORIENTED_EDGE('',*,*,#4078,.T.);
#5692=ORIENTED_EDGE('',*,*,#4066,.F.);
#5693=ORIENTED_EDGE('',*,*,#4079,.T.);
#5694=ORIENTED_EDGE('',*,*,#4080,.T.);
#5695=ORIENTED_EDGE('',*,*,#4081,.T.);
#5696=ORIENTED_EDGE('',*,*,#4080,.F.);
#5697=ORIENTED_EDGE('',*,*,#4082,.T.);
#5698=ORIENTED_EDGE('',*,*,#4083,.T.);
#5699=ORIENTED_EDGE('',*,*,#4084,.T.);
#5700=ORIENTED_EDGE('',*,*,#4083,.F.);
#5701=ORIENTED_EDGE('',*,*,#4085,.T.);
#5702=ORIENTED_EDGE('',*,*,#4086,.T.);
#5703=ORIENTED_EDGE('',*,*,#4087,.T.);
#5704=ORIENTED_EDGE('',*,*,#4086,.F.);
#5705=ORIENTED_EDGE('',*,*,#4088,.T.);
#5706=ORIENTED_EDGE('',*,*,#4056,.T.);
#5707=ORIENTED_EDGE('',*,*,#4053,.F.);
#5708=ORIENTED_EDGE('',*,*,#4089,.F.);
#5709=ORIENTED_EDGE('',*,*,#4090,.F.);
#5710=ORIENTED_EDGE('',*,*,#4091,.T.);
#5711=ORIENTED_EDGE('',*,*,#4088,.F.);
#5712=ORIENTED_EDGE('',*,*,#4092,.F.);
#5713=ORIENTED_EDGE('',*,*,#4093,.F.);
#5714=ORIENTED_EDGE('',*,*,#4089,.T.);
#5715=ORIENTED_EDGE('',*,*,#4085,.F.);
#5716=ORIENTED_EDGE('',*,*,#4094,.F.);
#5717=ORIENTED_EDGE('',*,*,#4095,.F.);
#5718=ORIENTED_EDGE('',*,*,#4092,.T.);
#5719=ORIENTED_EDGE('',*,*,#4082,.F.);
#5720=ORIENTED_EDGE('',*,*,#4096,.F.);
#5721=ORIENTED_EDGE('',*,*,#4097,.F.);
#5722=ORIENTED_EDGE('',*,*,#4094,.T.);
#5723=ORIENTED_EDGE('',*,*,#4079,.F.);
#5724=ORIENTED_EDGE('',*,*,#4098,.F.);
#5725=ORIENTED_EDGE('',*,*,#4099,.F.);
#5726=ORIENTED_EDGE('',*,*,#4096,.T.);
#5727=ORIENTED_EDGE('',*,*,#4065,.F.);
#5728=ORIENTED_EDGE('',*,*,#4100,.F.);
#5729=ORIENTED_EDGE('',*,*,#4101,.F.);
#5730=ORIENTED_EDGE('',*,*,#4098,.T.);
#5731=ORIENTED_EDGE('',*,*,#4102,.F.);
#5732=ORIENTED_EDGE('',*,*,#4103,.F.);
#5733=ORIENTED_EDGE('',*,*,#4104,.F.);
#5734=ORIENTED_EDGE('',*,*,#4105,.F.);
#5735=ORIENTED_EDGE('',*,*,#4106,.F.);
#5736=ORIENTED_EDGE('',*,*,#4107,.F.);
#5737=ORIENTED_EDGE('',*,*,#4108,.F.);
#5738=ORIENTED_EDGE('',*,*,#4109,.F.);
#5739=ORIENTED_EDGE('',*,*,#4110,.F.);
#5740=ORIENTED_EDGE('',*,*,#4111,.F.);
#5741=ORIENTED_EDGE('',*,*,#4112,.F.);
#5742=ORIENTED_EDGE('',*,*,#4113,.F.);
#5743=ORIENTED_EDGE('',*,*,#4114,.F.);
#5744=ORIENTED_EDGE('',*,*,#4115,.F.);
#5745=ORIENTED_EDGE('',*,*,#4116,.F.);
#5746=ORIENTED_EDGE('',*,*,#4117,.F.);
#5747=ORIENTED_EDGE('',*,*,#4118,.F.);
#5748=ORIENTED_EDGE('',*,*,#4119,.F.);
#5749=ORIENTED_EDGE('',*,*,#4120,.T.);
#5750=ORIENTED_EDGE('',*,*,#4121,.T.);
#5751=ORIENTED_EDGE('',*,*,#4122,.T.);
#5752=ORIENTED_EDGE('',*,*,#3643,.T.);
#5753=ORIENTED_EDGE('',*,*,#3824,.T.);
#5754=ORIENTED_EDGE('',*,*,#3825,.T.);
#5755=ORIENTED_EDGE('',*,*,#3827,.T.);
#5756=ORIENTED_EDGE('',*,*,#3829,.T.);
#5757=ORIENTED_EDGE('',*,*,#3831,.T.);
#5758=ORIENTED_EDGE('',*,*,#3833,.T.);
#5759=ORIENTED_EDGE('',*,*,#3835,.T.);
#5760=ORIENTED_EDGE('',*,*,#3837,.T.);
#5761=ORIENTED_EDGE('',*,*,#3839,.T.);
#5762=ORIENTED_EDGE('',*,*,#3841,.T.);
#5763=ORIENTED_EDGE('',*,*,#3843,.T.);
#5764=ORIENTED_EDGE('',*,*,#3665,.T.);
#5765=ORIENTED_EDGE('',*,*,#3844,.T.);
#5766=ORIENTED_EDGE('',*,*,#3727,.T.);
#5767=ORIENTED_EDGE('',*,*,#3846,.T.);
#5768=ORIENTED_EDGE('',*,*,#3847,.T.);
#5769=ORIENTED_EDGE('',*,*,#3743,.T.);
#5770=ORIENTED_EDGE('',*,*,#3849,.T.);
#5771=ORIENTED_EDGE('',*,*,#3851,.T.);
#5772=ORIENTED_EDGE('',*,*,#3852,.T.);
#5773=ORIENTED_EDGE('',*,*,#3738,.T.);
#5774=ORIENTED_EDGE('',*,*,#3741,.T.);
#5775=ORIENTED_EDGE('',*,*,#3853,.T.);
#5776=ORIENTED_EDGE('',*,*,#3856,.T.);
#5777=ORIENTED_EDGE('',*,*,#3858,.T.);
#5778=ORIENTED_EDGE('',*,*,#3860,.T.);
#5779=ORIENTED_EDGE('',*,*,#3862,.T.);
#5780=ORIENTED_EDGE('',*,*,#3863,.T.);
#5781=ORIENTED_EDGE('',*,*,#3703,.T.);
#5782=ORIENTED_EDGE('',*,*,#3709,.T.);
#5783=ORIENTED_EDGE('',*,*,#3711,.T.);
#5784=ORIENTED_EDGE('',*,*,#3715,.T.);
#5785=ORIENTED_EDGE('',*,*,#3734,.T.);
#5786=ORIENTED_EDGE('',*,*,#3735,.T.);
#5787=ORIENTED_EDGE('',*,*,#4063,.F.);
#5788=ORIENTED_EDGE('',*,*,#4078,.F.);
#5789=ORIENTED_EDGE('',*,*,#4081,.F.);
#5790=ORIENTED_EDGE('',*,*,#4084,.F.);
#5791=ORIENTED_EDGE('',*,*,#4087,.F.);
#5792=ORIENTED_EDGE('',*,*,#4055,.F.);
#5793=ORIENTED_EDGE('',*,*,#4059,.F.);
#5794=ORIENTED_EDGE('',*,*,#4062,.F.);
#5795=ORIENTED_EDGE('',*,*,#4069,.F.);
#5796=ORIENTED_EDGE('',*,*,#4072,.F.);
#5797=ORIENTED_EDGE('',*,*,#4073,.F.);
#5798=ORIENTED_EDGE('',*,*,#4076,.F.);
#5799=ORIENTED_EDGE('',*,*,#4123,.F.);
#5800=ORIENTED_EDGE('',*,*,#4124,.F.);
#5801=ORIENTED_EDGE('',*,*,#4125,.F.);
#5802=ORIENTED_EDGE('',*,*,#4126,.F.);
#5803=ORIENTED_EDGE('',*,*,#4004,.T.);
#5804=ORIENTED_EDGE('',*,*,#3986,.T.);
#5805=ORIENTED_EDGE('',*,*,#3983,.F.);
#5806=ORIENTED_EDGE('',*,*,#3980,.T.);
#5807=ORIENTED_EDGE('',*,*,#3976,.F.);
#5808=ORIENTED_EDGE('',*,*,#4002,.T.);
#5809=ORIENTED_EDGE('',*,*,#4010,.T.);
#5810=ORIENTED_EDGE('',*,*,#4007,.T.);
#5811=ORIENTED_EDGE('',*,*,#3993,.T.);
#5812=ORIENTED_EDGE('',*,*,#3967,.T.);
#5813=ORIENTED_EDGE('',*,*,#3963,.F.);
#5814=ORIENTED_EDGE('',*,*,#3975,.T.);
#5815=ORIENTED_EDGE('',*,*,#3970,.F.);
#5816=ORIENTED_EDGE('',*,*,#3991,.T.);
#5817=ORIENTED_EDGE('',*,*,#3999,.T.);
#5818=ORIENTED_EDGE('',*,*,#3996,.T.);
#5819=ORIENTED_EDGE('',*,*,#3918,.T.);
#5820=ORIENTED_EDGE('',*,*,#3921,.T.);
#5821=ORIENTED_EDGE('',*,*,#3923,.T.);
#5822=ORIENTED_EDGE('',*,*,#3925,.T.);
#5823=ORIENTED_EDGE('',*,*,#3927,.T.);
#5824=ORIENTED_EDGE('',*,*,#3929,.T.);
#5825=ORIENTED_EDGE('',*,*,#3931,.T.);
#5826=ORIENTED_EDGE('',*,*,#3933,.T.);
#5827=ORIENTED_EDGE('',*,*,#3935,.T.);
#5828=ORIENTED_EDGE('',*,*,#3937,.T.);
#5829=ORIENTED_EDGE('',*,*,#3939,.T.);
#5830=ORIENTED_EDGE('',*,*,#3748,.T.);
#5831=ORIENTED_EDGE('',*,*,#3751,.T.);
#5832=ORIENTED_EDGE('',*,*,#3940,.T.);
#5833=ORIENTED_EDGE('',*,*,#3942,.T.);
#5834=ORIENTED_EDGE('',*,*,#3944,.T.);
#5835=ORIENTED_EDGE('',*,*,#3946,.T.);
#5836=ORIENTED_EDGE('',*,*,#3948,.T.);
#5837=ORIENTED_EDGE('',*,*,#3950,.T.);
#5838=ORIENTED_EDGE('',*,*,#3782,.T.);
#5839=ORIENTED_EDGE('',*,*,#3784,.T.);
#5840=ORIENTED_EDGE('',*,*,#3951,.T.);
#5841=ORIENTED_EDGE('',*,*,#3953,.T.);
#5842=ORIENTED_EDGE('',*,*,#3955,.T.);
#5843=ORIENTED_EDGE('',*,*,#3957,.T.);
#5844=ORIENTED_EDGE('',*,*,#3959,.T.);
#5845=ORIENTED_EDGE('',*,*,#3961,.T.);
#5846=ORIENTED_EDGE('',*,*,#3788,.T.);
#5847=ORIENTED_EDGE('',*,*,#3786,.T.);
#5848=ORIENTED_EDGE('',*,*,#3962,.T.);
#5849=ORIENTED_EDGE('',*,*,#3888,.T.);
#5850=ORIENTED_EDGE('',*,*,#3892,.T.);
#5851=ORIENTED_EDGE('',*,*,#3895,.T.);
#5852=ORIENTED_EDGE('',*,*,#3898,.T.);
#5853=ORIENTED_EDGE('',*,*,#3901,.T.);
#5854=ORIENTED_EDGE('',*,*,#3904,.T.);
#5855=ORIENTED_EDGE('',*,*,#3907,.T.);
#5856=ORIENTED_EDGE('',*,*,#3910,.T.);
#5857=ORIENTED_EDGE('',*,*,#3913,.T.);
#5858=ORIENTED_EDGE('',*,*,#3916,.T.);
#5859=ORIENTED_EDGE('',*,*,#3668,.T.);
#5860=ORIENTED_EDGE('',*,*,#3791,.T.);
#5861=ORIENTED_EDGE('',*,*,#3792,.T.);
#5862=ORIENTED_EDGE('',*,*,#3794,.T.);
#5863=ORIENTED_EDGE('',*,*,#3796,.T.);
#5864=ORIENTED_EDGE('',*,*,#3798,.T.);
#5865=ORIENTED_EDGE('',*,*,#3800,.T.);
#5866=ORIENTED_EDGE('',*,*,#3802,.T.);
#5867=ORIENTED_EDGE('',*,*,#3696,.T.);
#5868=ORIENTED_EDGE('',*,*,#3692,.T.);
#5869=ORIENTED_EDGE('',*,*,#3803,.T.);
#5870=ORIENTED_EDGE('',*,*,#3694,.T.);
#5871=ORIENTED_EDGE('',*,*,#3804,.T.);
#5872=ORIENTED_EDGE('',*,*,#3806,.T.);
#5873=ORIENTED_EDGE('',*,*,#3808,.T.);
#5874=ORIENTED_EDGE('',*,*,#3810,.T.);
#5875=ORIENTED_EDGE('',*,*,#3812,.T.);
#5876=ORIENTED_EDGE('',*,*,#3687,.T.);
#5877=ORIENTED_EDGE('',*,*,#4125,.T.);
#5878=ORIENTED_EDGE('',*,*,#4127,.T.);
#5879=ORIENTED_EDGE('',*,*,#4128,.T.);
#5880=ORIENTED_EDGE('',*,*,#4129,.T.);
#5881=ORIENTED_EDGE('',*,*,#4130,.T.);
#5882=ORIENTED_EDGE('',*,*,#4131,.T.);
#5883=ORIENTED_EDGE('',*,*,#4123,.T.);
#5884=ORIENTED_EDGE('',*,*,#4132,.F.);
#5885=ORIENTED_EDGE('',*,*,#4124,.T.);
#5886=ORIENTED_EDGE('',*,*,#4131,.F.);
#5887=ORIENTED_EDGE('',*,*,#4133,.T.);
#5888=ORIENTED_EDGE('',*,*,#4127,.F.);
#5889=ORIENTED_EDGE('',*,*,#4126,.T.);
#5890=ORIENTED_EDGE('',*,*,#4129,.F.);
#5891=ORIENTED_EDGE('',*,*,#4134,.T.);
#5892=ORIENTED_EDGE('',*,*,#4132,.T.);
#5893=ORIENTED_EDGE('',*,*,#4133,.F.);
#5894=ORIENTED_EDGE('',*,*,#4135,.F.);
#5895=ORIENTED_EDGE('',*,*,#4136,.F.);
#5896=ORIENTED_EDGE('',*,*,#4137,.T.);
#5897=ORIENTED_EDGE('',*,*,#4130,.F.);
#5898=ORIENTED_EDGE('',*,*,#4138,.F.);
#5899=ORIENTED_EDGE('',*,*,#4139,.F.);
#5900=ORIENTED_EDGE('',*,*,#4135,.T.);
#5901=ORIENTED_EDGE('',*,*,#4134,.F.);
#5902=ORIENTED_EDGE('',*,*,#4140,.F.);
#5903=ORIENTED_EDGE('',*,*,#4141,.F.);
#5904=ORIENTED_EDGE('',*,*,#4138,.T.);
#5905=ORIENTED_EDGE('',*,*,#4128,.F.);
#5906=ORIENTED_EDGE('',*,*,#4137,.F.);
#5907=ORIENTED_EDGE('',*,*,#4142,.F.);
#5908=ORIENTED_EDGE('',*,*,#4140,.T.);
#5909=ORIENTED_EDGE('',*,*,#4057,.F.);
#5910=ORIENTED_EDGE('',*,*,#4091,.F.);
#5911=ORIENTED_EDGE('',*,*,#4143,.F.);
#5912=ORIENTED_EDGE('',*,*,#4144,.T.);
#5913=ORIENTED_EDGE('',*,*,#4060,.F.);
#5914=ORIENTED_EDGE('',*,*,#4144,.F.);
#5915=ORIENTED_EDGE('',*,*,#4145,.F.);
#5916=ORIENTED_EDGE('',*,*,#4146,.T.);
#5917=ORIENTED_EDGE('',*,*,#4067,.F.);
#5918=ORIENTED_EDGE('',*,*,#4146,.F.);
#5919=ORIENTED_EDGE('',*,*,#4147,.F.);
#5920=ORIENTED_EDGE('',*,*,#4148,.T.);
#5921=ORIENTED_EDGE('',*,*,#4070,.F.);
#5922=ORIENTED_EDGE('',*,*,#4148,.F.);
#5923=ORIENTED_EDGE('',*,*,#4149,.F.);
#5924=ORIENTED_EDGE('',*,*,#4150,.T.);
#5925=ORIENTED_EDGE('',*,*,#4074,.F.);
#5926=ORIENTED_EDGE('',*,*,#4150,.F.);
#5927=ORIENTED_EDGE('',*,*,#4151,.F.);
#5928=ORIENTED_EDGE('',*,*,#4152,.T.);
#5929=ORIENTED_EDGE('',*,*,#4077,.F.);
#5930=ORIENTED_EDGE('',*,*,#4152,.F.);
#5931=ORIENTED_EDGE('',*,*,#4153,.F.);
#5932=ORIENTED_EDGE('',*,*,#4100,.T.);
#5933=ORIENTED_EDGE('',*,*,#4154,.F.);
#5934=ORIENTED_EDGE('',*,*,#4155,.F.);
#5935=ORIENTED_EDGE('',*,*,#4156,.F.);
#5936=ORIENTED_EDGE('',*,*,#4157,.F.);
#5937=ORIENTED_EDGE('',*,*,#4158,.F.);
#5938=ORIENTED_EDGE('',*,*,#4159,.F.);
#5939=ORIENTED_EDGE('',*,*,#4160,.F.);
#5940=ORIENTED_EDGE('',*,*,#4161,.F.);
#5941=ORIENTED_EDGE('',*,*,#4162,.F.);
#5942=ORIENTED_EDGE('',*,*,#4163,.F.);
#5943=ORIENTED_EDGE('',*,*,#4164,.F.);
#5944=ORIENTED_EDGE('',*,*,#4165,.F.);
#5945=ORIENTED_EDGE('',*,*,#4166,.F.);
#5946=ORIENTED_EDGE('',*,*,#4167,.F.);
#5947=ORIENTED_EDGE('',*,*,#4168,.F.);
#5948=ORIENTED_EDGE('',*,*,#4169,.F.);
#5949=ORIENTED_EDGE('',*,*,#4170,.F.);
#5950=ORIENTED_EDGE('',*,*,#4171,.F.);
#5951=ORIENTED_EDGE('',*,*,#4172,.F.);
#5952=ORIENTED_EDGE('',*,*,#4173,.F.);
#5953=ORIENTED_EDGE('',*,*,#4174,.F.);
#5954=ORIENTED_EDGE('',*,*,#3992,.T.);
#5955=ORIENTED_EDGE('',*,*,#3995,.T.);
#5956=ORIENTED_EDGE('',*,*,#3998,.T.);
#5957=ORIENTED_EDGE('',*,*,#3989,.T.);
#5958=ORIENTED_EDGE('',*,*,#3972,.F.);
#5959=ORIENTED_EDGE('',*,*,#3974,.T.);
#5960=ORIENTED_EDGE('',*,*,#3965,.F.);
#5961=ORIENTED_EDGE('',*,*,#3969,.T.);
#5962=ORIENTED_EDGE('',*,*,#4003,.T.);
#5963=ORIENTED_EDGE('',*,*,#4006,.T.);
#5964=ORIENTED_EDGE('',*,*,#4009,.T.);
#5965=ORIENTED_EDGE('',*,*,#4000,.T.);
#5966=ORIENTED_EDGE('',*,*,#3978,.F.);
#5967=ORIENTED_EDGE('',*,*,#3982,.T.);
#5968=ORIENTED_EDGE('',*,*,#3985,.F.);
#5969=ORIENTED_EDGE('',*,*,#3988,.T.);
#5970=ORIENTED_EDGE('',*,*,#4142,.T.);
#5971=ORIENTED_EDGE('',*,*,#4136,.T.);
#5972=ORIENTED_EDGE('',*,*,#4139,.T.);
#5973=ORIENTED_EDGE('',*,*,#4141,.T.);
#5974=ORIENTED_EDGE('',*,*,#4101,.T.);
#5975=ORIENTED_EDGE('',*,*,#4153,.T.);
#5976=ORIENTED_EDGE('',*,*,#4151,.T.);
#5977=ORIENTED_EDGE('',*,*,#4149,.T.);
#5978=ORIENTED_EDGE('',*,*,#4147,.T.);
#5979=ORIENTED_EDGE('',*,*,#4145,.T.);
#5980=ORIENTED_EDGE('',*,*,#4143,.T.);
#5981=ORIENTED_EDGE('',*,*,#4090,.T.);
#5982=ORIENTED_EDGE('',*,*,#4093,.T.);
#5983=ORIENTED_EDGE('',*,*,#4095,.T.);
#5984=ORIENTED_EDGE('',*,*,#4097,.T.);
#5985=ORIENTED_EDGE('',*,*,#4099,.T.);
#5986=ORIENTED_EDGE('',*,*,#4175,.F.);
#5987=ORIENTED_EDGE('',*,*,#4176,.T.);
#5988=ORIENTED_EDGE('',*,*,#4157,.T.);
#5989=ORIENTED_EDGE('',*,*,#4177,.F.);
#5990=ORIENTED_EDGE('',*,*,#4178,.F.);
#5991=ORIENTED_EDGE('',*,*,#4179,.T.);
#5992=ORIENTED_EDGE('',*,*,#4158,.T.);
#5993=ORIENTED_EDGE('',*,*,#4176,.F.);
#5994=ORIENTED_EDGE('',*,*,#4180,.F.);
#5995=ORIENTED_EDGE('',*,*,#4181,.T.);
#5996=ORIENTED_EDGE('',*,*,#4159,.T.);
#5997=ORIENTED_EDGE('',*,*,#4179,.F.);
#5998=ORIENTED_EDGE('',*,*,#4182,.F.);
#5999=ORIENTED_EDGE('',*,*,#4183,.T.);
#6000=ORIENTED_EDGE('',*,*,#4160,.T.);
#6001=ORIENTED_EDGE('',*,*,#4181,.F.);
#6002=ORIENTED_EDGE('',*,*,#4184,.F.);
#6003=ORIENTED_EDGE('',*,*,#4185,.T.);
#6004=ORIENTED_EDGE('',*,*,#4161,.T.);
#6005=ORIENTED_EDGE('',*,*,#4183,.F.);
#6006=ORIENTED_EDGE('',*,*,#4186,.F.);
#6007=ORIENTED_EDGE('',*,*,#4187,.T.);
#6008=ORIENTED_EDGE('',*,*,#4162,.T.);
#6009=ORIENTED_EDGE('',*,*,#4185,.F.);
#6010=ORIENTED_EDGE('',*,*,#4188,.F.);
#6011=ORIENTED_EDGE('',*,*,#4189,.T.);
#6012=ORIENTED_EDGE('',*,*,#4163,.T.);
#6013=ORIENTED_EDGE('',*,*,#4187,.F.);
#6014=ORIENTED_EDGE('',*,*,#4190,.F.);
#6015=ORIENTED_EDGE('',*,*,#4191,.T.);
#6016=ORIENTED_EDGE('',*,*,#4164,.T.);
#6017=ORIENTED_EDGE('',*,*,#4189,.F.);
#6018=ORIENTED_EDGE('',*,*,#4192,.F.);
#6019=ORIENTED_EDGE('',*,*,#4193,.T.);
#6020=ORIENTED_EDGE('',*,*,#4165,.T.);
#6021=ORIENTED_EDGE('',*,*,#4191,.F.);
#6022=ORIENTED_EDGE('',*,*,#4194,.F.);
#6023=ORIENTED_EDGE('',*,*,#4195,.T.);
#6024=ORIENTED_EDGE('',*,*,#4166,.T.);
#6025=ORIENTED_EDGE('',*,*,#4193,.F.);
#6026=ORIENTED_EDGE('',*,*,#4196,.F.);
#6027=ORIENTED_EDGE('',*,*,#4197,.T.);
#6028=ORIENTED_EDGE('',*,*,#4167,.T.);
#6029=ORIENTED_EDGE('',*,*,#4195,.F.);
#6030=ORIENTED_EDGE('',*,*,#4198,.F.);
#6031=ORIENTED_EDGE('',*,*,#4199,.T.);
#6032=ORIENTED_EDGE('',*,*,#4168,.T.);
#6033=ORIENTED_EDGE('',*,*,#4197,.F.);
#6034=ORIENTED_EDGE('',*,*,#4200,.F.);
#6035=ORIENTED_EDGE('',*,*,#4201,.T.);
#6036=ORIENTED_EDGE('',*,*,#4169,.T.);
#6037=ORIENTED_EDGE('',*,*,#4199,.F.);
#6038=ORIENTED_EDGE('',*,*,#4202,.F.);
#6039=ORIENTED_EDGE('',*,*,#4203,.T.);
#6040=ORIENTED_EDGE('',*,*,#4170,.T.);
#6041=ORIENTED_EDGE('',*,*,#4201,.F.);
#6042=ORIENTED_EDGE('',*,*,#4204,.F.);
#6043=ORIENTED_EDGE('',*,*,#4205,.T.);
#6044=ORIENTED_EDGE('',*,*,#4171,.T.);
#6045=ORIENTED_EDGE('',*,*,#4203,.F.);
#6046=ORIENTED_EDGE('',*,*,#4206,.F.);
#6047=ORIENTED_EDGE('',*,*,#4207,.T.);
#6048=ORIENTED_EDGE('',*,*,#4172,.T.);
#6049=ORIENTED_EDGE('',*,*,#4205,.F.);
#6050=ORIENTED_EDGE('',*,*,#4208,.F.);
#6051=ORIENTED_EDGE('',*,*,#4209,.T.);
#6052=ORIENTED_EDGE('',*,*,#4173,.T.);
#6053=ORIENTED_EDGE('',*,*,#4207,.F.);
#6054=ORIENTED_EDGE('',*,*,#4210,.F.);
#6055=ORIENTED_EDGE('',*,*,#4211,.F.);
#6056=ORIENTED_EDGE('',*,*,#4174,.T.);
#6057=ORIENTED_EDGE('',*,*,#4209,.F.);
#6058=ORIENTED_EDGE('',*,*,#4177,.T.);
#6059=ORIENTED_EDGE('',*,*,#4156,.T.);
#6060=ORIENTED_EDGE('',*,*,#4212,.T.);
#6061=ORIENTED_EDGE('',*,*,#4120,.F.);
#6062=ORIENTED_EDGE('',*,*,#4213,.F.);
#6063=ORIENTED_EDGE('',*,*,#4214,.F.);
#6064=ORIENTED_EDGE('',*,*,#4215,.T.);
#6065=ORIENTED_EDGE('',*,*,#4216,.T.);
#6066=ORIENTED_EDGE('',*,*,#4121,.F.);
#6067=ORIENTED_EDGE('',*,*,#4212,.F.);
#6068=ORIENTED_EDGE('',*,*,#4155,.T.);
#6069=ORIENTED_EDGE('',*,*,#4217,.T.);
#6070=ORIENTED_EDGE('',*,*,#4102,.T.);
#6071=ORIENTED_EDGE('',*,*,#4218,.T.);
#6072=ORIENTED_EDGE('',*,*,#4219,.T.);
#6073=ORIENTED_EDGE('',*,*,#4220,.T.);
#6074=ORIENTED_EDGE('',*,*,#4103,.T.);
#6075=ORIENTED_EDGE('',*,*,#4217,.F.);
#6076=ORIENTED_EDGE('',*,*,#4221,.T.);
#6077=ORIENTED_EDGE('',*,*,#4222,.T.);
#6078=ORIENTED_EDGE('',*,*,#4223,.T.);
#6079=ORIENTED_EDGE('',*,*,#4106,.T.);
#6080=ORIENTED_EDGE('',*,*,#4224,.T.);
#6081=ORIENTED_EDGE('',*,*,#4225,.T.);
#6082=ORIENTED_EDGE('',*,*,#4213,.T.);
#6083=ORIENTED_EDGE('',*,*,#4119,.T.);
#6084=ORIENTED_EDGE('',*,*,#4226,.T.);
#6085=ORIENTED_EDGE('',*,*,#4118,.T.);
#6086=ORIENTED_EDGE('',*,*,#4227,.T.);
#6087=ORIENTED_EDGE('',*,*,#4228,.T.);
#6088=ORIENTED_EDGE('',*,*,#4226,.F.);
#6089=ORIENTED_EDGE('',*,*,#4117,.T.);
#6090=ORIENTED_EDGE('',*,*,#4229,.T.);
#6091=ORIENTED_EDGE('',*,*,#4230,.T.);
#6092=ORIENTED_EDGE('',*,*,#4227,.F.);
#6093=ORIENTED_EDGE('',*,*,#4116,.T.);
#6094=ORIENTED_EDGE('',*,*,#4231,.T.);
#6095=ORIENTED_EDGE('',*,*,#4232,.T.);
#6096=ORIENTED_EDGE('',*,*,#4229,.F.);
#6097=ORIENTED_EDGE('',*,*,#4115,.T.);
#6098=ORIENTED_EDGE('',*,*,#4233,.T.);
#6099=ORIENTED_EDGE('',*,*,#4029,.T.);
#6100=ORIENTED_EDGE('',*,*,#4022,.T.);
#6101=ORIENTED_EDGE('',*,*,#4028,.T.);
#6102=ORIENTED_EDGE('',*,*,#4231,.F.);
#6103=ORIENTED_EDGE('',*,*,#4234,.T.);
#6104=ORIENTED_EDGE('',*,*,#4233,.F.);
#6105=ORIENTED_EDGE('',*,*,#4114,.T.);
#6106=ORIENTED_EDGE('',*,*,#4235,.T.);
#6107=ORIENTED_EDGE('',*,*,#4236,.T.);
#6108=ORIENTED_EDGE('',*,*,#4235,.F.);
#6109=ORIENTED_EDGE('',*,*,#4113,.T.);
#6110=ORIENTED_EDGE('',*,*,#4237,.T.);
#6111=ORIENTED_EDGE('',*,*,#4238,.T.);
#6112=ORIENTED_EDGE('',*,*,#4237,.F.);
#6113=ORIENTED_EDGE('',*,*,#4112,.T.);
#6114=ORIENTED_EDGE('',*,*,#4239,.T.);
#6115=ORIENTED_EDGE('',*,*,#4240,.T.);
#6116=ORIENTED_EDGE('',*,*,#4239,.F.);
#6117=ORIENTED_EDGE('',*,*,#4111,.T.);
#6118=ORIENTED_EDGE('',*,*,#4241,.T.);
#6119=ORIENTED_EDGE('',*,*,#4242,.T.);
#6120=ORIENTED_EDGE('',*,*,#4241,.F.);
#6121=ORIENTED_EDGE('',*,*,#4110,.T.);
#6122=ORIENTED_EDGE('',*,*,#4243,.T.);
#6123=ORIENTED_EDGE('',*,*,#4244,.T.);
#6124=ORIENTED_EDGE('',*,*,#4243,.F.);
#6125=ORIENTED_EDGE('',*,*,#4109,.T.);
#6126=ORIENTED_EDGE('',*,*,#4245,.T.);
#6127=ORIENTED_EDGE('',*,*,#4246,.T.);
#6128=ORIENTED_EDGE('',*,*,#4245,.F.);
#6129=ORIENTED_EDGE('',*,*,#4108,.T.);
#6130=ORIENTED_EDGE('',*,*,#4247,.T.);
#6131=ORIENTED_EDGE('',*,*,#4223,.F.);
#6132=ORIENTED_EDGE('',*,*,#4047,.T.);
#6133=ORIENTED_EDGE('',*,*,#4046,.T.);
#6134=ORIENTED_EDGE('',*,*,#4052,.T.);
#6135=ORIENTED_EDGE('',*,*,#4247,.F.);
#6136=ORIENTED_EDGE('',*,*,#4107,.T.);
#6137=ORIENTED_EDGE('',*,*,#4248,.T.);
#6138=ORIENTED_EDGE('',*,*,#4224,.F.);
#6139=ORIENTED_EDGE('',*,*,#4105,.T.);
#6140=ORIENTED_EDGE('',*,*,#4249,.T.);
#6141=ORIENTED_EDGE('',*,*,#4220,.F.);
#6142=ORIENTED_EDGE('',*,*,#4250,.T.);
#6143=ORIENTED_EDGE('',*,*,#4249,.F.);
#6144=ORIENTED_EDGE('',*,*,#4104,.T.);
#6145=ORIENTED_EDGE('',*,*,#4225,.F.);
#6146=ORIENTED_EDGE('',*,*,#4251,.F.);
#6147=ORIENTED_EDGE('',*,*,#4252,.T.);
#6148=ORIENTED_EDGE('',*,*,#4214,.T.);
#6149=ORIENTED_EDGE('',*,*,#4228,.F.);
#6150=ORIENTED_EDGE('',*,*,#4253,.F.);
#6151=ORIENTED_EDGE('',*,*,#4254,.T.);
#6152=ORIENTED_EDGE('',*,*,#4251,.T.);
#6153=ORIENTED_EDGE('',*,*,#4230,.F.);
#6154=ORIENTED_EDGE('',*,*,#4255,.F.);
#6155=ORIENTED_EDGE('',*,*,#4256,.T.);
#6156=ORIENTED_EDGE('',*,*,#4253,.T.);
#6157=ORIENTED_EDGE('',*,*,#4232,.F.);
#6158=ORIENTED_EDGE('',*,*,#4027,.F.);
#6159=ORIENTED_EDGE('',*,*,#4257,.T.);
#6160=ORIENTED_EDGE('',*,*,#4255,.T.);
#6161=ORIENTED_EDGE('',*,*,#4234,.F.);
#6162=ORIENTED_EDGE('',*,*,#4258,.F.);
#6163=ORIENTED_EDGE('',*,*,#4259,.T.);
#6164=ORIENTED_EDGE('',*,*,#4030,.T.);
#6165=ORIENTED_EDGE('',*,*,#4236,.F.);
#6166=ORIENTED_EDGE('',*,*,#4260,.F.);
#6167=ORIENTED_EDGE('',*,*,#4261,.T.);
#6168=ORIENTED_EDGE('',*,*,#4258,.T.);
#6169=ORIENTED_EDGE('',*,*,#4238,.F.);
#6170=ORIENTED_EDGE('',*,*,#4262,.F.);
#6171=ORIENTED_EDGE('',*,*,#4263,.T.);
#6172=ORIENTED_EDGE('',*,*,#4260,.T.);
#6173=ORIENTED_EDGE('',*,*,#4240,.F.);
#6174=ORIENTED_EDGE('',*,*,#4264,.F.);
#6175=ORIENTED_EDGE('',*,*,#4265,.T.);
#6176=ORIENTED_EDGE('',*,*,#4262,.T.);
#6177=ORIENTED_EDGE('',*,*,#4242,.F.);
#6178=ORIENTED_EDGE('',*,*,#4266,.F.);
#6179=ORIENTED_EDGE('',*,*,#4267,.T.);
#6180=ORIENTED_EDGE('',*,*,#4264,.T.);
#6181=ORIENTED_EDGE('',*,*,#4244,.F.);
#6182=ORIENTED_EDGE('',*,*,#4268,.F.);
#6183=ORIENTED_EDGE('',*,*,#4269,.T.);
#6184=ORIENTED_EDGE('',*,*,#4266,.T.);
#6185=ORIENTED_EDGE('',*,*,#4246,.F.);
#6186=ORIENTED_EDGE('',*,*,#4051,.F.);
#6187=ORIENTED_EDGE('',*,*,#4270,.T.);
#6188=ORIENTED_EDGE('',*,*,#4268,.T.);
#6189=ORIENTED_EDGE('',*,*,#4222,.F.);
#6190=ORIENTED_EDGE('',*,*,#4271,.F.);
#6191=ORIENTED_EDGE('',*,*,#4272,.T.);
#6192=ORIENTED_EDGE('',*,*,#4048,.T.);
#6193=ORIENTED_EDGE('',*,*,#4248,.F.);
#6194=ORIENTED_EDGE('',*,*,#4273,.F.);
#6195=ORIENTED_EDGE('',*,*,#4274,.T.);
#6196=ORIENTED_EDGE('',*,*,#4271,.T.);
#6197=ORIENTED_EDGE('',*,*,#4250,.F.);
#6198=ORIENTED_EDGE('',*,*,#4275,.F.);
#6199=ORIENTED_EDGE('',*,*,#4276,.T.);
#6200=ORIENTED_EDGE('',*,*,#4273,.T.);
#6201=ORIENTED_EDGE('',*,*,#4221,.F.);
#6202=ORIENTED_EDGE('',*,*,#4277,.F.);
#6203=ORIENTED_EDGE('',*,*,#4278,.T.);
#6204=ORIENTED_EDGE('',*,*,#4275,.T.);
#6205=ORIENTED_EDGE('',*,*,#4219,.F.);
#6206=ORIENTED_EDGE('',*,*,#4279,.F.);
#6207=ORIENTED_EDGE('',*,*,#4280,.T.);
#6208=ORIENTED_EDGE('',*,*,#4277,.T.);
#6209=ORIENTED_EDGE('',*,*,#4211,.T.);
#6210=ORIENTED_EDGE('',*,*,#4281,.T.);
#6211=ORIENTED_EDGE('',*,*,#4279,.T.);
#6212=ORIENTED_EDGE('',*,*,#4218,.F.);
#6213=ORIENTED_EDGE('',*,*,#4122,.F.);
#6214=ORIENTED_EDGE('',*,*,#4216,.F.);
#6215=ORIENTED_EDGE('',*,*,#4154,.T.);
#6216=ORIENTED_EDGE('',*,*,#4175,.T.);
#6217=ORIENTED_EDGE('',*,*,#4215,.F.);
#6218=ORIENTED_EDGE('',*,*,#4252,.F.);
#6219=ORIENTED_EDGE('',*,*,#4254,.F.);
#6220=ORIENTED_EDGE('',*,*,#4256,.F.);
#6221=ORIENTED_EDGE('',*,*,#4257,.F.);
#6222=ORIENTED_EDGE('',*,*,#4026,.F.);
#6223=ORIENTED_EDGE('',*,*,#4023,.F.);
#6224=ORIENTED_EDGE('',*,*,#4031,.F.);
#6225=ORIENTED_EDGE('',*,*,#4259,.F.);
#6226=ORIENTED_EDGE('',*,*,#4261,.F.);
#6227=ORIENTED_EDGE('',*,*,#4263,.F.);
#6228=ORIENTED_EDGE('',*,*,#4265,.F.);
#6229=ORIENTED_EDGE('',*,*,#4267,.F.);
#6230=ORIENTED_EDGE('',*,*,#4269,.F.);
#6231=ORIENTED_EDGE('',*,*,#4270,.F.);
#6232=ORIENTED_EDGE('',*,*,#4050,.F.);
#6233=ORIENTED_EDGE('',*,*,#4041,.F.);
#6234=ORIENTED_EDGE('',*,*,#4049,.F.);
#6235=ORIENTED_EDGE('',*,*,#4272,.F.);
#6236=ORIENTED_EDGE('',*,*,#4274,.F.);
#6237=ORIENTED_EDGE('',*,*,#4276,.F.);
#6238=ORIENTED_EDGE('',*,*,#4278,.F.);
#6239=ORIENTED_EDGE('',*,*,#4280,.F.);
#6240=ORIENTED_EDGE('',*,*,#4281,.F.);
#6241=ORIENTED_EDGE('',*,*,#4210,.T.);
#6242=ORIENTED_EDGE('',*,*,#4208,.T.);
#6243=ORIENTED_EDGE('',*,*,#4206,.T.);
#6244=ORIENTED_EDGE('',*,*,#4204,.T.);
#6245=ORIENTED_EDGE('',*,*,#4202,.T.);
#6246=ORIENTED_EDGE('',*,*,#4200,.T.);
#6247=ORIENTED_EDGE('',*,*,#4198,.T.);
#6248=ORIENTED_EDGE('',*,*,#4196,.T.);
#6249=ORIENTED_EDGE('',*,*,#4194,.T.);
#6250=ORIENTED_EDGE('',*,*,#4192,.T.);
#6251=ORIENTED_EDGE('',*,*,#4190,.T.);
#6252=ORIENTED_EDGE('',*,*,#4188,.T.);
#6253=ORIENTED_EDGE('',*,*,#4186,.T.);
#6254=ORIENTED_EDGE('',*,*,#4184,.T.);
#6255=ORIENTED_EDGE('',*,*,#4182,.T.);
#6256=ORIENTED_EDGE('',*,*,#4180,.T.);
#6257=ORIENTED_EDGE('',*,*,#4178,.T.);
#6258=CYLINDRICAL_SURFACE('',#6749,0.25);
#6259=CYLINDRICAL_SURFACE('',#6753,0.25);
#6260=CYLINDRICAL_SURFACE('',#6757,0.25);
#6261=CYLINDRICAL_SURFACE('',#6761,0.25);
#6262=CYLINDRICAL_SURFACE('',#6766,0.0599993201538637);
#6263=CYLINDRICAL_SURFACE('',#6770,0.0599993202038509);
#6264=CYLINDRICAL_SURFACE('',#6774,0.059999320153846);
#6265=CYLINDRICAL_SURFACE('',#6778,0.0599993202038509);
#6266=CYLINDRICAL_SURFACE('',#6785,0.75);
#6267=CYLINDRICAL_SURFACE('',#6795,0.75);
#6268=CYLINDRICAL_SURFACE('',#6801,1.);
#6269=CYLINDRICAL_SURFACE('',#6806,1.);
#6270=CYLINDRICAL_SURFACE('',#6809,1.);
#6271=CYLINDRICAL_SURFACE('',#6810,1.);
#6272=CYLINDRICAL_SURFACE('',#6820,0.75);
#6273=CYLINDRICAL_SURFACE('',#6830,0.75);
#6274=CYLINDRICAL_SURFACE('',#6836,1.);
#6275=CYLINDRICAL_SURFACE('',#6840,1.);
#6276=CYLINDRICAL_SURFACE('',#6843,1.);
#6277=CYLINDRICAL_SURFACE('',#6853,1.);
#6278=CYLINDRICAL_SURFACE('',#6860,1.);
#6279=CYLINDRICAL_SURFACE('',#6863,1.);
#6280=CYLINDRICAL_SURFACE('',#6867,1.);
#6281=CYLINDRICAL_SURFACE('',#6869,1.);
#6282=CYLINDRICAL_SURFACE('',#6873,1.);
#6283=CYLINDRICAL_SURFACE('',#6875,1.);
#6284=CYLINDRICAL_SURFACE('',#6877,1.);
#6285=CYLINDRICAL_SURFACE('',#6881,1.);
#6286=CYLINDRICAL_SURFACE('',#6883,1.);
#6287=CYLINDRICAL_SURFACE('',#6885,1.);
#6288=CYLINDRICAL_SURFACE('',#6889,1.);
#6289=CYLINDRICAL_SURFACE('',#6891,1.);
#6290=CYLINDRICAL_SURFACE('',#6892,1.);
#6291=CYLINDRICAL_SURFACE('',#6894,1.);
#6292=CYLINDRICAL_SURFACE('',#6895,1.);
#6293=CYLINDRICAL_SURFACE('',#6898,3.50255313155436);
#6294=CYLINDRICAL_SURFACE('',#6911,2.50267615328062);
#6295=CYLINDRICAL_SURFACE('',#6916,2.50255313155151);
#6296=CYLINDRICAL_SURFACE('',#6921,2.50255313164487);
#6297=CYLINDRICAL_SURFACE('',#6926,2.50255313155436);
#6298=CYLINDRICAL_SURFACE('',#6932,3.50267615328062);
#6299=CYLINDRICAL_SURFACE('',#6935,3.50255313155151);
#6300=CYLINDRICAL_SURFACE('',#6939,3.50255313164488);
#6301=CYLINDRICAL_SURFACE('',#6945,1.50255313155436);
#6302=CYLINDRICAL_SURFACE('',#6950,1.50255313164487);
#6303=CYLINDRICAL_SURFACE('',#6955,1.50255313155151);
#6304=CYLINDRICAL_SURFACE('',#6960,1.50267615328063);
#6305=CYLINDRICAL_SURFACE('',#6966,0.5);
#6306=CYLINDRICAL_SURFACE('',#6970,0.5);
#6307=CYLINDRICAL_SURFACE('',#6972,0.5);
#6308=CYLINDRICAL_SURFACE('',#6973,0.5);
#6309=CYLINDRICAL_SURFACE('',#6983,0.5);
#6310=CYLINDRICAL_SURFACE('',#6989,0.5);
#6311=CYLINDRICAL_SURFACE('',#6990,0.5);
#6312=CYLINDRICAL_SURFACE('',#6995,0.5);
#6313=CYLINDRICAL_SURFACE('',#6999,0.5);
#6314=CYLINDRICAL_SURFACE('',#7017,0.25);
#6315=CYLINDRICAL_SURFACE('',#7021,0.25);
#6316=CYLINDRICAL_SURFACE('',#7025,0.25);
#6317=CYLINDRICAL_SURFACE('',#7029,0.25);
#6318=CYLINDRICAL_SURFACE('',#7034,0.0599993201538637);
#6319=CYLINDRICAL_SURFACE('',#7038,0.0599993202038509);
#6320=CYLINDRICAL_SURFACE('',#7042,0.059999320153846);
#6321=CYLINDRICAL_SURFACE('',#7046,0.0599993202038509);
#6322=CYLINDRICAL_SURFACE('',#7049,1.);
#6323=CYLINDRICAL_SURFACE('',#7055,2.);
#6324=CYLINDRICAL_SURFACE('',#7061,1.);
#6325=CYLINDRICAL_SURFACE('',#7069,2.);
#6326=CYLINDRICAL_SURFACE('',#7073,0.5);
#6327=CYLINDRICAL_SURFACE('',#7076,0.5);
#6328=CYLINDRICAL_SURFACE('',#7078,0.5);
#6329=CYLINDRICAL_SURFACE('',#7080,0.5);
#6330=CYLINDRICAL_SURFACE('',#7083,0.5);
#6331=CYLINDRICAL_SURFACE('',#7085,0.5);
#6332=CYLINDRICAL_SURFACE('',#7087,0.5);
#6333=CYLINDRICAL_SURFACE('',#7089,0.5);
#6334=CYLINDRICAL_SURFACE('',#7090,0.5);
#6335=CYLINDRICAL_SURFACE('',#7092,0.5);
#6336=CYLINDRICAL_SURFACE('',#7094,0.5);
#6337=CYLINDRICAL_SURFACE('',#7096,0.5);
#6338=CYLINDRICAL_SURFACE('',#7108,0.5);
#6339=CYLINDRICAL_SURFACE('',#7111,0.5);
#6340=CYLINDRICAL_SURFACE('',#7114,0.5);
#6341=CYLINDRICAL_SURFACE('',#7115,0.5);
#6342=CYLINDRICAL_SURFACE('',#7133,2.00255313155436);
#6343=CYLINDRICAL_SURFACE('',#7138,2.00255313164487);
#6344=CYLINDRICAL_SURFACE('',#7143,2.00255313155152);
#6345=CYLINDRICAL_SURFACE('',#7148,2.00267615328063);
#6346=CYLINDRICAL_SURFACE('',#7156,1.);
#6347=CYLINDRICAL_SURFACE('',#7158,1.);
#6348=CYLINDRICAL_SURFACE('',#7160,1.);
#6349=CYLINDRICAL_SURFACE('',#7161,1.);
#6350=CYLINDRICAL_SURFACE('',#7162,1.);
#6351=CYLINDRICAL_SURFACE('',#7164,1.);
#6352=CYLINDRICAL_SURFACE('',#7167,1.);
#6353=CYLINDRICAL_SURFACE('',#7169,1.);
#6354=CYLINDRICAL_SURFACE('',#7171,1.);
#6355=CYLINDRICAL_SURFACE('',#7174,1.);
#6356=CYLINDRICAL_SURFACE('',#7176,1.);
#6357=CYLINDRICAL_SURFACE('',#7178,1.);
#6358=CYLINDRICAL_SURFACE('',#7181,1.);
#6359=CYLINDRICAL_SURFACE('',#7183,1.);
#6360=CYLINDRICAL_SURFACE('',#7186,1.);
#6361=CYLINDRICAL_SURFACE('',#7189,3.50255313155436);
#6362=CYLINDRICAL_SURFACE('',#7193,3.50255313164488);
#6363=CYLINDRICAL_SURFACE('',#7198,3.50255313155151);
#6364=CYLINDRICAL_SURFACE('',#7202,3.50267615328062);
#6365=ADVANCED_FACE('',(#520),#6258,.F.);
#6366=ADVANCED_FACE('',(#521),#355,.F.);
#6367=ADVANCED_FACE('',(#522),#6259,.F.);
#6368=ADVANCED_FACE('',(#523),#356,.F.);
#6369=ADVANCED_FACE('',(#524),#6260,.F.);
#6370=ADVANCED_FACE('',(#525),#357,.F.);
#6371=ADVANCED_FACE('',(#526),#6261,.F.);
#6372=ADVANCED_FACE('',(#527),#358,.F.);
#6373=ADVANCED_FACE('',(#528),#359,.F.);
#6374=ADVANCED_FACE('',(#529),#6262,.F.);
#6375=ADVANCED_FACE('',(#530),#360,.F.);
#6376=ADVANCED_FACE('',(#531),#6263,.F.);
#6377=ADVANCED_FACE('',(#532),#361,.F.);
#6378=ADVANCED_FACE('',(#533),#6264,.F.);
#6379=ADVANCED_FACE('',(#534),#362,.F.);
#6380=ADVANCED_FACE('',(#535),#6265,.F.);
#6381=ADVANCED_FACE('',(#536),#345,.F.);
#6382=ADVANCED_FACE('',(#537),#6266,.T.);
#6383=ADVANCED_FACE('',(#538),#346,.F.);
#6384=ADVANCED_FACE('',(#539),#363,.T.);
#6385=ADVANCED_FACE('',(#540),#347,.F.);
#6386=ADVANCED_FACE('',(#541),#6267,.T.);
#6387=ADVANCED_FACE('',(#542),#348,.F.);
#6388=ADVANCED_FACE('',(#543),#364,.T.);
#6389=ADVANCED_FACE('',(#544),#6268,.T.);
#6390=ADVANCED_FACE('',(#545),#365,.T.);
#6391=ADVANCED_FACE('',(#546),#366,.T.);
#6392=ADVANCED_FACE('',(#547),#6269,.T.);
#6393=ADVANCED_FACE('',(#548),#367,.T.);
#6394=ADVANCED_FACE('',(#549),#6270,.T.);
#6395=ADVANCED_FACE('',(#550),#6271,.T.);
#6396=ADVANCED_FACE('',(#551),#368,.T.);
#6397=ADVANCED_FACE('',(#552),#369,.T.);
#6398=ADVANCED_FACE('',(#553),#370,.T.);
#6399=ADVANCED_FACE('',(#554),#371,.T.);
#6400=ADVANCED_FACE('',(#555),#349,.F.);
#6401=ADVANCED_FACE('',(#556),#6272,.T.);
#6402=ADVANCED_FACE('',(#557),#350,.F.);
#6403=ADVANCED_FACE('',(#558),#372,.T.);
#6404=ADVANCED_FACE('',(#559),#351,.F.);
#6405=ADVANCED_FACE('',(#560),#6273,.T.);
#6406=ADVANCED_FACE('',(#561),#352,.F.);
#6407=ADVANCED_FACE('',(#562),#373,.T.);
#6408=ADVANCED_FACE('',(#563),#6274,.T.);
#6409=ADVANCED_FACE('',(#564),#374,.T.);
#6410=ADVANCED_FACE('',(#565),#6275,.T.);
#6411=ADVANCED_FACE('',(#566),#375,.T.);
#6412=ADVANCED_FACE('',(#567),#6276,.T.);
#6413=ADVANCED_FACE('',(#568),#376,.T.);
#6414=ADVANCED_FACE('',(#569),#6277,.T.);
#6415=ADVANCED_FACE('',(#570),#377,.T.);
#6416=ADVANCED_FACE('',(#571),#378,.T.);
#6417=ADVANCED_FACE('',(#572),#379,.T.);
#6418=ADVANCED_FACE('',(#573),#380,.T.);
#6419=ADVANCED_FACE('',(#574),#381,.T.);
#6420=ADVANCED_FACE('',(#575),#6278,.T.);
#6421=ADVANCED_FACE('',(#576),#6279,.T.);
#6422=ADVANCED_FACE('',(#577),#148,.T.);
#6423=ADVANCED_FACE('',(#578),#6280,.T.);
#6424=ADVANCED_FACE('',(#579),#6281,.T.);
#6425=ADVANCED_FACE('',(#580),#149,.T.);
#6426=ADVANCED_FACE('',(#581),#6282,.T.);
#6427=ADVANCED_FACE('',(#582),#6283,.T.);
#6428=ADVANCED_FACE('',(#583),#6284,.T.);
#6429=ADVANCED_FACE('',(#584),#150,.T.);
#6430=ADVANCED_FACE('',(#585),#6285,.T.);
#6431=ADVANCED_FACE('',(#586),#6286,.T.);
#6432=ADVANCED_FACE('',(#587),#6287,.T.);
#6433=ADVANCED_FACE('',(#588),#151,.T.);
#6434=ADVANCED_FACE('',(#589),#6288,.T.);
#6435=ADVANCED_FACE('',(#590),#6289,.T.);
#6436=ADVANCED_FACE('',(#591),#6290,.T.);
#6437=ADVANCED_FACE('',(#592),#6291,.T.);
#6438=ADVANCED_FACE('',(#593),#6292,.T.);
#6439=ADVANCED_FACE('',(#594),#382,.T.);
#6440=ADVANCED_FACE('',(#595),#6293,.T.);
#6441=ADVANCED_FACE('',(#596),#383,.T.);
#6442=ADVANCED_FACE('',(#597),#384,.T.);
#6443=ADVANCED_FACE('',(#598),#385,.T.);
#6444=ADVANCED_FACE('',(#599,#99,#100),#386,.F.);
#6445=ADVANCED_FACE('',(#600,#101,#102),#387,.T.);
#6446=ADVANCED_FACE('',(#601),#388,.T.);
#6447=ADVANCED_FACE('',(#602),#389,.T.);
#6448=ADVANCED_FACE('',(#603),#390,.T.);
#6449=ADVANCED_FACE('',(#604),#6294,.F.);
#6450=ADVANCED_FACE('',(#605),#391,.T.);
#6451=ADVANCED_FACE('',(#606),#392,.T.);
#6452=ADVANCED_FACE('',(#607),#393,.T.);
#6453=ADVANCED_FACE('',(#608),#6295,.F.);
#6454=ADVANCED_FACE('',(#609),#394,.T.);
#6455=ADVANCED_FACE('',(#610),#395,.T.);
#6456=ADVANCED_FACE('',(#611),#396,.T.);
#6457=ADVANCED_FACE('',(#612),#6296,.F.);
#6458=ADVANCED_FACE('',(#613),#397,.T.);
#6459=ADVANCED_FACE('',(#614),#398,.T.);
#6460=ADVANCED_FACE('',(#615),#399,.T.);
#6461=ADVANCED_FACE('',(#616),#6297,.F.);
#6462=ADVANCED_FACE('',(#617),#400,.T.);
#6463=ADVANCED_FACE('',(#618),#401,.T.);
#6464=ADVANCED_FACE('',(#619),#402,.T.);
#6465=ADVANCED_FACE('',(#620),#403,.T.);
#6466=ADVANCED_FACE('',(#621),#6298,.T.);
#6467=ADVANCED_FACE('',(#622),#404,.T.);
#6468=ADVANCED_FACE('',(#623),#405,.T.);
#6469=ADVANCED_FACE('',(#624),#6299,.T.);
#6470=ADVANCED_FACE('',(#625),#406,.T.);
#6471=ADVANCED_FACE('',(#626),#407,.T.);
#6472=ADVANCED_FACE('',(#627),#408,.T.);
#6473=ADVANCED_FACE('',(#628),#6300,.T.);
#6474=ADVANCED_FACE('',(#629),#409,.T.);
#6475=ADVANCED_FACE('',(#630),#410,.T.);
#6476=ADVANCED_FACE('',(#631),#411,.T.);
#6477=ADVANCED_FACE('',(#632),#412,.T.);
#6478=ADVANCED_FACE('',(#633),#413,.T.);
#6479=ADVANCED_FACE('',(#634),#6301,.F.);
#6480=ADVANCED_FACE('',(#635),#414,.T.);
#6481=ADVANCED_FACE('',(#636),#415,.T.);
#6482=ADVANCED_FACE('',(#637),#416,.T.);
#6483=ADVANCED_FACE('',(#638),#6302,.F.);
#6484=ADVANCED_FACE('',(#639),#417,.T.);
#6485=ADVANCED_FACE('',(#640),#418,.T.);
#6486=ADVANCED_FACE('',(#641),#419,.T.);
#6487=ADVANCED_FACE('',(#642),#6303,.F.);
#6488=ADVANCED_FACE('',(#643),#420,.T.);
#6489=ADVANCED_FACE('',(#644),#421,.T.);
#6490=ADVANCED_FACE('',(#645),#422,.T.);
#6491=ADVANCED_FACE('',(#646),#6304,.F.);
#6492=ADVANCED_FACE('',(#647),#423,.T.);
#6493=ADVANCED_FACE('',(#648),#424,.T.);
#6494=ADVANCED_FACE('',(#649),#425,.T.);
#6495=ADVANCED_FACE('',(#650),#426,.T.);
#6496=ADVANCED_FACE('',(#651),#6305,.T.);
#6497=ADVANCED_FACE('',(#652),#353,.T.);
#6498=ADVANCED_FACE('',(#653,#103),#427,.T.);
#6499=ADVANCED_FACE('',(#654),#17,.T.);
#6500=ADVANCED_FACE('',(#655),#6306,.T.);
#6501=ADVANCED_FACE('',(#656),#428,.T.);
#6502=ADVANCED_FACE('',(#657),#18,.T.);
#6503=ADVANCED_FACE('',(#658),#6307,.T.);
#6504=ADVANCED_FACE('',(#659),#19,.T.);
#6505=ADVANCED_FACE('',(#660),#20,.T.);
#6506=ADVANCED_FACE('',(#661),#6308,.T.);
#6507=ADVANCED_FACE('',(#662),#429,.T.);
#6508=ADVANCED_FACE('',(#663),#430,.T.);
#6509=ADVANCED_FACE('',(#664),#431,.T.);
#6510=ADVANCED_FACE('',(#665),#432,.T.);
#6511=ADVANCED_FACE('',(#666),#6309,.T.);
#6512=ADVANCED_FACE('',(#667),#354,.T.);
#6513=ADVANCED_FACE('',(#668),#433,.T.);
#6514=ADVANCED_FACE('',(#669),#434,.T.);
#6515=ADVANCED_FACE('',(#670),#6310,.T.);
#6516=ADVANCED_FACE('',(#671),#21,.T.);
#6517=ADVANCED_FACE('',(#672),#22,.T.);
#6518=ADVANCED_FACE('',(#673),#6311,.T.);
#6519=ADVANCED_FACE('',(#674),#435,.T.);
#6520=ADVANCED_FACE('',(#675),#436,.T.);
#6521=ADVANCED_FACE('',(#676),#6312,.T.);
#6522=ADVANCED_FACE('',(#677),#437,.T.);
#6523=ADVANCED_FACE('',(#678),#6313,.T.);
#6524=ADVANCED_FACE('',(#679),#438,.T.);
#6525=ADVANCED_FACE('',(#680),#23,.T.);
#6526=ADVANCED_FACE('',(#681),#24,.T.);
#6527=ADVANCED_FACE('',(#682),#25,.T.);
#6528=ADVANCED_FACE('',(#683),#26,.T.);
#6529=ADVANCED_FACE('',(#684),#27,.T.);
#6530=ADVANCED_FACE('',(#685),#28,.T.);
#6531=ADVANCED_FACE('',(#686),#29,.T.);
#6532=ADVANCED_FACE('',(#687),#30,.T.);
#6533=ADVANCED_FACE('',(#688),#31,.T.);
#6534=ADVANCED_FACE('',(#689),#32,.T.);
#6535=ADVANCED_FACE('',(#690),#33,.T.);
#6536=ADVANCED_FACE('',(#691),#34,.T.);
#6537=ADVANCED_FACE('',(#692),#35,.T.);
#6538=ADVANCED_FACE('',(#693),#36,.T.);
#6539=ADVANCED_FACE('',(#694),#37,.T.);
#6540=ADVANCED_FACE('',(#695),#38,.T.);
#6541=ADVANCED_FACE('',(#696),#39,.T.);
#6542=ADVANCED_FACE('',(#697),#439,.T.);
#6543=ADVANCED_FACE('',(#698),#40,.T.);
#6544=ADVANCED_FACE('',(#699),#41,.T.);
#6545=ADVANCED_FACE('',(#700),#42,.T.);
#6546=ADVANCED_FACE('',(#701),#43,.T.);
#6547=ADVANCED_FACE('',(#702),#44,.T.);
#6548=ADVANCED_FACE('',(#703),#45,.T.);
#6549=ADVANCED_FACE('',(#704),#46,.T.);
#6550=ADVANCED_FACE('',(#705),#47,.T.);
#6551=ADVANCED_FACE('',(#706),#440,.T.);
#6552=ADVANCED_FACE('',(#707),#48,.T.);
#6553=ADVANCED_FACE('',(#708),#49,.T.);
#6554=ADVANCED_FACE('',(#709),#50,.T.);
#6555=ADVANCED_FACE('',(#710),#441,.T.);
#6556=ADVANCED_FACE('',(#711),#442,.T.);
#6557=ADVANCED_FACE('',(#712),#443,.T.);
#6558=ADVANCED_FACE('',(#713),#51,.T.);
#6559=ADVANCED_FACE('',(#714),#52,.T.);
#6560=ADVANCED_FACE('',(#715),#53,.T.);
#6561=ADVANCED_FACE('',(#716),#54,.T.);
#6562=ADVANCED_FACE('',(#717),#55,.T.);
#6563=ADVANCED_FACE('',(#718),#56,.T.);
#6564=ADVANCED_FACE('',(#719),#57,.T.);
#6565=ADVANCED_FACE('',(#720),#444,.T.);
#6566=ADVANCED_FACE('',(#721),#445,.T.);
#6567=ADVANCED_FACE('',(#722),#58,.T.);
#6568=ADVANCED_FACE('',(#723),#59,.T.);
#6569=ADVANCED_FACE('',(#724),#60,.T.);
#6570=ADVANCED_FACE('',(#725),#61,.T.);
#6571=ADVANCED_FACE('',(#726),#62,.T.);
#6572=ADVANCED_FACE('',(#727),#63,.T.);
#6573=ADVANCED_FACE('',(#728),#64,.T.);
#6574=ADVANCED_FACE('',(#729),#65,.T.);
#6575=ADVANCED_FACE('',(#730),#66,.T.);
#6576=ADVANCED_FACE('',(#731),#67,.T.);
#6577=ADVANCED_FACE('',(#732),#68,.T.);
#6578=ADVANCED_FACE('',(#733),#69,.T.);
#6579=ADVANCED_FACE('',(#734),#70,.T.);
#6580=ADVANCED_FACE('',(#735),#71,.T.);
#6581=ADVANCED_FACE('',(#736),#72,.T.);
#6582=ADVANCED_FACE('',(#737),#73,.T.);
#6583=ADVANCED_FACE('',(#738),#74,.T.);
#6584=ADVANCED_FACE('',(#739),#75,.T.);
#6585=ADVANCED_FACE('',(#740,#104),#446,.T.);
#6586=ADVANCED_FACE('',(#741),#447,.T.);
#6587=ADVANCED_FACE('',(#742),#448,.T.);
#6588=ADVANCED_FACE('',(#743),#449,.T.);
#6589=ADVANCED_FACE('',(#744),#76,.T.);
#6590=ADVANCED_FACE('',(#745),#77,.T.);
#6591=ADVANCED_FACE('',(#746),#78,.T.);
#6592=ADVANCED_FACE('',(#747),#79,.T.);
#6593=ADVANCED_FACE('',(#748),#80,.T.);
#6594=ADVANCED_FACE('',(#749),#81,.T.);
#6595=ADVANCED_FACE('',(#750),#82,.T.);
#6596=ADVANCED_FACE('',(#751),#83,.T.);
#6597=ADVANCED_FACE('',(#752),#450,.T.);
#6598=ADVANCED_FACE('',(#753),#84,.T.);
#6599=ADVANCED_FACE('',(#754),#85,.T.);
#6600=ADVANCED_FACE('',(#755),#86,.T.);
#6601=ADVANCED_FACE('',(#756),#87,.T.);
#6602=ADVANCED_FACE('',(#757),#88,.T.);
#6603=ADVANCED_FACE('',(#758),#451,.T.);
#6604=ADVANCED_FACE('',(#759),#89,.T.);
#6605=ADVANCED_FACE('',(#760),#90,.T.);
#6606=ADVANCED_FACE('',(#761),#91,.T.);
#6607=ADVANCED_FACE('',(#762),#92,.T.);
#6608=ADVANCED_FACE('',(#763),#93,.T.);
#6609=ADVANCED_FACE('',(#764),#94,.T.);
#6610=ADVANCED_FACE('',(#765),#452,.T.);
#6611=ADVANCED_FACE('',(#766),#6314,.F.);
#6612=ADVANCED_FACE('',(#767),#453,.F.);
#6613=ADVANCED_FACE('',(#768),#6315,.F.);
#6614=ADVANCED_FACE('',(#769),#454,.F.);
#6615=ADVANCED_FACE('',(#770),#6316,.F.);
#6616=ADVANCED_FACE('',(#771),#455,.F.);
#6617=ADVANCED_FACE('',(#772),#6317,.F.);
#6618=ADVANCED_FACE('',(#773),#456,.F.);
#6619=ADVANCED_FACE('',(#774),#457,.F.);
#6620=ADVANCED_FACE('',(#775),#6318,.F.);
#6621=ADVANCED_FACE('',(#776),#458,.F.);
#6622=ADVANCED_FACE('',(#777),#6319,.F.);
#6623=ADVANCED_FACE('',(#778),#459,.F.);
#6624=ADVANCED_FACE('',(#779),#6320,.F.);
#6625=ADVANCED_FACE('',(#780),#460,.F.);
#6626=ADVANCED_FACE('',(#781),#6321,.F.);
#6627=ADVANCED_FACE('',(#782),#6322,.T.);
#6628=ADVANCED_FACE('',(#783),#461,.T.);
#6629=ADVANCED_FACE('',(#784),#462,.T.);
#6630=ADVANCED_FACE('',(#785),#6323,.T.);
#6631=ADVANCED_FACE('',(#786),#463,.F.);
#6632=ADVANCED_FACE('',(#787),#464,.T.);
#6633=ADVANCED_FACE('',(#788),#465,.T.);
#6634=ADVANCED_FACE('',(#789),#466,.T.);
#6635=ADVANCED_FACE('',(#790),#6324,.T.);
#6636=ADVANCED_FACE('',(#791),#467,.T.);
#6637=ADVANCED_FACE('',(#792),#468,.F.);
#6638=ADVANCED_FACE('',(#793),#469,.T.);
#6639=ADVANCED_FACE('',(#794),#6325,.T.);
#6640=ADVANCED_FACE('',(#795),#470,.T.);
#6641=ADVANCED_FACE('',(#796),#471,.T.);
#6642=ADVANCED_FACE('',(#797),#472,.T.);
#6643=ADVANCED_FACE('',(#798),#6326,.T.);
#6644=ADVANCED_FACE('',(#799),#6327,.T.);
#6645=ADVANCED_FACE('',(#800),#6328,.T.);
#6646=ADVANCED_FACE('',(#801),#6329,.T.);
#6647=ADVANCED_FACE('',(#802),#6330,.T.);
#6648=ADVANCED_FACE('',(#803),#6331,.T.);
#6649=ADVANCED_FACE('',(#804),#6332,.T.);
#6650=ADVANCED_FACE('',(#805),#6333,.T.);
#6651=ADVANCED_FACE('',(#806),#6334,.T.);
#6652=ADVANCED_FACE('',(#807),#6335,.T.);
#6653=ADVANCED_FACE('',(#808),#6336,.T.);
#6654=ADVANCED_FACE('',(#809),#6337,.T.);
#6655=ADVANCED_FACE('',(#810),#473,.F.);
#6656=ADVANCED_FACE('',(#811),#474,.F.);
#6657=ADVANCED_FACE('',(#812),#475,.F.);
#6658=ADVANCED_FACE('',(#813),#476,.F.);
#6659=ADVANCED_FACE('',(#814),#477,.F.);
#6660=ADVANCED_FACE('',(#815),#478,.F.);
#6661=ADVANCED_FACE('',(#816,#105,#106,#107,#108,#109,#110,#111,#112,#113),
#479,.T.);
#6662=ADVANCED_FACE('',(#817),#6338,.T.);
#6663=ADVANCED_FACE('',(#818),#6339,.T.);
#6664=ADVANCED_FACE('',(#819),#6340,.T.);
#6665=ADVANCED_FACE('',(#820),#6341,.T.);
#6666=ADVANCED_FACE('',(#821),#480,.F.);
#6667=ADVANCED_FACE('',(#822),#481,.F.);
#6668=ADVANCED_FACE('',(#823),#482,.F.);
#6669=ADVANCED_FACE('',(#824),#483,.F.);
#6670=ADVANCED_FACE('',(#825),#484,.F.);
#6671=ADVANCED_FACE('',(#826),#485,.F.);
#6672=ADVANCED_FACE('',(#827),#486,.F.);
#6673=ADVANCED_FACE('',(#828),#487,.F.);
#6674=ADVANCED_FACE('',(#829),#488,.F.);
#6675=ADVANCED_FACE('',(#830),#489,.F.);
#6676=ADVANCED_FACE('',(#831,#114,#115,#116,#117),#490,.F.);
#6677=ADVANCED_FACE('',(#832),#491,.F.);
#6678=ADVANCED_FACE('',(#833),#492,.F.);
#6679=ADVANCED_FACE('',(#834),#6342,.F.);
#6680=ADVANCED_FACE('',(#835),#493,.F.);
#6681=ADVANCED_FACE('',(#836),#494,.F.);
#6682=ADVANCED_FACE('',(#837),#495,.F.);
#6683=ADVANCED_FACE('',(#838),#6343,.F.);
#6684=ADVANCED_FACE('',(#839),#496,.F.);
#6685=ADVANCED_FACE('',(#840),#497,.F.);
#6686=ADVANCED_FACE('',(#841),#498,.F.);
#6687=ADVANCED_FACE('',(#842),#6344,.F.);
#6688=ADVANCED_FACE('',(#843),#499,.F.);
#6689=ADVANCED_FACE('',(#844),#500,.F.);
#6690=ADVANCED_FACE('',(#845),#501,.F.);
#6691=ADVANCED_FACE('',(#846),#6345,.F.);
#6692=ADVANCED_FACE('',(#847),#502,.F.);
#6693=ADVANCED_FACE('',(#848),#503,.F.);
#6694=ADVANCED_FACE('',(#849),#504,.F.);
#6695=ADVANCED_FACE('',(#850),#505,.T.);
#6696=ADVANCED_FACE('',(#851),#6346,.T.);
#6697=ADVANCED_FACE('',(#852),#6347,.T.);
#6698=ADVANCED_FACE('',(#853),#6348,.T.);
#6699=ADVANCED_FACE('',(#854),#6349,.T.);
#6700=ADVANCED_FACE('',(#855),#6350,.T.);
#6701=ADVANCED_FACE('',(#856),#6351,.T.);
#6702=ADVANCED_FACE('',(#857),#152,.T.);
#6703=ADVANCED_FACE('',(#858),#6352,.T.);
#6704=ADVANCED_FACE('',(#859),#6353,.T.);
#6705=ADVANCED_FACE('',(#860),#6354,.T.);
#6706=ADVANCED_FACE('',(#861),#153,.T.);
#6707=ADVANCED_FACE('',(#862),#6355,.T.);
#6708=ADVANCED_FACE('',(#863),#6356,.T.);
#6709=ADVANCED_FACE('',(#864),#6357,.T.);
#6710=ADVANCED_FACE('',(#865),#154,.T.);
#6711=ADVANCED_FACE('',(#866),#6358,.T.);
#6712=ADVANCED_FACE('',(#867),#6359,.T.);
#6713=ADVANCED_FACE('',(#868),#155,.T.);
#6714=ADVANCED_FACE('',(#869),#6360,.T.);
#6715=ADVANCED_FACE('',(#870),#506,.T.);
#6716=ADVANCED_FACE('',(#871),#507,.T.);
#6717=ADVANCED_FACE('',(#872),#6361,.T.);
#6718=ADVANCED_FACE('',(#873),#508,.T.);
#6719=ADVANCED_FACE('',(#874),#509,.T.);
#6720=ADVANCED_FACE('',(#875),#6362,.T.);
#6721=ADVANCED_FACE('',(#876),#510,.T.);
#6722=ADVANCED_FACE('',(#877),#511,.T.);
#6723=ADVANCED_FACE('',(#878),#512,.T.);
#6724=ADVANCED_FACE('',(#879),#6363,.T.);
#6725=ADVANCED_FACE('',(#880),#513,.T.);
#6726=ADVANCED_FACE('',(#881),#514,.T.);
#6727=ADVANCED_FACE('',(#882),#6364,.T.);
#6728=ADVANCED_FACE('',(#883),#515,.T.);
#6729=ADVANCED_FACE('',(#884),#516,.T.);
#6730=ADVANCED_FACE('',(#885),#517,.T.);
#6731=ADVANCED_FACE('',(#886),#518,.T.);
#6732=ADVANCED_FACE('',(#887),#519,.F.);
#6733=CLOSED_SHELL('',(#6365,#6366,#6367,#6368,#6369,#6370,#6371,#6372,
#6373,#6374,#6375,#6376,#6377,#6378,#6379,#6380,#6381,#6382,#6383,#6384,
#6385,#6386,#6387,#6388,#6389,#6390,#6391,#6392,#6393,#6394,#6395,#6396,
#6397,#6398,#6399,#6400,#6401,#6402,#6403,#6404,#6405,#6406,#6407,#6408,
#6409,#6410,#6411,#6412,#6413,#6414,#6415,#6416,#6417,#6418,#6419,#6420,
#6421,#6422,#6423,#6424,#6425,#6426,#6427,#6428,#6429,#6430,#6431,#6432,
#6433,#6434,#6435,#6436,#6437,#6438,#6439,#6440,#6441,#6442,#6443,#6444,
#6445,#6446,#6447,#6448,#6449,#6450,#6451,#6452,#6453,#6454,#6455,#6456,
#6457,#6458,#6459,#6460,#6461,#6462,#6463,#6464,#6465,#6466,#6467,#6468,
#6469,#6470,#6471,#6472,#6473,#6474,#6475,#6476,#6477,#6478,#6479,#6480,
#6481,#6482,#6483,#6484,#6485,#6486,#6487,#6488,#6489,#6490,#6491,#6492,
#6493,#6494,#6495));
#6734=CLOSED_SHELL('',(#6496,#6497,#6498,#6499,#6500,#6501,#6502,#6503,
#6504,#6505,#6506,#6507,#6508,#6509,#6510,#6511,#6512,#6513,#6514,#6515,
#6516,#6517,#6518,#6519,#6520,#6521,#6522,#6523,#6524,#6525,#6526,#6527,
#6528,#6529,#6530,#6531,#6532,#6533,#6534,#6535,#6536,#6537,#6538,#6539,
#6540,#6541,#6542,#6543,#6544,#6545,#6546,#6547,#6548,#6549,#6550,#6551,
#6552,#6553,#6554,#6555,#6556,#6557,#6558,#6559,#6560,#6561,#6562,#6563,
#6564,#6565,#6566,#6567,#6568,#6569,#6570,#6571,#6572,#6573,#6574,#6575,
#6576,#6577,#6578,#6579,#6580,#6581,#6582,#6583,#6584,#6585,#6586,#6587,
#6588,#6589,#6590,#6591,#6592,#6593,#6594,#6595,#6596,#6597,#6598,#6599,
#6600,#6601,#6602,#6603,#6604,#6605,#6606,#6607,#6608,#6609,#6610,#6611,
#6612,#6613,#6614,#6615,#6616,#6617,#6618,#6619,#6620,#6621,#6622,#6623,
#6624,#6625,#6626,#6627,#6628,#6629,#6630,#6631,#6632,#6633,#6634,#6635,
#6636,#6637,#6638,#6639,#6640,#6641,#6642,#6643,#6644,#6645,#6646,#6647,
#6648,#6649,#6650,#6651,#6652,#6653,#6654,#6655,#6656,#6657,#6658,#6659,
#6660,#6661,#6662,#6663,#6664,#6665,#6666,#6667,#6668,#6669,#6670,#6671,
#6672,#6673,#6674,#6675,#6676,#6677,#6678,#6679,#6680,#6681,#6682,#6683,
#6684,#6685,#6686,#6687,#6688,#6689,#6690,#6691,#6692,#6693,#6694,#6695,
#6696,#6697,#6698,#6699,#6700,#6701,#6702,#6703,#6704,#6705,#6706,#6707,
#6708,#6709,#6710,#6711,#6712,#6713,#6714,#6715,#6716,#6717,#6718,#6719,
#6720,#6721,#6722,#6723,#6724,#6725,#6726,#6727,#6728,#6729,#6730,#6731,
#6732));
#6735=DERIVED_UNIT_ELEMENT(#6737,1.);
#6736=DERIVED_UNIT_ELEMENT(#12876,-3.);
#6737=(
MASS_UNIT()
NAMED_UNIT(*)
SI_UNIT(.KILO.,.GRAM.)
);
#6738=DERIVED_UNIT((#6735,#6736));
#6739=MEASURE_REPRESENTATION_ITEM('density measure',
POSITIVE_RATIO_MEASURE(7850.),#6738);
#6740=PROPERTY_DEFINITION_REPRESENTATION(#6745,#6742);
#6741=PROPERTY_DEFINITION_REPRESENTATION(#6746,#6743);
#6742=REPRESENTATION('material name',(#6744),#12873);
#6743=REPRESENTATION('density',(#6739),#12873);
#6744=DESCRIPTIVE_REPRESENTATION_ITEM('Steel','Steel');
#6745=PROPERTY_DEFINITION('material property','material name',#12888);
#6746=PROPERTY_DEFINITION('material property','density of part',#12888);
#6747=AXIS2_PLACEMENT_3D('',#8755,#7210,#7211);
#6748=AXIS2_PLACEMENT_3D('',#8756,#7212,#7213);
#6749=AXIS2_PLACEMENT_3D('',#8757,#7214,#7215);
#6750=AXIS2_PLACEMENT_3D('',#8760,#7216,#7217);
#6751=AXIS2_PLACEMENT_3D('',#8764,#7219,#7220);
#6752=AXIS2_PLACEMENT_3D('',#8766,#7222,#7223);
#6753=AXIS2_PLACEMENT_3D('',#8772,#7227,#7228);
#6754=AXIS2_PLACEMENT_3D('',#8775,#7229,#7230);
#6755=AXIS2_PLACEMENT_3D('',#8779,#7232,#7233);
#6756=AXIS2_PLACEMENT_3D('',#8781,#7235,#7236);
#6757=AXIS2_PLACEMENT_3D('',#8784,#7239,#7240);
#6758=AXIS2_PLACEMENT_3D('',#8787,#7241,#7242);
#6759=AXIS2_PLACEMENT_3D('',#8791,#7244,#7245);
#6760=AXIS2_PLACEMENT_3D('',#8793,#7247,#7248);
#6761=AXIS2_PLACEMENT_3D('',#8799,#7252,#7253);
#6762=AXIS2_PLACEMENT_3D('',#8801,#7254,#7255);
#6763=AXIS2_PLACEMENT_3D('',#8804,#7257,#7258);
#6764=AXIS2_PLACEMENT_3D('',#8805,#7259,#7260);
#6765=AXIS2_PLACEMENT_3D('',#8811,#7264,#7265);
#6766=AXIS2_PLACEMENT_3D('',#8817,#7269,#7270);
#6767=AXIS2_PLACEMENT_3D('',#8819,#7271,#7272);
#6768=AXIS2_PLACEMENT_3D('',#8821,#7273,#7274);
#6769=AXIS2_PLACEMENT_3D('',#8823,#7276,#7277);
#6770=AXIS2_PLACEMENT_3D('',#8829,#7281,#7282);
#6771=AXIS2_PLACEMENT_3D('',#8830,#7283,#7284);
#6772=AXIS2_PLACEMENT_3D('',#8831,#7285,#7286);
#6773=AXIS2_PLACEMENT_3D('',#8832,#7287,#7288);
#6774=AXIS2_PLACEMENT_3D('',#8838,#7292,#7293);
#6775=AXIS2_PLACEMENT_3D('',#8840,#7294,#7295);
#6776=AXIS2_PLACEMENT_3D('',#8842,#7296,#7297);
#6777=AXIS2_PLACEMENT_3D('',#8844,#7299,#7300);
#6778=AXIS2_PLACEMENT_3D('',#8850,#7304,#7305);
#6779=AXIS2_PLACEMENT_3D('',#8851,#7306,#7307);
#6780=AXIS2_PLACEMENT_3D('',#8852,#7308,#7309);
#6781=AXIS2_PLACEMENT_3D('',#8864,#7310,#7311);
#6782=AXIS2_PLACEMENT_3D('',#8866,#7312,#7313);
#6783=AXIS2_PLACEMENT_3D('',#8868,#7314,#7315);
#6784=AXIS2_PLACEMENT_3D('',#8869,#7316,#7317);
#6785=AXIS2_PLACEMENT_3D('',#8870,#7318,#7319);
#6786=AXIS2_PLACEMENT_3D('',#8873,#7320,#7321);
#6787=AXIS2_PLACEMENT_3D('',#8887,#7324,#7325);
#6788=AXIS2_PLACEMENT_3D('',#8888,#7326,#7327);
#6789=AXIS2_PLACEMENT_3D('',#8889,#7328,#7329);
#6790=AXIS2_PLACEMENT_3D('',#8890,#7330,#7331);
#6791=AXIS2_PLACEMENT_3D('',#8903,#7333,#7334);
#6792=AXIS2_PLACEMENT_3D('',#8905,#7335,#7336);
#6793=AXIS2_PLACEMENT_3D('',#8907,#7337,#7338);
#6794=AXIS2_PLACEMENT_3D('',#8908,#7339,#7340);
#6795=AXIS2_PLACEMENT_3D('',#8909,#7341,#7342);
#6796=AXIS2_PLACEMENT_3D('',#8912,#7343,#7344);
#6797=AXIS2_PLACEMENT_3D('',#8926,#7347,#7348);
#6798=AXIS2_PLACEMENT_3D('',#8927,#7349,#7350);
#6799=AXIS2_PLACEMENT_3D('',#8928,#7351,#7352);
#6800=AXIS2_PLACEMENT_3D('',#8929,#7353,#7354);
#6801=AXIS2_PLACEMENT_3D('',#8931,#7356,#7357);
#6802=AXIS2_PLACEMENT_3D('',#8935,#7359,#7360);
#6803=AXIS2_PLACEMENT_3D('',#8937,#7362,#7363);
#6804=AXIS2_PLACEMENT_3D('',#8941,#7365,#7366);
#6805=AXIS2_PLACEMENT_3D('',#8943,#7368,#7369);
#6806=AXIS2_PLACEMENT_3D('',#8945,#7371,#7372);
#6807=AXIS2_PLACEMENT_3D('',#8949,#7374,#7375);
#6808=AXIS2_PLACEMENT_3D('',#8951,#7377,#7378);
#6809=AXIS2_PLACEMENT_3D('',#8955,#7381,#7382);
#6810=AXIS2_PLACEMENT_3D('',#8957,#7384,#7385);
#6811=AXIS2_PLACEMENT_3D('',#8959,#7386,#7387);
#6812=AXIS2_PLACEMENT_3D('',#8961,#7389,#7390);
#6813=AXIS2_PLACEMENT_3D('',#8967,#7394,#7395);
#6814=AXIS2_PLACEMENT_3D('',#8971,#7399,#7400);
#6815=AXIS2_PLACEMENT_3D('',#8972,#7401,#7402);
#6816=AXIS2_PLACEMENT_3D('',#8989,#7406,#7407);
#6817=AXIS2_PLACEMENT_3D('',#8991,#7408,#7409);
#6818=AXIS2_PLACEMENT_3D('',#8993,#7410,#7411);
#6819=AXIS2_PLACEMENT_3D('',#8994,#7412,#7413);
#6820=AXIS2_PLACEMENT_3D('',#8995,#7414,#7415);
#6821=AXIS2_PLACEMENT_3D('',#8998,#7416,#7417);
#6822=AXIS2_PLACEMENT_3D('',#9012,#7420,#7421);
#6823=AXIS2_PLACEMENT_3D('',#9013,#7422,#7423);
#6824=AXIS2_PLACEMENT_3D('',#9014,#7424,#7425);
#6825=AXIS2_PLACEMENT_3D('',#9015,#7426,#7427);
#6826=AXIS2_PLACEMENT_3D('',#9028,#7429,#7430);
#6827=AXIS2_PLACEMENT_3D('',#9030,#7431,#7432);
#6828=AXIS2_PLACEMENT_3D('',#9032,#7433,#7434);
#6829=AXIS2_PLACEMENT_3D('',#9033,#7435,#7436);
#6830=AXIS2_PLACEMENT_3D('',#9034,#7437,#7438);
#6831=AXIS2_PLACEMENT_3D('',#9037,#7439,#7440);
#6832=AXIS2_PLACEMENT_3D('',#9051,#7443,#7444);
#6833=AXIS2_PLACEMENT_3D('',#9052,#7445,#7446);
#6834=AXIS2_PLACEMENT_3D('',#9053,#7447,#7448);
#6835=AXIS2_PLACEMENT_3D('',#9054,#7449,#7450);
#6836=AXIS2_PLACEMENT_3D('',#9056,#7452,#7453);
#6837=AXIS2_PLACEMENT_3D('',#9060,#7455,#7456);
#6838=AXIS2_PLACEMENT_3D('',#9062,#7458,#7459);
#6839=AXIS2_PLACEMENT_3D('',#9066,#7461,#7462);
#6840=AXIS2_PLACEMENT_3D('',#9068,#7464,#7465);
#6841=AXIS2_PLACEMENT_3D('',#9072,#7467,#7468);
#6842=AXIS2_PLACEMENT_3D('',#9074,#7470,#7471);
#6843=AXIS2_PLACEMENT_3D('',#9078,#7474,#7475);
#6844=AXIS2_PLACEMENT_3D('',#9081,#7478,#7479);
#6845=AXIS2_PLACEMENT_3D('',#9085,#7481,#7482);
#6846=AXIS2_PLACEMENT_3D('',#9097,#7488,#7489);
#6847=AXIS2_PLACEMENT_3D('',#9105,#7493,#7494);
#6848=AXIS2_PLACEMENT_3D('',#9113,#7498,#7499);
#6849=AXIS2_PLACEMENT_3D('',#9121,#7503,#7504);
#6850=AXIS2_PLACEMENT_3D('',#9137,#7512,#7513);
#6851=AXIS2_PLACEMENT_3D('',#9149,#7520,#7521);
#6852=AXIS2_PLACEMENT_3D('',#9157,#7525,#7526);
#6853=AXIS2_PLACEMENT_3D('',#9159,#7528,#7529);
#6854=AXIS2_PLACEMENT_3D('',#9160,#7530,#7531);
#6855=AXIS2_PLACEMENT_3D('',#9161,#7532,#7533);
#6856=AXIS2_PLACEMENT_3D('',#9162,#7534,#7535);
#6857=AXIS2_PLACEMENT_3D('',#9165,#7538,#7539);
#6858=AXIS2_PLACEMENT_3D('',#9169,#7542,#7543);
#6859=AXIS2_PLACEMENT_3D('',#9170,#7544,#7545);
#6860=AXIS2_PLACEMENT_3D('',#9174,#7548,#7549);
#6861=AXIS2_PLACEMENT_3D('',#9177,#7550,#7551);
#6862=AXIS2_PLACEMENT_3D('',#9181,#7553,#7554);
#6863=AXIS2_PLACEMENT_3D('',#9183,#7556,#7557);
#6864=AXIS2_PLACEMENT_3D('',#9239,#7560,#7561);
#6865=AXIS2_PLACEMENT_3D('',#9241,#7562,#7563);
#6866=AXIS2_PLACEMENT_3D('',#9255,#7564,#7565);
#6867=AXIS2_PLACEMENT_3D('',#9256,#7566,#7567);
#6868=AXIS2_PLACEMENT_3D('',#9297,#7569,#7570);
#6869=AXIS2_PLACEMENT_3D('',#9298,#7571,#7572);
#6870=AXIS2_PLACEMENT_3D('',#9315,#7575,#7576);
#6871=AXIS2_PLACEMENT_3D('',#9317,#7577,#7578);
#6872=AXIS2_PLACEMENT_3D('',#9331,#7579,#7580);
#6873=AXIS2_PLACEMENT_3D('',#9332,#7581,#7582);
#6874=AXIS2_PLACEMENT_3D('',#9336,#7584,#7585);
#6875=AXIS2_PLACEMENT_3D('',#9338,#7587,#7588);
#6876=AXIS2_PLACEMENT_3D('',#9342,#7590,#7591);
#6877=AXIS2_PLACEMENT_3D('',#9344,#7593,#7594);
#6878=AXIS2_PLACEMENT_3D('',#9361,#7597,#7598);
#6879=AXIS2_PLACEMENT_3D('',#9363,#7599,#7600);
#6880=AXIS2_PLACEMENT_3D('',#9365,#7601,#7602);
#6881=AXIS2_PLACEMENT_3D('',#9378,#7603,#7604);
#6882=AXIS2_PLACEMENT_3D('',#9382,#7607,#7608);
#6883=AXIS2_PLACEMENT_3D('',#9383,#7609,#7610);
#6884=AXIS2_PLACEMENT_3D('',#9386,#7612,#7613);
#6885=AXIS2_PLACEMENT_3D('',#9387,#7614,#7615);
#6886=AXIS2_PLACEMENT_3D('',#9404,#7618,#7619);
#6887=AXIS2_PLACEMENT_3D('',#9406,#7620,#7621);
#6888=AXIS2_PLACEMENT_3D('',#9408,#7622,#7623);
#6889=AXIS2_PLACEMENT_3D('',#9421,#7624,#7625);
#6890=AXIS2_PLACEMENT_3D('',#9426,#7628,#7629);
#6891=AXIS2_PLACEMENT_3D('',#9427,#7630,#7631);
#6892=AXIS2_PLACEMENT_3D('',#9430,#7634,#7635);
#6893=AXIS2_PLACEMENT_3D('',#9434,#7637,#7638);
#6894=AXIS2_PLACEMENT_3D('',#9436,#7640,#7641);
#6895=AXIS2_PLACEMENT_3D('',#9478,#7644,#7645);
#6896=AXIS2_PLACEMENT_3D('',#9482,#7647,#7648);
#6897=AXIS2_PLACEMENT_3D('',#9484,#7650,#7651);
#6898=AXIS2_PLACEMENT_3D('',#9486,#7653,#7654);
#6899=AXIS2_PLACEMENT_3D('',#9488,#7656,#7657);
#6900=AXIS2_PLACEMENT_3D('',#9490,#7659,#7660);
#6901=AXIS2_PLACEMENT_3D('',#9492,#7662,#7663);
#6902=AXIS2_PLACEMENT_3D('',#9501,#7669,#7670);
#6903=AXIS2_PLACEMENT_3D('',#9503,#7672,#7673);
#6904=AXIS2_PLACEMENT_3D('',#9513,#7678,#7679);
#6905=AXIS2_PLACEMENT_3D('',#9521,#7683,#7684);
#6906=AXIS2_PLACEMENT_3D('',#9529,#7688,#7689);
#6907=AXIS2_PLACEMENT_3D('',#9537,#7693,#7694);
#6908=AXIS2_PLACEMENT_3D('',#9541,#7697,#7698);
#6909=AXIS2_PLACEMENT_3D('',#9547,#7702,#7703);
#6910=AXIS2_PLACEMENT_3D('',#9551,#7706,#7707);
#6911=AXIS2_PLACEMENT_3D('',#9555,#7710,#7711);
#6912=AXIS2_PLACEMENT_3D('',#9557,#7712,#7713);
#6913=AXIS2_PLACEMENT_3D('',#9559,#7715,#7716);
#6914=AXIS2_PLACEMENT_3D('',#9563,#7719,#7720);
#6915=AXIS2_PLACEMENT_3D('',#9567,#7723,#7724);
#6916=AXIS2_PLACEMENT_3D('',#9571,#7727,#7728);
#6917=AXIS2_PLACEMENT_3D('',#9573,#7729,#7730);
#6918=AXIS2_PLACEMENT_3D('',#9575,#7732,#7733);
#6919=AXIS2_PLACEMENT_3D('',#9579,#7736,#7737);
#6920=AXIS2_PLACEMENT_3D('',#9583,#7740,#7741);
#6921=AXIS2_PLACEMENT_3D('',#9587,#7744,#7745);
#6922=AXIS2_PLACEMENT_3D('',#9589,#7746,#7747);
#6923=AXIS2_PLACEMENT_3D('',#9591,#7749,#7750);
#6924=AXIS2_PLACEMENT_3D('',#9595,#7753,#7754);
#6925=AXIS2_PLACEMENT_3D('',#9599,#7757,#7758);
#6926=AXIS2_PLACEMENT_3D('',#9603,#7761,#7762);
#6927=AXIS2_PLACEMENT_3D('',#9605,#7763,#7764);
#6928=AXIS2_PLACEMENT_3D('',#9607,#7766,#7767);
#6929=AXIS2_PLACEMENT_3D('',#9611,#7770,#7771);
#6930=AXIS2_PLACEMENT_3D('',#9613,#7773,#7774);
#6931=AXIS2_PLACEMENT_3D('',#9616,#7777,#7778);
#6932=AXIS2_PLACEMENT_3D('',#9618,#7780,#7781);
#6933=AXIS2_PLACEMENT_3D('',#9620,#7783,#7784);
#6934=AXIS2_PLACEMENT_3D('',#9621,#7785,#7786);
#6935=AXIS2_PLACEMENT_3D('',#9623,#7788,#7789);
#6936=AXIS2_PLACEMENT_3D('',#9625,#7791,#7792);
#6937=AXIS2_PLACEMENT_3D('',#9627,#7794,#7795);
#6938=AXIS2_PLACEMENT_3D('',#9629,#7797,#7798);
#6939=AXIS2_PLACEMENT_3D('',#9631,#7800,#7801);
#6940=AXIS2_PLACEMENT_3D('',#9633,#7803,#7804);
#6941=AXIS2_PLACEMENT_3D('',#9634,#7805,#7806);
#6942=AXIS2_PLACEMENT_3D('',#9636,#7808,#7809);
#6943=AXIS2_PLACEMENT_3D('',#9640,#7812,#7813);
#6944=AXIS2_PLACEMENT_3D('',#9644,#7816,#7817);
#6945=AXIS2_PLACEMENT_3D('',#9648,#7820,#7821);
#6946=AXIS2_PLACEMENT_3D('',#9651,#7823,#7824);
#6947=AXIS2_PLACEMENT_3D('',#9652,#7825,#7826);
#6948=AXIS2_PLACEMENT_3D('',#9656,#7829,#7830);
#6949=AXIS2_PLACEMENT_3D('',#9660,#7833,#7834);
#6950=AXIS2_PLACEMENT_3D('',#9664,#7837,#7838);
#6951=AXIS2_PLACEMENT_3D('',#9667,#7840,#7841);
#6952=AXIS2_PLACEMENT_3D('',#9668,#7842,#7843);
#6953=AXIS2_PLACEMENT_3D('',#9672,#7846,#7847);
#6954=AXIS2_PLACEMENT_3D('',#9676,#7850,#7851);
#6955=AXIS2_PLACEMENT_3D('',#9680,#7854,#7855);
#6956=AXIS2_PLACEMENT_3D('',#9683,#7857,#7858);
#6957=AXIS2_PLACEMENT_3D('',#9684,#7859,#7860);
#6958=AXIS2_PLACEMENT_3D('',#9688,#7863,#7864);
#6959=AXIS2_PLACEMENT_3D('',#9692,#7867,#7868);
#6960=AXIS2_PLACEMENT_3D('',#9696,#7871,#7872);
#6961=AXIS2_PLACEMENT_3D('',#9699,#7874,#7875);
#6962=AXIS2_PLACEMENT_3D('',#9700,#7876,#7877);
#6963=AXIS2_PLACEMENT_3D('',#9704,#7880,#7881);
#6964=AXIS2_PLACEMENT_3D('',#9708,#7884,#7885);
#6965=AXIS2_PLACEMENT_3D('',#9710,#7887,#7888);
#6966=AXIS2_PLACEMENT_3D('',#9711,#7889,#7890);
#6967=AXIS2_PLACEMENT_3D('',#9714,#7891,#7892);
#6968=AXIS2_PLACEMENT_3D('',#9764,#7895,#7896);
#6969=AXIS2_PLACEMENT_3D('',#9797,#7897,#7898);
#6970=AXIS2_PLACEMENT_3D('',#9908,#7903,#7904);
#6971=AXIS2_PLACEMENT_3D('',#9992,#7907,#7908);
#6972=AXIS2_PLACEMENT_3D('',#10099,#7911,#7912);
#6973=AXIS2_PLACEMENT_3D('',#10202,#7917,#7918);
#6974=AXIS2_PLACEMENT_3D('',#10212,#7920,#7921);
#6975=AXIS2_PLACEMENT_3D('',#10216,#7923,#7924);
#6976=AXIS2_PLACEMENT_3D('',#10220,#7926,#7927);
#6977=AXIS2_PLACEMENT_3D('',#10274,#7929,#7930);
#6978=AXIS2_PLACEMENT_3D('',#10278,#7933,#7934);
#6979=AXIS2_PLACEMENT_3D('',#10282,#7937,#7938);
#6980=AXIS2_PLACEMENT_3D('',#10286,#7940,#7941);
#6981=AXIS2_PLACEMENT_3D('',#10290,#7944,#7945);
#6982=AXIS2_PLACEMENT_3D('',#10311,#7947,#7948);
#6983=AXIS2_PLACEMENT_3D('',#10313,#7950,#7951);
#6984=AXIS2_PLACEMENT_3D('',#10352,#7953,#7954);
#6985=AXIS2_PLACEMENT_3D('',#10356,#7956,#7957);
#6986=AXIS2_PLACEMENT_3D('',#10368,#7959,#7960);
#6987=AXIS2_PLACEMENT_3D('',#10405,#7961,#7962);
#6988=AXIS2_PLACEMENT_3D('',#10409,#7965,#7966);
#6989=AXIS2_PLACEMENT_3D('',#10411,#7968,#7969);
#6990=AXIS2_PLACEMENT_3D('',#10508,#7974,#7975);
#6991=AXIS2_PLACEMENT_3D('',#10511,#7976,#7977);
#6992=AXIS2_PLACEMENT_3D('',#10515,#7979,#7980);
#6993=AXIS2_PLACEMENT_3D('',#10517,#7982,#7983);
#6994=AXIS2_PLACEMENT_3D('',#10523,#7987,#7988);
#6995=AXIS2_PLACEMENT_3D('',#10655,#7998,#7999);
#6996=AXIS2_PLACEMENT_3D('',#10657,#8000,#8001);
#6997=AXIS2_PLACEMENT_3D('',#10659,#8002,#8003);
#6998=AXIS2_PLACEMENT_3D('',#10661,#8005,#8006);
#6999=AXIS2_PLACEMENT_3D('',#10665,#8009,#8010);
#7000=AXIS2_PLACEMENT_3D('',#10667,#8011,#8012);
#7001=AXIS2_PLACEMENT_3D('',#10670,#8014,#8015);
#7002=AXIS2_PLACEMENT_3D('',#10671,#8016,#8017);
#7003=AXIS2_PLACEMENT_3D('',#10960,#8035,#8036);
#7004=AXIS2_PLACEMENT_3D('',#11098,#8046,#8047);
#7005=AXIS2_PLACEMENT_3D('',#11149,#8051,#8052);
#7006=AXIS2_PLACEMENT_3D('',#11150,#8053,#8054);
#7007=AXIS2_PLACEMENT_3D('',#11154,#8057,#8058);
#7008=AXIS2_PLACEMENT_3D('',#11273,#8066,#8067);
#7009=AXIS2_PLACEMENT_3D('',#11277,#8070,#8071);
#7010=AXIS2_PLACEMENT_3D('',#11693,#8091,#8092);
#7011=AXIS2_PLACEMENT_3D('',#11694,#8093,#8094);
#7012=AXIS2_PLACEMENT_3D('',#11695,#8095,#8096);
#7013=AXIS2_PLACEMENT_3D('',#11701,#8100,#8101);
#7014=AXIS2_PLACEMENT_3D('',#11841,#8112,#8113);
#7015=AXIS2_PLACEMENT_3D('',#11928,#8120,#8121);
#7016=AXIS2_PLACEMENT_3D('',#12030,#8128,#8129);
#7017=AXIS2_PLACEMENT_3D('',#12032,#8131,#8132);
#7018=AXIS2_PLACEMENT_3D('',#12035,#8133,#8134);
#7019=AXIS2_PLACEMENT_3D('',#12039,#8136,#8137);
#7020=AXIS2_PLACEMENT_3D('',#12041,#8139,#8140);
#7021=AXIS2_PLACEMENT_3D('',#12047,#8144,#8145);
#7022=AXIS2_PLACEMENT_3D('',#12050,#8146,#8147);
#7023=AXIS2_PLACEMENT_3D('',#12054,#8149,#8150);
#7024=AXIS2_PLACEMENT_3D('',#12056,#8152,#8153);
#7025=AXIS2_PLACEMENT_3D('',#12059,#8156,#8157);
#7026=AXIS2_PLACEMENT_3D('',#12062,#8158,#8159);
#7027=AXIS2_PLACEMENT_3D('',#12066,#8161,#8162);
#7028=AXIS2_PLACEMENT_3D('',#12068,#8164,#8165);
#7029=AXIS2_PLACEMENT_3D('',#12074,#8169,#8170);
#7030=AXIS2_PLACEMENT_3D('',#12076,#8171,#8172);
#7031=AXIS2_PLACEMENT_3D('',#12079,#8174,#8175);
#7032=AXIS2_PLACEMENT_3D('',#12080,#8176,#8177);
#7033=AXIS2_PLACEMENT_3D('',#12086,#8181,#8182);
#7034=AXIS2_PLACEMENT_3D('',#12092,#8186,#8187);
#7035=AXIS2_PLACEMENT_3D('',#12094,#8188,#8189);
#7036=AXIS2_PLACEMENT_3D('',#12096,#8190,#8191);
#7037=AXIS2_PLACEMENT_3D('',#12098,#8193,#8194);
#7038=AXIS2_PLACEMENT_3D('',#12104,#8198,#8199);
#7039=AXIS2_PLACEMENT_3D('',#12105,#8200,#8201);
#7040=AXIS2_PLACEMENT_3D('',#12106,#8202,#8203);
#7041=AXIS2_PLACEMENT_3D('',#12107,#8204,#8205);
#7042=AXIS2_PLACEMENT_3D('',#12113,#8209,#8210);
#7043=AXIS2_PLACEMENT_3D('',#12115,#8211,#8212);
#7044=AXIS2_PLACEMENT_3D('',#12117,#8213,#8214);
#7045=AXIS2_PLACEMENT_3D('',#12119,#8216,#8217);
#7046=AXIS2_PLACEMENT_3D('',#12125,#8221,#8222);
#7047=AXIS2_PLACEMENT_3D('',#12126,#8223,#8224);
#7048=AXIS2_PLACEMENT_3D('',#12127,#8225,#8226);
#7049=AXIS2_PLACEMENT_3D('',#12128,#8227,#8228);
#7050=AXIS2_PLACEMENT_3D('',#12131,#8229,#8230);
#7051=AXIS2_PLACEMENT_3D('',#12135,#8232,#8233);
#7052=AXIS2_PLACEMENT_3D('',#12137,#8235,#8236);
#7053=AXIS2_PLACEMENT_3D('',#12141,#8238,#8239);
#7054=AXIS2_PLACEMENT_3D('',#12145,#8242,#8243);
#7055=AXIS2_PLACEMENT_3D('',#12149,#8246,#8247);
#7056=AXIS2_PLACEMENT_3D('',#12151,#8248,#8249);
#7057=AXIS2_PLACEMENT_3D('',#12153,#8251,#8252);
#7058=AXIS2_PLACEMENT_3D('',#12157,#8255,#8256);
#7059=AXIS2_PLACEMENT_3D('',#12159,#8258,#8259);
#7060=AXIS2_PLACEMENT_3D('',#12165,#8263,#8264);
#7061=AXIS2_PLACEMENT_3D('',#12171,#8268,#8269);
#7062=AXIS2_PLACEMENT_3D('',#12174,#8270,#8271);
#7063=AXIS2_PLACEMENT_3D('',#12178,#8273,#8274);
#7064=AXIS2_PLACEMENT_3D('',#12180,#8276,#8277);
#7065=AXIS2_PLACEMENT_3D('',#12186,#8280,#8281);
#7066=AXIS2_PLACEMENT_3D('',#12188,#8283,#8284);
#7067=AXIS2_PLACEMENT_3D('',#12192,#8287,#8288);
#7068=AXIS2_PLACEMENT_3D('',#12196,#8290,#8291);
#7069=AXIS2_PLACEMENT_3D('',#12198,#8293,#8294);
#7070=AXIS2_PLACEMENT_3D('',#12201,#8297,#8298);
#7071=AXIS2_PLACEMENT_3D('',#12202,#8299,#8300);
#7072=AXIS2_PLACEMENT_3D('',#12208,#8304,#8305);
#7073=AXIS2_PLACEMENT_3D('',#12214,#8309,#8310);
#7074=AXIS2_PLACEMENT_3D('',#12219,#8312,#8313);
#7075=AXIS2_PLACEMENT_3D('',#12222,#8315,#8316);
#7076=AXIS2_PLACEMENT_3D('',#12223,#8317,#8318);
#7077=AXIS2_PLACEMENT_3D('',#12227,#8320,#8321);
#7078=AXIS2_PLACEMENT_3D('',#12229,#8323,#8324);
#7079=AXIS2_PLACEMENT_3D('',#12233,#8326,#8327);
#7080=AXIS2_PLACEMENT_3D('',#12235,#8329,#8330);
#7081=AXIS2_PLACEMENT_3D('',#12240,#8332,#8333);
#7082=AXIS2_PLACEMENT_3D('',#12243,#8335,#8336);
#7083=AXIS2_PLACEMENT_3D('',#12244,#8337,#8338);
#7084=AXIS2_PLACEMENT_3D('',#12248,#8340,#8341);
#7085=AXIS2_PLACEMENT_3D('',#12250,#8343,#8344);
#7086=AXIS2_PLACEMENT_3D('',#12254,#8346,#8347);
#7087=AXIS2_PLACEMENT_3D('',#12256,#8349,#8350);
#7088=AXIS2_PLACEMENT_3D('',#12261,#8353,#8354);
#7089=AXIS2_PLACEMENT_3D('',#12262,#8355,#8356);
#7090=AXIS2_PLACEMENT_3D('',#12265,#8359,#8360);
#7091=AXIS2_PLACEMENT_3D('',#12270,#8363,#8364);
#7092=AXIS2_PLACEMENT_3D('',#12271,#8365,#8366);
#7093=AXIS2_PLACEMENT_3D('',#12276,#8369,#8370);
#7094=AXIS2_PLACEMENT_3D('',#12277,#8371,#8372);
#7095=AXIS2_PLACEMENT_3D('',#12282,#8375,#8376);
#7096=AXIS2_PLACEMENT_3D('',#12283,#8377,#8378);
#7097=AXIS2_PLACEMENT_3D('',#12286,#8381,#8382);
#7098=AXIS2_PLACEMENT_3D('',#12292,#8386,#8387);
#7099=AXIS2_PLACEMENT_3D('',#12296,#8390,#8391);
#7100=AXIS2_PLACEMENT_3D('',#12300,#8394,#8395);
#7101=AXIS2_PLACEMENT_3D('',#12304,#8398,#8399);
#7102=AXIS2_PLACEMENT_3D('',#12308,#8402,#8403);
#7103=AXIS2_PLACEMENT_3D('',#12312,#8406,#8407);
#7104=AXIS2_PLACEMENT_3D('',#12321,#8411,#8412);
#7105=AXIS2_PLACEMENT_3D('',#12329,#8416,#8417);
#7106=AXIS2_PLACEMENT_3D('',#12337,#8421,#8422);
#7107=AXIS2_PLACEMENT_3D('',#12345,#8426,#8427);
#7108=AXIS2_PLACEMENT_3D('',#12363,#8437,#8438);
#7109=AXIS2_PLACEMENT_3D('',#12365,#8439,#8440);
#7110=AXIS2_PLACEMENT_3D('',#12368,#8442,#8443);
#7111=AXIS2_PLACEMENT_3D('',#12369,#8444,#8445);
#7112=AXIS2_PLACEMENT_3D('',#12373,#8447,#8448);
#7113=AXIS2_PLACEMENT_3D('',#12374,#8449,#8450);
#7114=AXIS2_PLACEMENT_3D('',#12375,#8451,#8452);
#7115=AXIS2_PLACEMENT_3D('',#12377,#8454,#8455);
#7116=AXIS2_PLACEMENT_3D('',#12379,#8457,#8458);
#7117=AXIS2_PLACEMENT_3D('',#12385,#8462,#8463);
#7118=AXIS2_PLACEMENT_3D('',#12389,#8466,#8467);
#7119=AXIS2_PLACEMENT_3D('',#12393,#8470,#8471);
#7120=AXIS2_PLACEMENT_3D('',#12395,#8473,#8474);
#7121=AXIS2_PLACEMENT_3D('',#12399,#8477,#8478);
#7122=AXIS2_PLACEMENT_3D('',#12403,#8481,#8482);
#7123=AXIS2_PLACEMENT_3D('',#12407,#8485,#8486);
#7124=AXIS2_PLACEMENT_3D('',#12411,#8489,#8490);
#7125=AXIS2_PLACEMENT_3D('',#12415,#8493,#8494);
#7126=AXIS2_PLACEMENT_3D('',#12417,#8496,#8497);
#7127=AXIS2_PLACEMENT_3D('',#12430,#8503,#8504);
#7128=AXIS2_PLACEMENT_3D('',#12438,#8508,#8509);
#7129=AXIS2_PLACEMENT_3D('',#12446,#8513,#8514);
#7130=AXIS2_PLACEMENT_3D('',#12454,#8518,#8519);
#7131=AXIS2_PLACEMENT_3D('',#12460,#8523,#8524);
#7132=AXIS2_PLACEMENT_3D('',#12466,#8528,#8529);
#7133=AXIS2_PLACEMENT_3D('',#12470,#8532,#8533);
#7134=AXIS2_PLACEMENT_3D('',#12472,#8534,#8535);
#7135=AXIS2_PLACEMENT_3D('',#12474,#8537,#8538);
#7136=AXIS2_PLACEMENT_3D('',#12478,#8541,#8542);
#7137=AXIS2_PLACEMENT_3D('',#12482,#8545,#8546);
#7138=AXIS2_PLACEMENT_3D('',#12486,#8549,#8550);
#7139=AXIS2_PLACEMENT_3D('',#12488,#8551,#8552);
#7140=AXIS2_PLACEMENT_3D('',#12490,#8554,#8555);
#7141=AXIS2_PLACEMENT_3D('',#12494,#8558,#8559);
#7142=AXIS2_PLACEMENT_3D('',#12498,#8562,#8563);
#7143=AXIS2_PLACEMENT_3D('',#12502,#8566,#8567);
#7144=AXIS2_PLACEMENT_3D('',#12504,#8568,#8569);
#7145=AXIS2_PLACEMENT_3D('',#12506,#8571,#8572);
#7146=AXIS2_PLACEMENT_3D('',#12510,#8575,#8576);
#7147=AXIS2_PLACEMENT_3D('',#12514,#8579,#8580);
#7148=AXIS2_PLACEMENT_3D('',#12518,#8583,#8584);
#7149=AXIS2_PLACEMENT_3D('',#12520,#8585,#8586);
#7150=AXIS2_PLACEMENT_3D('',#12522,#8588,#8589);
#7151=AXIS2_PLACEMENT_3D('',#12526,#8592,#8593);
#7152=AXIS2_PLACEMENT_3D('',#12530,#8596,#8597);
#7153=AXIS2_PLACEMENT_3D('',#12534,#8600,#8601);
#7154=AXIS2_PLACEMENT_3D('',#12535,#8602,#8603);
#7155=AXIS2_PLACEMENT_3D('',#12537,#8604,#8605);
#7156=AXIS2_PLACEMENT_3D('',#12541,#8608,#8609);
#7157=AXIS2_PLACEMENT_3D('',#12542,#8610,#8611);
#7158=AXIS2_PLACEMENT_3D('',#12543,#8612,#8613);
#7159=AXIS2_PLACEMENT_3D('',#12583,#8614,#8615);
#7160=AXIS2_PLACEMENT_3D('',#12585,#8617,#8618);
#7161=AXIS2_PLACEMENT_3D('',#12625,#8620,#8621);
#7162=AXIS2_PLACEMENT_3D('',#12677,#8623,#8624);
#7163=AXIS2_PLACEMENT_3D('',#12680,#8626,#8627);
#7164=AXIS2_PLACEMENT_3D('',#12681,#8628,#8629);
#7165=AXIS2_PLACEMENT_3D('',#12696,#8631,#8632);
#7166=AXIS2_PLACEMENT_3D('',#12710,#8633,#8634);
#7167=AXIS2_PLACEMENT_3D('',#12711,#8635,#8636);
#7168=AXIS2_PLACEMENT_3D('',#12712,#8637,#8638);
#7169=AXIS2_PLACEMENT_3D('',#12714,#8640,#8641);
#7170=AXIS2_PLACEMENT_3D('',#12715,#8642,#8643);
#7171=AXIS2_PLACEMENT_3D('',#12716,#8644,#8645);
#7172=AXIS2_PLACEMENT_3D('',#12731,#8647,#8648);
#7173=AXIS2_PLACEMENT_3D('',#12733,#8649,#8650);
#7174=AXIS2_PLACEMENT_3D('',#12746,#8651,#8652);
#7175=AXIS2_PLACEMENT_3D('',#12749,#8654,#8655);
#7176=AXIS2_PLACEMENT_3D('',#12750,#8656,#8657);
#7177=AXIS2_PLACEMENT_3D('',#12753,#8659,#8660);
#7178=AXIS2_PLACEMENT_3D('',#12754,#8661,#8662);
#7179=AXIS2_PLACEMENT_3D('',#12769,#8664,#8665);
#7180=AXIS2_PLACEMENT_3D('',#12771,#8666,#8667);
#7181=AXIS2_PLACEMENT_3D('',#12784,#8668,#8669);
#7182=AXIS2_PLACEMENT_3D('',#12786,#8671,#8672);
#7183=AXIS2_PLACEMENT_3D('',#12787,#8673,#8674);
#7184=AXIS2_PLACEMENT_3D('',#12788,#8675,#8676);
#7185=AXIS2_PLACEMENT_3D('',#12790,#8677,#8678);
#7186=AXIS2_PLACEMENT_3D('',#12803,#8679,#8680);
#7187=AXIS2_PLACEMENT_3D('',#12805,#8682,#8683);
#7188=AXIS2_PLACEMENT_3D('',#12809,#8686,#8687);
#7189=AXIS2_PLACEMENT_3D('',#12813,#8690,#8691);
#7190=AXIS2_PLACEMENT_3D('',#12816,#8693,#8694);
#7191=AXIS2_PLACEMENT_3D('',#12817,#8695,#8696);
#7192=AXIS2_PLACEMENT_3D('',#12819,#8698,#8699);
#7193=AXIS2_PLACEMENT_3D('',#12823,#8702,#8703);
#7194=AXIS2_PLACEMENT_3D('',#12826,#8705,#8706);
#7195=AXIS2_PLACEMENT_3D('',#12827,#8707,#8708);
#7196=AXIS2_PLACEMENT_3D('',#12831,#8711,#8712);
#7197=AXIS2_PLACEMENT_3D('',#12835,#8715,#8716);
#7198=AXIS2_PLACEMENT_3D('',#12839,#8719,#8720);
#7199=AXIS2_PLACEMENT_3D('',#12842,#8722,#8723);
#7200=AXIS2_PLACEMENT_3D('',#12843,#8724,#8725);
#7201=AXIS2_PLACEMENT_3D('',#12845,#8727,#8728);
#7202=AXIS2_PLACEMENT_3D('',#12849,#8731,#8732);
#7203=AXIS2_PLACEMENT_3D('',#12852,#8734,#8735);
#7204=AXIS2_PLACEMENT_3D('',#12853,#8736,#8737);
#7205=AXIS2_PLACEMENT_3D('',#12857,#8740,#8741);
#7206=AXIS2_PLACEMENT_3D('',#12861,#8744,#8745);
#7207=AXIS2_PLACEMENT_3D('',#12865,#8748,#8749);
#7208=AXIS2_PLACEMENT_3D('',#12867,#8751,#8752);
#7209=AXIS2_PLACEMENT_3D('',#12868,#8753,#8754);
#7210=DIRECTION('axis',(0.,0.,1.));
#7211=DIRECTION('refdir',(1.,0.,0.));
#7212=DIRECTION('axis',(0.,0.,1.));
#7213=DIRECTION('refdir',(1.,0.,0.));
#7214=DIRECTION('center_axis',(0.,0.,-1.));
#7215=DIRECTION('ref_axis',(-0.707106781186548,0.707106781186548,0.));
#7216=DIRECTION('center_axis',(0.,0.,1.));
#7217=DIRECTION('ref_axis',(-0.707106781186548,0.707106781186548,0.));
#7218=DIRECTION('',(0.,0.,-1.));
#7219=DIRECTION('center_axis',(0.,0.,-1.));
#7220=DIRECTION('ref_axis',(-0.707106781186548,0.707106781186548,0.));
#7221=DIRECTION('',(0.,0.,1.));
#7222=DIRECTION('center_axis',(-1.,0.,0.));
#7223=DIRECTION('ref_axis',(0.,1.,0.));
#7224=DIRECTION('',(0.,1.,0.));
#7225=DIRECTION('',(0.,0.,-1.));
#7226=DIRECTION('',(0.,-1.,0.));
#7227=DIRECTION('center_axis',(0.,0.,-1.));
#7228=DIRECTION('ref_axis',(0.707106781186598,0.707106781186497,0.));
#7229=DIRECTION('center_axis',(0.,0.,1.));
#7230=DIRECTION('ref_axis',(0.707106781186598,0.707106781186497,0.));
#7231=DIRECTION('',(0.,0.,-1.));
#7232=DIRECTION('center_axis',(0.,0.,-1.));
#7233=DIRECTION('ref_axis',(0.707106781186598,0.707106781186497,0.));
#7234=DIRECTION('',(0.,0.,1.));
#7235=DIRECTION('center_axis',(0.,1.,0.));
#7236=DIRECTION('ref_axis',(1.,0.,0.));
#7237=DIRECTION('',(-1.,0.,0.));
#7238=DIRECTION('',(1.,0.,0.));
#7239=DIRECTION('center_axis',(0.,0.,-1.));
#7240=DIRECTION('ref_axis',(0.707106781186598,0.707106781186497,0.));
#7241=DIRECTION('center_axis',(0.,0.,1.));
#7242=DIRECTION('ref_axis',(0.707106781186598,0.707106781186497,0.));
#7243=DIRECTION('',(0.,0.,-1.));
#7244=DIRECTION('center_axis',(0.,0.,-1.));
#7245=DIRECTION('ref_axis',(0.707106781186598,0.707106781186497,0.));
#7246=DIRECTION('',(0.,0.,1.));
#7247=DIRECTION('center_axis',(0.,1.,0.));
#7248=DIRECTION('ref_axis',(1.,0.,0.));
#7249=DIRECTION('',(1.,0.,0.));
#7250=DIRECTION('',(0.,0.,1.));
#7251=DIRECTION('',(-1.,0.,0.));
#7252=DIRECTION('center_axis',(0.,0.,-1.));
#7253=DIRECTION('ref_axis',(-0.707106781186548,0.707106781186548,0.));
#7254=DIRECTION('center_axis',(0.,0.,1.));
#7255=DIRECTION('ref_axis',(-0.707106781186548,0.707106781186548,0.));
#7256=DIRECTION('',(0.,0.,-1.));
#7257=DIRECTION('center_axis',(0.,0.,-1.));
#7258=DIRECTION('ref_axis',(-0.707106781186548,0.707106781186548,0.));
#7259=DIRECTION('center_axis',(-1.,0.,0.));
#7260=DIRECTION('ref_axis',(0.,1.,0.));
#7261=DIRECTION('',(0.,1.,0.));
#7262=DIRECTION('',(0.,0.,-1.));
#7263=DIRECTION('',(0.,-1.,0.));
#7264=DIRECTION('center_axis',(1.,-7.34770296901166E-14,0.));
#7265=DIRECTION('ref_axis',(-7.34770296901166E-14,-1.,0.));
#7266=DIRECTION('',(7.34770296901166E-14,1.,0.));
#7267=DIRECTION('',(0.,0.,-1.));
#7268=DIRECTION('',(-7.34770296901166E-14,-1.,0.));
#7269=DIRECTION('center_axis',(0.,0.,-1.));
#7270=DIRECTION('ref_axis',(-0.999999999935814,1.13301284283372E-5,0.));
#7271=DIRECTION('center_axis',(0.,0.,1.));
#7272=DIRECTION('ref_axis',(-0.999999999935814,1.13301284283372E-5,0.));
#7273=DIRECTION('center_axis',(0.,0.,-1.));
#7274=DIRECTION('ref_axis',(-0.999999999935814,1.13301284283372E-5,0.));
#7275=DIRECTION('',(0.,0.,-1.));
#7276=DIRECTION('center_axis',(-1.49188230207599E-11,-1.,0.));
#7277=DIRECTION('ref_axis',(-1.,1.49188230207599E-11,0.));
#7278=DIRECTION('',(1.,-1.49188230207599E-11,0.));
#7279=DIRECTION('',(-1.,1.49188230207599E-11,0.));
#7280=DIRECTION('',(0.,0.,-1.));
#7281=DIRECTION('center_axis',(0.,0.,-1.));
#7282=DIRECTION('ref_axis',(-1.13307945602599E-5,-0.999999999935807,0.));
#7283=DIRECTION('center_axis',(0.,0.,1.));
#7284=DIRECTION('ref_axis',(-1.13307945602599E-5,-0.999999999935807,0.));
#7285=DIRECTION('center_axis',(0.,0.,-1.));
#7286=DIRECTION('ref_axis',(-1.13307945602599E-5,-0.999999999935807,0.));
#7287=DIRECTION('center_axis',(1.,-7.04982311891659E-14,0.));
#7288=DIRECTION('ref_axis',(-7.04982311891659E-14,-1.,0.));
#7289=DIRECTION('',(7.04982311891659E-14,1.,0.));
#7290=DIRECTION('',(0.,0.,-1.));
#7291=DIRECTION('',(-7.04982311891659E-14,-1.,0.));
#7292=DIRECTION('center_axis',(0.,0.,-1.));
#7293=DIRECTION('ref_axis',(-0.999999999935814,1.13301281322778E-5,0.));
#7294=DIRECTION('center_axis',(0.,0.,1.));
#7295=DIRECTION('ref_axis',(-0.999999999935814,1.13301281322778E-5,0.));
#7296=DIRECTION('center_axis',(0.,0.,-1.));
#7297=DIRECTION('ref_axis',(-0.999999999935814,1.13301281322778E-5,0.));
#7298=DIRECTION('',(0.,0.,-1.));
#7299=DIRECTION('center_axis',(-1.49381312472753E-11,-1.,0.));
#7300=DIRECTION('ref_axis',(-1.,1.49381312472753E-11,0.));
#7301=DIRECTION('',(1.,-1.49381312472753E-11,0.));
#7302=DIRECTION('',(-1.,1.49381312472753E-11,0.));
#7303=DIRECTION('',(0.,0.,-1.));
#7304=DIRECTION('center_axis',(0.,0.,-1.));
#7305=DIRECTION('ref_axis',(-1.13307942641971E-5,-0.999999999935807,0.));
#7306=DIRECTION('center_axis',(0.,0.,1.));
#7307=DIRECTION('ref_axis',(-1.13307942641971E-5,-0.999999999935807,0.));
#7308=DIRECTION('center_axis',(0.,0.,-1.));
#7309=DIRECTION('ref_axis',(-1.13307942641971E-5,-0.999999999935807,0.));
#7310=DIRECTION('center_axis',(-1.,0.,0.));
#7311=DIRECTION('ref_axis',(0.,0.,-1.));
#7312=DIRECTION('center_axis',(0.,-1.,0.));
#7313=DIRECTION('ref_axis',(0.707106781186547,0.,-0.707106781186548));
#7314=DIRECTION('center_axis',(0.,0.,-1.));
#7315=DIRECTION('ref_axis',(0.,1.,0.));
#7316=DIRECTION('center_axis',(0.,1.,0.));
#7317=DIRECTION('ref_axis',(0.707106781186547,0.,-0.707106781186548));
#7318=DIRECTION('center_axis',(0.,0.,1.));
#7319=DIRECTION('ref_axis',(0.707106781186531,0.707106781186564,0.));
#7320=DIRECTION('center_axis',(0.,0.,-1.));
#7321=DIRECTION('ref_axis',(0.,1.,0.));
#7322=DIRECTION('',(0.,0.,-1.));
#7323=DIRECTION('',(0.,0.,1.));
#7324=DIRECTION('center_axis',(-1.,0.,0.));
#7325=DIRECTION('ref_axis',(0.,0.,1.));
#7326=DIRECTION('center_axis',(0.,1.,0.));
#7327=DIRECTION('ref_axis',(0.707106781186547,0.,0.707106781186548));
#7328=DIRECTION('center_axis',(0.,-1.,0.));
#7329=DIRECTION('ref_axis',(0.707106781186547,0.,0.707106781186548));
#7330=DIRECTION('center_axis',(0.,1.,0.));
#7331=DIRECTION('ref_axis',(0.,0.,1.));
#7332=DIRECTION('',(0.,0.,-1.));
#7333=DIRECTION('center_axis',(-1.,0.,0.));
#7334=DIRECTION('ref_axis',(0.,0.,1.));
#7335=DIRECTION('center_axis',(0.,1.,0.));
#7336=DIRECTION('ref_axis',(0.707106781186547,0.,0.707106781186548));
#7337=DIRECTION('center_axis',(0.,0.,1.));
#7338=DIRECTION('ref_axis',(0.,-1.,0.));
#7339=DIRECTION('center_axis',(0.,-1.,0.));
#7340=DIRECTION('ref_axis',(0.707106781186547,0.,0.707106781186548));
#7341=DIRECTION('center_axis',(0.,0.,-1.));
#7342=DIRECTION('ref_axis',(0.707106781186531,-0.707106781186564,0.));
#7343=DIRECTION('center_axis',(0.,0.,1.));
#7344=DIRECTION('ref_axis',(0.,-1.,0.));
#7345=DIRECTION('',(0.,0.,1.));
#7346=DIRECTION('',(0.,0.,-1.));
#7347=DIRECTION('center_axis',(-1.,0.,0.));
#7348=DIRECTION('ref_axis',(0.,0.,-1.));
#7349=DIRECTION('center_axis',(0.,-1.,0.));
#7350=DIRECTION('ref_axis',(0.707106781186547,0.,-0.707106781186548));
#7351=DIRECTION('center_axis',(0.,1.,0.));
#7352=DIRECTION('ref_axis',(0.707106781186547,0.,-0.707106781186548));
#7353=DIRECTION('center_axis',(0.,-1.,0.));
#7354=DIRECTION('ref_axis',(0.,0.,-1.));
#7355=DIRECTION('',(0.,0.,1.));
#7356=DIRECTION('center_axis',(0.,1.,1.07182860283108E-17));
#7357=DIRECTION('ref_axis',(0.707106781186553,0.,-0.707106781186543));
#7358=DIRECTION('',(0.,-1.,-1.07182860283108E-17));
#7359=DIRECTION('center_axis',(0.,1.,0.));
#7360=DIRECTION('ref_axis',(0.707106781186553,0.,-0.707106781186543));
#7361=DIRECTION('',(0.,-1.,0.));
#7362=DIRECTION('center_axis',(0.,-1.,0.));
#7363=DIRECTION('ref_axis',(0.,0.,-1.));
#7364=DIRECTION('',(0.,0.,-1.));
#7365=DIRECTION('center_axis',(0.,1.,0.));
#7366=DIRECTION('ref_axis',(0.707106781186552,0.,0.707106781186543));
#7367=DIRECTION('',(0.,0.,1.));
#7368=DIRECTION('center_axis',(1.,0.,0.));
#7369=DIRECTION('ref_axis',(0.,0.,-1.));
#7370=DIRECTION('',(0.,1.,0.));
#7371=DIRECTION('center_axis',(0.,1.,1.07182860283108E-17));
#7372=DIRECTION('ref_axis',(0.707106781186553,0.,-0.707106781186543));
#7373=DIRECTION('',(0.,-1.,0.));
#7374=DIRECTION('center_axis',(0.,-1.,0.));
#7375=DIRECTION('ref_axis',(0.707106781186553,0.,-0.707106781186543));
#7376=DIRECTION('',(0.,-1.,-1.07182860283108E-17));
#7377=DIRECTION('center_axis',(1.,0.,0.));
#7378=DIRECTION('ref_axis',(0.,0.,-1.));
#7379=DIRECTION('',(0.,0.,1.));
#7380=DIRECTION('',(0.,1.,0.));
#7381=DIRECTION('center_axis',(0.,-1.,0.));
#7382=DIRECTION('ref_axis',(0.707106781186552,0.,0.707106781186543));
#7383=DIRECTION('',(0.,-1.,0.));
#7384=DIRECTION('center_axis',(0.,-1.,0.));
#7385=DIRECTION('ref_axis',(0.707106781186552,0.,0.707106781186543));
#7386=DIRECTION('center_axis',(0.,-1.,0.));
#7387=DIRECTION('ref_axis',(0.707106781186552,0.,0.707106781186543));
#7388=DIRECTION('',(0.,-1.,0.));
#7389=DIRECTION('center_axis',(1.,0.,0.));
#7390=DIRECTION('ref_axis',(0.,-1.,0.));
#7391=DIRECTION('',(0.,-1.,0.));
#7392=DIRECTION('',(0.,0.,1.));
#7393=DIRECTION('',(0.,1.,0.));
#7394=DIRECTION('center_axis',(1.,0.,0.));
#7395=DIRECTION('ref_axis',(0.,-1.,0.));
#7396=DIRECTION('',(0.,1.,0.));
#7397=DIRECTION('',(0.,0.,-1.));
#7398=DIRECTION('',(0.,-1.,0.));
#7399=DIRECTION('center_axis',(0.,1.,0.));
#7400=DIRECTION('ref_axis',(0.,0.,1.));
#7401=DIRECTION('center_axis',(1.,0.,0.));
#7402=DIRECTION('ref_axis',(0.,-1.,0.));
#7403=DIRECTION('',(0.,1.,0.));
#7404=DIRECTION('',(0.,0.,1.));
#7405=DIRECTION('',(0.,-1.,0.));
#7406=DIRECTION('center_axis',(1.,0.,0.));
#7407=DIRECTION('ref_axis',(0.,0.,-1.));
#7408=DIRECTION('center_axis',(0.,1.,0.));
#7409=DIRECTION('ref_axis',(-0.707106781186547,0.,-0.707106781186548));
#7410=DIRECTION('center_axis',(0.,0.,-1.));
#7411=DIRECTION('ref_axis',(0.,-1.,0.));
#7412=DIRECTION('center_axis',(0.,-1.,0.));
#7413=DIRECTION('ref_axis',(-0.707106781186547,0.,-0.707106781186548));
#7414=DIRECTION('center_axis',(0.,0.,1.));
#7415=DIRECTION('ref_axis',(-0.707106781186548,-0.707106781186548,0.));
#7416=DIRECTION('center_axis',(0.,0.,-1.));
#7417=DIRECTION('ref_axis',(0.,-1.,0.));
#7418=DIRECTION('',(0.,0.,-1.));
#7419=DIRECTION('',(0.,0.,1.));
#7420=DIRECTION('center_axis',(1.,0.,0.));
#7421=DIRECTION('ref_axis',(0.,0.,1.));
#7422=DIRECTION('center_axis',(0.,-1.,0.));
#7423=DIRECTION('ref_axis',(-0.707106781186544,0.,0.707106781186551));
#7424=DIRECTION('center_axis',(0.,1.,0.));
#7425=DIRECTION('ref_axis',(-0.707106781186544,0.,0.707106781186551));
#7426=DIRECTION('center_axis',(0.,-1.,0.));
#7427=DIRECTION('ref_axis',(0.,0.,1.));
#7428=DIRECTION('',(0.,0.,-1.));
#7429=DIRECTION('center_axis',(1.,0.,0.));
#7430=DIRECTION('ref_axis',(0.,0.,1.));
#7431=DIRECTION('center_axis',(0.,-1.,0.));
#7432=DIRECTION('ref_axis',(-0.707106781186544,0.,0.707106781186551));
#7433=DIRECTION('center_axis',(0.,0.,1.));
#7434=DIRECTION('ref_axis',(0.,1.,0.));
#7435=DIRECTION('center_axis',(0.,1.,0.));
#7436=DIRECTION('ref_axis',(-0.707106781186544,0.,0.707106781186551));
#7437=DIRECTION('center_axis',(0.,0.,-1.));
#7438=DIRECTION('ref_axis',(-0.707106781186548,0.707106781186548,0.));
#7439=DIRECTION('center_axis',(0.,0.,1.));
#7440=DIRECTION('ref_axis',(0.,1.,0.));
#7441=DIRECTION('',(0.,0.,1.));
#7442=DIRECTION('',(0.,0.,-1.));
#7443=DIRECTION('center_axis',(1.,0.,0.));
#7444=DIRECTION('ref_axis',(0.,0.,-1.));
#7445=DIRECTION('center_axis',(0.,1.,0.));
#7446=DIRECTION('ref_axis',(-0.707106781186547,0.,-0.707106781186548));
#7447=DIRECTION('center_axis',(0.,-1.,0.));
#7448=DIRECTION('ref_axis',(-0.707106781186547,0.,-0.707106781186548));
#7449=DIRECTION('center_axis',(0.,1.,0.));
#7450=DIRECTION('ref_axis',(0.,0.,-1.));
#7451=DIRECTION('',(0.,0.,1.));
#7452=DIRECTION('center_axis',(0.,-1.,0.));
#7453=DIRECTION('ref_axis',(-0.70710678118654,0.,-0.707106781186555));
#7454=DIRECTION('',(0.,1.,0.));
#7455=DIRECTION('center_axis',(0.,-1.,0.));
#7456=DIRECTION('ref_axis',(-0.70710678118654,0.,-0.707106781186555));
#7457=DIRECTION('',(0.,1.,0.));
#7458=DIRECTION('center_axis',(0.,1.,0.));
#7459=DIRECTION('ref_axis',(0.,0.,-1.));
#7460=DIRECTION('',(0.,0.,-1.));
#7461=DIRECTION('center_axis',(0.,-1.,0.));
#7462=DIRECTION('ref_axis',(-0.70710678118654,0.,0.707106781186555));
#7463=DIRECTION('',(0.,0.,1.));
#7464=DIRECTION('center_axis',(0.,-1.,0.));
#7465=DIRECTION('ref_axis',(-0.70710678118654,0.,-0.707106781186555));
#7466=DIRECTION('',(0.,1.,0.));
#7467=DIRECTION('center_axis',(0.,1.,0.));
#7468=DIRECTION('ref_axis',(-0.70710678118654,0.,-0.707106781186555));
#7469=DIRECTION('',(0.,1.,0.));
#7470=DIRECTION('center_axis',(-1.,0.,0.));
#7471=DIRECTION('ref_axis',(0.,0.,1.));
#7472=DIRECTION('',(0.,0.,1.));
#7473=DIRECTION('',(0.,-1.,0.));
#7474=DIRECTION('center_axis',(0.,1.,0.));
#7475=DIRECTION('ref_axis',(-0.70710678118654,0.,0.707106781186555));
#7476=DIRECTION('',(0.,1.,0.));
#7477=DIRECTION('',(0.,-1.,0.));
#7478=DIRECTION('center_axis',(0.,0.,1.));
#7479=DIRECTION('ref_axis',(-1.,0.,0.));
#7480=DIRECTION('',(-0.017832682327375,0.999840985077633,0.));
#7481=DIRECTION('center_axis',(0.,0.,1.));
#7482=DIRECTION('ref_axis',(0.99829901753418,0.0583015573573316,0.));
#7483=DIRECTION('',(-0.999840985078244,0.0178326822930782,0.));
#7484=DIRECTION('',(-1.,0.,0.));
#7485=DIRECTION('',(0.,-1.,0.));
#7486=DIRECTION('',(1.,0.,0.));
#7487=DIRECTION('',(0.999840985078239,-0.0178326822933705,0.));
#7488=DIRECTION('center_axis',(0.,0.,-1.));
#7489=DIRECTION('ref_axis',(0.997839287306862,0.0657020297017769,0.));
#7490=DIRECTION('',(0.0178326823274426,-0.999840985077632,0.));
#7491=DIRECTION('',(0.,-1.,0.));
#7492=DIRECTION('',(-0.0178326824080237,-0.999840985076194,0.));
#7493=DIRECTION('center_axis',(0.,0.,-1.));
#7494=DIRECTION('ref_axis',(0.065702029704043,-0.997839287306713,0.));
#7495=DIRECTION('',(-0.999840985077627,-0.0178326823276967,0.));
#7496=DIRECTION('',(-1.,0.,0.));
#7497=DIRECTION('',(-0.999840985065898,0.0178326829852991,0.));
#7498=DIRECTION('center_axis',(0.,0.,-1.));
#7499=DIRECTION('ref_axis',(-0.997839287303896,-0.0657020297468187,0.));
#7500=DIRECTION('',(-0.0178326823274683,0.999840985077631,0.));
#7501=DIRECTION('',(0.,1.,0.));
#7502=DIRECTION('',(0.0170146446146606,0.999855240456656,0.));
#7503=DIRECTION('center_axis',(0.,0.,-1.));
#7504=DIRECTION('ref_axis',(-0.0651372899705463,0.997876311701652,0.));
#7505=DIRECTION('',(0.999863800520425,0.0165039513102899,0.));
#7506=DIRECTION('',(0.999999874658055,-0.000500683406447994,0.));
#7507=DIRECTION('',(1.,0.,0.));
#7508=DIRECTION('',(0.,1.,0.));
#7509=DIRECTION('',(-1.,0.,0.));
#7510=DIRECTION('',(-0.999999874658051,0.000500683414536488,0.));
#7511=DIRECTION('',(-0.999863800520421,-0.0165039513105022,0.));
#7512=DIRECTION('center_axis',(0.,0.,1.));
#7513=DIRECTION('ref_axis',(-0.0576189404125512,0.998338648808978,0.));
#7514=DIRECTION('',(-0.0170146446145133,-0.999855240456658,0.));
#7515=DIRECTION('',(0.,-1.,0.));
#7516=DIRECTION('',(0.,1.,0.));
#7517=DIRECTION('',(0.,-1.,0.));
#7518=DIRECTION('',(0.,-1.,0.));
#7519=DIRECTION('',(0.0178326823272723,-0.999840985077635,0.));
#7520=DIRECTION('center_axis',(0.,0.,1.));
#7521=DIRECTION('ref_axis',(-0.99829901753197,-0.0583015573951777,0.));
#7522=DIRECTION('',(0.999840985065901,-0.0178326829851312,0.));
#7523=DIRECTION('',(1.,0.,0.));
#7524=DIRECTION('',(0.999840985077634,0.0178326823273219,0.));
#7525=DIRECTION('center_axis',(0.,0.,1.));
#7526=DIRECTION('ref_axis',(0.0583015573590505,-0.99829901753408,0.));
#7527=DIRECTION('',(0.0178326824078252,0.999840985076198,0.));
#7528=DIRECTION('center_axis',(0.,1.,0.));
#7529=DIRECTION('ref_axis',(-0.70710678118654,0.,0.707106781186555));
#7530=DIRECTION('center_axis',(0.,1.,0.));
#7531=DIRECTION('ref_axis',(-0.70710678118654,0.,0.707106781186555));
#7532=DIRECTION('center_axis',(-1.,0.,0.));
#7533=DIRECTION('ref_axis',(0.,0.,1.));
#7534=DIRECTION('center_axis',(-1.,0.,0.));
#7535=DIRECTION('ref_axis',(0.,1.,0.));
#7536=DIRECTION('',(0.,0.,-1.));
#7537=DIRECTION('',(0.,1.,0.));
#7538=DIRECTION('center_axis',(-1.,0.,0.));
#7539=DIRECTION('ref_axis',(0.,1.,0.));
#7540=DIRECTION('',(0.,1.,0.));
#7541=DIRECTION('',(0.,0.,1.));
#7542=DIRECTION('center_axis',(0.,-1.,0.));
#7543=DIRECTION('ref_axis',(0.,0.,1.));
#7544=DIRECTION('center_axis',(-1.,0.,0.));
#7545=DIRECTION('ref_axis',(0.,1.,0.));
#7546=DIRECTION('',(0.,0.,1.));
#7547=DIRECTION('',(0.,1.,0.));
#7548=DIRECTION('center_axis',(-1.,0.,0.));
#7549=DIRECTION('ref_axis',(0.,0.70710678118654,0.707106781186555));
#7550=DIRECTION('center_axis',(-1.,0.,0.));
#7551=DIRECTION('ref_axis',(0.,0.70710678118654,0.707106781186555));
#7552=DIRECTION('',(1.,0.,0.));
#7553=DIRECTION('center_axis',(1.,0.,0.));
#7554=DIRECTION('ref_axis',(0.,0.70710678118654,0.707106781186555));
#7555=DIRECTION('',(1.,0.,0.));
#7556=DIRECTION('center_axis',(0.999863800520421,0.0165039513105022,0.));
#7557=DIRECTION('ref_axis',(-0.0116700558880102,0.707010473610939,-0.707106781186552));
#7558=DIRECTION('',(-0.999863800520421,-0.0165039513105022,0.));
#7559=DIRECTION('',(0.999863800520421,0.0165039513105022,0.));
#7560=DIRECTION('center_axis',(0.,0.,-1.));
#7561=DIRECTION('ref_axis',(-1.,0.,0.));
#7562=DIRECTION('center_axis',(0.,0.,1.));
#7563=DIRECTION('ref_axis',(-0.706929139320888,0.707284378435597,0.));
#7564=DIRECTION('center_axis',(0.,0.,-1.));
#7565=DIRECTION('ref_axis',(-0.706929139320888,0.707284378435597,0.));
#7566=DIRECTION('center_axis',(0.,1.,0.));
#7567=DIRECTION('ref_axis',(-0.707106781186553,0.,-0.707106781186543));
#7568=DIRECTION('',(0.,-1.,0.));
#7569=DIRECTION('center_axis',(-0.00891669564250669,0.999960245479198,0.));
#7570=DIRECTION('ref_axis',(-0.999960245479198,-0.0089166956425067,0.));
#7571=DIRECTION('center_axis',(-0.0178326823272723,0.999840985077635,0.));
#7572=DIRECTION('ref_axis',(-0.706994340656625,-0.0126096106003411,-0.707106781186556));
#7573=DIRECTION('',(0.0178326823272723,-0.999840985077635,0.));
#7574=DIRECTION('',(-0.0178326823272723,0.999840985077635,0.));
#7575=DIRECTION('center_axis',(0.,0.,-1.));
#7576=DIRECTION('ref_axis',(-1.,0.,0.));
#7577=DIRECTION('center_axis',(0.,0.,1.));
#7578=DIRECTION('ref_axis',(-0.707106781232816,-0.707106781140279,0.));
#7579=DIRECTION('center_axis',(0.,0.,-1.));
#7580=DIRECTION('ref_axis',(-0.707106781232816,-0.707106781140279,0.));
#7581=DIRECTION('center_axis',(-0.999840985065901,0.0178326829851312,0.));
#7582=DIRECTION('ref_axis',(-0.0126096110655403,-0.706994340648344,-0.70710678118654));
#7583=DIRECTION('',(0.999840985065901,-0.0178326829851312,0.));
#7584=DIRECTION('center_axis',(-0.99996024547626,0.00891669597210592,0.));
#7585=DIRECTION('ref_axis',(-0.00891669597210592,-0.999960245476259,0.));
#7586=DIRECTION('',(-0.999840985065901,0.0178326829851312,0.));
#7587=DIRECTION('center_axis',(-1.,0.,0.));
#7588=DIRECTION('ref_axis',(0.,-0.70710678118654,-0.707106781186555));
#7589=DIRECTION('',(1.,0.,0.));
#7590=DIRECTION('center_axis',(-0.999960245479199,-0.00891669564243565,
0.));
#7591=DIRECTION('ref_axis',(0.00891669564243565,-0.999960245479199,0.));
#7592=DIRECTION('',(-1.,0.,0.));
#7593=DIRECTION('center_axis',(-0.999840985077634,-0.0178326823273219,0.));
#7594=DIRECTION('ref_axis',(0.0126096106003913,-0.706994340656625,-0.707106781186555));
#7595=DIRECTION('',(0.999840985077634,0.0178326823273219,0.));
#7596=DIRECTION('',(-0.999840985077634,-0.0178326823273219,0.));
#7597=DIRECTION('center_axis',(0.,0.,-1.));
#7598=DIRECTION('ref_axis',(-1.,0.,0.));
#7599=DIRECTION('center_axis',(0.,0.,-1.));
#7600=DIRECTION('ref_axis',(0.70710678093051,-0.707106781442585,0.));
#7601=DIRECTION('center_axis',(0.,0.,1.));
#7602=DIRECTION('ref_axis',(0.70710678093051,-0.707106781442585,0.));
#7603=DIRECTION('center_axis',(-0.0178326824078252,-0.999840985076198,0.));
#7604=DIRECTION('ref_axis',(0.706994340655614,-0.0126096106573165,-0.70710678118655));
#7605=DIRECTION('',(-0.0178326824078252,-0.999840985076198,0.));
#7606=DIRECTION('',(0.0178326824078252,0.999840985076198,0.));
#7607=DIRECTION('center_axis',(-0.00891669568115545,-0.999960245478854,
0.));
#7608=DIRECTION('ref_axis',(0.999960245478854,-0.00891669568115545,0.));
#7609=DIRECTION('center_axis',(0.,-1.,0.));
#7610=DIRECTION('ref_axis',(0.707106781186553,0.,-0.707106781186543));
#7611=DIRECTION('',(0.,1.,0.));
#7612=DIRECTION('center_axis',(0.00891669564323476,-0.999960245479192,0.));
#7613=DIRECTION('ref_axis',(0.999960245479192,0.00891669564323476,0.));
#7614=DIRECTION('center_axis',(0.017832682327375,-0.999840985077633,0.));
#7615=DIRECTION('ref_axis',(0.706994340656624,0.0126096106004164,-0.707106781186555));
#7616=DIRECTION('',(0.017832682327375,-0.999840985077633,0.));
#7617=DIRECTION('',(-0.017832682327375,0.999840985077633,0.));
#7618=DIRECTION('center_axis',(0.,0.,-1.));
#7619=DIRECTION('ref_axis',(-1.,0.,0.));
#7620=DIRECTION('center_axis',(0.,0.,-1.));
#7621=DIRECTION('ref_axis',(0.707106781195892,0.707106781177203,0.));
#7622=DIRECTION('center_axis',(0.,0.,1.));
#7623=DIRECTION('ref_axis',(0.707106781195892,0.707106781177203,0.));
#7624=DIRECTION('center_axis',(0.999840985078244,-0.0178326822930782,0.));
#7625=DIRECTION('ref_axis',(0.012609610576174,0.706994340657067,-0.707106781186545));
#7626=DIRECTION('',(0.999840985078244,-0.0178326822930782,0.));
#7627=DIRECTION('',(-0.999840985078244,0.0178326822930782,0.));
#7628=DIRECTION('center_axis',(0.999960245479344,-0.00891669562623721,0.));
#7629=DIRECTION('ref_axis',(0.0089166956262372,0.999960245479343,0.));
#7630=DIRECTION('center_axis',(0.0170146446145133,0.999855240456658,0.));
#7631=DIRECTION('ref_axis',(-0.707004420731815,0.0120311705864009,-0.707106781186542));
#7632=DIRECTION('',(-0.0170146446145133,-0.999855240456658,0.));
#7633=DIRECTION('',(0.0170146446145133,0.999855240456658,0.));
#7634=DIRECTION('center_axis',(1.,0.,0.));
#7635=DIRECTION('ref_axis',(0.,0.707106781186553,-0.707106781186543));
#7636=DIRECTION('',(-1.,0.,0.));
#7637=DIRECTION('center_axis',(1.,0.,0.));
#7638=DIRECTION('ref_axis',(0.,0.707106781186553,-0.707106781186543));
#7639=DIRECTION('',(1.,0.,0.));
#7640=DIRECTION('center_axis',(0.999999874658051,-0.000500683414536488,
0.));
#7641=DIRECTION('ref_axis',(0.000354036637631134,0.707106692556413,-0.70710678118654));
#7642=DIRECTION('',(-0.999999874658051,0.000500683414536488,0.));
#7643=DIRECTION('',(0.999999874658051,-0.000500683414536488,0.));
#7644=DIRECTION('center_axis',(1.,0.,0.));
#7645=DIRECTION('ref_axis',(0.,0.707106781186553,-0.707106781186543));
#7646=DIRECTION('',(1.,0.,0.));
#7647=DIRECTION('center_axis',(-1.,0.,0.));
#7648=DIRECTION('ref_axis',(0.,0.707106781186553,-0.707106781186543));
#7649=DIRECTION('',(-1.,0.,0.));
#7650=DIRECTION('center_axis',(0.999840985077633,0.017832682327375,0.));
#7651=DIRECTION('ref_axis',(0.017832682327375,-0.999840985077633,0.));
#7652=DIRECTION('',(0.,0.,1.));
#7653=DIRECTION('center_axis',(0.,0.,-1.));
#7654=DIRECTION('ref_axis',(0.99829901753418,0.0583015573573316,0.));
#7655=DIRECTION('',(0.,0.,1.));
#7656=DIRECTION('center_axis',(0.0178326822930782,0.999840985078244,0.));
#7657=DIRECTION('ref_axis',(0.999840985078244,-0.0178326822930782,0.));
#7658=DIRECTION('',(0.,0.,1.));
#7659=DIRECTION('center_axis',(0.,1.,0.));
#7660=DIRECTION('ref_axis',(1.,0.,0.));
#7661=DIRECTION('',(0.,0.,1.));
#7662=DIRECTION('center_axis',(-1.,0.,0.));
#7663=DIRECTION('ref_axis',(0.,1.,0.));
#7664=DIRECTION('',(0.,1.,0.));
#7665=DIRECTION('',(0.,1.,0.));
#7666=DIRECTION('',(0.,0.,-1.));
#7667=DIRECTION('',(0.,-1.,0.));
#7668=DIRECTION('',(0.,0.,1.));
#7669=DIRECTION('center_axis',(0.,0.,1.));
#7670=DIRECTION('ref_axis',(-1.,0.,0.));
#7671=DIRECTION('',(0.,-1.,0.));
#7672=DIRECTION('center_axis',(0.,0.,1.));
#7673=DIRECTION('ref_axis',(-1.,0.,0.));
#7674=DIRECTION('',(0.,-1.,0.));
#7675=DIRECTION('',(1.,0.,0.));
#7676=DIRECTION('',(0.999999874658055,-0.000500683406418594,0.));
#7677=DIRECTION('',(0.999863800520429,0.0165039513100339,0.));
#7678=DIRECTION('center_axis',(0.,0.,-1.));
#7679=DIRECTION('ref_axis',(-0.0792472413992733,0.996854991827099,0.));
#7680=DIRECTION('',(0.0170146446146891,0.999855240456655,0.));
#7681=DIRECTION('',(0.,1.,0.));
#7682=DIRECTION('',(-0.017832682327355,0.999840985077633,0.));
#7683=DIRECTION('center_axis',(0.,0.,-1.));
#7684=DIRECTION('ref_axis',(-0.996827584062685,-0.0795912536133843,0.));
#7685=DIRECTION('',(-0.999840985065899,0.017832682985234,0.));
#7686=DIRECTION('',(-1.,0.,0.));
#7687=DIRECTION('',(-0.999840985077631,-0.0178326823274698,0.));
#7688=DIRECTION('center_axis',(0.,0.,-1.));
#7689=DIRECTION('ref_axis',(0.0795912535572253,-0.996827584067169,0.));
#7690=DIRECTION('',(-0.0178326824077132,-0.9998409850762,0.));
#7691=DIRECTION('',(0.,-1.,0.));
#7692=DIRECTION('',(0.0178326823275414,-0.99984098507763,0.));
#7693=DIRECTION('center_axis',(0.,0.,-1.));
#7694=DIRECTION('ref_axis',(0.996827584067296,0.0795912535556353,0.));
#7695=DIRECTION('',(0.999840985078244,-0.017832682293118,0.));
#7696=DIRECTION('',(1.,0.,0.));
#7697=DIRECTION('center_axis',(0.,-1.,0.));
#7698=DIRECTION('ref_axis',(1.,0.,0.));
#7699=DIRECTION('',(-1.,0.,0.));
#7700=DIRECTION('',(0.,0.,1.));
#7701=DIRECTION('',(0.,0.,1.));
#7702=DIRECTION('center_axis',(-0.000500683406447994,-0.999999874658055,
0.));
#7703=DIRECTION('ref_axis',(0.999999874658055,-0.000500683406447994,0.));
#7704=DIRECTION('',(-0.999999874658055,0.000500683406447994,0.));
#7705=DIRECTION('',(0.,0.,1.));
#7706=DIRECTION('center_axis',(0.0165039513102899,-0.999863800520425,0.));
#7707=DIRECTION('ref_axis',(0.999863800520425,0.0165039513102899,0.));
#7708=DIRECTION('',(-0.999863800520425,-0.0165039513102899,0.));
#7709=DIRECTION('',(0.,0.,1.));
#7710=DIRECTION('center_axis',(0.,0.,1.));
#7711=DIRECTION('ref_axis',(-0.0651372899705463,0.997876311701652,0.));
#7712=DIRECTION('center_axis',(0.,0.,1.));
#7713=DIRECTION('ref_axis',(-0.0651372899705463,0.997876311701652,0.));
#7714=DIRECTION('',(0.,0.,1.));
#7715=DIRECTION('center_axis',(0.999855240456656,-0.0170146446146606,0.));
#7716=DIRECTION('ref_axis',(0.0170146446146606,0.999855240456656,0.));
#7717=DIRECTION('',(-0.0170146446146606,-0.999855240456656,0.));
#7718=DIRECTION('',(0.,0.,1.));
#7719=DIRECTION('center_axis',(1.,0.,0.));
#7720=DIRECTION('ref_axis',(0.,1.,0.));
#7721=DIRECTION('',(0.,-1.,0.));
#7722=DIRECTION('',(0.,0.,1.));
#7723=DIRECTION('center_axis',(0.999840985077631,0.0178326823274683,0.));
#7724=DIRECTION('ref_axis',(-0.0178326823274683,0.999840985077631,0.));
#7725=DIRECTION('',(0.0178326823274683,-0.999840985077631,0.));
#7726=DIRECTION('',(0.,0.,1.));
#7727=DIRECTION('center_axis',(0.,0.,1.));
#7728=DIRECTION('ref_axis',(-0.997839287303896,-0.0657020297468187,0.));
#7729=DIRECTION('center_axis',(0.,0.,1.));
#7730=DIRECTION('ref_axis',(-0.997839287303896,-0.0657020297468187,0.));
#7731=DIRECTION('',(0.,0.,1.));
#7732=DIRECTION('center_axis',(0.0178326829852991,0.999840985065898,0.));
#7733=DIRECTION('ref_axis',(-0.999840985065898,0.0178326829852991,0.));
#7734=DIRECTION('',(0.999840985065898,-0.0178326829852991,0.));
#7735=DIRECTION('',(0.,0.,1.));
#7736=DIRECTION('center_axis',(0.,1.,0.));
#7737=DIRECTION('ref_axis',(-1.,0.,0.));
#7738=DIRECTION('',(1.,0.,0.));
#7739=DIRECTION('',(0.,0.,1.));
#7740=DIRECTION('center_axis',(-0.0178326823276967,0.999840985077627,0.));
#7741=DIRECTION('ref_axis',(-0.999840985077627,-0.0178326823276967,0.));
#7742=DIRECTION('',(0.999840985077627,0.0178326823276967,0.));
#7743=DIRECTION('',(0.,0.,1.));
#7744=DIRECTION('center_axis',(0.,0.,1.));
#7745=DIRECTION('ref_axis',(0.065702029704043,-0.997839287306713,0.));
#7746=DIRECTION('center_axis',(0.,0.,1.));
#7747=DIRECTION('ref_axis',(0.065702029704043,-0.997839287306713,0.));
#7748=DIRECTION('',(0.,0.,1.));
#7749=DIRECTION('center_axis',(-0.999840985076194,0.0178326824080237,0.));
#7750=DIRECTION('ref_axis',(-0.0178326824080237,-0.999840985076194,0.));
#7751=DIRECTION('',(0.0178326824080237,0.999840985076194,0.));
#7752=DIRECTION('',(0.,0.,1.));
#7753=DIRECTION('center_axis',(-1.,0.,0.));
#7754=DIRECTION('ref_axis',(0.,-1.,0.));
#7755=DIRECTION('',(0.,1.,0.));
#7756=DIRECTION('',(0.,0.,1.));
#7757=DIRECTION('center_axis',(-0.999840985077632,-0.0178326823274426,0.));
#7758=DIRECTION('ref_axis',(0.0178326823274426,-0.999840985077632,0.));
#7759=DIRECTION('',(-0.0178326823274426,0.999840985077632,0.));
#7760=DIRECTION('',(0.,0.,1.));
#7761=DIRECTION('center_axis',(0.,0.,1.));
#7762=DIRECTION('ref_axis',(0.997839287306862,0.0657020297017769,0.));
#7763=DIRECTION('center_axis',(0.,0.,1.));
#7764=DIRECTION('ref_axis',(0.997839287306862,0.0657020297017769,0.));
#7765=DIRECTION('',(0.,0.,1.));
#7766=DIRECTION('center_axis',(-0.0178326822933705,-0.999840985078239,0.));
#7767=DIRECTION('ref_axis',(0.999840985078239,-0.0178326822933705,0.));
#7768=DIRECTION('',(-0.999840985078239,0.0178326822933705,0.));
#7769=DIRECTION('',(0.,0.,1.));
#7770=DIRECTION('center_axis',(0.,-1.,0.));
#7771=DIRECTION('ref_axis',(1.,0.,0.));
#7772=DIRECTION('',(-1.,0.,0.));
#7773=DIRECTION('center_axis',(0.000500683414536488,0.999999874658051,0.));
#7774=DIRECTION('ref_axis',(0.999999874658051,-0.000500683414536488,0.));
#7775=DIRECTION('',(0.,0.,1.));
#7776=DIRECTION('',(0.,0.,1.));
#7777=DIRECTION('center_axis',(-0.0165039513105022,0.999863800520421,0.));
#7778=DIRECTION('ref_axis',(0.999863800520421,0.0165039513105022,0.));
#7779=DIRECTION('',(0.,0.,1.));
#7780=DIRECTION('center_axis',(0.,0.,-1.));
#7781=DIRECTION('ref_axis',(-0.0576189404125512,0.998338648808978,0.));
#7782=DIRECTION('',(0.,0.,1.));
#7783=DIRECTION('center_axis',(-0.999855240456658,0.0170146446145133,0.));
#7784=DIRECTION('ref_axis',(0.0170146446145133,0.999855240456658,0.));
#7785=DIRECTION('center_axis',(-0.999840985077635,-0.0178326823272723,0.));
#7786=DIRECTION('ref_axis',(-0.0178326823272723,0.999840985077635,0.));
#7787=DIRECTION('',(0.,0.,1.));
#7788=DIRECTION('center_axis',(0.,0.,-1.));
#7789=DIRECTION('ref_axis',(-0.99829901753197,-0.0583015573951777,0.));
#7790=DIRECTION('',(0.,0.,1.));
#7791=DIRECTION('center_axis',(-0.0178326829851312,-0.999840985065901,0.));
#7792=DIRECTION('ref_axis',(-0.999840985065901,0.0178326829851312,0.));
#7793=DIRECTION('',(0.,0.,1.));
#7794=DIRECTION('center_axis',(0.,-1.,0.));
#7795=DIRECTION('ref_axis',(-1.,0.,0.));
#7796=DIRECTION('',(0.,0.,1.));
#7797=DIRECTION('center_axis',(0.0178326823273219,-0.999840985077634,0.));
#7798=DIRECTION('ref_axis',(-0.999840985077634,-0.0178326823273219,0.));
#7799=DIRECTION('',(0.,0.,1.));
#7800=DIRECTION('center_axis',(0.,0.,-1.));
#7801=DIRECTION('ref_axis',(0.0583015573590505,-0.99829901753408,0.));
#7802=DIRECTION('',(0.,0.,1.));
#7803=DIRECTION('center_axis',(0.999840985076198,-0.0178326824078252,0.));
#7804=DIRECTION('ref_axis',(-0.0178326824078252,-0.999840985076198,0.));
#7805=DIRECTION('center_axis',(0.,1.,0.));
#7806=DIRECTION('ref_axis',(1.,0.,0.));
#7807=DIRECTION('',(0.,0.,-1.));
#7808=DIRECTION('center_axis',(1.,0.,0.));
#7809=DIRECTION('ref_axis',(0.,-1.,0.));
#7810=DIRECTION('',(0.,1.,0.));
#7811=DIRECTION('',(0.,0.,-1.));
#7812=DIRECTION('center_axis',(0.,-1.,0.));
#7813=DIRECTION('ref_axis',(-1.,0.,0.));
#7814=DIRECTION('',(0.,0.,-1.));
#7815=DIRECTION('',(-1.,0.,0.));
#7816=DIRECTION('center_axis',(-0.017832682293118,-0.999840985078244,0.));
#7817=DIRECTION('ref_axis',(-0.999840985078244,0.017832682293118,0.));
#7818=DIRECTION('',(0.,0.,-1.));
#7819=DIRECTION('',(-0.999840985078244,0.017832682293118,0.));
#7820=DIRECTION('center_axis',(0.,0.,-1.));
#7821=DIRECTION('ref_axis',(0.996827584067296,0.0795912535556353,0.));
#7822=DIRECTION('',(0.,0.,-1.));
#7823=DIRECTION('center_axis',(0.,0.,1.));
#7824=DIRECTION('ref_axis',(0.996827584067296,0.0795912535556353,0.));
#7825=DIRECTION('center_axis',(-0.99984098507763,-0.0178326823275414,0.));
#7826=DIRECTION('ref_axis',(-0.0178326823275414,0.99984098507763,0.));
#7827=DIRECTION('',(0.,0.,-1.));
#7828=DIRECTION('',(-0.0178326823275414,0.99984098507763,0.));
#7829=DIRECTION('center_axis',(-1.,0.,0.));
#7830=DIRECTION('ref_axis',(0.,1.,0.));
#7831=DIRECTION('',(0.,0.,-1.));
#7832=DIRECTION('',(0.,1.,0.));
#7833=DIRECTION('center_axis',(-0.9998409850762,0.0178326824077132,0.));
#7834=DIRECTION('ref_axis',(0.0178326824077132,0.9998409850762,0.));
#7835=DIRECTION('',(0.,0.,-1.));
#7836=DIRECTION('',(0.0178326824077132,0.9998409850762,0.));
#7837=DIRECTION('center_axis',(0.,0.,-1.));
#7838=DIRECTION('ref_axis',(0.0795912535572253,-0.996827584067169,0.));
#7839=DIRECTION('',(0.,0.,-1.));
#7840=DIRECTION('center_axis',(0.,0.,1.));
#7841=DIRECTION('ref_axis',(0.0795912535572253,-0.996827584067169,0.));
#7842=DIRECTION('center_axis',(-0.0178326823274698,0.999840985077631,0.));
#7843=DIRECTION('ref_axis',(0.999840985077631,0.0178326823274698,0.));
#7844=DIRECTION('',(0.,0.,-1.));
#7845=DIRECTION('',(0.999840985077631,0.0178326823274698,0.));
#7846=DIRECTION('center_axis',(0.,1.,0.));
#7847=DIRECTION('ref_axis',(1.,0.,0.));
#7848=DIRECTION('',(0.,0.,-1.));
#7849=DIRECTION('',(1.,0.,0.));
#7850=DIRECTION('center_axis',(0.017832682985234,0.999840985065899,0.));
#7851=DIRECTION('ref_axis',(0.999840985065899,-0.017832682985234,0.));
#7852=DIRECTION('',(0.,0.,-1.));
#7853=DIRECTION('',(0.999840985065899,-0.017832682985234,0.));
#7854=DIRECTION('center_axis',(0.,0.,-1.));
#7855=DIRECTION('ref_axis',(-0.996827584062685,-0.0795912536133843,0.));
#7856=DIRECTION('',(0.,0.,-1.));
#7857=DIRECTION('center_axis',(0.,0.,1.));
#7858=DIRECTION('ref_axis',(-0.996827584062685,-0.0795912536133843,0.));
#7859=DIRECTION('center_axis',(0.999840985077633,0.017832682327355,0.));
#7860=DIRECTION('ref_axis',(0.017832682327355,-0.999840985077633,0.));
#7861=DIRECTION('',(0.,0.,-1.));
#7862=DIRECTION('',(0.017832682327355,-0.999840985077633,0.));
#7863=DIRECTION('center_axis',(1.,0.,0.));
#7864=DIRECTION('ref_axis',(0.,-1.,0.));
#7865=DIRECTION('',(0.,0.,-1.));
#7866=DIRECTION('',(0.,-1.,0.));
#7867=DIRECTION('center_axis',(0.999855240456655,-0.0170146446146891,0.));
#7868=DIRECTION('ref_axis',(-0.0170146446146891,-0.999855240456655,0.));
#7869=DIRECTION('',(0.,0.,-1.));
#7870=DIRECTION('',(-0.0170146446146891,-0.999855240456655,0.));
#7871=DIRECTION('center_axis',(0.,0.,-1.));
#7872=DIRECTION('ref_axis',(-0.0792472413992733,0.996854991827099,0.));
#7873=DIRECTION('',(0.,0.,-1.));
#7874=DIRECTION('center_axis',(0.,0.,1.));
#7875=DIRECTION('ref_axis',(-0.0792472413992733,0.996854991827099,0.));
#7876=DIRECTION('center_axis',(0.0165039513100339,-0.999863800520429,0.));
#7877=DIRECTION('ref_axis',(-0.999863800520429,-0.0165039513100339,0.));
#7878=DIRECTION('',(0.,0.,-1.));
#7879=DIRECTION('',(-0.999863800520429,-0.0165039513100339,0.));
#7880=DIRECTION('center_axis',(-0.000500683406418594,-0.999999874658056,
0.));
#7881=DIRECTION('ref_axis',(-0.999999874658055,0.000500683406418594,0.));
#7882=DIRECTION('',(0.,0.,-1.));
#7883=DIRECTION('',(-0.999999874658055,0.000500683406418594,0.));
#7884=DIRECTION('center_axis',(0.,-1.,0.));
#7885=DIRECTION('ref_axis',(-1.,0.,0.));
#7886=DIRECTION('',(-1.,0.,0.));
#7887=DIRECTION('center_axis',(0.,0.,1.));
#7888=DIRECTION('ref_axis',(-1.,0.,0.));
#7889=DIRECTION('center_axis',(-0.814406044016444,-0.580295438091224,0.));
#7890=DIRECTION('ref_axis',(-0.410330839365941,0.575872036363353,0.707106781186524));
#7891=DIRECTION('center_axis',(0.814406044016444,0.580295438091224,0.));
#7892=DIRECTION('ref_axis',(-0.580295438091224,0.814406044016444,0.));
#7893=DIRECTION('',(0.814406044016444,0.580295438091224,0.));
#7894=DIRECTION('',(0.814406044016444,0.580295438091224,0.));
#7895=DIRECTION('center_axis',(0.,0.,1.));
#7896=DIRECTION('ref_axis',(-0.580295438091224,0.814406044016444,0.));
#7897=DIRECTION('center_axis',(0.,0.,1.));
#7898=DIRECTION('ref_axis',(-1.,0.,0.));
#7899=DIRECTION('',(0.707106781186547,0.707106781186547,0.));
#7900=DIRECTION('',(-0.707106781186547,-0.707106781186547,0.));
#7901=DIRECTION('',(0.,0.,1.));
#7902=DIRECTION('',(0.,0.,1.));
#7903=DIRECTION('center_axis',(-0.887754531448926,-0.460317164455007,0.));
#7904=DIRECTION('ref_axis',(-0.325493388482683,0.627737249216617,0.707106781186559));
#7905=DIRECTION('',(0.887754531448926,0.460317164455008,0.));
#7906=DIRECTION('',(0.887754531448926,0.460317164455008,0.));
#7907=DIRECTION('center_axis',(0.,0.,1.));
#7908=DIRECTION('ref_axis',(-1.,0.,0.));
#7909=DIRECTION('',(-0.523442451384907,-0.8520610307297,0.));
#7910=DIRECTION('',(0.,0.,1.));
#7911=DIRECTION('center_axis',(0.523442451384907,0.8520610307297,0.));
#7912=DIRECTION('ref_axis',(0.6024981328138,-0.370129706935176,0.707106781186523));
#7913=DIRECTION('',(-0.523442451384907,-0.8520610307297,0.));
#7914=DIRECTION('',(0.,0.,1.));
#7915=DIRECTION('',(0.,0.,1.));
#7916=DIRECTION('',(0.,0.,1.));
#7917=DIRECTION('center_axis',(0.707106781186548,-0.707106781186548,0.));
#7918=DIRECTION('ref_axis',(-0.500000000000012,-0.500000000000012,0.707106781186531));
#7919=DIRECTION('',(-0.707106781186548,0.707106781186548,0.));
#7920=DIRECTION('center_axis',(0.966736761570474,-0.255773403285472,0.));
#7921=DIRECTION('ref_axis',(-0.255773403285472,-0.966736761570474,-3.59897623219609E-16));
#7922=DIRECTION('',(0.707106781186548,-0.707106781186548,0.));
#7923=DIRECTION('center_axis',(0.707106781186548,-0.707106781186548,0.));
#7924=DIRECTION('ref_axis',(-0.500000000000012,-0.500000000000012,0.707106781186531));
#7925=DIRECTION('',(-0.707106781186547,0.707106781186547,0.));
#7926=DIRECTION('center_axis',(-0.707106781186548,0.707106781186548,0.));
#7927=DIRECTION('ref_axis',(-0.500000000000012,-0.500000000000012,0.707106781186531));
#7928=DIRECTION('',(0.707106781186548,-0.707106781186548,0.));
#7929=DIRECTION('center_axis',(-0.707106781186548,0.707106781186548,0.));
#7930=DIRECTION('ref_axis',(-0.707106781186548,-0.707106781186548,0.));
#7931=DIRECTION('',(0.,0.,1.));
#7932=DIRECTION('',(0.707106781186548,0.707106781186548,0.));
#7933=DIRECTION('center_axis',(-0.707106781186548,-0.707106781186548,0.));
#7934=DIRECTION('ref_axis',(0.707106781186548,-0.707106781186548,0.));
#7935=DIRECTION('',(0.,0.,1.));
#7936=DIRECTION('',(-0.707106781186547,0.707106781186547,0.));
#7937=DIRECTION('center_axis',(-0.966736761570474,0.255773403285472,0.));
#7938=DIRECTION('ref_axis',(-0.255773403285472,-0.966736761570474,0.));
#7939=DIRECTION('',(-0.255773403285472,-0.966736761570474,0.));
#7940=DIRECTION('center_axis',(0.966736761570474,-0.255773403285472,0.));
#7941=DIRECTION('ref_axis',(0.255773403285472,0.966736761570474,-3.59897623219609E-16));
#7942=DIRECTION('',(0.,0.,1.));
#7943=DIRECTION('',(0.255773403285472,0.966736761570474,0.));
#7944=DIRECTION('center_axis',(0.,0.,1.));
#7945=DIRECTION('ref_axis',(-1.,0.,0.));
#7946=DIRECTION('',(0.780239315065196,-0.625481103812572,0.));
#7947=DIRECTION('center_axis',(0.,0.,1.));
#7948=DIRECTION('ref_axis',(0.625481103812581,0.780239315065189,0.));
#7949=DIRECTION('',(0.707106781186548,-0.707106781186548,0.));
#7950=DIRECTION('center_axis',(-0.707106781186548,0.707106781186548,0.));
#7951=DIRECTION('ref_axis',(0.500000000000012,0.500000000000012,0.707106781186531));
#7952=DIRECTION('',(-0.707106781186548,0.707106781186548,0.));
#7953=DIRECTION('center_axis',(-0.707106781186548,0.707106781186548,0.));
#7954=DIRECTION('ref_axis',(0.500000000000012,0.500000000000012,0.707106781186531));
#7955=DIRECTION('',(0.707106781186548,-0.707106781186548,0.));
#7956=DIRECTION('center_axis',(0.707106781186548,-0.707106781186548,0.));
#7957=DIRECTION('ref_axis',(0.500000000000012,0.500000000000012,0.707106781186531));
#7958=DIRECTION('',(-0.707106781186548,0.707106781186548,0.));
#7959=DIRECTION('center_axis',(0.780239315065189,-0.625481103812581,0.));
#7960=DIRECTION('ref_axis',(0.625481103812581,0.780239315065189,0.));
#7961=DIRECTION('center_axis',(0.707106781186548,0.707106781186548,0.));
#7962=DIRECTION('ref_axis',(-0.707106781186548,0.707106781186548,0.));
#7963=DIRECTION('',(0.,0.,1.));
#7964=DIRECTION('',(0.707106781186548,-0.707106781186548,0.));
#7965=DIRECTION('center_axis',(-0.707106781186548,0.707106781186548,0.));
#7966=DIRECTION('ref_axis',(-0.707106781186548,-0.707106781186548,0.));
#7967=DIRECTION('',(0.707106781186548,0.707106781186548,0.));
#7968=DIRECTION('center_axis',(-0.780239315065196,0.625481103812572,0.));
#7969=DIRECTION('ref_axis',(0.442281930009915,0.551712510630957,0.707106781186542));
#7970=DIRECTION('',(0.780239315065196,-0.625481103812572,0.));
#7971=DIRECTION('',(0.,0.,1.));
#7972=DIRECTION('',(0.,0.,1.));
#7973=DIRECTION('',(0.,0.,1.));
#7974=DIRECTION('center_axis',(0.707106781186548,0.707106781186548,0.));
#7975=DIRECTION('ref_axis',(0.500000000000012,-0.500000000000012,0.707106781186531));
#7976=DIRECTION('center_axis',(-0.707106781186548,-0.707106781186548,0.));
#7977=DIRECTION('ref_axis',(0.500000000000012,-0.500000000000012,0.707106781186531));
#7978=DIRECTION('',(-0.707106781186548,-0.707106781186548,0.));
#7979=DIRECTION('center_axis',(0.707106781186548,0.707106781186548,0.));
#7980=DIRECTION('ref_axis',(0.500000000000012,-0.500000000000012,0.707106781186531));
#7981=DIRECTION('',(-0.707106781186548,-0.707106781186548,0.));
#7982=DIRECTION('center_axis',(-0.707106781186548,-0.707106781186548,0.));
#7983=DIRECTION('ref_axis',(0.707106781186548,-0.707106781186548,0.));
#7984=DIRECTION('',(0.707106781186548,-0.707106781186548,0.));
#7985=DIRECTION('',(0.,0.,1.));
#7986=DIRECTION('',(-0.707106781186548,0.707106781186548,0.));
#7987=DIRECTION('center_axis',(0.,0.,1.));
#7988=DIRECTION('ref_axis',(-1.,0.,0.));
#7989=DIRECTION('',(-0.707106781186548,0.707106781186548,0.));
#7990=DIRECTION('',(-0.707106781186547,0.707106781186547,0.));
#7991=DIRECTION('',(-0.707106781186547,-0.707106781186547,0.));
#7992=DIRECTION('',(0.707106781186547,-0.707106781186547,0.));
#7993=DIRECTION('',(-0.707106781186548,-0.707106781186548,0.));
#7994=DIRECTION('',(-0.707106781186548,0.707106781186548,0.));
#7995=DIRECTION('',(0.707106781186548,-0.707106781186548,0.));
#7996=DIRECTION('',(-0.707106781186548,-0.707106781186548,0.));
#7997=DIRECTION('',(-0.707106781186548,0.707106781186548,0.));
#7998=DIRECTION('center_axis',(0.707106781186548,0.707106781186548,0.));
#7999=DIRECTION('ref_axis',(0.499999999999987,-0.499999999999987,0.707106781186566));
#8000=DIRECTION('center_axis',(-0.707106781186548,-0.707106781186548,0.));
#8001=DIRECTION('ref_axis',(0.499999999999987,-0.499999999999987,0.707106781186566));
#8002=DIRECTION('center_axis',(0.707106781186548,0.707106781186548,0.));
#8003=DIRECTION('ref_axis',(0.499999999999987,-0.499999999999987,0.707106781186566));
#8004=DIRECTION('',(-0.707106781186548,-0.707106781186548,0.));
#8005=DIRECTION('center_axis',(-0.707106781186548,-0.707106781186548,0.));
#8006=DIRECTION('ref_axis',(0.707106781186548,-0.707106781186548,0.));
#8007=DIRECTION('',(0.,0.,1.));
#8008=DIRECTION('',(-0.707106781186548,0.707106781186548,0.));
#8009=DIRECTION('center_axis',(0.707106781186548,0.707106781186548,0.));
#8010=DIRECTION('ref_axis',(0.499999999999974,-0.500000000000024,0.707106781186549));
#8011=DIRECTION('center_axis',(0.707106781186548,0.707106781186548,0.));
#8012=DIRECTION('ref_axis',(0.499999999999974,-0.500000000000024,0.707106781186549));
#8013=DIRECTION('',(-0.707106781186548,-0.707106781186548,0.));
#8014=DIRECTION('center_axis',(-0.707106781186548,-0.707106781186548,0.));
#8015=DIRECTION('ref_axis',(0.499999999999974,-0.500000000000024,0.707106781186549));
#8016=DIRECTION('center_axis',(0.707106781186548,0.707106781186548,0.));
#8017=DIRECTION('ref_axis',(-0.707106781186548,0.707106781186548,0.));
#8018=DIRECTION('',(0.707106781186548,-0.707106781186548,0.));
#8019=DIRECTION('',(0.,0.,1.));
#8020=DIRECTION('',(0.,0.,1.));
#8021=DIRECTION('',(0.,0.,1.));
#8022=DIRECTION('',(0.,0.,1.));
#8023=DIRECTION('',(0.,0.,1.));
#8024=DIRECTION('',(0.,0.,1.));
#8025=DIRECTION('',(0.,0.,1.));
#8026=DIRECTION('',(0.,0.,1.));
#8027=DIRECTION('',(0.,0.,1.));
#8028=DIRECTION('',(0.,0.,1.));
#8029=DIRECTION('',(0.,0.,1.));
#8030=DIRECTION('',(0.,0.,1.));
#8031=DIRECTION('',(0.,0.,1.));
#8032=DIRECTION('',(0.,0.,1.));
#8033=DIRECTION('',(0.,0.,1.));
#8034=DIRECTION('',(0.,0.,1.));
#8035=DIRECTION('center_axis',(-0.707106781186548,0.707106781186548,0.));
#8036=DIRECTION('ref_axis',(-0.707106781186548,-0.707106781186548,0.));
#8037=DIRECTION('',(0.707106781186548,0.707106781186548,0.));
#8038=DIRECTION('',(0.,0.,1.));
#8039=DIRECTION('',(0.,0.,1.));
#8040=DIRECTION('',(0.,0.,1.));
#8041=DIRECTION('',(0.,0.,1.));
#8042=DIRECTION('',(0.,0.,1.));
#8043=DIRECTION('',(0.,0.,1.));
#8044=DIRECTION('',(0.,0.,1.));
#8045=DIRECTION('',(0.,0.,1.));
#8046=DIRECTION('center_axis',(0.707106781186548,-0.707106781186548,0.));
#8047=DIRECTION('ref_axis',(0.707106781186548,0.707106781186548,0.));
#8048=DIRECTION('',(-0.707106781186548,-0.707106781186548,0.));
#8049=DIRECTION('',(0.,0.,1.));
#8050=DIRECTION('',(0.,0.,1.));
#8051=DIRECTION('center_axis',(0.,0.,1.));
#8052=DIRECTION('ref_axis',(-1.,0.,0.));
#8053=DIRECTION('center_axis',(0.707106781186548,-0.707106781186548,0.));
#8054=DIRECTION('ref_axis',(0.707106781186548,0.707106781186548,0.));
#8055=DIRECTION('',(0.,0.,1.));
#8056=DIRECTION('',(-0.707106781186548,-0.707106781186548,0.));
#8057=DIRECTION('center_axis',(0.707106781186548,0.707106781186548,0.));
#8058=DIRECTION('ref_axis',(-0.707106781186548,0.707106781186548,0.));
#8059=DIRECTION('',(0.707106781186548,-0.707106781186548,0.));
#8060=DIRECTION('',(0.,0.,1.));
#8061=DIRECTION('',(0.,0.,1.));
#8062=DIRECTION('',(0.,0.,1.));
#8063=DIRECTION('',(0.,0.,1.));
#8064=DIRECTION('',(0.,0.,1.));
#8065=DIRECTION('',(0.,0.,1.));
#8066=DIRECTION('center_axis',(-0.707106781186548,-0.707106781186548,0.));
#8067=DIRECTION('ref_axis',(0.707106781186548,-0.707106781186548,0.));
#8068=DIRECTION('',(0.,0.,1.));
#8069=DIRECTION('',(-0.707106781186548,0.707106781186548,0.));
#8070=DIRECTION('center_axis',(0.707106781186548,-0.707106781186548,0.));
#8071=DIRECTION('ref_axis',(0.707106781186548,0.707106781186548,0.));
#8072=DIRECTION('',(-0.707106781186548,-0.707106781186548,0.));
#8073=DIRECTION('',(0.,0.,1.));
#8074=DIRECTION('',(0.,0.,1.));
#8075=DIRECTION('',(0.,0.,1.));
#8076=DIRECTION('',(0.,0.,1.));
#8077=DIRECTION('',(0.,0.,1.));
#8078=DIRECTION('',(0.,0.,1.));
#8079=DIRECTION('',(0.,0.,1.));
#8080=DIRECTION('',(0.,0.,1.));
#8081=DIRECTION('',(0.,0.,1.));
#8082=DIRECTION('',(0.,0.,1.));
#8083=DIRECTION('',(0.,0.,1.));
#8084=DIRECTION('',(0.,0.,1.));
#8085=DIRECTION('',(0.,0.,1.));
#8086=DIRECTION('',(0.,0.,1.));
#8087=DIRECTION('',(0.,0.,1.));
#8088=DIRECTION('',(0.,0.,1.));
#8089=DIRECTION('',(0.,0.,1.));
#8090=DIRECTION('',(0.,0.,1.));
#8091=DIRECTION('center_axis',(0.,0.,1.));
#8092=DIRECTION('ref_axis',(-1.,0.,0.));
#8093=DIRECTION('center_axis',(0.,0.,1.));
#8094=DIRECTION('ref_axis',(-1.,0.,0.));
#8095=DIRECTION('center_axis',(-0.707106781186548,0.707106781186548,0.));
#8096=DIRECTION('ref_axis',(-0.707106781186548,-0.707106781186548,0.));
#8097=DIRECTION('',(0.707106781186548,0.707106781186548,0.));
#8098=DIRECTION('',(0.,0.,1.));
#8099=DIRECTION('',(0.,0.,1.));
#8100=DIRECTION('center_axis',(0.707106781186548,0.707106781186548,0.));
#8101=DIRECTION('ref_axis',(-0.707106781186548,0.707106781186548,0.));
#8102=DIRECTION('',(0.707106781186548,-0.707106781186548,0.));
#8103=DIRECTION('',(0.,0.,1.));
#8104=DIRECTION('',(0.,0.,1.));
#8105=DIRECTION('',(0.,0.,1.));
#8106=DIRECTION('',(0.,0.,1.));
#8107=DIRECTION('',(0.,0.,1.));
#8108=DIRECTION('',(0.,0.,1.));
#8109=DIRECTION('',(0.,0.,1.));
#8110=DIRECTION('',(0.,0.,1.));
#8111=DIRECTION('',(0.,0.,1.));
#8112=DIRECTION('center_axis',(0.707106781186548,0.707106781186548,0.));
#8113=DIRECTION('ref_axis',(-0.707106781186548,0.707106781186548,0.));
#8114=DIRECTION('',(0.707106781186548,-0.707106781186548,0.));
#8115=DIRECTION('',(0.,0.,1.));
#8116=DIRECTION('',(0.,0.,1.));
#8117=DIRECTION('',(0.,0.,1.));
#8118=DIRECTION('',(0.,0.,1.));
#8119=DIRECTION('',(0.,0.,1.));
#8120=DIRECTION('center_axis',(0.707106781186548,0.707106781186548,0.));
#8121=DIRECTION('ref_axis',(-0.707106781186548,0.707106781186548,0.));
#8122=DIRECTION('',(0.707106781186548,-0.707106781186548,0.));
#8123=DIRECTION('',(0.,0.,1.));
#8124=DIRECTION('',(0.,0.,1.));
#8125=DIRECTION('',(0.,0.,1.));
#8126=DIRECTION('',(0.,0.,1.));
#8127=DIRECTION('',(0.,0.,1.));
#8128=DIRECTION('center_axis',(-0.707106781186548,-0.707106781186548,0.));
#8129=DIRECTION('ref_axis',(0.707106781186548,-0.707106781186548,0.));
#8130=DIRECTION('',(-0.707106781186548,0.707106781186548,0.));
#8131=DIRECTION('center_axis',(0.,0.,-1.));
#8132=DIRECTION('ref_axis',(-0.707106781186548,0.707106781186548,0.));
#8133=DIRECTION('center_axis',(0.,0.,1.));
#8134=DIRECTION('ref_axis',(-0.707106781186548,0.707106781186548,0.));
#8135=DIRECTION('',(0.,0.,-1.));
#8136=DIRECTION('center_axis',(0.,0.,-1.));
#8137=DIRECTION('ref_axis',(-0.707106781186548,0.707106781186548,0.));
#8138=DIRECTION('',(0.,0.,1.));
#8139=DIRECTION('center_axis',(-1.,0.,0.));
#8140=DIRECTION('ref_axis',(0.,1.,0.));
#8141=DIRECTION('',(0.,1.,0.));
#8142=DIRECTION('',(0.,0.,-1.));
#8143=DIRECTION('',(0.,-1.,0.));
#8144=DIRECTION('center_axis',(0.,0.,-1.));
#8145=DIRECTION('ref_axis',(0.707106781186598,0.707106781186497,0.));
#8146=DIRECTION('center_axis',(0.,0.,1.));
#8147=DIRECTION('ref_axis',(0.707106781186598,0.707106781186497,0.));
#8148=DIRECTION('',(0.,0.,-1.));
#8149=DIRECTION('center_axis',(0.,0.,-1.));
#8150=DIRECTION('ref_axis',(0.707106781186598,0.707106781186497,0.));
#8151=DIRECTION('',(0.,0.,1.));
#8152=DIRECTION('center_axis',(0.,1.,0.));
#8153=DIRECTION('ref_axis',(1.,0.,0.));
#8154=DIRECTION('',(-1.,0.,0.));
#8155=DIRECTION('',(1.,0.,0.));
#8156=DIRECTION('center_axis',(0.,0.,-1.));
#8157=DIRECTION('ref_axis',(0.707106781186598,0.707106781186497,0.));
#8158=DIRECTION('center_axis',(0.,0.,1.));
#8159=DIRECTION('ref_axis',(0.707106781186598,0.707106781186497,0.));
#8160=DIRECTION('',(0.,0.,-1.));
#8161=DIRECTION('center_axis',(0.,0.,-1.));
#8162=DIRECTION('ref_axis',(0.707106781186598,0.707106781186497,0.));
#8163=DIRECTION('',(0.,0.,1.));
#8164=DIRECTION('center_axis',(0.,1.,0.));
#8165=DIRECTION('ref_axis',(1.,0.,0.));
#8166=DIRECTION('',(1.,0.,0.));
#8167=DIRECTION('',(0.,0.,1.));
#8168=DIRECTION('',(-1.,0.,0.));
#8169=DIRECTION('center_axis',(0.,0.,-1.));
#8170=DIRECTION('ref_axis',(-0.707106781186548,0.707106781186548,0.));
#8171=DIRECTION('center_axis',(0.,0.,1.));
#8172=DIRECTION('ref_axis',(-0.707106781186548,0.707106781186548,0.));
#8173=DIRECTION('',(0.,0.,-1.));
#8174=DIRECTION('center_axis',(0.,0.,-1.));
#8175=DIRECTION('ref_axis',(-0.707106781186548,0.707106781186548,0.));
#8176=DIRECTION('center_axis',(-1.,0.,0.));
#8177=DIRECTION('ref_axis',(0.,1.,0.));
#8178=DIRECTION('',(0.,1.,0.));
#8179=DIRECTION('',(0.,0.,-1.));
#8180=DIRECTION('',(0.,-1.,0.));
#8181=DIRECTION('center_axis',(1.,-7.34770296901166E-14,0.));
#8182=DIRECTION('ref_axis',(-7.34770296901166E-14,-1.,0.));
#8183=DIRECTION('',(7.34770296901166E-14,1.,0.));
#8184=DIRECTION('',(0.,0.,-1.));
#8185=DIRECTION('',(-7.34770296901166E-14,-1.,0.));
#8186=DIRECTION('center_axis',(0.,0.,-1.));
#8187=DIRECTION('ref_axis',(-0.999999999935814,1.13301284283372E-5,0.));
#8188=DIRECTION('center_axis',(0.,0.,1.));
#8189=DIRECTION('ref_axis',(-0.999999999935814,1.13301284283372E-5,0.));
#8190=DIRECTION('center_axis',(0.,0.,-1.));
#8191=DIRECTION('ref_axis',(-0.999999999935814,1.13301284283372E-5,0.));
#8192=DIRECTION('',(0.,0.,-1.));
#8193=DIRECTION('center_axis',(-1.49188230207599E-11,-1.,0.));
#8194=DIRECTION('ref_axis',(-1.,1.49188230207599E-11,0.));
#8195=DIRECTION('',(1.,-1.49188230207599E-11,0.));
#8196=DIRECTION('',(-1.,1.49188230207599E-11,0.));
#8197=DIRECTION('',(0.,0.,-1.));
#8198=DIRECTION('center_axis',(0.,0.,-1.));
#8199=DIRECTION('ref_axis',(-1.13307945602599E-5,-0.999999999935807,0.));
#8200=DIRECTION('center_axis',(0.,0.,1.));
#8201=DIRECTION('ref_axis',(-1.13307945602599E-5,-0.999999999935807,0.));
#8202=DIRECTION('center_axis',(0.,0.,-1.));
#8203=DIRECTION('ref_axis',(-1.13307945602599E-5,-0.999999999935807,0.));
#8204=DIRECTION('center_axis',(1.,-7.04982311891659E-14,0.));
#8205=DIRECTION('ref_axis',(-7.04982311891659E-14,-1.,0.));
#8206=DIRECTION('',(7.04982311891659E-14,1.,0.));
#8207=DIRECTION('',(0.,0.,-1.));
#8208=DIRECTION('',(-7.04982311891659E-14,-1.,0.));
#8209=DIRECTION('center_axis',(0.,0.,-1.));
#8210=DIRECTION('ref_axis',(-0.999999999935814,1.13301281322778E-5,0.));
#8211=DIRECTION('center_axis',(0.,0.,1.));
#8212=DIRECTION('ref_axis',(-0.999999999935814,1.13301281322778E-5,0.));
#8213=DIRECTION('center_axis',(0.,0.,-1.));
#8214=DIRECTION('ref_axis',(-0.999999999935814,1.13301281322778E-5,0.));
#8215=DIRECTION('',(0.,0.,-1.));
#8216=DIRECTION('center_axis',(-1.49381312472753E-11,-1.,0.));
#8217=DIRECTION('ref_axis',(-1.,1.49381312472753E-11,0.));
#8218=DIRECTION('',(1.,-1.49381312472753E-11,0.));
#8219=DIRECTION('',(-1.,1.49381312472753E-11,0.));
#8220=DIRECTION('',(0.,0.,-1.));
#8221=DIRECTION('center_axis',(0.,0.,-1.));
#8222=DIRECTION('ref_axis',(-1.13307942641971E-5,-0.999999999935807,0.));
#8223=DIRECTION('center_axis',(0.,0.,1.));
#8224=DIRECTION('ref_axis',(-1.13307942641971E-5,-0.999999999935807,0.));
#8225=DIRECTION('center_axis',(0.,0.,-1.));
#8226=DIRECTION('ref_axis',(-1.13307942641971E-5,-0.999999999935807,0.));
#8227=DIRECTION('center_axis',(0.,1.,1.07182860283108E-17));
#8228=DIRECTION('ref_axis',(0.707106781186553,0.,-0.707106781186543));
#8229=DIRECTION('center_axis',(0.,-1.,0.));
#8230=DIRECTION('ref_axis',(0.707106781186553,0.,-0.707106781186543));
#8231=DIRECTION('',(0.,-1.,-1.07182860283108E-17));
#8232=DIRECTION('center_axis',(0.,1.,0.));
#8233=DIRECTION('ref_axis',(0.707106781186553,0.,-0.707106781186543));
#8234=DIRECTION('',(0.,1.,1.07182860283108E-17));
#8235=DIRECTION('center_axis',(0.,-1.,0.));
#8236=DIRECTION('ref_axis',(0.,0.,-1.));
#8237=DIRECTION('',(0.,0.,-1.));
#8238=DIRECTION('center_axis',(0.,1.,0.));
#8239=DIRECTION('ref_axis',(0.499999999999989,0.,0.866025403784445));
#8240=DIRECTION('',(0.,0.,1.));
#8241=DIRECTION('',(0.,0.,-1.));
#8242=DIRECTION('center_axis',(1.,0.,0.));
#8243=DIRECTION('ref_axis',(0.,0.,-1.));
#8244=DIRECTION('',(0.,0.,1.));
#8245=DIRECTION('',(0.,1.,0.));
#8246=DIRECTION('center_axis',(0.,1.,0.));
#8247=DIRECTION('ref_axis',(0.499999999999989,0.,0.866025403784445));
#8248=DIRECTION('center_axis',(0.,-1.,0.));
#8249=DIRECTION('ref_axis',(0.499999999999989,0.,0.866025403784445));
#8250=DIRECTION('',(0.,1.,0.));
#8251=DIRECTION('center_axis',(1.,0.,0.));
#8252=DIRECTION('ref_axis',(0.,1.,0.));
#8253=DIRECTION('',(0.,1.,0.));
#8254=DIRECTION('',(0.,0.,1.));
#8255=DIRECTION('center_axis',(0.,1.,0.));
#8256=DIRECTION('ref_axis',(0.,0.,1.));
#8257=DIRECTION('',(0.,0.,-1.));
#8258=DIRECTION('center_axis',(1.,0.,0.));
#8259=DIRECTION('ref_axis',(0.,1.,0.));
#8260=DIRECTION('',(0.,1.,0.));
#8261=DIRECTION('',(0.,0.,1.));
#8262=DIRECTION('',(0.,1.,0.));
#8263=DIRECTION('center_axis',(1.,0.,0.));
#8264=DIRECTION('ref_axis',(0.,1.,0.));
#8265=DIRECTION('',(0.,1.,0.));
#8266=DIRECTION('',(0.,0.,1.));
#8267=DIRECTION('',(0.,1.,0.));
#8268=DIRECTION('center_axis',(0.,-1.,0.));
#8269=DIRECTION('ref_axis',(-0.70710678118654,0.,-0.707106781186555));
#8270=DIRECTION('center_axis',(0.,1.,0.));
#8271=DIRECTION('ref_axis',(-0.70710678118654,0.,-0.707106781186555));
#8272=DIRECTION('',(0.,1.,0.));
#8273=DIRECTION('center_axis',(0.,-1.,0.));
#8274=DIRECTION('ref_axis',(-0.70710678118654,0.,-0.707106781186555));
#8275=DIRECTION('',(0.,-1.,0.));
#8276=DIRECTION('center_axis',(0.,-1.,0.));
#8277=DIRECTION('ref_axis',(0.,0.,1.));
#8278=DIRECTION('',(0.,0.,-1.));
#8279=DIRECTION('',(0.,0.,-1.));
#8280=DIRECTION('center_axis',(0.,1.,0.));
#8281=DIRECTION('ref_axis',(-0.499999999999998,0.,0.86602540378444));
#8282=DIRECTION('',(0.,0.,1.));
#8283=DIRECTION('center_axis',(-1.,0.,0.));
#8284=DIRECTION('ref_axis',(0.,-1.,0.));
#8285=DIRECTION('',(0.,0.,1.));
#8286=DIRECTION('',(0.,-1.,0.));
#8287=DIRECTION('center_axis',(0.,1.,0.));
#8288=DIRECTION('ref_axis',(0.,0.,-1.));
#8289=DIRECTION('',(0.,0.,-1.));
#8290=DIRECTION('center_axis',(0.,-1.,0.));
#8291=DIRECTION('ref_axis',(-0.499999999999998,0.,0.86602540378444));
#8292=DIRECTION('',(0.,0.,1.));
#8293=DIRECTION('center_axis',(0.,-1.,0.));
#8294=DIRECTION('ref_axis',(-0.499999999999998,0.,0.86602540378444));
#8295=DIRECTION('',(0.,-1.,0.));
#8296=DIRECTION('',(0.,-1.,0.));
#8297=DIRECTION('center_axis',(-1.,0.,0.));
#8298=DIRECTION('ref_axis',(0.,0.,1.));
#8299=DIRECTION('center_axis',(-1.,0.,0.));
#8300=DIRECTION('ref_axis',(0.,-1.,0.));
#8301=DIRECTION('',(0.,-1.,0.));
#8302=DIRECTION('',(0.,0.,1.));
#8303=DIRECTION('',(0.,-1.,0.));
#8304=DIRECTION('center_axis',(-1.,0.,0.));
#8305=DIRECTION('ref_axis',(0.,-1.,0.));
#8306=DIRECTION('',(0.,-1.,0.));
#8307=DIRECTION('',(0.,0.,1.));
#8308=DIRECTION('',(0.,-1.,0.));
#8309=DIRECTION('center_axis',(-0.635467715529769,-0.772127439299613,0.));
#8310=DIRECTION('ref_axis',(-0.545976548268963,0.449343530876231,0.707106781186541));
#8311=DIRECTION('',(-0.635467715529769,-0.772127439299612,0.));
#8312=DIRECTION('center_axis',(0.904286380393342,0.426926389715029,0.));
#8313=DIRECTION('ref_axis',(-0.426926389715029,0.904286380393342,0.));
#8314=DIRECTION('',(0.635467715529769,0.772127439299612,0.));
#8315=DIRECTION('center_axis',(0.337544486475772,0.941309576945761,0.));
#8316=DIRECTION('ref_axis',(-0.941309576945761,0.337544486475772,0.));
#8317=DIRECTION('center_axis',(-1.,0.,0.));
#8318=DIRECTION('ref_axis',(0.,0.707106781186552,0.707106781186543));
#8319=DIRECTION('',(-1.,0.,0.));
#8320=DIRECTION('center_axis',(0.911788589251505,-0.410659918315325,0.));
#8321=DIRECTION('ref_axis',(0.410659918315325,0.911788589251505,0.));
#8322=DIRECTION('',(1.,0.,0.));
#8323=DIRECTION('center_axis',(-0.662716862978519,0.748870055165722,0.));
#8324=DIRECTION('ref_axis',(0.529531094235225,0.468611587818791,0.707106781186545));
#8325=DIRECTION('',(-0.662716862978519,0.748870055165722,0.));
#8326=DIRECTION('center_axis',(0.354351481465993,-0.935112307470529,0.));
#8327=DIRECTION('ref_axis',(0.935112307470528,0.354351481465993,0.));
#8328=DIRECTION('',(0.662716862978519,-0.748870055165722,0.));
#8329=DIRECTION('center_axis',(1.,0.,0.));
#8330=DIRECTION('ref_axis',(0.,-0.707106781186552,0.707106781186543));
#8331=DIRECTION('',(-1.,0.,0.));
#8332=DIRECTION('center_axis',(0.951079445564437,-0.308946416429844,0.));
#8333=DIRECTION('ref_axis',(-0.308946416429844,-0.951079445564437,0.));
#8334=DIRECTION('',(1.,0.,0.));
#8335=DIRECTION('center_axis',(-0.947134565000111,-0.320836587349465,0.));
#8336=DIRECTION('ref_axis',(-0.320836587349465,0.947134565000111,0.));
#8337=DIRECTION('center_axis',(0.,1.,0.));
#8338=DIRECTION('ref_axis',(0.707106781186552,0.,0.707106781186543));
#8339=DIRECTION('',(0.,1.,0.));
#8340=DIRECTION('center_axis',(-0.197358002286665,-0.980331484210018,0.));
#8341=DIRECTION('ref_axis',(0.980331484210018,-0.197358002286665,0.));
#8342=DIRECTION('',(0.,-1.,0.));
#8343=DIRECTION('center_axis',(0.386952526604836,0.922099637866827,0.));
#8344=DIRECTION('ref_axis',(0.652022906865273,-0.273616755559585,0.707106781186552));
#8345=DIRECTION('',(0.386952526604836,0.922099637866827,0.));
#8346=DIRECTION('center_axis',(-0.197358002286665,-0.980331484210018,0.));
#8347=DIRECTION('ref_axis',(-0.980331484210018,0.197358002286665,0.));
#8348=DIRECTION('',(-0.386952526604836,-0.922099637866827,0.));
#8349=DIRECTION('center_axis',(0.,1.,0.));
#8350=DIRECTION('ref_axis',(0.707106781186552,0.,0.707106781186543));
#8351=DIRECTION('',(0.,-1.,0.));
#8352=DIRECTION('',(0.,1.,0.));
#8353=DIRECTION('center_axis',(-0.890972831486583,-0.454056619324926,0.));
#8354=DIRECTION('ref_axis',(0.454056619324926,-0.890972831486583,0.));
#8355=DIRECTION('center_axis',(0.809104223550307,-0.587665172894442,0.));
#8356=DIRECTION('ref_axis',(-0.415542028820808,-0.572123083159109,0.707106781186549));
#8357=DIRECTION('',(-0.809104223550307,0.587665172894442,0.));
#8358=DIRECTION('',(0.809104223550307,-0.587665172894442,0.));
#8359=DIRECTION('center_axis',(0.79412776843589,0.607750843190722,0.));
#8360=DIRECTION('ref_axis',(0.42974474249202,-0.561533130189556,0.707106781186538));
#8361=DIRECTION('',(-0.79412776843589,-0.607750843190722,0.));
#8362=DIRECTION('',(0.79412776843589,0.607750843190722,0.));
#8363=DIRECTION('center_axis',(-0.896591000175309,0.442859547040186,0.));
#8364=DIRECTION('ref_axis',(-0.442859547040186,-0.896591000175309,0.));
#8365=DIRECTION('center_axis',(0.,-1.,0.));
#8366=DIRECTION('ref_axis',(-0.707106781186552,0.,0.707106781186543));
#8367=DIRECTION('',(0.,1.,0.));
#8368=DIRECTION('',(0.,-1.,0.));
#8369=DIRECTION('center_axis',(-0.241051948398,0.970512214335053,0.));
#8370=DIRECTION('ref_axis',(0.970512214335053,0.241051948398,0.));
#8371=DIRECTION('center_axis',(0.467887720419029,-0.883787916347064,0.));
#8372=DIRECTION('ref_axis',(-0.624932428779759,-0.330846579942187,0.70710678118654));
#8373=DIRECTION('',(-0.467887720419028,0.883787916347064,0.));
#8374=DIRECTION('',(0.467887720419028,-0.883787916347064,0.));
#8375=DIRECTION('center_axis',(-0.241051948398,0.970512214335053,0.));
#8376=DIRECTION('ref_axis',(-0.970512214335053,-0.241051948398,0.));
#8377=DIRECTION('center_axis',(0.,-1.,0.));
#8378=DIRECTION('ref_axis',(-0.707106781186552,0.,0.707106781186543));
#8379=DIRECTION('',(0.,1.,0.));
#8380=DIRECTION('',(0.,-1.,0.));
#8381=DIRECTION('center_axis',(0.772127439299613,-0.635467715529769,0.));
#8382=DIRECTION('ref_axis',(0.635467715529769,0.772127439299612,0.));
#8383=DIRECTION('',(0.,0.,1.));
#8384=DIRECTION('',(0.635467715529769,0.772127439299612,0.));
#8385=DIRECTION('',(0.,0.,1.));
#8386=DIRECTION('center_axis',(1.,0.,0.));
#8387=DIRECTION('ref_axis',(0.,1.,0.));
#8388=DIRECTION('',(0.,0.,1.));
#8389=DIRECTION('',(0.,1.,0.));
#8390=DIRECTION('center_axis',(0.883787916347064,0.467887720419029,0.));
#8391=DIRECTION('ref_axis',(-0.467887720419028,0.883787916347064,0.));
#8392=DIRECTION('',(0.,0.,1.));
#8393=DIRECTION('',(-0.467887720419028,0.883787916347064,0.));
#8394=DIRECTION('center_axis',(1.,0.,0.));
#8395=DIRECTION('ref_axis',(0.,1.,0.));
#8396=DIRECTION('',(0.,0.,1.));
#8397=DIRECTION('',(0.,1.,0.));
#8398=DIRECTION('center_axis',(-0.607750843190722,0.79412776843589,0.));
#8399=DIRECTION('ref_axis',(-0.79412776843589,-0.607750843190722,0.));
#8400=DIRECTION('',(0.,0.,1.));
#8401=DIRECTION('',(-0.79412776843589,-0.607750843190722,0.));
#8402=DIRECTION('center_axis',(0.,1.,0.));
#8403=DIRECTION('ref_axis',(-1.,0.,0.));
#8404=DIRECTION('',(0.,0.,1.));
#8405=DIRECTION('',(-1.,0.,0.));
#8406=DIRECTION('center_axis',(0.,0.,1.));
#8407=DIRECTION('ref_axis',(-1.,0.,0.));
#8408=DIRECTION('',(1.,0.,0.));
#8409=DIRECTION('',(0.999999874658051,-0.000500683414536488,0.));
#8410=DIRECTION('',(0.999863800520421,0.0165039513105022,0.));
#8411=DIRECTION('center_axis',(0.,0.,-1.));
#8412=DIRECTION('ref_axis',(-0.706929139320888,0.707284378435597,0.));
#8413=DIRECTION('',(0.0170146446145133,0.999855240456658,0.));
#8414=DIRECTION('',(0.,1.,0.));
#8415=DIRECTION('',(-0.0178326823272723,0.999840985077635,0.));
#8416=DIRECTION('center_axis',(0.,0.,-1.));
#8417=DIRECTION('ref_axis',(-0.707106781232816,-0.707106781140279,0.));
#8418=DIRECTION('',(-0.999840985065901,0.0178326829851312,0.));
#8419=DIRECTION('',(-1.,0.,0.));
#8420=DIRECTION('',(-0.999840985077634,-0.0178326823273219,0.));
#8421=DIRECTION('center_axis',(0.,0.,-1.));
#8422=DIRECTION('ref_axis',(0.70710678093051,-0.707106781442585,0.));
#8423=DIRECTION('',(-0.0178326824078252,-0.999840985076198,0.));
#8424=DIRECTION('',(0.,-1.,0.));
#8425=DIRECTION('',(0.017832682327375,-0.999840985077633,0.));
#8426=DIRECTION('center_axis',(0.,0.,-1.));
#8427=DIRECTION('ref_axis',(0.707106781195892,0.707106781177203,0.));
#8428=DIRECTION('',(0.999840985078244,-0.0178326822930782,0.));
#8429=DIRECTION('',(1.,0.,0.));
#8430=DIRECTION('',(0.,-1.,0.));
#8431=DIRECTION('',(-1.,0.,0.));
#8432=DIRECTION('',(0.,1.,0.));
#8433=DIRECTION('',(0.,-1.,0.));
#8434=DIRECTION('',(-1.,0.,0.));
#8435=DIRECTION('',(0.,1.,0.));
#8436=DIRECTION('',(1.,0.,0.));
#8437=DIRECTION('center_axis',(0.,-1.,0.));
#8438=DIRECTION('ref_axis',(-0.707106781186552,0.,0.707106781186543));
#8439=DIRECTION('center_axis',(0.707106781186548,-0.707106781186548,0.));
#8440=DIRECTION('ref_axis',(0.707106781186547,0.707106781186547,0.));
#8441=DIRECTION('',(0.,-1.,0.));
#8442=DIRECTION('center_axis',(0.707106781186548,0.707106781186548,0.));
#8443=DIRECTION('ref_axis',(-0.707106781186547,0.707106781186547,0.));
#8444=DIRECTION('center_axis',(0.,1.,0.));
#8445=DIRECTION('ref_axis',(0.707106781186552,0.,0.707106781186543));
#8446=DIRECTION('',(0.,1.,0.));
#8447=DIRECTION('center_axis',(-0.707106781186548,-0.707106781186548,0.));
#8448=DIRECTION('ref_axis',(0.707106781186547,-0.707106781186547,0.));
#8449=DIRECTION('center_axis',(0.707106781186548,-0.707106781186548,0.));
#8450=DIRECTION('ref_axis',(0.707106781186547,0.707106781186547,0.));
#8451=DIRECTION('center_axis',(1.,0.,0.));
#8452=DIRECTION('ref_axis',(0.,-0.707106781186552,0.707106781186543));
#8453=DIRECTION('',(1.,0.,0.));
#8454=DIRECTION('center_axis',(-1.,0.,0.));
#8455=DIRECTION('ref_axis',(0.,0.707106781186552,0.707106781186543));
#8456=DIRECTION('',(-1.,0.,0.));
#8457=DIRECTION('center_axis',(0.,1.,0.));
#8458=DIRECTION('ref_axis',(-1.,0.,0.));
#8459=DIRECTION('',(0.,0.,1.));
#8460=DIRECTION('',(-1.,0.,0.));
#8461=DIRECTION('',(0.,0.,1.));
#8462=DIRECTION('center_axis',(-1.,0.,0.));
#8463=DIRECTION('ref_axis',(0.,-1.,0.));
#8464=DIRECTION('',(0.,0.,1.));
#8465=DIRECTION('',(0.,-1.,0.));
#8466=DIRECTION('center_axis',(0.,-1.,0.));
#8467=DIRECTION('ref_axis',(1.,0.,0.));
#8468=DIRECTION('',(0.,0.,1.));
#8469=DIRECTION('',(1.,0.,0.));
#8470=DIRECTION('center_axis',(1.,0.,0.));
#8471=DIRECTION('ref_axis',(0.,1.,0.));
#8472=DIRECTION('',(0.,1.,0.));
#8473=DIRECTION('center_axis',(0.,-1.,0.));
#8474=DIRECTION('ref_axis',(1.,0.,0.));
#8475=DIRECTION('',(1.,0.,0.));
#8476=DIRECTION('',(0.,0.,1.));
#8477=DIRECTION('center_axis',(-0.748870055165722,-0.662716862978519,0.));
#8478=DIRECTION('ref_axis',(0.662716862978519,-0.748870055165722,0.));
#8479=DIRECTION('',(0.662716862978519,-0.748870055165722,0.));
#8480=DIRECTION('',(0.,0.,1.));
#8481=DIRECTION('center_axis',(-1.,0.,0.));
#8482=DIRECTION('ref_axis',(0.,-1.,0.));
#8483=DIRECTION('',(0.,-1.,0.));
#8484=DIRECTION('',(0.,0.,1.));
#8485=DIRECTION('center_axis',(-0.922099637866827,0.386952526604836,0.));
#8486=DIRECTION('ref_axis',(-0.386952526604836,-0.922099637866827,0.));
#8487=DIRECTION('',(-0.386952526604836,-0.922099637866827,0.));
#8488=DIRECTION('',(0.,0.,1.));
#8489=DIRECTION('center_axis',(-1.,0.,0.));
#8490=DIRECTION('ref_axis',(0.,-1.,0.));
#8491=DIRECTION('',(0.,-1.,0.));
#8492=DIRECTION('',(0.,0.,1.));
#8493=DIRECTION('center_axis',(0.587665172894442,0.809104223550307,0.));
#8494=DIRECTION('ref_axis',(-0.809104223550307,0.587665172894442,0.));
#8495=DIRECTION('',(-0.809104223550307,0.587665172894442,0.));
#8496=DIRECTION('center_axis',(0.,0.,1.));
#8497=DIRECTION('ref_axis',(-1.,0.,0.));
#8498=DIRECTION('',(0.,1.,0.));
#8499=DIRECTION('',(-1.,0.,0.));
#8500=DIRECTION('',(0.,-1.,0.));
#8501=DIRECTION('',(-1.,0.,0.));
#8502=DIRECTION('',(-0.999840985078244,0.017832682293107,0.));
#8503=DIRECTION('center_axis',(0.,0.,1.));
#8504=DIRECTION('ref_axis',(0.997452136243499,0.0713388807262973,0.));
#8505=DIRECTION('',(-0.0178326823275754,0.999840985077629,0.));
#8506=DIRECTION('',(0.,1.,0.));
#8507=DIRECTION('',(0.0178326824077173,0.9998409850762,0.));
#8508=DIRECTION('center_axis',(0.,0.,1.));
#8509=DIRECTION('ref_axis',(0.0713388807280582,-0.997452136243373,0.));
#8510=DIRECTION('',(0.999840985077631,0.0178326823274533,0.));
#8511=DIRECTION('',(1.,0.,0.));
#8512=DIRECTION('',(0.999840985065899,-0.0178326829852453,0.));
#8513=DIRECTION('center_axis',(0.,0.,1.));
#8514=DIRECTION('ref_axis',(-0.997452136239921,-0.0713388807763215,0.));
#8515=DIRECTION('',(0.017832682327329,-0.999840985077634,0.));
#8516=DIRECTION('',(0.,-1.,0.));
#8517=DIRECTION('',(-0.017014644614616,-0.999855240456657,0.));
#8518=DIRECTION('center_axis',(0.,0.,1.));
#8519=DIRECTION('ref_axis',(-0.0708638103407438,0.997486000094232,0.));
#8520=DIRECTION('',(-0.999863800520429,-0.0165039513100412,0.));
#8521=DIRECTION('',(-0.999999874658047,0.000500683422596697,0.));
#8522=DIRECTION('',(-1.,0.,0.));
#8523=DIRECTION('center_axis',(0.,1.,0.));
#8524=DIRECTION('ref_axis',(-1.,0.,0.));
#8525=DIRECTION('',(-1.,0.,0.));
#8526=DIRECTION('',(0.,0.,1.));
#8527=DIRECTION('',(0.,0.,1.));
#8528=DIRECTION('center_axis',(0.017832682293107,0.999840985078244,0.));
#8529=DIRECTION('ref_axis',(-0.999840985078244,0.017832682293107,0.));
#8530=DIRECTION('',(-0.999840985078244,0.017832682293107,0.));
#8531=DIRECTION('',(0.,0.,1.));
#8532=DIRECTION('center_axis',(0.,0.,1.));
#8533=DIRECTION('ref_axis',(0.997452136243499,0.0713388807262973,0.));
#8534=DIRECTION('center_axis',(0.,0.,1.));
#8535=DIRECTION('ref_axis',(0.997452136243499,0.0713388807262973,0.));
#8536=DIRECTION('',(0.,0.,1.));
#8537=DIRECTION('center_axis',(0.999840985077629,0.0178326823275754,0.));
#8538=DIRECTION('ref_axis',(-0.0178326823275754,0.999840985077629,0.));
#8539=DIRECTION('',(-0.0178326823275754,0.999840985077629,0.));
#8540=DIRECTION('',(0.,0.,1.));
#8541=DIRECTION('center_axis',(1.,0.,0.));
#8542=DIRECTION('ref_axis',(0.,1.,0.));
#8543=DIRECTION('',(0.,1.,0.));
#8544=DIRECTION('',(0.,0.,1.));
#8545=DIRECTION('center_axis',(0.9998409850762,-0.0178326824077173,0.));
#8546=DIRECTION('ref_axis',(0.0178326824077173,0.9998409850762,0.));
#8547=DIRECTION('',(0.0178326824077173,0.9998409850762,0.));
#8548=DIRECTION('',(0.,0.,1.));
#8549=DIRECTION('center_axis',(0.,0.,1.));
#8550=DIRECTION('ref_axis',(0.0713388807280582,-0.997452136243373,0.));
#8551=DIRECTION('center_axis',(0.,0.,1.));
#8552=DIRECTION('ref_axis',(0.0713388807280582,-0.997452136243373,0.));
#8553=DIRECTION('',(0.,0.,1.));
#8554=DIRECTION('center_axis',(0.0178326823274533,-0.999840985077631,0.));
#8555=DIRECTION('ref_axis',(0.999840985077631,0.0178326823274533,0.));
#8556=DIRECTION('',(0.999840985077631,0.0178326823274533,0.));
#8557=DIRECTION('',(0.,0.,1.));
#8558=DIRECTION('center_axis',(0.,-1.,0.));
#8559=DIRECTION('ref_axis',(1.,0.,0.));
#8560=DIRECTION('',(1.,0.,0.));
#8561=DIRECTION('',(0.,0.,1.));
#8562=DIRECTION('center_axis',(-0.0178326829852453,-0.999840985065899,0.));
#8563=DIRECTION('ref_axis',(0.999840985065899,-0.0178326829852453,0.));
#8564=DIRECTION('',(0.999840985065899,-0.0178326829852453,0.));
#8565=DIRECTION('',(0.,0.,1.));
#8566=DIRECTION('center_axis',(0.,0.,1.));
#8567=DIRECTION('ref_axis',(-0.997452136239921,-0.0713388807763215,0.));
#8568=DIRECTION('center_axis',(0.,0.,1.));
#8569=DIRECTION('ref_axis',(-0.997452136239921,-0.0713388807763215,0.));
#8570=DIRECTION('',(0.,0.,1.));
#8571=DIRECTION('center_axis',(-0.999840985077634,-0.017832682327329,0.));
#8572=DIRECTION('ref_axis',(0.017832682327329,-0.999840985077634,0.));
#8573=DIRECTION('',(0.017832682327329,-0.999840985077634,0.));
#8574=DIRECTION('',(0.,0.,1.));
#8575=DIRECTION('center_axis',(-1.,0.,0.));
#8576=DIRECTION('ref_axis',(0.,-1.,0.));
#8577=DIRECTION('',(0.,-1.,0.));
#8578=DIRECTION('',(0.,0.,1.));
#8579=DIRECTION('center_axis',(-0.999855240456657,0.017014644614616,0.));
#8580=DIRECTION('ref_axis',(-0.017014644614616,-0.999855240456657,0.));
#8581=DIRECTION('',(-0.017014644614616,-0.999855240456657,0.));
#8582=DIRECTION('',(0.,0.,1.));
#8583=DIRECTION('center_axis',(0.,0.,1.));
#8584=DIRECTION('ref_axis',(-0.0708638103407438,0.997486000094232,0.));
#8585=DIRECTION('center_axis',(0.,0.,1.));
#8586=DIRECTION('ref_axis',(-0.0708638103407438,0.997486000094232,0.));
#8587=DIRECTION('',(0.,0.,1.));
#8588=DIRECTION('center_axis',(-0.0165039513100412,0.999863800520429,0.));
#8589=DIRECTION('ref_axis',(-0.999863800520429,-0.0165039513100412,0.));
#8590=DIRECTION('',(-0.999863800520429,-0.0165039513100412,0.));
#8591=DIRECTION('',(0.,0.,1.));
#8592=DIRECTION('center_axis',(0.000500683422596698,0.999999874658047,0.));
#8593=DIRECTION('ref_axis',(-0.999999874658047,0.000500683422596698,0.));
#8594=DIRECTION('',(-0.999999874658047,0.000500683422596698,0.));
#8595=DIRECTION('',(0.,0.,1.));
#8596=DIRECTION('center_axis',(0.,1.,0.));
#8597=DIRECTION('ref_axis',(-1.,0.,0.));
#8598=DIRECTION('',(-1.,0.,0.));
#8599=DIRECTION('',(0.,0.,-1.));
#8600=DIRECTION('center_axis',(-1.,0.,0.));
#8601=DIRECTION('ref_axis',(0.,-1.,0.));
#8602=DIRECTION('center_axis',(1.,0.,0.));
#8603=DIRECTION('ref_axis',(0.,0.70710678118654,-0.707106781186555));
#8604=DIRECTION('center_axis',(1.,0.,0.));
#8605=DIRECTION('ref_axis',(0.,0.707106781186553,0.707106781186542));
#8606=DIRECTION('',(0.,0.,1.));
#8607=DIRECTION('',(0.,-1.,0.));
#8608=DIRECTION('center_axis',(-1.,0.,0.));
#8609=DIRECTION('ref_axis',(0.,0.70710678118654,-0.707106781186555));
#8610=DIRECTION('center_axis',(-1.,0.,0.));
#8611=DIRECTION('ref_axis',(0.,0.70710678118654,-0.707106781186555));
#8612=DIRECTION('center_axis',(-1.,0.,0.));
#8613=DIRECTION('ref_axis',(0.,0.707106781186553,0.707106781186542));
#8614=DIRECTION('center_axis',(-1.,0.,0.));
#8615=DIRECTION('ref_axis',(0.,0.707106781186553,0.707106781186542));
#8616=DIRECTION('',(-1.,0.,0.));
#8617=DIRECTION('center_axis',(-0.999999874658051,0.000500683414536488,
0.));
#8618=DIRECTION('ref_axis',(0.000354036637656256,0.707106692556414,0.707106781186539));
#8619=DIRECTION('',(-0.999999874658051,0.000500683414536488,0.));
#8620=DIRECTION('center_axis',(-0.0170146446145133,-0.999855240456658,0.));
#8621=DIRECTION('ref_axis',(-0.707004420731816,0.0120311705864009,0.707106781186541));
#8622=DIRECTION('',(-0.0170146446145133,-0.999855240456658,0.));
#8623=DIRECTION('center_axis',(-1.,0.,0.));
#8624=DIRECTION('ref_axis',(0.,0.707106781186553,0.707106781186542));
#8625=DIRECTION('',(-1.,0.,0.));
#8626=DIRECTION('center_axis',(-0.999960245479348,0.00891669562570436,0.));
#8627=DIRECTION('ref_axis',(0.00891669562570436,0.999960245479348,0.));
#8628=DIRECTION('center_axis',(-0.999840985078244,0.0178326822930782,0.));
#8629=DIRECTION('ref_axis',(0.012609610576174,0.706994340657067,0.707106781186545));
#8630=DIRECTION('',(-0.999840985078244,0.0178326822930782,0.));
#8631=DIRECTION('center_axis',(0.,0.,1.));
#8632=DIRECTION('ref_axis',(1.,0.,0.));
#8633=DIRECTION('center_axis',(0.,0.,1.));
#8634=DIRECTION('ref_axis',(0.707106781195892,0.707106781177203,0.));
#8635=DIRECTION('center_axis',(-0.017832682327375,0.999840985077633,0.));
#8636=DIRECTION('ref_axis',(0.706994340656625,0.0126096106004164,0.707106781186555));
#8637=DIRECTION('center_axis',(-0.00891669564165399,0.999960245479206,0.));
#8638=DIRECTION('ref_axis',(0.999960245479206,0.00891669564165399,0.));
#8639=DIRECTION('',(-0.017832682327375,0.999840985077633,0.));
#8640=DIRECTION('center_axis',(0.,1.,0.));
#8641=DIRECTION('ref_axis',(0.707106781186553,0.,0.707106781186542));
#8642=DIRECTION('center_axis',(0.00891669568172382,0.999960245478849,0.));
#8643=DIRECTION('ref_axis',(0.999960245478849,-0.00891669568172382,0.));
#8644=DIRECTION('center_axis',(0.0178326824078252,0.999840985076198,0.));
#8645=DIRECTION('ref_axis',(0.706994340655615,-0.0126096106573165,0.70710678118655));
#8646=DIRECTION('',(0.0178326824078252,0.999840985076198,0.));
#8647=DIRECTION('center_axis',(0.,0.,1.));
#8648=DIRECTION('ref_axis',(1.,0.,0.));
#8649=DIRECTION('center_axis',(0.,0.,1.));
#8650=DIRECTION('ref_axis',(0.70710678093051,-0.707106781442585,0.));
#8651=DIRECTION('center_axis',(0.999840985077634,0.0178326823273219,0.));
#8652=DIRECTION('ref_axis',(0.0126096106003911,-0.706994340656638,0.707106781186543));
#8653=DIRECTION('',(0.999840985077634,0.0178326823273219,0.));
#8654=DIRECTION('center_axis',(0.999960245479195,0.00891669564295073,0.));
#8655=DIRECTION('ref_axis',(0.00891669564295073,-0.999960245479195,0.));
#8656=DIRECTION('center_axis',(1.,0.,0.));
#8657=DIRECTION('ref_axis',(0.,-0.70710678118654,0.707106781186555));
#8658=DIRECTION('',(1.,0.,0.));
#8659=DIRECTION('center_axis',(0.999960245476264,-0.00891669597162636,0.));
#8660=DIRECTION('ref_axis',(-0.00891669597162636,-0.999960245476264,0.));
#8661=DIRECTION('center_axis',(0.999840985065901,-0.0178326829851312,0.));
#8662=DIRECTION('ref_axis',(-0.0126096110655406,-0.706994340648332,0.707106781186552));
#8663=DIRECTION('',(0.999840985065901,-0.0178326829851312,0.));
#8664=DIRECTION('center_axis',(0.,0.,1.));
#8665=DIRECTION('ref_axis',(1.,0.,0.));
#8666=DIRECTION('center_axis',(0.,0.,1.));
#8667=DIRECTION('ref_axis',(-0.707106781232816,-0.707106781140279,0.));
#8668=DIRECTION('center_axis',(0.0178326823272723,-0.999840985077635,0.));
#8669=DIRECTION('ref_axis',(-0.706994340656638,-0.0126096106003408,0.707106781186543));
#8670=DIRECTION('',(0.0178326823272723,-0.999840985077635,0.));
#8671=DIRECTION('center_axis',(0.00891669564261327,-0.999960245479198,0.));
#8672=DIRECTION('ref_axis',(-0.999960245479198,-0.00891669564261327,0.));
#8673=DIRECTION('center_axis',(0.,-1.,0.));
#8674=DIRECTION('ref_axis',(-0.707106781186553,0.,0.707106781186542));
#8675=DIRECTION('center_axis',(0.,0.,1.));
#8676=DIRECTION('ref_axis',(1.,0.,0.));
#8677=DIRECTION('center_axis',(0.,0.,1.));
#8678=DIRECTION('ref_axis',(-0.706929139320888,0.707284378435597,0.));
#8679=DIRECTION('center_axis',(-0.999863800520421,-0.0165039513105022,0.));
#8680=DIRECTION('ref_axis',(-0.01167005588801,0.707010473610952,0.707106781186539));
#8681=DIRECTION('',(-0.999863800520421,-0.0165039513105022,0.));
#8682=DIRECTION('center_axis',(0.,1.,0.));
#8683=DIRECTION('ref_axis',(-1.,0.,0.));
#8684=DIRECTION('',(0.,0.,1.));
#8685=DIRECTION('',(-1.,0.,0.));
#8686=DIRECTION('center_axis',(0.0178326822930782,0.999840985078244,0.));
#8687=DIRECTION('ref_axis',(-0.999840985078244,0.0178326822930782,0.));
#8688=DIRECTION('',(0.,0.,1.));
#8689=DIRECTION('',(-0.999840985078244,0.0178326822930782,0.));
#8690=DIRECTION('center_axis',(0.,0.,1.));
#8691=DIRECTION('ref_axis',(0.99829901753418,0.0583015573573316,0.));
#8692=DIRECTION('',(0.,0.,1.));
#8693=DIRECTION('center_axis',(0.,0.,1.));
#8694=DIRECTION('ref_axis',(0.99829901753418,0.0583015573573316,0.));
#8695=DIRECTION('center_axis',(0.999840985077633,0.017832682327375,0.));
#8696=DIRECTION('ref_axis',(-0.017832682327375,0.999840985077633,0.));
#8697=DIRECTION('',(-0.017832682327375,0.999840985077633,0.));
#8698=DIRECTION('center_axis',(0.999840985076198,-0.0178326824078252,0.));
#8699=DIRECTION('ref_axis',(0.0178326824078252,0.999840985076198,0.));
#8700=DIRECTION('',(0.,0.,1.));
#8701=DIRECTION('',(0.0178326824078252,0.999840985076198,0.));
#8702=DIRECTION('center_axis',(0.,0.,1.));
#8703=DIRECTION('ref_axis',(0.0583015573590505,-0.99829901753408,0.));
#8704=DIRECTION('',(0.,0.,1.));
#8705=DIRECTION('center_axis',(0.,0.,1.));
#8706=DIRECTION('ref_axis',(0.0583015573590505,-0.99829901753408,0.));
#8707=DIRECTION('center_axis',(0.0178326823273219,-0.999840985077634,0.));
#8708=DIRECTION('ref_axis',(0.999840985077634,0.0178326823273219,0.));
#8709=DIRECTION('',(0.,0.,1.));
#8710=DIRECTION('',(0.999840985077634,0.0178326823273219,0.));
#8711=DIRECTION('center_axis',(0.,-1.,0.));
#8712=DIRECTION('ref_axis',(1.,0.,0.));
#8713=DIRECTION('',(0.,0.,1.));
#8714=DIRECTION('',(1.,0.,0.));
#8715=DIRECTION('center_axis',(-0.0178326829851312,-0.999840985065901,0.));
#8716=DIRECTION('ref_axis',(0.999840985065901,-0.0178326829851312,0.));
#8717=DIRECTION('',(0.,0.,1.));
#8718=DIRECTION('',(0.999840985065901,-0.0178326829851312,0.));
#8719=DIRECTION('center_axis',(0.,0.,1.));
#8720=DIRECTION('ref_axis',(-0.99829901753197,-0.0583015573951777,0.));
#8721=DIRECTION('',(0.,0.,1.));
#8722=DIRECTION('center_axis',(0.,0.,1.));
#8723=DIRECTION('ref_axis',(-0.99829901753197,-0.0583015573951777,0.));
#8724=DIRECTION('center_axis',(-0.999840985077635,-0.0178326823272723,0.));
#8725=DIRECTION('ref_axis',(0.0178326823272723,-0.999840985077635,0.));
#8726=DIRECTION('',(0.0178326823272723,-0.999840985077635,0.));
#8727=DIRECTION('center_axis',(-0.999855240456658,0.0170146446145133,0.));
#8728=DIRECTION('ref_axis',(-0.0170146446145133,-0.999855240456658,0.));
#8729=DIRECTION('',(0.,0.,1.));
#8730=DIRECTION('',(-0.0170146446145133,-0.999855240456658,0.));
#8731=DIRECTION('center_axis',(0.,0.,1.));
#8732=DIRECTION('ref_axis',(-0.0576189404125512,0.998338648808978,0.));
#8733=DIRECTION('',(0.,0.,1.));
#8734=DIRECTION('center_axis',(0.,0.,1.));
#8735=DIRECTION('ref_axis',(-0.0576189404125512,0.998338648808978,0.));
#8736=DIRECTION('center_axis',(-0.0165039513105022,0.999863800520421,0.));
#8737=DIRECTION('ref_axis',(-0.999863800520421,-0.0165039513105022,0.));
#8738=DIRECTION('',(0.,0.,1.));
#8739=DIRECTION('',(-0.999863800520421,-0.0165039513105022,0.));
#8740=DIRECTION('center_axis',(0.000500683414536488,0.999999874658051,0.));
#8741=DIRECTION('ref_axis',(-0.999999874658051,0.000500683414536488,0.));
#8742=DIRECTION('',(0.,0.,1.));
#8743=DIRECTION('',(-0.999999874658051,0.000500683414536488,0.));
#8744=DIRECTION('center_axis',(0.,1.,0.));
#8745=DIRECTION('ref_axis',(-1.,0.,0.));
#8746=DIRECTION('',(0.,0.,1.));
#8747=DIRECTION('',(-1.,0.,0.));
#8748=DIRECTION('center_axis',(1.,0.,0.));
#8749=DIRECTION('ref_axis',(0.,1.,0.));
#8750=DIRECTION('',(0.,1.,0.));
#8751=DIRECTION('center_axis',(0.,0.,1.));
#8752=DIRECTION('ref_axis',(-1.,0.,0.));
#8753=DIRECTION('',(0.,0.,1.));
#8754=DIRECTION('',(1.,0.,0.));
#8755=CARTESIAN_POINT('',(0.,0.,0.));
#8756=CARTESIAN_POINT('',(0.,0.,0.));
#8757=CARTESIAN_POINT('Origin',(139.906999999991,-92.9295,5.56));
#8758=CARTESIAN_POINT('',(139.906999999991,-92.6795,0.56));
#8759=CARTESIAN_POINT('',(139.656999999991,-92.9295,0.56));
#8760=CARTESIAN_POINT('Origin',(139.906999999991,-92.9295,0.56));
#8761=CARTESIAN_POINT('',(139.656999999991,-92.9295,-0.44));
#8762=CARTESIAN_POINT('',(139.656999999991,-92.9295,5.56));
#8763=CARTESIAN_POINT('',(139.906999999991,-92.6795,-0.44));
#8764=CARTESIAN_POINT('Origin',(139.906999999991,-92.9295,-0.44));
#8765=CARTESIAN_POINT('',(139.906999999991,-92.6795,5.56));
#8766=CARTESIAN_POINT('Origin',(139.656999999991,-113.4495,5.56));
#8767=CARTESIAN_POINT('',(139.657,-113.4495,0.56));
#8768=CARTESIAN_POINT('',(139.656999999991,-110.06500101649,0.56));
#8769=CARTESIAN_POINT('',(139.657,-113.4495,-0.44));
#8770=CARTESIAN_POINT('',(139.657,-113.4495,5.56));
#8771=CARTESIAN_POINT('',(139.656999999991,-110.06499998351,-0.44));
#8772=CARTESIAN_POINT('Origin',(142.287,-92.9295,5.56));
#8773=CARTESIAN_POINT('',(142.537,-92.9295,0.56));
#8774=CARTESIAN_POINT('',(142.287,-92.6795,0.56));
#8775=CARTESIAN_POINT('Origin',(142.287,-92.9295,0.56));
#8776=CARTESIAN_POINT('',(142.287,-92.6795,-0.44));
#8777=CARTESIAN_POINT('',(142.287,-92.6795,5.56));
#8778=CARTESIAN_POINT('',(142.537,-92.9295,-0.44));
#8779=CARTESIAN_POINT('Origin',(142.287,-92.9295,-0.44));
#8780=CARTESIAN_POINT('',(142.537,-92.9295,5.56));
#8781=CARTESIAN_POINT('Origin',(139.656999999991,-92.6795,5.56));
#8782=CARTESIAN_POINT('',(144.466399999996,-92.6795,-0.44));
#8783=CARTESIAN_POINT('',(144.466399999996,-92.6795,0.56));
#8784=CARTESIAN_POINT('Origin',(158.67,-92.96,5.56));
#8785=CARTESIAN_POINT('',(158.92,-92.96,0.56));
#8786=CARTESIAN_POINT('',(158.67,-92.71,0.56));
#8787=CARTESIAN_POINT('Origin',(158.67,-92.96,0.56));
#8788=CARTESIAN_POINT('',(158.67,-92.71,-0.44));
#8789=CARTESIAN_POINT('',(158.67,-92.71,5.56));
#8790=CARTESIAN_POINT('',(158.92,-92.96,-0.44));
#8791=CARTESIAN_POINT('Origin',(158.67,-92.96,-0.44));
#8792=CARTESIAN_POINT('',(158.92,-92.96,5.56));
#8793=CARTESIAN_POINT('Origin',(156.039999999991,-92.71,5.56));
#8794=CARTESIAN_POINT('',(156.289999999991,-92.71,0.56));
#8795=CARTESIAN_POINT('',(152.657899999996,-92.71,0.56));
#8796=CARTESIAN_POINT('',(156.289999999991,-92.71,-0.44));
#8797=CARTESIAN_POINT('',(156.289999999991,-92.71,5.56));
#8798=CARTESIAN_POINT('',(152.657899999996,-92.71,-0.44));
#8799=CARTESIAN_POINT('Origin',(156.289999999991,-92.96,5.56));
#8800=CARTESIAN_POINT('',(156.039999999991,-92.96,0.56));
#8801=CARTESIAN_POINT('Origin',(156.289999999991,-92.96,0.56));
#8802=CARTESIAN_POINT('',(156.039999999991,-92.96,-0.44));
#8803=CARTESIAN_POINT('',(156.039999999991,-92.96,5.56));
#8804=CARTESIAN_POINT('Origin',(156.289999999991,-92.96,-0.44));
#8805=CARTESIAN_POINT('Origin',(156.039999999991,-113.48,5.56));
#8806=CARTESIAN_POINT('',(156.04,-113.48,0.56));
#8807=CARTESIAN_POINT('',(156.039999999991,-110.08025101649,0.56));
#8808=CARTESIAN_POINT('',(156.04,-113.48,-0.44));
#8809=CARTESIAN_POINT('',(156.04,-113.48,5.56));
#8810=CARTESIAN_POINT('',(156.039999999991,-110.08024998351,-0.44));
#8811=CARTESIAN_POINT('Origin',(158.92,-92.71,5.56));
#8812=CARTESIAN_POINT('',(158.919999999999,-113.48,-0.44));
#8813=CARTESIAN_POINT('',(158.92,-99.6952499835106,-0.44));
#8814=CARTESIAN_POINT('',(158.919999999999,-113.48,0.56));
#8815=CARTESIAN_POINT('',(158.919999999999,-113.48,5.56));
#8816=CARTESIAN_POINT('',(158.92,-99.69525101649,0.56));
#8817=CARTESIAN_POINT('Origin',(156.09999932015,-113.4800006798,5.56));
#8818=CARTESIAN_POINT('',(156.1,-113.539999999959,-0.44));
#8819=CARTESIAN_POINT('Origin',(156.09999932015,-113.4800006798,-0.44));
#8820=CARTESIAN_POINT('',(156.1,-113.539999999959,0.56));
#8821=CARTESIAN_POINT('Origin',(156.09999932015,-113.4800006798,0.56));
#8822=CARTESIAN_POINT('',(156.1,-113.539999999959,5.56));
#8823=CARTESIAN_POINT('Origin',(158.86,-113.54,5.56));
#8824=CARTESIAN_POINT('',(158.86,-113.54,-0.44));
#8825=CARTESIAN_POINT('',(154.067899999949,-113.539999999929,-0.44));
#8826=CARTESIAN_POINT('',(158.86,-113.54,0.56));
#8827=CARTESIAN_POINT('',(154.067899999949,-113.539999999929,0.56));
#8828=CARTESIAN_POINT('',(158.86,-113.54,5.56));
#8829=CARTESIAN_POINT('Origin',(158.86000067984,-113.4800006798,5.56));
#8830=CARTESIAN_POINT('Origin',(158.86000067984,-113.4800006798,-0.44));
#8831=CARTESIAN_POINT('Origin',(158.86000067984,-113.4800006798,0.56));
#8832=CARTESIAN_POINT('Origin',(142.537,-92.6795,5.56));
#8833=CARTESIAN_POINT('',(142.536999999999,-113.4495,-0.44));
#8834=CARTESIAN_POINT('',(142.537,-99.6799999835101,-0.44));
#8835=CARTESIAN_POINT('',(142.536999999999,-113.4495,0.56));
#8836=CARTESIAN_POINT('',(142.536999999999,-113.4495,5.56));
#8837=CARTESIAN_POINT('',(142.537,-99.6800010164895,0.56));
#8838=CARTESIAN_POINT('Origin',(139.71699932015,-113.4495006798,5.56));
#8839=CARTESIAN_POINT('',(139.717,-113.509499999959,-0.44));
#8840=CARTESIAN_POINT('Origin',(139.71699932015,-113.4495006798,-0.44));
#8841=CARTESIAN_POINT('',(139.717,-113.509499999959,0.56));
#8842=CARTESIAN_POINT('Origin',(139.71699932015,-113.4495006798,0.56));
#8843=CARTESIAN_POINT('',(139.717,-113.509499999959,5.56));
#8844=CARTESIAN_POINT('Origin',(142.477,-113.5095,5.56));
#8845=CARTESIAN_POINT('',(142.477,-113.5095,-0.44));
#8846=CARTESIAN_POINT('',(145.876399999949,-113.509500000051,-0.44));
#8847=CARTESIAN_POINT('',(142.477,-113.5095,0.56));
#8848=CARTESIAN_POINT('',(145.876399999949,-113.509500000051,0.56));
#8849=CARTESIAN_POINT('',(142.477,-113.5095,5.56));
#8850=CARTESIAN_POINT('Origin',(142.47700067984,-113.4495006798,5.56));
#8851=CARTESIAN_POINT('Origin',(142.47700067984,-113.4495006798,-0.44));
#8852=CARTESIAN_POINT('Origin',(142.47700067984,-113.4495006798,0.56));
#8853=CARTESIAN_POINT('Ctrl Pts',(161.3676,-99.6810400928358,1.31000000000001));
#8854=CARTESIAN_POINT('Ctrl Pts',(161.6176,-99.6810400928358,1.31000000000001));
#8855=CARTESIAN_POINT('Ctrl Pts',(161.6176,-99.6810400928358,1.56));
#8856=CARTESIAN_POINT('Ctrl Pts',(161.3676,-99.6810400928358,0.560000000000001));
#8857=CARTESIAN_POINT('Ctrl Pts',(162.3676,-99.6810400928358,0.560000000000001));
#8858=CARTESIAN_POINT('Ctrl Pts',(162.3676,-99.6810400928358,1.56));
#8859=CARTESIAN_POINT('Ctrl Pts',(161.3676,-100.431040092836,0.560000000000001));
#8860=CARTESIAN_POINT('Ctrl Pts',(162.3676,-100.431040092836,0.560000000000001));
#8861=CARTESIAN_POINT('Ctrl Pts',(162.3676,-100.431040092836,1.56));
#8862=CARTESIAN_POINT('',(161.3676,-99.6810400928358,1.31));
#8863=CARTESIAN_POINT('',(161.3676,-100.431040092836,0.56));
#8864=CARTESIAN_POINT('Origin',(161.3676,-100.431040092836,1.31));
#8865=CARTESIAN_POINT('',(161.6176,-99.6810400928358,1.56));
#8866=CARTESIAN_POINT('Origin',(161.3676,-99.6810400928358,1.56));
#8867=CARTESIAN_POINT('',(162.3676,-100.431040092836,1.56));
#8868=CARTESIAN_POINT('Origin',(161.6176,-100.431040092836,1.56));
#8869=CARTESIAN_POINT('Origin',(161.3676,-100.431040092836,1.56));
#8870=CARTESIAN_POINT('Origin',(161.6176,-100.431040092836,1.31));
#8871=CARTESIAN_POINT('',(161.6176,-99.6810400928358,2.56));
#8872=CARTESIAN_POINT('',(162.3676,-100.431040092836,2.56));
#8873=CARTESIAN_POINT('Origin',(161.6176,-100.431040092836,2.56));
#8874=CARTESIAN_POINT('',(162.3676,-100.431040092836,1.31));
#8875=CARTESIAN_POINT('',(161.6176,-99.6810400928358,1.31));
#8876=CARTESIAN_POINT('Ctrl Pts',(161.6176,-99.6810400928358,2.56));
#8877=CARTESIAN_POINT('Ctrl Pts',(161.6176,-99.6810400928358,2.80999999999999));
#8878=CARTESIAN_POINT('Ctrl Pts',(161.3676,-99.6810400928358,2.80999999999999));
#8879=CARTESIAN_POINT('Ctrl Pts',(162.3676,-99.6810400928358,2.56));
#8880=CARTESIAN_POINT('Ctrl Pts',(162.3676,-99.6810400928358,3.56));
#8881=CARTESIAN_POINT('Ctrl Pts',(161.3676,-99.6810400928358,3.56));
#8882=CARTESIAN_POINT('Ctrl Pts',(162.3676,-100.431040092836,2.56));
#8883=CARTESIAN_POINT('Ctrl Pts',(162.3676,-100.431040092836,3.56));
#8884=CARTESIAN_POINT('Ctrl Pts',(161.3676,-100.431040092836,3.56));
#8885=CARTESIAN_POINT('',(161.3676,-100.431040092836,3.56));
#8886=CARTESIAN_POINT('',(161.3676,-99.6810400928358,2.81));
#8887=CARTESIAN_POINT('Origin',(161.3676,-100.431040092836,2.81));
#8888=CARTESIAN_POINT('Origin',(161.3676,-100.431040092836,2.56));
#8889=CARTESIAN_POINT('Origin',(161.3676,-99.6810400928358,2.56));
#8890=CARTESIAN_POINT('Origin',(161.3676,-99.6810400928358,0.56));
#8891=CARTESIAN_POINT('',(161.3676,-99.6810400928358,1.06));
#8892=CARTESIAN_POINT('Ctrl Pts',(161.3676,-113.681040092836,2.80999999999999));
#8893=CARTESIAN_POINT('Ctrl Pts',(161.6176,-113.681040092836,2.80999999999999));
#8894=CARTESIAN_POINT('Ctrl Pts',(161.6176,-113.681040092836,2.56));
#8895=CARTESIAN_POINT('Ctrl Pts',(161.3676,-113.681040092836,3.56));
#8896=CARTESIAN_POINT('Ctrl Pts',(162.3676,-113.681040092836,3.56));
#8897=CARTESIAN_POINT('Ctrl Pts',(162.3676,-113.681040092836,2.56));
#8898=CARTESIAN_POINT('Ctrl Pts',(161.3676,-112.931040092836,3.56));
#8899=CARTESIAN_POINT('Ctrl Pts',(162.3676,-112.931040092836,3.56));
#8900=CARTESIAN_POINT('Ctrl Pts',(162.3676,-112.931040092836,2.56));
#8901=CARTESIAN_POINT('',(161.3676,-112.931040092836,3.56));
#8902=CARTESIAN_POINT('',(161.3676,-113.681040092836,2.81));
#8903=CARTESIAN_POINT('Origin',(161.3676,-112.931040092836,2.81));
#8904=CARTESIAN_POINT('',(161.6176,-113.681040092836,2.56));
#8905=CARTESIAN_POINT('Origin',(161.3676,-113.681040092836,2.56));
#8906=CARTESIAN_POINT('',(162.3676,-112.931040092836,2.56));
#8907=CARTESIAN_POINT('Origin',(161.6176,-112.931040092836,2.56));
#8908=CARTESIAN_POINT('Origin',(161.3676,-112.931040092836,2.56));
#8909=CARTESIAN_POINT('Origin',(161.6176,-112.931040092836,2.81));
#8910=CARTESIAN_POINT('',(161.6176,-113.681040092836,1.56));
#8911=CARTESIAN_POINT('',(162.3676,-112.931040092836,1.56));
#8912=CARTESIAN_POINT('Origin',(161.6176,-112.931040092836,1.56));
#8913=CARTESIAN_POINT('',(162.3676,-112.931040092836,2.81));
#8914=CARTESIAN_POINT('',(161.6176,-113.681040092836,2.81));
#8915=CARTESIAN_POINT('Ctrl Pts',(161.6176,-113.681040092836,1.56));
#8916=CARTESIAN_POINT('Ctrl Pts',(161.6176,-113.681040092836,1.31000000000001));
#8917=CARTESIAN_POINT('Ctrl Pts',(161.3676,-113.681040092836,1.31000000000001));
#8918=CARTESIAN_POINT('Ctrl Pts',(162.3676,-113.681040092836,1.56));
#8919=CARTESIAN_POINT('Ctrl Pts',(162.3676,-113.681040092836,0.560000000000001));
#8920=CARTESIAN_POINT('Ctrl Pts',(161.3676,-113.681040092836,0.56));
#8921=CARTESIAN_POINT('Ctrl Pts',(162.3676,-112.931040092836,1.56));
#8922=CARTESIAN_POINT('Ctrl Pts',(162.3676,-112.931040092836,0.560000000000001));
#8923=CARTESIAN_POINT('Ctrl Pts',(161.3676,-112.931040092836,0.56));
#8924=CARTESIAN_POINT('',(161.3676,-113.681040092836,1.31));
#8925=CARTESIAN_POINT('',(161.3676,-112.931040092836,0.56));
#8926=CARTESIAN_POINT('Origin',(161.3676,-112.931040092836,1.31));
#8927=CARTESIAN_POINT('Origin',(161.3676,-112.931040092836,1.56));
#8928=CARTESIAN_POINT('Origin',(161.3676,-113.681040092836,1.56));
#8929=CARTESIAN_POINT('Origin',(161.3676,-113.681040092836,3.56));
#8930=CARTESIAN_POINT('',(161.3676,-113.681040092836,2.56));
#8931=CARTESIAN_POINT('Origin',(161.3676,-101.181040092836,1.56));
#8932=CARTESIAN_POINT('',(162.3676,-101.681040092836,1.56));
#8933=CARTESIAN_POINT('',(162.3676,-101.181040092836,1.56));
#8934=CARTESIAN_POINT('',(161.3676,-101.681040092836,0.56));
#8935=CARTESIAN_POINT('Origin',(161.3676,-101.681040092836,1.56));
#8936=CARTESIAN_POINT('',(161.3676,-100.207562195909,0.56));
#8937=CARTESIAN_POINT('Origin',(161.3676,-101.681040092836,3.56));
#8938=CARTESIAN_POINT('',(162.3676,-101.681040092836,2.56));
#8939=CARTESIAN_POINT('',(162.3676,-101.681040092836,0.56));
#8940=CARTESIAN_POINT('',(161.3676,-101.681040092836,3.56));
#8941=CARTESIAN_POINT('Origin',(161.3676,-101.681040092836,2.56));
#8942=CARTESIAN_POINT('',(161.3676,-101.681040092836,2.56));
#8943=CARTESIAN_POINT('Origin',(162.3676,-100.681040092836,2.06));
#8944=CARTESIAN_POINT('',(162.3676,-103.680768996949,2.56));
#8945=CARTESIAN_POINT('Origin',(161.3676,-113.181040092836,1.56));
#8946=CARTESIAN_POINT('',(161.3676,-111.681040092836,0.56));
#8947=CARTESIAN_POINT('',(161.3676,-100.207562195909,0.56));
#8948=CARTESIAN_POINT('',(162.3676,-111.681040092836,1.56));
#8949=CARTESIAN_POINT('Origin',(161.3676,-111.681040092836,1.56));
#8950=CARTESIAN_POINT('',(162.3676,-113.181040092836,1.56));
#8951=CARTESIAN_POINT('Origin',(162.3676,-112.681040092836,2.06));
#8952=CARTESIAN_POINT('',(162.3676,-111.681040092836,2.56));
#8953=CARTESIAN_POINT('',(162.3676,-111.681040092836,3.56));
#8954=CARTESIAN_POINT('',(162.3676,-109.680768996949,2.56));
#8955=CARTESIAN_POINT('Origin',(161.3676,-103.680768996949,2.56));
#8956=CARTESIAN_POINT('',(161.3676,-103.680768996949,3.56));
#8957=CARTESIAN_POINT('Origin',(161.3676,-109.680768996949,2.56));
#8958=CARTESIAN_POINT('',(161.3676,-111.681040092836,3.56));
#8959=CARTESIAN_POINT('Origin',(161.3676,-111.681040092836,2.56));
#8960=CARTESIAN_POINT('',(161.3676,-109.680768996949,3.56));
#8961=CARTESIAN_POINT('Origin',(161.3676,-93.734624424797,1.56));
#8962=CARTESIAN_POINT('',(161.3676,-93.734624424797,0.56));
#8963=CARTESIAN_POINT('',(161.3676,-100.207562195909,0.56));
#8964=CARTESIAN_POINT('',(161.3676,-93.734624424797,3.56));
#8965=CARTESIAN_POINT('',(161.3676,-93.734624424797,1.56));
#8966=CARTESIAN_POINT('',(161.3676,-119.628575575263,3.56));
#8967=CARTESIAN_POINT('Origin',(161.3676,-93.734624424797,1.56));
#8968=CARTESIAN_POINT('',(161.3676,-119.628575575263,3.56));
#8969=CARTESIAN_POINT('',(161.3676,-111.681040092836,1.06));
#8970=CARTESIAN_POINT('',(161.3676,-100.207562195909,0.56));
#8971=CARTESIAN_POINT('Origin',(161.3676,-111.681040092836,0.56));
#8972=CARTESIAN_POINT('Origin',(161.3676,-93.734624424797,1.56));
#8973=CARTESIAN_POINT('',(161.3676,-119.628575575263,3.56));
#8974=CARTESIAN_POINT('',(161.3676,-119.628575575263,3.56));
#8975=CARTESIAN_POINT('',(161.3676,-119.628575575263,0.56));
#8976=CARTESIAN_POINT('',(161.3676,-119.628575575263,1.56));
#8977=CARTESIAN_POINT('',(161.3676,-100.207562195909,0.56));
#8978=CARTESIAN_POINT('Ctrl Pts',(137.184,-113.681040092836,1.31000000000001));
#8979=CARTESIAN_POINT('Ctrl Pts',(136.934,-113.681040092836,1.31000000000001));
#8980=CARTESIAN_POINT('Ctrl Pts',(136.934,-113.681040092836,1.56));
#8981=CARTESIAN_POINT('Ctrl Pts',(137.184,-113.681040092836,0.560000000000001));
#8982=CARTESIAN_POINT('Ctrl Pts',(136.184,-113.681040092836,0.560000000000001));
#8983=CARTESIAN_POINT('Ctrl Pts',(136.184,-113.681040092836,1.56));
#8984=CARTESIAN_POINT('Ctrl Pts',(137.184,-112.931040092836,0.560000000000001));
#8985=CARTESIAN_POINT('Ctrl Pts',(136.184,-112.931040092836,0.560000000000001));
#8986=CARTESIAN_POINT('Ctrl Pts',(136.184,-112.931040092836,1.56));
#8987=CARTESIAN_POINT('',(137.184,-113.681040092836,1.31));
#8988=CARTESIAN_POINT('',(137.184,-112.931040092836,0.56));
#8989=CARTESIAN_POINT('Origin',(137.184,-112.931040092836,1.31));
#8990=CARTESIAN_POINT('',(136.934,-113.681040092836,1.56));
#8991=CARTESIAN_POINT('Origin',(137.184,-113.681040092836,1.56));
#8992=CARTESIAN_POINT('',(136.184,-112.931040092836,1.56));
#8993=CARTESIAN_POINT('Origin',(136.934,-112.931040092836,1.56));
#8994=CARTESIAN_POINT('Origin',(137.184,-112.931040092836,1.56));
#8995=CARTESIAN_POINT('Origin',(136.934,-112.931040092836,1.31));
#8996=CARTESIAN_POINT('',(136.934,-113.681040092836,2.56));
#8997=CARTESIAN_POINT('',(136.184,-112.931040092836,2.56));
#8998=CARTESIAN_POINT('Origin',(136.934,-112.931040092836,2.56));
#8999=CARTESIAN_POINT('',(136.184,-112.931040092836,1.31));
#9000=CARTESIAN_POINT('',(136.934,-113.681040092836,1.31));
#9001=CARTESIAN_POINT('Ctrl Pts',(136.934,-113.681040092836,2.56));
#9002=CARTESIAN_POINT('Ctrl Pts',(136.934,-113.681040092836,2.81));
#9003=CARTESIAN_POINT('Ctrl Pts',(137.184,-113.681040092836,2.80999999999999));
#9004=CARTESIAN_POINT('Ctrl Pts',(136.184,-113.681040092836,2.56));
#9005=CARTESIAN_POINT('Ctrl Pts',(136.184,-113.681040092836,3.56000000000004));
#9006=CARTESIAN_POINT('Ctrl Pts',(137.184,-113.681040092836,3.56));
#9007=CARTESIAN_POINT('Ctrl Pts',(136.184,-112.931040092836,2.56));
#9008=CARTESIAN_POINT('Ctrl Pts',(136.184,-112.931040092836,3.56000000000004));
#9009=CARTESIAN_POINT('Ctrl Pts',(137.184,-112.931040092836,3.56));
#9010=CARTESIAN_POINT('',(137.184,-112.931040092836,3.56));
#9011=CARTESIAN_POINT('',(137.184,-113.681040092836,2.81));
#9012=CARTESIAN_POINT('Origin',(137.184,-112.931040092836,2.81));
#9013=CARTESIAN_POINT('Origin',(137.184,-112.931040092836,2.56));
#9014=CARTESIAN_POINT('Origin',(137.184,-113.681040092836,2.56));
#9015=CARTESIAN_POINT('Origin',(137.184,-113.681040092836,0.56));
#9016=CARTESIAN_POINT('',(137.184,-113.681040092836,1.06));
#9017=CARTESIAN_POINT('Ctrl Pts',(137.184,-99.6810400928358,2.80999999999999));
#9018=CARTESIAN_POINT('Ctrl Pts',(136.934,-99.6810400928358,2.80999999999999));
#9019=CARTESIAN_POINT('Ctrl Pts',(136.934,-99.6810400928358,2.56));
#9020=CARTESIAN_POINT('Ctrl Pts',(137.184,-99.6810400928358,3.56));
#9021=CARTESIAN_POINT('Ctrl Pts',(136.184,-99.6810400928358,3.56));
#9022=CARTESIAN_POINT('Ctrl Pts',(136.184,-99.6810400928358,2.56));
#9023=CARTESIAN_POINT('Ctrl Pts',(137.184,-100.431040092836,3.56));
#9024=CARTESIAN_POINT('Ctrl Pts',(136.184,-100.431040092836,3.56));
#9025=CARTESIAN_POINT('Ctrl Pts',(136.184,-100.431040092836,2.56));
#9026=CARTESIAN_POINT('',(137.184,-100.431040092836,3.56));
#9027=CARTESIAN_POINT('',(137.184,-99.6810400928358,2.81));
#9028=CARTESIAN_POINT('Origin',(137.184,-100.431040092836,2.81));
#9029=CARTESIAN_POINT('',(136.934,-99.6810400928358,2.56));
#9030=CARTESIAN_POINT('Origin',(137.184,-99.6810400928358,2.56));
#9031=CARTESIAN_POINT('',(136.184,-100.431040092836,2.56));
#9032=CARTESIAN_POINT('Origin',(136.934,-100.431040092836,2.56));
#9033=CARTESIAN_POINT('Origin',(137.184,-100.431040092836,2.56));
#9034=CARTESIAN_POINT('Origin',(136.934,-100.431040092836,2.81));
#9035=CARTESIAN_POINT('',(136.934,-99.6810400928358,1.56));
#9036=CARTESIAN_POINT('',(136.184,-100.431040092836,1.56));
#9037=CARTESIAN_POINT('Origin',(136.934,-100.431040092836,1.56));
#9038=CARTESIAN_POINT('',(136.184,-100.431040092836,2.81));
#9039=CARTESIAN_POINT('',(136.934,-99.6810400928358,2.81));
#9040=CARTESIAN_POINT('Ctrl Pts',(136.934,-99.6810400928358,1.56));
#9041=CARTESIAN_POINT('Ctrl Pts',(136.934,-99.6810400928358,1.31000000000001));
#9042=CARTESIAN_POINT('Ctrl Pts',(137.184,-99.6810400928358,1.31000000000001));
#9043=CARTESIAN_POINT('Ctrl Pts',(136.184,-99.6810400928358,1.56));
#9044=CARTESIAN_POINT('Ctrl Pts',(136.184,-99.6810400928358,0.560000000000001));
#9045=CARTESIAN_POINT('Ctrl Pts',(137.184,-99.6810400928358,0.56));
#9046=CARTESIAN_POINT('Ctrl Pts',(136.184,-100.431040092836,1.56));
#9047=CARTESIAN_POINT('Ctrl Pts',(136.184,-100.431040092836,0.560000000000001));
#9048=CARTESIAN_POINT('Ctrl Pts',(137.184,-100.431040092836,0.56));
#9049=CARTESIAN_POINT('',(137.184,-99.6810400928358,1.31));
#9050=CARTESIAN_POINT('',(137.184,-100.431040092836,0.56));
#9051=CARTESIAN_POINT('Origin',(137.184,-100.431040092836,1.31));
#9052=CARTESIAN_POINT('Origin',(137.184,-100.431040092836,1.56));
#9053=CARTESIAN_POINT('Origin',(137.184,-99.6810400928358,1.56));
#9054=CARTESIAN_POINT('Origin',(137.184,-99.6810400928358,3.56));
#9055=CARTESIAN_POINT('',(137.184,-99.6810400928358,2.56));
#9056=CARTESIAN_POINT('Origin',(137.184,-112.181040092836,1.56));
#9057=CARTESIAN_POINT('',(136.184,-111.681040092836,1.56));
#9058=CARTESIAN_POINT('',(136.184,-112.181040092836,1.56));
#9059=CARTESIAN_POINT('',(137.184,-111.681040092836,0.56));
#9060=CARTESIAN_POINT('Origin',(137.184,-111.681040092836,1.56));
#9061=CARTESIAN_POINT('',(137.184,-113.154537771112,0.56));
#9062=CARTESIAN_POINT('Origin',(137.184,-111.681040092836,3.56));
#9063=CARTESIAN_POINT('',(136.184,-111.681040092836,2.56));
#9064=CARTESIAN_POINT('',(136.184,-111.681040092836,0.56));
#9065=CARTESIAN_POINT('',(137.184,-111.681040092836,3.56));
#9066=CARTESIAN_POINT('Origin',(137.184,-111.681040092836,2.56));
#9067=CARTESIAN_POINT('',(137.184,-111.681040092836,2.56));
#9068=CARTESIAN_POINT('Origin',(137.184,-100.181040092836,1.56));
#9069=CARTESIAN_POINT('',(137.184,-101.681040092836,0.56));
#9070=CARTESIAN_POINT('',(137.184,-113.154537771112,0.56));
#9071=CARTESIAN_POINT('',(136.184,-101.681040092836,1.56));
#9072=CARTESIAN_POINT('Origin',(137.184,-101.681040092836,1.56));
#9073=CARTESIAN_POINT('',(136.184,-100.181040092836,1.56));
#9074=CARTESIAN_POINT('Origin',(136.184,-100.681040092836,2.06));
#9075=CARTESIAN_POINT('',(136.184,-101.681040092836,2.56));
#9076=CARTESIAN_POINT('',(136.184,-101.681040092836,1.56));
#9077=CARTESIAN_POINT('',(136.184,-103.680768996949,2.56));
#9078=CARTESIAN_POINT('Origin',(137.184,-109.680768996949,2.56));
#9079=CARTESIAN_POINT('',(137.184,-109.680768996949,3.56));
#9080=CARTESIAN_POINT('',(136.184,-109.680768996949,2.56));
#9081=CARTESIAN_POINT('Origin',(149.2758,-106.680497901062,3.56));
#9082=CARTESIAN_POINT('',(161.364196451082,-93.5437945967036,3.56));
#9083=CARTESIAN_POINT('',(161.3676,-93.734624424797,3.56));
#9084=CARTESIAN_POINT('',(158.071805403379,-90.2514035489134,3.56));
#9085=CARTESIAN_POINT('Origin',(157.86760110099,-93.747998899,3.56));
#9086=CARTESIAN_POINT('',(157.880975575177,-90.248,3.56));
#9087=CARTESIAN_POINT('',(158.071805403379,-90.2514035489134,3.56));
#9088=CARTESIAN_POINT('',(153.385,-90.248,3.56));
#9089=CARTESIAN_POINT('',(157.880975575177,-90.248,3.56));
#9090=CARTESIAN_POINT('',(153.385,-91.248,3.56));
#9091=CARTESIAN_POINT('',(153.385,-89.548,3.56));
#9092=CARTESIAN_POINT('',(157.872058525059,-91.248,3.56));
#9093=CARTESIAN_POINT('',(157.872058525059,-91.248,3.56));
#9094=CARTESIAN_POINT('',(158.032023921264,-91.2508530657685,3.56));
#9095=CARTESIAN_POINT('',(158.032023921264,-91.2508530657685,3.56));
#9096=CARTESIAN_POINT('',(160.364746934228,-93.5835760788204,3.56));
#9097=CARTESIAN_POINT('Origin',(157.86760110099,-93.747998899,3.56));
#9098=CARTESIAN_POINT('',(160.3676,-93.743541474931,3.56));
#9099=CARTESIAN_POINT('',(160.3676,-93.743541474931,3.56));
#9100=CARTESIAN_POINT('',(160.3676,-119.619658525088,3.56));
#9101=CARTESIAN_POINT('',(160.3676,-119.619658525088,3.56));
#9102=CARTESIAN_POINT('',(160.364746934179,-119.779623923193,3.56));
#9103=CARTESIAN_POINT('',(160.364746934179,-119.779623923193,3.56));
#9104=CARTESIAN_POINT('',(158.032023921181,-122.112346934228,3.56));
#9105=CARTESIAN_POINT('Origin',(157.86760110099,-119.6152011009,3.56));
#9106=CARTESIAN_POINT('',(157.872058525068,-122.1152,3.56));
#9107=CARTESIAN_POINT('',(157.872058525068,-122.1152,3.56));
#9108=CARTESIAN_POINT('',(140.679541474768,-122.1152,3.56));
#9109=CARTESIAN_POINT('',(140.679541474768,-122.1152,3.56));
#9110=CARTESIAN_POINT('',(140.519576078622,-122.112346934122,3.56));
#9111=CARTESIAN_POINT('',(140.519576078622,-122.112346934122,3.56));
#9112=CARTESIAN_POINT('',(138.186853065773,-119.779623921192,3.56));
#9113=CARTESIAN_POINT('Origin',(140.683998899,-119.6152011009,3.56));
#9114=CARTESIAN_POINT('',(138.184,-119.619658525068,3.56));
#9115=CARTESIAN_POINT('',(138.184,-119.619658525068,3.56));
#9116=CARTESIAN_POINT('',(138.184,-93.741548030946,3.56));
#9117=CARTESIAN_POINT('',(138.184,-93.741548030946,3.56));
#9118=CARTESIAN_POINT('',(138.1867229743,-93.5815341026581,3.56));
#9119=CARTESIAN_POINT('',(138.1867229743,-93.5815341026581,3.56));
#9120=CARTESIAN_POINT('',(140.520984720801,-91.2484411764006,3.56));
#9121=CARTESIAN_POINT('Origin',(140.6840022631,-93.74580242562,3.56));
#9122=CARTESIAN_POINT('',(140.680999893771,-91.2457999340412,3.56));
#9123=CARTESIAN_POINT('',(140.680999893771,-91.2457999340412,3.56));
#9124=CARTESIAN_POINT('',(145.07512531256,-91.248,3.56));
#9125=CARTESIAN_POINT('',(145.07512531256,-91.248,3.56));
#9126=CARTESIAN_POINT('',(145.145,-91.248,3.56));
#9127=CARTESIAN_POINT('',(146.145,-91.248,3.56));
#9128=CARTESIAN_POINT('',(145.145,-90.248,3.56));
#9129=CARTESIAN_POINT('',(145.145,-92.248,3.56));
#9130=CARTESIAN_POINT('',(145.07537558345,-90.248,3.56));
#9131=CARTESIAN_POINT('',(145.145,-90.248,3.56));
#9132=CARTESIAN_POINT('',(140.672997681316,-90.2457958021236,3.56));
#9133=CARTESIAN_POINT('',(145.07537558345,-90.248,3.56));
#9134=CARTESIAN_POINT('',(140.48218177454,-90.2489454475384,3.56));
#9135=CARTESIAN_POINT('',(140.672997681316,-90.2457958021236,3.56));
#9136=CARTESIAN_POINT('',(137.18724711768,-93.5422251976789,3.56));
#9137=CARTESIAN_POINT('Origin',(140.6840022631,-93.74580242562,3.56));
#9138=CARTESIAN_POINT('',(137.184,-93.7330400928358,3.56));
#9139=CARTESIAN_POINT('',(137.18724711768,-93.5422251976789,3.56));
#9140=CARTESIAN_POINT('',(137.184,-93.7330400928358,3.56));
#9141=CARTESIAN_POINT('',(137.184,-101.681040092836,3.56));
#9142=CARTESIAN_POINT('',(137.184,-103.680768996949,3.56));
#9143=CARTESIAN_POINT('',(137.184,-93.7330400928358,3.56));
#9144=CARTESIAN_POINT('',(137.184,-119.628575575203,3.56));
#9145=CARTESIAN_POINT('',(137.184,-93.7330400928358,3.56));
#9146=CARTESIAN_POINT('',(137.187403548919,-119.819405403329,3.56));
#9147=CARTESIAN_POINT('',(137.184,-119.628575575203,3.56));
#9148=CARTESIAN_POINT('',(140.479794596114,-123.111796450955,3.56));
#9149=CARTESIAN_POINT('Origin',(140.683998899,-119.6152011009,3.56));
#9150=CARTESIAN_POINT('',(140.670624424303,-123.1152,3.56));
#9151=CARTESIAN_POINT('',(140.479794596114,-123.111796450955,3.56));
#9152=CARTESIAN_POINT('',(157.880975575204,-123.1152,3.56));
#9153=CARTESIAN_POINT('',(140.670624424303,-123.1152,3.56));
#9154=CARTESIAN_POINT('',(158.071805403298,-123.111796451082,3.56));
#9155=CARTESIAN_POINT('',(157.880975575204,-123.1152,3.56));
#9156=CARTESIAN_POINT('',(161.364196451024,-119.81940540574,3.56));
#9157=CARTESIAN_POINT('Origin',(157.86760110099,-119.6152011009,3.56));
#9158=CARTESIAN_POINT('',(161.364196451024,-119.81940540574,3.56));
#9159=CARTESIAN_POINT('Origin',(137.184,-103.680768996949,2.56));
#9160=CARTESIAN_POINT('Origin',(137.184,-101.681040092836,2.56));
#9161=CARTESIAN_POINT('Origin',(136.184,-112.681040092836,2.06));
#9162=CARTESIAN_POINT('Origin',(137.184,-119.628575575203,1.56));
#9163=CARTESIAN_POINT('',(137.184,-101.681040092836,1.06));
#9164=CARTESIAN_POINT('',(137.184,-113.154537771112,0.56));
#9165=CARTESIAN_POINT('Origin',(137.184,-119.628575575203,1.56));
#9166=CARTESIAN_POINT('',(137.184,-119.628575575203,0.56));
#9167=CARTESIAN_POINT('',(137.184,-113.154537771112,0.56));
#9168=CARTESIAN_POINT('',(137.184,-119.628575575203,1.56));
#9169=CARTESIAN_POINT('Origin',(137.184,-101.681040092836,0.56));
#9170=CARTESIAN_POINT('Origin',(137.184,-119.628575575203,1.56));
#9171=CARTESIAN_POINT('',(137.184,-93.7330400928358,0.56));
#9172=CARTESIAN_POINT('',(137.184,-93.7330400928358,1.56));
#9173=CARTESIAN_POINT('',(137.184,-113.154537771112,0.56));
#9174=CARTESIAN_POINT('Origin',(147.175337485441,-93.248,-0.44));
#9175=CARTESIAN_POINT('',(145.145,-93.248,0.56));
#9176=CARTESIAN_POINT('',(145.145,-92.248,-0.44));
#9177=CARTESIAN_POINT('Origin',(145.145,-93.248,-0.44));
#9178=CARTESIAN_POINT('',(153.385,-93.248,0.56));
#9179=CARTESIAN_POINT('',(147.175337485441,-93.248,0.56));
#9180=CARTESIAN_POINT('',(153.385,-92.248,-0.44));
#9181=CARTESIAN_POINT('Origin',(153.385,-93.248,-0.44));
#9182=CARTESIAN_POINT('',(153.385,-92.248,-0.44));
#9183=CARTESIAN_POINT('Origin',(144.758722913711,-91.1784922245874,0.56));
#9184=CARTESIAN_POINT('',(140.672997681316,-90.2457958021236,0.56));
#9185=CARTESIAN_POINT('',(140.681000508401,-91.245799923896,-0.44));
#9186=CARTESIAN_POINT('Ctrl Pts',(140.672997681316,-90.2457958021236,0.560000000000054));
#9187=CARTESIAN_POINT('Ctrl Pts',(140.6727577172,-90.2457997630192,0.515660599440886));
#9188=CARTESIAN_POINT('Ctrl Pts',(140.672566494437,-90.248756635871,0.471321430043971));
#9189=CARTESIAN_POINT('Ctrl Pts',(140.672423582959,-90.2546403656514,0.427373718606483));
#9190=CARTESIAN_POINT('Ctrl Pts',(140.672280677067,-90.2605238654328,0.383427725115284));
#9191=CARTESIAN_POINT('Ctrl Pts',(140.672186077666,-90.2693339316861,0.339873617112171));
#9192=CARTESIAN_POINT('Ctrl Pts',(140.67213850231,-90.280992869771,0.297095664437727));
#9193=CARTESIAN_POINT('Ctrl Pts',(140.67209092865,-90.2926513924332,0.254319235995931));
#9194=CARTESIAN_POINT('Ctrl Pts',(140.672090373676,-90.3071584621233,0.212319353409895));
#9195=CARTESIAN_POINT('Ctrl Pts',(140.672134725432,-90.3243861296861,0.171466547540275));
#9196=CARTESIAN_POINT('Ctrl Pts',(140.672179075762,-90.3416132429872,0.130615056018458));
#9197=CARTESIAN_POINT('Ctrl Pts',(140.672268326965,-90.3615605993319,0.0909109930914847));
#9198=CARTESIAN_POINT('Ctrl Pts',(140.672399575056,-90.3840522656235,0.0527046129886048));
#9199=CARTESIAN_POINT('Ctrl Pts',(140.672530860886,-90.4065503990907,0.0144872471557634));
#9200=CARTESIAN_POINT('Ctrl Pts',(140.672704163921,-90.431594073413,-0.022231174581286));
#9201=CARTESIAN_POINT('Ctrl Pts',(140.672915836001,-90.4589622710032,-0.0571265503820176));
#9202=CARTESIAN_POINT('Ctrl Pts',(140.673127486682,-90.4863277019206,-0.0920183985816172));
#9203=CARTESIAN_POINT('Ctrl Pts',(140.673377493928,-90.5160169000339,-0.125087205967225));
#9204=CARTESIAN_POINT('Ctrl Pts',(140.673661533621,-90.5477678960232,-0.156041143539584));
#9205=CARTESIAN_POINT('Ctrl Pts',(140.673945548535,-90.5795161220428,-0.186992380677904));
#9206=CARTESIAN_POINT('Ctrl Pts',(140.674263584485,-90.6133254546534,-0.215828794773374));
#9207=CARTESIAN_POINT('Ctrl Pts',(140.674610718048,-90.6488976166598,-0.242295951566806));
#9208=CARTESIAN_POINT('Ctrl Pts',(140.674957826132,-90.6844671677021,-0.268761165695113));
#9209=CARTESIAN_POINT('Ctrl Pts',(140.675334021433,-90.721798918229,-0.29285719492927));
#9210=CARTESIAN_POINT('Ctrl Pts',(140.675733868317,-90.7605635596768,-0.314371462291302));
#9211=CARTESIAN_POINT('Ctrl Pts',(140.676133811712,-90.7993375577605,-0.33589092256008));
#9212=CARTESIAN_POINT('Ctrl Pts',(140.676557411451,-90.8395447352127,-0.354827148210489));
#9213=CARTESIAN_POINT('Ctrl Pts',(140.676998810367,-90.8808302454621,-0.371013001997643));
#9214=CARTESIAN_POINT('Ctrl Pts',(140.677440128491,-90.9221081990371,-0.38719589321448));
#9215=CARTESIAN_POINT('Ctrl Pts',(140.677899232162,-90.9644636596817,-0.400629252009975));
#9216=CARTESIAN_POINT('Ctrl Pts',(140.678369953482,-91.0075229558417,-0.411194554504715));
#9217=CARTESIAN_POINT('Ctrl Pts',(140.678840742473,-91.0505884421348,-0.421761375849838));
#9218=CARTESIAN_POINT('Ctrl Pts',(140.679323145045,-91.0943575174987,-0.429459204801496));
#9219=CARTESIAN_POINT('Ctrl Pts',(140.6798107856,-91.1384439271821,-0.434220103161057));
#9220=CARTESIAN_POINT('Ctrl Pts',(140.68020508007,-91.174091141806,-0.43806965151042));
#9221=CARTESIAN_POINT('Ctrl Pts',(140.680602793576,-91.209945492873,-0.440000000000002));
#9222=CARTESIAN_POINT('Ctrl Pts',(140.681000508401,-91.2457999238961,-0.44));
#9223=CARTESIAN_POINT('',(140.520984720801,-91.2484411764006,-0.44));
#9224=CARTESIAN_POINT('',(144.758722913711,-91.1784922245874,-0.44));
#9225=CARTESIAN_POINT('',(140.48218177454,-90.2489454475384,0.56));
#9226=CARTESIAN_POINT('Ctrl Pts',(140.520984720801,-91.2484411764006,-0.44));
#9227=CARTESIAN_POINT('Ctrl Pts',(140.520805729713,-91.2440613106343,-0.44));
#9228=CARTESIAN_POINT('Ctrl Pts',(140.520626880583,-91.2396814863686,-0.439971194178579));
#9229=CARTESIAN_POINT('Ctrl Pts',(140.515136645677,-91.105126811956,-0.43820120098176));
#9230=CARTESIAN_POINT('Ctrl Pts',(140.510014666747,-90.9765244481222,-0.411057267272734));
#9231=CARTESIAN_POINT('Ctrl Pts',(140.500636314993,-90.7370129806231,-0.308977495856877));
#9232=CARTESIAN_POINT('Ctrl Pts',(140.496466937825,-90.6283839747655,-0.235039779898984));
#9233=CARTESIAN_POINT('Ctrl Pts',(140.489520627378,-90.4455793266699,-0.0496747939221721));
#9234=CARTESIAN_POINT('Ctrl Pts',(140.486808282053,-90.3731444447017,0.0599716985930897));
#9235=CARTESIAN_POINT('Ctrl Pts',(140.483121688163,-90.2743571340038,0.30086827515476));
#9236=CARTESIAN_POINT('Ctrl Pts',(140.482181774539,-90.2489454475384,0.429811093655038));
#9237=CARTESIAN_POINT('Ctrl Pts',(140.482181774539,-90.2489454475384,0.56));
#9238=CARTESIAN_POINT('',(144.742218962401,-90.178628424067,0.56));
#9239=CARTESIAN_POINT('Origin',(140.6840022631,-93.74580242562,0.56));
#9240=CARTESIAN_POINT('',(138.1867229743,-93.5815341026588,-0.44));
#9241=CARTESIAN_POINT('Origin',(140.6840022631,-93.74580242562,-0.44));
#9242=CARTESIAN_POINT('',(137.18724711768,-93.5422251976789,0.56));
#9243=CARTESIAN_POINT('Ctrl Pts',(138.1867229743,-93.5815341026588,-0.44));
#9244=CARTESIAN_POINT('Ctrl Pts',(138.18234277705,-93.5813528787424,-0.44));
#9245=CARTESIAN_POINT('Ctrl Pts',(138.177962621242,-93.581171796805,-0.439971188612738));
#9246=CARTESIAN_POINT('Ctrl Pts',(138.043410783639,-93.5756135047322,-0.438201024755013));
#9247=CARTESIAN_POINT('Ctrl Pts',(137.914811510785,-93.5704264710326,-0.411057108213713));
#9248=CARTESIAN_POINT('Ctrl Pts',(137.675305250159,-93.5609269075036,-0.308977527728102));
#9249=CARTESIAN_POINT('Ctrl Pts',(137.566678374024,-93.5567025308016,-0.23503981660505));
#9250=CARTESIAN_POINT('Ctrl Pts',(137.383877265799,-93.5496636506188,-0.0496748343240363));
#9251=CARTESIAN_POINT('Ctrl Pts',(137.311443763903,-93.5469146170259,0.059971662862553));
#9252=CARTESIAN_POINT('Ctrl Pts',(137.212658326676,-93.5431779847217,0.300868253566744));
#9253=CARTESIAN_POINT('Ctrl Pts',(137.18724711768,-93.5422251976786,0.429811083097818));
#9254=CARTESIAN_POINT('Ctrl Pts',(137.18724711768,-93.5422251976786,0.559999999999999));
#9255=CARTESIAN_POINT('Origin',(140.6840022631,-93.74580242562,0.56));
#9256=CARTESIAN_POINT('Origin',(138.184,-113.154537771112,0.56));
#9257=CARTESIAN_POINT('',(138.184,-93.741547415143,-0.44));
#9258=CARTESIAN_POINT('Ctrl Pts',(137.184,-93.7330400928358,0.56));
#9259=CARTESIAN_POINT('Ctrl Pts',(137.184,-93.7332802319073,0.515660599440838));
#9260=CARTESIAN_POINT('Ctrl Pts',(137.186953314196,-93.7335203709788,0.471321430043927));
#9261=CARTESIAN_POINT('Ctrl Pts',(137.192833884011,-93.7337605100503,0.427373718606443));
#9262=CARTESIAN_POINT('Ctrl Pts',(137.198714223951,-93.7340006397346,0.383427725115248));
#9263=CARTESIAN_POINT('Ctrl Pts',(137.207521529014,-93.734240769419,0.339873617112139));
#9264=CARTESIAN_POINT('Ctrl Pts',(137.219178093977,-93.7344808991033,0.297095664437698));
#9265=CARTESIAN_POINT('Ctrl Pts',(137.230834243601,-93.7347210202315,0.254319235995905));
#9266=CARTESIAN_POINT('Ctrl Pts',(137.245339328276,-93.7349611413597,0.212319353409872));
#9267=CARTESIAN_POINT('Ctrl Pts',(137.262565381419,-93.7352012624879,0.171466547540255));
#9268=CARTESIAN_POINT('Ctrl Pts',(137.279790880352,-93.7354413758907,0.130615056018436));
#9269=CARTESIAN_POINT('Ctrl Pts',(137.299736992875,-93.7356814892935,0.0909109930914619));
#9270=CARTESIAN_POINT('Ctrl Pts',(137.322227761925,-93.7359216026964,0.052704612988581));
#9271=CARTESIAN_POINT('Ctrl Pts',(137.344724997893,-93.7361617851406,0.0144872471557416));
#9272=CARTESIAN_POINT('Ctrl Pts',(137.369768121465,-93.7364019675848,-0.0222311745813058));
#9273=CARTESIAN_POINT('Ctrl Pts',(137.397136084946,-93.736642150029,-0.0571265503820355));
#9274=CARTESIAN_POINT('Ctrl Pts',(137.424501281779,-93.736882308193,-0.0920183985816335));
#9275=CARTESIAN_POINT('Ctrl Pts',(137.454190562346,-93.737122466357,-0.12508720596724));
#9276=CARTESIAN_POINT('Ctrl Pts',(137.485941921644,-93.7373626245209,-0.156041143539597));
#9277=CARTESIAN_POINT('Ctrl Pts',(137.51769051094,-93.7376027617334,-0.186992380677914));
#9278=CARTESIAN_POINT('Ctrl Pts',(137.551500487587,-93.7378428989459,-0.215828794773382));
#9279=CARTESIAN_POINT('Ctrl Pts',(137.587073533759,-93.7380830361584,-0.242295951566811));
#9280=CARTESIAN_POINT('Ctrl Pts',(137.622643968901,-93.738323155745,-0.26876116569512));
#9281=CARTESIAN_POINT('Ctrl Pts',(137.659976843572,-93.7385632753316,-0.292857194929277));
#9282=CARTESIAN_POINT('Ctrl Pts',(137.69874280435,-93.7388033949183,-0.31437146229131));
#9283=CARTESIAN_POINT('Ctrl Pts',(137.737518122081,-93.7390435724627,-0.335890922560088));
#9284=CARTESIAN_POINT('Ctrl Pts',(137.777726814406,-93.739283750007,-0.354827148210497));
#9285=CARTESIAN_POINT('Ctrl Pts',(137.819013986417,-93.7395239275514,-0.37101300199765));
#9286=CARTESIAN_POINT('Ctrl Pts',(137.860293601449,-93.739764061135,-0.387195893214487));
#9287=CARTESIAN_POINT('Ctrl Pts',(137.902650870326,-93.7400041947186,-0.400629252009982));
#9288=CARTESIAN_POINT('Ctrl Pts',(137.945712070594,-93.7402443283022,-0.411194554504721));
#9289=CARTESIAN_POINT('Ctrl Pts',(137.988779461269,-93.740484496407,-0.421761375849843));
#9290=CARTESIAN_POINT('Ctrl Pts',(138.032550536856,-93.7407246645118,-0.4294592048015));
#9291=CARTESIAN_POINT('Ctrl Pts',(138.07663898999,-93.7409648326166,-0.43422010316106));
#9292=CARTESIAN_POINT('Ctrl Pts',(138.112287856898,-93.7411590267921,-0.438069651510419));
#9293=CARTESIAN_POINT('Ctrl Pts',(138.148143888466,-93.7413532209676,-0.44));
#9294=CARTESIAN_POINT('Ctrl Pts',(138.184,-93.741547415143,-0.44));
#9295=CARTESIAN_POINT('',(138.183999987357,-119.619657816209,-0.44));
#9296=CARTESIAN_POINT('',(138.184,-113.154537771112,-0.44));
#9297=CARTESIAN_POINT('Origin',(138.184,-119.619658525068,0.56));
#9298=CARTESIAN_POINT('Origin',(138.072034281952,-113.341976246334,0.56));
#9299=CARTESIAN_POINT('',(138.186853065772,-119.779623921192,-0.44));
#9300=CARTESIAN_POINT('',(138.072034281952,-113.341976246334,-0.44));
#9301=CARTESIAN_POINT('',(137.187403548919,-119.819405403329,0.56));
#9302=CARTESIAN_POINT('Ctrl Pts',(138.186853065772,-119.779623921192,-0.44));
#9303=CARTESIAN_POINT('Ctrl Pts',(138.182440366027,-119.779808442012,-0.44));
#9304=CARTESIAN_POINT('Ctrl Pts',(138.178027708729,-119.779992820891,-0.439970757840395));
#9305=CARTESIAN_POINT('Ctrl Pts',(138.043481558797,-119.785610470194,-0.438187434891087));
#9306=CARTESIAN_POINT('Ctrl Pts',(137.91492182956,-119.790854818862,-0.411044829454195));
#9307=CARTESIAN_POINT('Ctrl Pts',(137.67545307773,-119.800465145909,-0.308979929873844));
#9308=CARTESIAN_POINT('Ctrl Pts',(137.566828602676,-119.804741641945,-0.235042583304065));
#9309=CARTESIAN_POINT('Ctrl Pts',(137.384030851888,-119.81186933756,-0.04967787976777));
#9310=CARTESIAN_POINT('Ctrl Pts',(137.311598489491,-119.814654188521,0.059968969484952));
#9311=CARTESIAN_POINT('Ctrl Pts',(137.212814423873,-119.818439868982,0.300866626203025));
#9312=CARTESIAN_POINT('Ctrl Pts',(137.187403548919,-119.819405403329,0.429810287268315));
#9313=CARTESIAN_POINT('Ctrl Pts',(137.187403548919,-119.819405403329,0.560000000000003));
#9314=CARTESIAN_POINT('',(137.072193296874,-113.359808928661,0.56));
#9315=CARTESIAN_POINT('Origin',(140.683998899,-119.6152011009,0.56));
#9316=CARTESIAN_POINT('',(140.519576078622,-122.112346934122,-0.44));
#9317=CARTESIAN_POINT('Origin',(140.683998899,-119.6152011009,-0.44));
#9318=CARTESIAN_POINT('',(140.479794596114,-123.111796450955,0.56));
#9319=CARTESIAN_POINT('Ctrl Pts',(140.519576078622,-122.112346934122,-0.44));
#9320=CARTESIAN_POINT('Ctrl Pts',(140.519391557799,-122.116759633895,-0.44));
#9321=CARTESIAN_POINT('Ctrl Pts',(140.519207178919,-122.12117229122,-0.439970757840028));
#9322=CARTESIAN_POINT('Ctrl Pts',(140.51358952955,-122.255718441143,-0.438187434879736));
#9323=CARTESIAN_POINT('Ctrl Pts',(140.508345180857,-122.384278170351,-0.411044829444207));
#9324=CARTESIAN_POINT('Ctrl Pts',(140.498734853722,-122.62374692215,-0.308979929875881));
#9325=CARTESIAN_POINT('Ctrl Pts',(140.494458357644,-122.732371397202,-0.235042583306398));
#9326=CARTESIAN_POINT('Ctrl Pts',(140.487330661959,-122.915169147988,-0.0496778797703768));
#9327=CARTESIAN_POINT('Ctrl Pts',(140.48454581097,-122.987601510383,0.0599689694826486));
#9328=CARTESIAN_POINT('Ctrl Pts',(140.480760130471,-123.086385576001,0.300866626201777));
#9329=CARTESIAN_POINT('Ctrl Pts',(140.479794596114,-123.111796450955,0.429810287267709));
#9330=CARTESIAN_POINT('Ctrl Pts',(140.479794596114,-123.111796450955,0.559999999999998));
#9331=CARTESIAN_POINT('Origin',(140.683998899,-119.6152011009,0.56));
#9332=CARTESIAN_POINT('Origin',(144.843162556317,-122.189460343321,0.56));
#9333=CARTESIAN_POINT('',(140.679540765796,-122.1152,-0.44));
#9334=CARTESIAN_POINT('',(144.843162556317,-122.189460343321,-0.44));
#9335=CARTESIAN_POINT('',(140.670624424303,-123.1152,0.56));
#9336=CARTESIAN_POINT('Origin',(140.679541474768,-122.1152,0.56));
#9337=CARTESIAN_POINT('',(144.825329873331,-123.189301328387,0.56));
#9338=CARTESIAN_POINT('Origin',(153.578387787602,-122.1152,0.56));
#9339=CARTESIAN_POINT('',(157.872057816209,-122.115200012643,-0.44));
#9340=CARTESIAN_POINT('',(153.578387787602,-122.1152,-0.44));
#9341=CARTESIAN_POINT('',(157.880975575204,-123.1152,0.56));
#9342=CARTESIAN_POINT('Origin',(157.872058525068,-122.1152,0.56));
#9343=CARTESIAN_POINT('',(153.578387787602,-123.1152,0.56));
#9344=CARTESIAN_POINT('Origin',(153.803852352638,-122.18775856621,0.56));
#9345=CARTESIAN_POINT('',(158.03202392118,-122.112346934228,-0.44));
#9346=CARTESIAN_POINT('',(153.803852352638,-122.18775856621,-0.44));
#9347=CARTESIAN_POINT('',(158.071805403298,-123.111796451082,0.56));
#9348=CARTESIAN_POINT('Ctrl Pts',(158.03202392118,-122.112346934228,-0.44));
#9349=CARTESIAN_POINT('Ctrl Pts',(158.032208442001,-122.116759633976,-0.44));
#9350=CARTESIAN_POINT('Ctrl Pts',(158.032392820879,-122.121172291275,-0.439970757840372));
#9351=CARTESIAN_POINT('Ctrl Pts',(158.038010470192,-122.255718441228,-0.438187434890014));
#9352=CARTESIAN_POINT('Ctrl Pts',(158.043254818845,-122.384278170446,-0.411044829451809));
#9353=CARTESIAN_POINT('Ctrl Pts',(158.052865145887,-122.62374692227,-0.308979929874068));
#9354=CARTESIAN_POINT('Ctrl Pts',(158.057141641921,-122.732371397324,-0.235042583304297));
#9355=CARTESIAN_POINT('Ctrl Pts',(158.064269337533,-122.915169148113,-0.0496778797679551));
#9356=CARTESIAN_POINT('Ctrl Pts',(158.067054188493,-122.987601510509,0.0599689694847887));
#9357=CARTESIAN_POINT('Ctrl Pts',(158.070839868952,-123.086385576128,0.300866626202958));
#9358=CARTESIAN_POINT('Ctrl Pts',(158.071805403298,-123.111796451082,0.429810287268279));
#9359=CARTESIAN_POINT('Ctrl Pts',(158.071805403298,-123.111796451082,0.560000000000001));
#9360=CARTESIAN_POINT('',(153.821685034965,-123.187599551287,0.56));
#9361=CARTESIAN_POINT('Origin',(157.86760110099,-119.6152011009,0.56));
#9362=CARTESIAN_POINT('',(161.364196451024,-119.81940540574,0.56));
#9363=CARTESIAN_POINT('Origin',(157.86760110099,-119.6152011009,0.56));
#9364=CARTESIAN_POINT('',(160.364746934179,-119.779623923193,-0.44));
#9365=CARTESIAN_POINT('Origin',(157.86760110099,-119.6152011009,-0.44));
#9366=CARTESIAN_POINT('Ctrl Pts',(160.364746934179,-119.779623923193,-0.44));
#9367=CARTESIAN_POINT('Ctrl Pts',(160.369159633894,-119.779808444014,-0.44));
#9368=CARTESIAN_POINT('Ctrl Pts',(160.37357229116,-119.779992822892,-0.43997075784081));
#9369=CARTESIAN_POINT('Ctrl Pts',(160.508118441102,-119.785610472268,-0.438187434904033));
#9370=CARTESIAN_POINT('Ctrl Pts',(160.636678170365,-119.790854820979,-0.411044829465232));
#9371=CARTESIAN_POINT('Ctrl Pts',(160.876146922221,-119.800465148127,-0.308979929871616));
#9372=CARTESIAN_POINT('Ctrl Pts',(160.984771397273,-119.804741644207,-0.235042583301503));
#9373=CARTESIAN_POINT('Ctrl Pts',(161.167569148059,-119.811869339895,-0.0496778797647926));
#9374=CARTESIAN_POINT('Ctrl Pts',(161.240001510454,-119.814654190885,0.0599689694875671));
#9375=CARTESIAN_POINT('Ctrl Pts',(161.33878557607,-119.818439871384,0.300866626204482));
#9376=CARTESIAN_POINT('Ctrl Pts',(161.364196451024,-119.819405405739,0.429810287269017));
#9377=CARTESIAN_POINT('Ctrl Pts',(161.364196451024,-119.81940540574,0.56));
#9378=CARTESIAN_POINT('Origin',(160.481267493013,-113.246561332726,0.56));
#9379=CARTESIAN_POINT('',(161.48110847809,-113.264394015134,0.56));
#9380=CARTESIAN_POINT('',(160.3676,-119.619659234059,-0.44));
#9381=CARTESIAN_POINT('',(160.481267493013,-113.246561332726,-0.44));
#9382=CARTESIAN_POINT('Origin',(160.3676,-119.619658525089,0.56));
#9383=CARTESIAN_POINT('Origin',(160.3676,-100.207562195909,0.56));
#9384=CARTESIAN_POINT('',(160.367600012643,-93.743542183792,-0.44));
#9385=CARTESIAN_POINT('',(160.3676,-100.207562195909,-0.44));
#9386=CARTESIAN_POINT('Origin',(160.3676,-93.7435414749333,0.56));
#9387=CARTESIAN_POINT('Origin',(160.47954610463,-100.020124070518,0.56));
#9388=CARTESIAN_POINT('',(161.364196451082,-93.5437945967036,0.56));
#9389=CARTESIAN_POINT('',(161.479387089707,-100.00229138819,0.56));
#9390=CARTESIAN_POINT('',(160.364746934228,-93.5835760788199,-0.44));
#9391=CARTESIAN_POINT('',(160.47954610463,-100.020124070518,-0.44));
#9392=CARTESIAN_POINT('Ctrl Pts',(160.364746934228,-93.5835760788199,-0.44));
#9393=CARTESIAN_POINT('Ctrl Pts',(160.369159633976,-93.5833915579995,-0.44));
#9394=CARTESIAN_POINT('Ctrl Pts',(160.373572291275,-93.5832071791206,-0.439970757840376));
#9395=CARTESIAN_POINT('Ctrl Pts',(160.508118441236,-93.5775895298159,-0.438187434889884));
#9396=CARTESIAN_POINT('Ctrl Pts',(160.636678170448,-93.5723451811551,-0.411044829451212));
#9397=CARTESIAN_POINT('Ctrl Pts',(160.87614692227,-93.562734854113,-0.308979929873974));
#9398=CARTESIAN_POINT('Ctrl Pts',(160.984771397324,-93.558458358079,-0.235042583304204));
#9399=CARTESIAN_POINT('Ctrl Pts',(161.167569148113,-93.5513306624675,-0.0496778797680211));
#9400=CARTESIAN_POINT('Ctrl Pts',(161.240001510509,-93.5485458115076,0.0599689694847312));
#9401=CARTESIAN_POINT('Ctrl Pts',(161.338785576127,-93.5447601310483,0.300866626202914));
#9402=CARTESIAN_POINT('Ctrl Pts',(161.364196451082,-93.5437945967029,0.429810287268261));
#9403=CARTESIAN_POINT('Ctrl Pts',(161.364196451082,-93.5437945967026,0.560000000000001));
#9404=CARTESIAN_POINT('Origin',(157.86760110099,-93.747998899,0.56));
#9405=CARTESIAN_POINT('',(158.071805403379,-90.2514035489134,0.56));
#9406=CARTESIAN_POINT('Origin',(157.86760110099,-93.747998899,0.56));
#9407=CARTESIAN_POINT('',(158.032023921264,-91.2508530657685,-0.44));
#9408=CARTESIAN_POINT('Origin',(157.86760110099,-93.747998899,-0.44));
#9409=CARTESIAN_POINT('Ctrl Pts',(158.032023921264,-91.2508530657685,-0.44));
#9410=CARTESIAN_POINT('Ctrl Pts',(158.032208442084,-91.2464403660239,-0.44));
#9411=CARTESIAN_POINT('Ctrl Pts',(158.032392820962,-91.242027708727,-0.43997075784041));
#9412=CARTESIAN_POINT('Ctrl Pts',(158.038010470274,-91.1074815587895,-0.43818743489149));
#9413=CARTESIAN_POINT('Ctrl Pts',(158.043254818928,-90.9789218295552,-0.41104482945416));
#9414=CARTESIAN_POINT('Ctrl Pts',(158.05286514597,-90.7394530777254,-0.308979929873852));
#9415=CARTESIAN_POINT('Ctrl Pts',(158.057141642005,-90.6308286026712,-0.235042583304046));
#9416=CARTESIAN_POINT('Ctrl Pts',(158.064269337616,-90.4480308518827,-0.0496778797677406));
#9417=CARTESIAN_POINT('Ctrl Pts',(158.067054188575,-90.3755984894864,0.059968969484981));
#9418=CARTESIAN_POINT('Ctrl Pts',(158.070839869033,-90.2768144238679,0.300866626203082));
#9419=CARTESIAN_POINT('Ctrl Pts',(158.071805403379,-90.2514035489135,0.429810287268337));
#9420=CARTESIAN_POINT('Ctrl Pts',(158.071805403379,-90.2514035489135,0.559999999999999));
#9421=CARTESIAN_POINT('Origin',(153.708417824906,-91.1737393096538,0.56));
#9422=CARTESIAN_POINT('',(157.880975575177,-90.248,0.56));
#9423=CARTESIAN_POINT('',(153.726250507199,-90.1738983245755,0.56));
#9424=CARTESIAN_POINT('',(157.872059234031,-91.248,-0.44));
#9425=CARTESIAN_POINT('',(153.708417824906,-91.1737393096538,-0.44));
#9426=CARTESIAN_POINT('Origin',(157.872058525058,-91.248,0.56));
#9427=CARTESIAN_POINT('Origin',(138.075473248004,-100.119056593194,0.56));
#9428=CARTESIAN_POINT('',(138.075473248004,-100.119056593194,-0.44));
#9429=CARTESIAN_POINT('',(137.075618007548,-100.10204194858,0.56));
#9430=CARTESIAN_POINT('Origin',(151.3304,-91.248,0.56));
#9431=CARTESIAN_POINT('',(153.385,-91.248,-0.44));
#9432=CARTESIAN_POINT('',(151.3304,-91.248,-0.44));
#9433=CARTESIAN_POINT('',(153.385,-90.248,0.56));
#9434=CARTESIAN_POINT('Origin',(153.385,-91.248,0.56));
#9435=CARTESIAN_POINT('',(151.3304,-90.248,0.56));
#9436=CARTESIAN_POINT('Origin',(144.978011370335,-91.2479513766892,0.56));
#9437=CARTESIAN_POINT('',(145.07537558345,-90.248,0.56));
#9438=CARTESIAN_POINT('',(145.075125241711,-91.248,-0.44));
#9439=CARTESIAN_POINT('Ctrl Pts',(145.07537558345,-90.248,0.560000000000001));
#9440=CARTESIAN_POINT('Ctrl Pts',(145.075382649929,-90.2480000035381,0.51566059944084));
#9441=CARTESIAN_POINT('Ctrl Pts',(145.075388237733,-90.2509533209021,0.471321430043929));
#9442=CARTESIAN_POINT('Ctrl Pts',(145.075392359909,-90.2568338935185,0.427373718606446));
#9443=CARTESIAN_POINT('Ctrl Pts',(145.075396481923,-90.2627142362592,0.383427725115251));
#9444=CARTESIAN_POINT('Ctrl Pts',(145.075399138455,-90.2715215437562,0.339873617112142));
#9445=CARTESIAN_POINT('Ctrl Pts',(145.075400368409,-90.2831781107954,0.297095664437701));
#9446=CARTESIAN_POINT('Ctrl Pts',(145.07540159832,-90.2948342624963,0.254319235995908));
#9447=CARTESIAN_POINT('Ctrl Pts',(145.075401401816,-90.3093393488914,0.212319353409875));
#9448=CARTESIAN_POINT('Ctrl Pts',(145.075399842968,-90.3265654034128,0.171466547540258));
#9449=CARTESIAN_POINT('Ctrl Pts',(145.07539828417,-90.3437909037243,0.130615056018434));
#9450=CARTESIAN_POINT('Ctrl Pts',(145.075395363207,-90.3637370172846,0.0909109930914542));
#9451=CARTESIAN_POINT('Ctrl Pts',(145.075391168176,-90.3862277870537,0.0527046129885684));
#9452=CARTESIAN_POINT('Ctrl Pts',(145.075386971938,-90.4087250237406,0.0144872471557281));
#9453=CARTESIAN_POINT('Ctrl Pts',(145.075381501017,-90.4337681477121,-0.0222311745813201));
#9454=CARTESIAN_POINT('Ctrl Pts',(145.075374866088,-90.4611361113021,-0.0571265503820504));
#9455=CARTESIAN_POINT('Ctrl Pts',(145.075368231829,-90.488501308243,-0.0920183985816492));
#9456=CARTESIAN_POINT('Ctrl Pts',(145.075360433939,-90.5181905886274,-0.125087205967257));
#9457=CARTESIAN_POINT('Ctrl Pts',(145.075351603602,-90.5499419474834,-0.156041143539614));
#9458=CARTESIAN_POINT('Ctrl Pts',(145.075342774034,-90.581690536338,-0.186992380677928));
#9459=CARTESIAN_POINT('Ctrl Pts',(145.075332912364,-90.6155005122852,-0.215828794773393));
#9460=CARTESIAN_POINT('Ctrl Pts',(145.075322167955,-90.6510735575363,-0.24229595156682));
#9461=CARTESIAN_POINT('Ctrl Pts',(145.075311424334,-90.6866439917585,-0.268761165695126));
#9462=CARTESIAN_POINT('Ctrl Pts',(145.075299798289,-90.7239768652878,-0.292857194929282));
#9463=CARTESIAN_POINT('Ctrl Pts',(145.075287454721,-90.7627428247438,-0.314371462291313));
#9464=CARTESIAN_POINT('Ctrl Pts',(145.075275108174,-90.801518141154,-0.335890922560091));
#9465=CARTESIAN_POINT('Ctrl Pts',(145.07526204396,-90.8417268319778,-0.354827148210499));
#9466=CARTESIAN_POINT('Ctrl Pts',(145.07524843977,-90.883014002352,-0.371013001997652));
#9467=CARTESIAN_POINT('Ctrl Pts',(145.075234838069,-90.924293615748,-0.387195893214489));
#9468=CARTESIAN_POINT('Ctrl Pts',(145.075220696805,-90.9666508828544,-0.400629252009984));
#9469=CARTESIAN_POINT('Ctrl Pts',(145.075206203094,-91.009712081263,-0.411194554504723));
#9470=CARTESIAN_POINT('Ctrl Pts',(145.075191707299,-91.0527794700782,-0.421761375849845));
#9471=CARTESIAN_POINT('Ctrl Pts',(145.075176859181,-91.0965505437175,-0.429459204801502));
#9472=CARTESIAN_POINT('Ctrl Pts',(145.075161852158,-91.1406389948632,-0.434220103161061));
#9473=CARTESIAN_POINT('Ctrl Pts',(145.075149717838,-91.1762878601646,-0.438069651510419));
#9474=CARTESIAN_POINT('Ctrl Pts',(145.075137479795,-91.2121438900989,-0.44));
#9475=CARTESIAN_POINT('Ctrl Pts',(145.075125241711,-91.248,-0.44));
#9476=CARTESIAN_POINT('',(144.978011370335,-91.2479513766892,-0.44));
#9477=CARTESIAN_POINT('',(144.978512053749,-90.2479515020311,0.56));
#9478=CARTESIAN_POINT('Origin',(147.175587791725,-91.248,0.56));
#9479=CARTESIAN_POINT('',(145.145,-90.248,0.56));
#9480=CARTESIAN_POINT('',(147.175587791725,-90.248,0.56));
#9481=CARTESIAN_POINT('',(145.145,-91.248,-0.44));
#9482=CARTESIAN_POINT('Origin',(145.145,-91.248,0.56));
#9483=CARTESIAN_POINT('',(147.175587791725,-91.248,-0.44));
#9484=CARTESIAN_POINT('Origin',(161.364196451082,-93.5437945967036,1.56));
#9485=CARTESIAN_POINT('',(161.364196451082,-93.5437945967036,1.56));
#9486=CARTESIAN_POINT('Origin',(157.86760110099,-93.747998899,1.56));
#9487=CARTESIAN_POINT('',(158.071805403379,-90.2514035489134,1.56));
#9488=CARTESIAN_POINT('Origin',(157.880975575177,-90.248,1.56));
#9489=CARTESIAN_POINT('',(157.880975575177,-90.248,1.56));
#9490=CARTESIAN_POINT('Origin',(153.385,-90.248,1.56));
#9491=CARTESIAN_POINT('',(153.385,-90.248,1.56));
#9492=CARTESIAN_POINT('Origin',(153.385,-92.248,1.56));
#9493=CARTESIAN_POINT('',(153.385,-89.548,-0.44));
#9494=CARTESIAN_POINT('',(153.385,-92.248,0.56));
#9495=CARTESIAN_POINT('',(153.385,-99.4642510164897,0.56));
#9496=CARTESIAN_POINT('',(153.385,-92.248,1.56));
#9497=CARTESIAN_POINT('',(153.385,-92.248,1.56));
#9498=CARTESIAN_POINT('',(153.385,-91.248,1.56));
#9499=CARTESIAN_POINT('',(153.385,-89.548,1.56));
#9500=CARTESIAN_POINT('',(153.385,-91.248,1.56));
#9501=CARTESIAN_POINT('Origin',(149.2758,-106.680499967021,-0.44));
#9502=CARTESIAN_POINT('',(145.145,-92.248,-0.44));
#9503=CARTESIAN_POINT('Origin',(149.2758,-106.680502032979,0.56));
#9504=CARTESIAN_POINT('',(145.145,-92.248,0.56));
#9505=CARTESIAN_POINT('',(145.145,-98.9642510164897,0.56));
#9506=CARTESIAN_POINT('',(145.074874970881,-92.248,0.56));
#9507=CARTESIAN_POINT('',(147.2104,-92.248,0.56));
#9508=CARTESIAN_POINT('',(140.689002106229,-92.2458040659588,0.56));
#9509=CARTESIAN_POINT('',(147.178950015576,-92.2490534755928,0.56));
#9510=CARTESIAN_POINT('',(140.564919323236,-92.2478522011227,0.56));
#9511=CARTESIAN_POINT('',(144.862133062513,-92.1769215340809,0.56));
#9512=CARTESIAN_POINT('',(139.186111523539,-93.6259735727699,0.56));
#9513=CARTESIAN_POINT('Origin',(140.6840022631,-93.74580242562,0.56));
#9514=CARTESIAN_POINT('',(139.184,-93.750055969054,0.56));
#9515=CARTESIAN_POINT('',(139.076528992199,-100.065524365841,0.56));
#9516=CARTESIAN_POINT('',(139.184,-119.610741474932,0.56));
#9517=CARTESIAN_POINT('',(139.184,-100.215279001017,0.56));
#9518=CARTESIAN_POINT('',(139.18621249095,-119.734791188261,0.56));
#9519=CARTESIAN_POINT('',(139.07033252591,-113.237645314787,0.56));
#9520=CARTESIAN_POINT('',(140.56440881186,-121.112987508968,0.56));
#9521=CARTESIAN_POINT('Origin',(140.683998899,-119.6152011009,0.56));
#9522=CARTESIAN_POINT('',(140.688458525232,-121.1152,0.56));
#9523=CARTESIAN_POINT('',(144.790054768512,-121.188354098134,0.56));
#9524=CARTESIAN_POINT('',(157.863141474932,-121.1152,0.56));
#9525=CARTESIAN_POINT('',(144.982129262616,-121.1152,0.56));
#9526=CARTESIAN_POINT('',(157.987191188274,-121.11298750905,0.56));
#9527=CARTESIAN_POINT('',(153.699520370038,-121.189460340998,0.56));
#9528=CARTESIAN_POINT('',(159.365387509013,-119.734791189776,0.56));
#9529=CARTESIAN_POINT('Origin',(157.86760110099,-119.6152011009,0.56));
#9530=CARTESIAN_POINT('',(159.3676,-119.610741474913,0.56));
#9531=CARTESIAN_POINT('',(159.480161229101,-113.299670172633,0.56));
#9532=CARTESIAN_POINT('',(159.3676,-93.752458525068,0.56));
#9533=CARTESIAN_POINT('',(159.3676,-113.145621753946,0.56));
#9534=CARTESIAN_POINT('',(159.36538750905,-93.6284088117257,0.56));
#9535=CARTESIAN_POINT('',(159.481247897508,-100.12445706735,0.56));
#9536=CARTESIAN_POINT('',(157.987191188351,-92.2502124909469,0.56));
#9537=CARTESIAN_POINT('Origin',(157.86760110099,-93.747998899,0.56));
#9538=CARTESIAN_POINT('',(157.863141474941,-92.248,0.56));
#9539=CARTESIAN_POINT('',(153.761525649911,-92.1748455554556,0.56));
#9540=CARTESIAN_POINT('',(153.56947073747,-92.248,0.56));
#9541=CARTESIAN_POINT('Origin',(145.07512531256,-91.248,1.56));
#9542=CARTESIAN_POINT('',(145.145,-91.248,1.56));
#9543=CARTESIAN_POINT('',(145.07512531256,-91.248,1.56));
#9544=CARTESIAN_POINT('',(147.17546265628,-91.248,1.56));
#9545=CARTESIAN_POINT('',(145.145,-91.248,1.56));
#9546=CARTESIAN_POINT('',(145.07512531256,-91.248,1.56));
#9547=CARTESIAN_POINT('Origin',(140.680999893771,-91.2457999340412,1.56));
#9548=CARTESIAN_POINT('',(140.680999893771,-91.2457999340412,1.56));
#9549=CARTESIAN_POINT('',(144.982262818207,-91.2479535052842,1.56));
#9550=CARTESIAN_POINT('',(140.680999893771,-91.2457999340412,1.56));
#9551=CARTESIAN_POINT('Origin',(140.520984720801,-91.2484411764006,1.56));
#9552=CARTESIAN_POINT('',(140.520984720801,-91.2484411764006,1.56));
#9553=CARTESIAN_POINT('',(144.769872411188,-91.1783081887592,1.56));
#9554=CARTESIAN_POINT('',(140.520984720801,-91.2484411764006,1.56));
#9555=CARTESIAN_POINT('Origin',(140.6840022631,-93.74580242562,1.56));
#9556=CARTESIAN_POINT('',(138.1867229743,-93.5815341026581,1.56));
#9557=CARTESIAN_POINT('Origin',(140.6840022631,-93.74580242562,1.56));
#9558=CARTESIAN_POINT('',(138.1867229743,-93.5815341026581,1.56));
#9559=CARTESIAN_POINT('Origin',(138.184,-93.741548030946,1.56));
#9560=CARTESIAN_POINT('',(138.184,-93.741548030946,1.56));
#9561=CARTESIAN_POINT('',(138.075545627775,-100.114803239941,1.56));
#9562=CARTESIAN_POINT('',(138.184,-93.741548030946,1.56));
#9563=CARTESIAN_POINT('Origin',(138.184,-119.619658525068,1.56));
#9564=CARTESIAN_POINT('',(138.184,-119.619658525068,1.56));
#9565=CARTESIAN_POINT('',(138.184,-113.150079246044,1.56));
#9566=CARTESIAN_POINT('',(138.184,-119.619658525068,1.56));
#9567=CARTESIAN_POINT('Origin',(138.186853065773,-119.779623921192,1.56));
#9568=CARTESIAN_POINT('',(138.186853065773,-119.779623921192,1.56));
#9569=CARTESIAN_POINT('',(138.071838547839,-113.331001846431,1.56));
#9570=CARTESIAN_POINT('',(138.186853065773,-119.779623921192,1.56));
#9571=CARTESIAN_POINT('Origin',(140.683998899,-119.6152011009,1.56));
#9572=CARTESIAN_POINT('',(140.519576078622,-122.112346934122,1.56));
#9573=CARTESIAN_POINT('Origin',(140.683998899,-119.6152011009,1.56));
#9574=CARTESIAN_POINT('',(140.519576078622,-122.112346934122,1.56));
#9575=CARTESIAN_POINT('Origin',(140.679541474768,-122.1152,1.56));
#9576=CARTESIAN_POINT('',(140.679541474768,-122.1152,1.56));
#9577=CARTESIAN_POINT('',(144.838704740055,-122.189380835855,1.56));
#9578=CARTESIAN_POINT('',(140.679541474768,-122.1152,1.56));
#9579=CARTESIAN_POINT('Origin',(157.872058525068,-122.1152,1.56));
#9580=CARTESIAN_POINT('',(157.872058525068,-122.1152,1.56));
#9581=CARTESIAN_POINT('',(153.573929262534,-122.1152,1.56));
#9582=CARTESIAN_POINT('',(157.872058525068,-122.1152,1.56));
#9583=CARTESIAN_POINT('Origin',(158.032023921181,-122.112346934228,1.56));
#9584=CARTESIAN_POINT('',(158.032023921181,-122.112346934228,1.56));
#9585=CARTESIAN_POINT('',(153.792877952746,-122.187954300323,1.56));
#9586=CARTESIAN_POINT('',(158.032023921181,-122.112346934228,1.56));
#9587=CARTESIAN_POINT('Origin',(157.86760110099,-119.6152011009,1.56));
#9588=CARTESIAN_POINT('',(160.364746934179,-119.779623923193,1.56));
#9589=CARTESIAN_POINT('Origin',(157.86760110099,-119.6152011009,1.56));
#9590=CARTESIAN_POINT('',(160.364746934179,-119.779623923193,1.56));
#9591=CARTESIAN_POINT('Origin',(160.3676,-119.619658525088,1.56));
#9592=CARTESIAN_POINT('',(160.3676,-119.619658525088,1.56));
#9593=CARTESIAN_POINT('',(160.481187985553,-113.251019148844,1.56));
#9594=CARTESIAN_POINT('',(160.3676,-119.619658525088,1.56));
#9595=CARTESIAN_POINT('Origin',(160.3676,-93.743541474931,1.56));
#9596=CARTESIAN_POINT('',(160.3676,-93.743541474931,1.56));
#9597=CARTESIAN_POINT('',(160.3676,-100.212020720976,1.56));
#9598=CARTESIAN_POINT('',(160.3676,-93.743541474931,1.56));
#9599=CARTESIAN_POINT('Origin',(160.364746934228,-93.5835760788204,1.56));
#9600=CARTESIAN_POINT('',(160.364746934228,-93.5835760788204,1.56));
#9601=CARTESIAN_POINT('',(160.479741838742,-100.031098470412,1.56));
#9602=CARTESIAN_POINT('',(160.364746934228,-93.5835760788204,1.56));
#9603=CARTESIAN_POINT('Origin',(157.86760110099,-93.747998899,1.56));
#9604=CARTESIAN_POINT('',(158.032023921264,-91.2508530657685,1.56));
#9605=CARTESIAN_POINT('Origin',(157.86760110099,-93.747998899,1.56));
#9606=CARTESIAN_POINT('',(158.032023921264,-91.2508530657685,1.56));
#9607=CARTESIAN_POINT('Origin',(157.872058525059,-91.248,1.56));
#9608=CARTESIAN_POINT('',(157.872058525059,-91.248,1.56));
#9609=CARTESIAN_POINT('',(153.712875640996,-91.1738188171135,1.56));
#9610=CARTESIAN_POINT('',(157.872058525059,-91.248,1.56));
#9611=CARTESIAN_POINT('Origin',(153.385,-91.248,1.56));
#9612=CARTESIAN_POINT('',(151.3304,-91.248,1.56));
#9613=CARTESIAN_POINT('Origin',(140.672997681316,-90.2457958021236,1.56));
#9614=CARTESIAN_POINT('',(140.672997681316,-90.2457958021236,1.56));
#9615=CARTESIAN_POINT('',(145.07537558345,-90.248,1.56));
#9616=CARTESIAN_POINT('Origin',(140.48218177454,-90.2489454475384,1.56));
#9617=CARTESIAN_POINT('',(140.48218177454,-90.2489454475384,1.56));
#9618=CARTESIAN_POINT('Origin',(140.6840022631,-93.74580242562,1.56));
#9619=CARTESIAN_POINT('',(137.18724711768,-93.5422251976789,1.56));
#9620=CARTESIAN_POINT('Origin',(137.184,-93.7330400928358,1.56));
#9621=CARTESIAN_POINT('Origin',(137.187403548919,-119.819405403329,1.56));
#9622=CARTESIAN_POINT('',(137.187403548919,-119.819405403329,1.56));
#9623=CARTESIAN_POINT('Origin',(140.683998899,-119.6152011009,1.56));
#9624=CARTESIAN_POINT('',(140.479794596114,-123.111796450955,1.56));
#9625=CARTESIAN_POINT('Origin',(140.670624424303,-123.1152,1.56));
#9626=CARTESIAN_POINT('',(140.670624424303,-123.1152,1.56));
#9627=CARTESIAN_POINT('Origin',(157.880975575204,-123.1152,1.56));
#9628=CARTESIAN_POINT('',(157.880975575204,-123.1152,1.56));
#9629=CARTESIAN_POINT('Origin',(158.071805403298,-123.111796451082,1.56));
#9630=CARTESIAN_POINT('',(158.071805403298,-123.111796451082,1.56));
#9631=CARTESIAN_POINT('Origin',(157.86760110099,-119.6152011009,1.56));
#9632=CARTESIAN_POINT('',(161.364196451024,-119.81940540574,1.56));
#9633=CARTESIAN_POINT('Origin',(161.3676,-119.628575575263,1.56));
#9634=CARTESIAN_POINT('Origin',(145.07537558345,-90.248,1.56));
#9635=CARTESIAN_POINT('',(145.145,-90.248,1.56));
#9636=CARTESIAN_POINT('Origin',(145.145,-91.248,1.56));
#9637=CARTESIAN_POINT('',(145.145,-92.248,1.56));
#9638=CARTESIAN_POINT('',(145.145,-92.248,1.56));
#9639=CARTESIAN_POINT('',(145.145,-92.248,1.56));
#9640=CARTESIAN_POINT('Origin',(157.863141474941,-92.248,1.56));
#9641=CARTESIAN_POINT('',(157.863141474941,-92.248,1.56));
#9642=CARTESIAN_POINT('',(157.863141474941,-92.248,1.56));
#9643=CARTESIAN_POINT('',(157.863141474941,-92.248,1.56));
#9644=CARTESIAN_POINT('Origin',(157.987191188351,-92.2502124909469,1.56));
#9645=CARTESIAN_POINT('',(157.987191188351,-92.2502124909469,1.56));
#9646=CARTESIAN_POINT('',(157.987191188351,-92.2502124909469,1.56));
#9647=CARTESIAN_POINT('',(157.987191188351,-92.2502124909469,1.56));
#9648=CARTESIAN_POINT('Origin',(157.86760110099,-93.747998899,1.56));
#9649=CARTESIAN_POINT('',(159.36538750905,-93.6284088117257,1.56));
#9650=CARTESIAN_POINT('',(159.36538750905,-93.6284088117257,1.56));
#9651=CARTESIAN_POINT('Origin',(157.86760110099,-93.747998899,1.56));
#9652=CARTESIAN_POINT('Origin',(159.3676,-93.752458525068,1.56));
#9653=CARTESIAN_POINT('',(159.3676,-93.752458525068,1.56));
#9654=CARTESIAN_POINT('',(159.3676,-93.752458525068,1.56));
#9655=CARTESIAN_POINT('',(159.3676,-93.752458525068,1.56));
#9656=CARTESIAN_POINT('Origin',(159.3676,-119.610741474913,1.56));
#9657=CARTESIAN_POINT('',(159.3676,-119.610741474913,1.56));
#9658=CARTESIAN_POINT('',(159.3676,-119.610741474913,1.56));
#9659=CARTESIAN_POINT('',(159.3676,-119.610741474913,1.56));
#9660=CARTESIAN_POINT('Origin',(159.365387509013,-119.734791189776,1.56));
#9661=CARTESIAN_POINT('',(159.365387509013,-119.734791189776,1.56));
#9662=CARTESIAN_POINT('',(159.365387509013,-119.734791189776,1.56));
#9663=CARTESIAN_POINT('',(159.365387509013,-119.734791189776,1.56));
#9664=CARTESIAN_POINT('Origin',(157.86760110099,-119.6152011009,1.56));
#9665=CARTESIAN_POINT('',(157.987191188274,-121.11298750905,1.56));
#9666=CARTESIAN_POINT('',(157.987191188274,-121.11298750905,1.56));
#9667=CARTESIAN_POINT('Origin',(157.86760110099,-119.6152011009,1.56));
#9668=CARTESIAN_POINT('Origin',(157.863141474932,-121.1152,1.56));
#9669=CARTESIAN_POINT('',(157.863141474932,-121.1152,1.56));
#9670=CARTESIAN_POINT('',(157.863141474932,-121.1152,1.56));
#9671=CARTESIAN_POINT('',(157.863141474932,-121.1152,1.56));
#9672=CARTESIAN_POINT('Origin',(140.688458525232,-121.1152,1.56));
#9673=CARTESIAN_POINT('',(140.688458525232,-121.1152,1.56));
#9674=CARTESIAN_POINT('',(140.688458525232,-121.1152,1.56));
#9675=CARTESIAN_POINT('',(140.688458525232,-121.1152,1.56));
#9676=CARTESIAN_POINT('Origin',(140.56440881186,-121.112987508968,1.56));
#9677=CARTESIAN_POINT('',(140.56440881186,-121.112987508968,1.56));
#9678=CARTESIAN_POINT('',(140.56440881186,-121.112987508968,1.56));
#9679=CARTESIAN_POINT('',(140.56440881186,-121.112987508968,1.56));
#9680=CARTESIAN_POINT('Origin',(140.683998899,-119.6152011009,1.56));
#9681=CARTESIAN_POINT('',(139.18621249095,-119.734791188261,1.56));
#9682=CARTESIAN_POINT('',(139.18621249095,-119.734791188261,1.56));
#9683=CARTESIAN_POINT('Origin',(140.683998899,-119.6152011009,1.56));
#9684=CARTESIAN_POINT('Origin',(139.184,-119.610741474932,1.56));
#9685=CARTESIAN_POINT('',(139.184,-119.610741474932,1.56));
#9686=CARTESIAN_POINT('',(139.184,-119.610741474932,1.56));
#9687=CARTESIAN_POINT('',(139.184,-119.610741474932,1.56));
#9688=CARTESIAN_POINT('Origin',(139.184,-93.750055969054,1.56));
#9689=CARTESIAN_POINT('',(139.184,-93.750055969054,1.56));
#9690=CARTESIAN_POINT('',(139.184,-93.750055969054,1.56));
#9691=CARTESIAN_POINT('',(139.184,-93.750055969054,1.56));
#9692=CARTESIAN_POINT('Origin',(139.186111523539,-93.6259735727699,1.56));
#9693=CARTESIAN_POINT('',(139.186111523539,-93.6259735727699,1.56));
#9694=CARTESIAN_POINT('',(139.186111523539,-93.6259735727699,1.56));
#9695=CARTESIAN_POINT('',(139.186111523539,-93.6259735727699,1.56));
#9696=CARTESIAN_POINT('Origin',(140.6840022631,-93.74580242562,1.56));
#9697=CARTESIAN_POINT('',(140.564919323236,-92.2478522011227,1.56));
#9698=CARTESIAN_POINT('',(140.564919323236,-92.2478522011227,1.56));
#9699=CARTESIAN_POINT('Origin',(140.6840022631,-93.74580242562,1.56));
#9700=CARTESIAN_POINT('Origin',(140.689002106229,-92.2458040659588,1.56));
#9701=CARTESIAN_POINT('',(140.689002106229,-92.2458040659588,1.56));
#9702=CARTESIAN_POINT('',(140.689002106229,-92.2458040659588,1.56));
#9703=CARTESIAN_POINT('',(140.689002106229,-92.2458040659588,1.56));
#9704=CARTESIAN_POINT('Origin',(145.074874970881,-92.248,1.56));
#9705=CARTESIAN_POINT('',(145.074874970881,-92.248,1.56));
#9706=CARTESIAN_POINT('',(145.074874970881,-92.248,1.56));
#9707=CARTESIAN_POINT('',(145.074874970881,-92.248,1.56));
#9708=CARTESIAN_POINT('Origin',(145.145,-92.248,1.56));
#9709=CARTESIAN_POINT('',(147.145,-92.248,1.56));
#9710=CARTESIAN_POINT('Origin',(149.2758,-106.680499967021,1.56));
#9711=CARTESIAN_POINT('Origin',(152.213001262557,-102.246212402239,5.56));
#9712=CARTESIAN_POINT('',(154.309092026139,-100.138723244291,5.56));
#9713=CARTESIAN_POINT('',(154.599239745185,-100.545926266299,6.06));
#9714=CARTESIAN_POINT('Origin',(154.599239745185,-100.545926266299,5.56));
#9715=CARTESIAN_POINT('',(154.99559403811,-100.263508681432,6.06));
#9716=CARTESIAN_POINT('',(152.213001262557,-102.246212402239,6.06));
#9717=CARTESIAN_POINT('',(154.873603543346,-99.7364872090947,5.56));
#9718=CARTESIAN_POINT('Ctrl Pts',(154.99559403811,-100.263508681432,6.06));
#9719=CARTESIAN_POINT('Ctrl Pts',(154.996477871782,-100.234129968957,6.06));
#9720=CARTESIAN_POINT('Ctrl Pts',(154.996516797247,-100.204643872755,6.05835807393257));
#9721=CARTESIAN_POINT('Ctrl Pts',(154.993270961226,-100.128712482266,6.04911098449826));
#9722=CARTESIAN_POINT('Ctrl Pts',(154.986771139224,-100.071964641898,6.03764845781335));
#9723=CARTESIAN_POINT('Ctrl Pts',(154.958803084233,-99.9588914729404,5.98495291275506));
#9724=CARTESIAN_POINT('Ctrl Pts',(154.942560569584,-99.9119391683577,5.95106468466413));
#9725=CARTESIAN_POINT('Ctrl Pts',(154.911563448152,-99.8285596124435,5.86284205873278));
#9726=CARTESIAN_POINT('Ctrl Pts',(154.897467594929,-99.794480736159,5.80816384057068));
#9727=CARTESIAN_POINT('Ctrl Pts',(154.878522938206,-99.748318932847,5.6883017616596));
#9728=CARTESIAN_POINT('Ctrl Pts',(154.873603543346,-99.7364872090947,5.62450032509371));
#9729=CARTESIAN_POINT('Ctrl Pts',(154.873603543346,-99.7364872090947,5.56));
#9730=CARTESIAN_POINT('',(151.37635555082,-102.228410090619,5.56));
#9731=CARTESIAN_POINT('Ctrl Pts',(154.309092026139,-100.138723244291,5.56));
#9732=CARTESIAN_POINT('Ctrl Pts',(154.309092026139,-100.138723244291,5.56));
#9733=CARTESIAN_POINT('Ctrl Pts',(154.309092026139,-100.138723244291,5.56));
#9734=CARTESIAN_POINT('Ctrl Pts',(154.309092026139,-100.138723244291,6.06000000000001));
#9735=CARTESIAN_POINT('Ctrl Pts',(154.309092026139,-100.138723244291,6.06000000000001));
#9736=CARTESIAN_POINT('Ctrl Pts',(154.309092026139,-100.138723244291,6.06000000000001));
#9737=CARTESIAN_POINT('Ctrl Pts',(154.321867516153,-100.638560004499,6.06));
#9738=CARTESIAN_POINT('Ctrl Pts',(154.474717301851,-100.634653267207,6.06));
#9739=CARTESIAN_POINT('Ctrl Pts',(154.599239745185,-100.545926266299,6.06));
#9740=CARTESIAN_POINT('',(154.391956102059,-100.456368868652,6.02958588365533));
#9741=CARTESIAN_POINT('',(154.321867516153,-100.638560004499,6.06));
#9742=CARTESIAN_POINT('Ctrl Pts',(154.391956102059,-100.456368868652,6.02958588365533));
#9743=CARTESIAN_POINT('Ctrl Pts',(154.389279185616,-100.468805026177,6.03373931650262));
#9744=CARTESIAN_POINT('Ctrl Pts',(154.386691090935,-100.480801955253,6.03733458236997));
#9745=CARTESIAN_POINT('Ctrl Pts',(154.383992815457,-100.492420874075,6.04045236955653));
#9746=CARTESIAN_POINT('Ctrl Pts',(154.379423354831,-100.512097216422,6.04573226254768));
#9747=CARTESIAN_POINT('Ctrl Pts',(154.374547963182,-100.530694526888,6.04964281555041));
#9748=CARTESIAN_POINT('Ctrl Pts',(154.368554567816,-100.548587651513,6.05257590262754));
#9749=CARTESIAN_POINT('Ctrl Pts',(154.368134061461,-100.549843062202,6.05278169278133));
#9750=CARTESIAN_POINT('Ctrl Pts',(154.367708018368,-100.551094989762,6.05298267120903));
#9751=CARTESIAN_POINT('Ctrl Pts',(154.367276131015,-100.552343550076,6.05317897325664));
#9752=CARTESIAN_POINT('Ctrl Pts',(154.364535621496,-100.560266197972,6.05442459350162));
#9753=CARTESIAN_POINT('Ctrl Pts',(154.361594657681,-100.567962776932,6.05549043280132));
#9754=CARTESIAN_POINT('Ctrl Pts',(154.358340495843,-100.575556746465,6.05638393014171));
#9755=CARTESIAN_POINT('Ctrl Pts',(154.356302505149,-100.58031263754,6.05694350257723));
#9756=CARTESIAN_POINT('Ctrl Pts',(154.35414105911,-100.585027975265,6.05743547961562));
#9757=CARTESIAN_POINT('Ctrl Pts',(154.351818815285,-100.589728240837,6.05786168852756));
#9758=CARTESIAN_POINT('Ctrl Pts',(154.347670337289,-100.598124839031,6.05862307209754));
#9759=CARTESIAN_POINT('Ctrl Pts',(154.343010562851,-100.606474267403,6.05917457259224));
#9760=CARTESIAN_POINT('Ctrl Pts',(154.337742319601,-100.614979892044,6.05952660708708));
#9761=CARTESIAN_POINT('Ctrl Pts',(154.332981033982,-100.622667029173,6.0598447656645));
#9762=CARTESIAN_POINT('Ctrl Pts',(154.327720465702,-100.630480600884,6.06));
#9763=CARTESIAN_POINT('Ctrl Pts',(154.321867516153,-100.638560004499,6.06));
#9764=CARTESIAN_POINT('Origin',(154.309092026139,-100.138723244291,6.06));
#9765=CARTESIAN_POINT('Ctrl Pts',(154.309092026139,-100.138723244291,5.56));
#9766=CARTESIAN_POINT('Ctrl Pts',(154.309092026139,-100.138723244291,5.56002533407391));
#9767=CARTESIAN_POINT('Ctrl Pts',(154.30909202702,-100.138723246003,5.56005066822144));
#9768=CARTESIAN_POINT('Ctrl Pts',(154.309092030546,-100.138723252851,5.56010133623318));
#9769=CARTESIAN_POINT('Ctrl Pts',(154.30909203319,-100.138723257986,5.56012667017095));
#9770=CARTESIAN_POINT('Ctrl Pts',(154.309092043766,-100.138723278529,5.56020267301939));
#9771=CARTESIAN_POINT('Ctrl Pts',(154.309092054341,-100.138723299072,5.56025334107888));
#9772=CARTESIAN_POINT('Ctrl Pts',(154.309092096645,-100.138723381244,5.56040534538753));
#9773=CARTESIAN_POINT('Ctrl Pts',(154.309092138948,-100.138723463415,5.56050668169118));
#9774=CARTESIAN_POINT('Ctrl Pts',(154.309092308161,-100.138723792101,5.56081069003514));
#9775=CARTESIAN_POINT('Ctrl Pts',(154.309092477374,-100.138724120785,5.56101336188475));
#9776=CARTESIAN_POINT('Ctrl Pts',(154.309093154221,-100.138725435515,5.56162137299352));
#9777=CARTESIAN_POINT('Ctrl Pts',(154.309093831063,-100.138726750236,5.56202671118503));
#9778=CARTESIAN_POINT('Ctrl Pts',(154.309096538357,-100.138732008973,5.563242690147));
#9779=CARTESIAN_POINT('Ctrl Pts',(154.309099245572,-100.138737267556,5.56405332233649));
#9780=CARTESIAN_POINT('Ctrl Pts',(154.309110073234,-100.138758299568,5.56648493347033));
#9781=CARTESIAN_POINT('Ctrl Pts',(154.309120899638,-100.138779329133,5.56810584411548));
#9782=CARTESIAN_POINT('Ctrl Pts',(154.309164186134,-100.138863410272,5.57296629538074));
#9783=CARTESIAN_POINT('Ctrl Pts',(154.309207452514,-100.138947452312,5.57620529049635));
#9784=CARTESIAN_POINT('Ctrl Pts',(154.309380213448,-100.139283029709,5.58590411911162));
#9785=CARTESIAN_POINT('Ctrl Pts',(154.309552655049,-100.139617985199,5.59235961598694));
#9786=CARTESIAN_POINT('Ctrl Pts',(154.310237629669,-100.140948554871,5.61158367652246));
#9787=CARTESIAN_POINT('Ctrl Pts',(154.310917651483,-100.14226940712,5.62431839872775));
#9788=CARTESIAN_POINT('Ctrl Pts',(154.313566127101,-100.14741705236,5.6614698945051));
#9789=CARTESIAN_POINT('Ctrl Pts',(154.316144254407,-100.152423314758,5.68563986470476));
#9790=CARTESIAN_POINT('Ctrl Pts',(154.325560809034,-100.170880023225,5.75186855810274));
#9791=CARTESIAN_POINT('Ctrl Pts',(154.334208187589,-100.187723032025,5.79238228343736));
#9792=CARTESIAN_POINT('Ctrl Pts',(154.356724790794,-100.236716555971,5.87647258796244));
#9793=CARTESIAN_POINT('Ctrl Pts',(154.370256268653,-100.269427330373,5.91450356025257));
#9794=CARTESIAN_POINT('Ctrl Pts',(154.391289621762,-100.359793859182,5.99032740577933));
#9795=CARTESIAN_POINT('Ctrl Pts',(154.3912193436,-100.417744983833,6.0158508089225));
#9796=CARTESIAN_POINT('Ctrl Pts',(154.391956102059,-100.456368868652,6.02958588365533));
#9797=CARTESIAN_POINT('Origin',(149.203577474883,-104.266389815337,6.06));
#9798=CARTESIAN_POINT('',(154.262480983434,-100.710140101158,6.06));
#9799=CARTESIAN_POINT('Ctrl Pts',(154.321867516153,-100.638560004499,6.06));
#9800=CARTESIAN_POINT('Ctrl Pts',(154.303912987852,-100.663344411003,6.06));
#9801=CARTESIAN_POINT('Ctrl Pts',(154.283196985643,-100.686742256081,6.06));
#9802=CARTESIAN_POINT('Ctrl Pts',(154.262480983434,-100.710140101158,6.06));
#9803=CARTESIAN_POINT('',(153.86283445061,-100.869826080796,6.06));
#9804=CARTESIAN_POINT('Ctrl Pts',(154.262480983434,-100.710140101158,6.06));
#9805=CARTESIAN_POINT('Ctrl Pts',(154.20417793386,-100.758663986859,6.06));
#9806=CARTESIAN_POINT('Ctrl Pts',(154.08820229496,-100.855187045037,6.06));
#9807=CARTESIAN_POINT('Ctrl Pts',(153.937684319608,-100.864964118736,6.06));
#9808=CARTESIAN_POINT('Ctrl Pts',(153.86283445061,-100.869826080796,6.06));
#9809=CARTESIAN_POINT('',(153.409671535421,-100.651444714048,6.06));
#9810=CARTESIAN_POINT('Ctrl Pts',(153.86283445061,-100.869826080796,6.06));
#9811=CARTESIAN_POINT('Ctrl Pts',(153.783536514181,-100.856434816811,6.06));
#9812=CARTESIAN_POINT('Ctrl Pts',(153.612107054413,-100.827485045179,6.06));
#9813=CARTESIAN_POINT('Ctrl Pts',(153.480435775722,-100.712982137702,6.06));
#9814=CARTESIAN_POINT('Ctrl Pts',(153.409671535421,-100.651444714048,6.06));
#9815=CARTESIAN_POINT('',(154.625011315585,-99.4361049338836,6.06));
#9816=CARTESIAN_POINT('',(154.625011315585,-99.4361049338836,6.06));
#9817=CARTESIAN_POINT('',(153.571083849974,-98.8344772160039,6.06));
#9818=CARTESIAN_POINT('Ctrl Pts',(154.625011315585,-99.4361049338836,6.06));
#9819=CARTESIAN_POINT('Ctrl Pts',(154.457183177192,-99.2706226172487,6.06));
#9820=CARTESIAN_POINT('Ctrl Pts',(154.157380508898,-98.9750104478145,6.06));
#9821=CARTESIAN_POINT('Ctrl Pts',(153.750287907685,-98.8774317936916,6.06));
#9822=CARTESIAN_POINT('Ctrl Pts',(153.571083849974,-98.8344772160039,6.06));
#9823=CARTESIAN_POINT('',(152.655263177563,-99.2099550600178,6.06));
#9824=CARTESIAN_POINT('Ctrl Pts',(153.571083849974,-98.8344772160039,6.06));
#9825=CARTESIAN_POINT('Ctrl Pts',(153.403901704826,-98.8441199542153,6.06));
#9826=CARTESIAN_POINT('Ctrl Pts',(153.056560907958,-98.8641538900842,6.06));
#9827=CARTESIAN_POINT('Ctrl Pts',(152.79231973419,-99.0918524293795,6.06));
#9828=CARTESIAN_POINT('Ctrl Pts',(152.655263177563,-99.2099550600178,6.06));
#9829=CARTESIAN_POINT('',(152.310859362019,-100.070533015148,6.06));
#9830=CARTESIAN_POINT('Ctrl Pts',(152.655263177563,-99.2099550600178,6.06));
#9831=CARTESIAN_POINT('Ctrl Pts',(152.549817354886,-99.3360037953642,6.06));
#9832=CARTESIAN_POINT('Ctrl Pts',(152.341086019394,-99.5855188562526,6.06));
#9833=CARTESIAN_POINT('Ctrl Pts',(152.320865154413,-99.9099809924113,6.06));
#9834=CARTESIAN_POINT('Ctrl Pts',(152.310859362019,-100.070533015148,6.06));
#9835=CARTESIAN_POINT('',(152.786464631104,-101.022606720774,6.06));
#9836=CARTESIAN_POINT('Ctrl Pts',(152.310859362019,-100.070533015148,6.06));
#9837=CARTESIAN_POINT('Ctrl Pts',(152.340538173743,-100.238990734743,6.06));
#9838=CARTESIAN_POINT('Ctrl Pts',(152.404488322352,-100.601973468094,6.06));
#9839=CARTESIAN_POINT('Ctrl Pts',(152.653185861257,-100.875839810918,6.06));
#9840=CARTESIAN_POINT('Ctrl Pts',(152.786464631104,-101.022606720774,6.06));
#9841=CARTESIAN_POINT('',(153.599568376071,-101.473180133591,6.06));
#9842=CARTESIAN_POINT('Ctrl Pts',(152.786464631104,-101.022606720774,6.06));
#9843=CARTESIAN_POINT('Ctrl Pts',(152.911191124678,-101.135945148003,6.06));
#9844=CARTESIAN_POINT('Ctrl Pts',(153.147313458477,-101.350508495208,6.06));
#9845=CARTESIAN_POINT('Ctrl Pts',(153.45459950737,-101.433858131892,6.06));
#9846=CARTESIAN_POINT('Ctrl Pts',(153.599568376071,-101.473180133591,6.06));
#9847=CARTESIAN_POINT('',(154.61983231084,-101.077849438055,6.06));
#9848=CARTESIAN_POINT('Ctrl Pts',(153.599568376071,-101.473180133591,6.06));
#9849=CARTESIAN_POINT('Ctrl Pts',(153.781915188683,-101.472919577959,6.06));
#9850=CARTESIAN_POINT('Ctrl Pts',(154.170533962017,-101.472364280015,6.06));
#9851=CARTESIAN_POINT('Ctrl Pts',(154.464042943053,-101.214643214334,6.06));
#9852=CARTESIAN_POINT('Ctrl Pts',(154.61983231084,-101.077849438055,6.06));
#9853=CARTESIAN_POINT('',(154.984088977906,-100.435652849672,6.06));
#9854=CARTESIAN_POINT('Ctrl Pts',(154.61983231084,-101.077849438055,6.06));
#9855=CARTESIAN_POINT('Ctrl Pts',(154.709814477419,-100.979136562227,6.06));
#9856=CARTESIAN_POINT('Ctrl Pts',(154.880161183036,-100.792261608681,6.06));
#9857=CARTESIAN_POINT('Ctrl Pts',(154.950775317247,-100.549962435484,6.06));
#9858=CARTESIAN_POINT('Ctrl Pts',(154.984088977906,-100.435652849672,6.06));
#9859=CARTESIAN_POINT('Ctrl Pts',(154.984088977906,-100.435652849672,6.06));
#9860=CARTESIAN_POINT('Ctrl Pts',(154.988983206752,-100.378110778216,6.06));
#9861=CARTESIAN_POINT('Ctrl Pts',(154.993877435598,-100.32056870676,6.06));
#9862=CARTESIAN_POINT('Ctrl Pts',(154.99559403811,-100.263508681432,6.06));
#9863=CARTESIAN_POINT('',(153.846434268917,-99.6208227697893,6.06));
#9864=CARTESIAN_POINT('',(153.121373604615,-100.345883434092,6.06));
#9865=CARTESIAN_POINT('',(153.121373604615,-100.345883434092,6.06));
#9866=CARTESIAN_POINT('',(152.909034410069,-99.9298367195754,6.06));
#9867=CARTESIAN_POINT('Ctrl Pts',(153.121373604615,-100.345883434092,6.06));
#9868=CARTESIAN_POINT('Ctrl Pts',(153.062695687441,-100.282171677009,6.06));
#9869=CARTESIAN_POINT('Ctrl Pts',(152.952781455684,-100.162828162941,6.06));
#9870=CARTESIAN_POINT('Ctrl Pts',(152.922943375581,-100.003914177944,6.06));
#9871=CARTESIAN_POINT('Ctrl Pts',(152.909034410069,-99.9298367195754,6.06));
#9872=CARTESIAN_POINT('',(153.055772877845,-99.551769373189,6.06));
#9873=CARTESIAN_POINT('Ctrl Pts',(152.909034410069,-99.9298367195754,6.06));
#9874=CARTESIAN_POINT('Ctrl Pts',(152.912297138437,-99.859103870606,6.06));
#9875=CARTESIAN_POINT('Ctrl Pts',(152.918865104392,-99.7167166132211,6.06));
#9876=CARTESIAN_POINT('Ctrl Pts',(153.009940467236,-99.6069885140982,6.06));
#9877=CARTESIAN_POINT('Ctrl Pts',(153.055772877845,-99.551769373189,6.06));
#9878=CARTESIAN_POINT('',(153.417440042538,-99.409346742701,6.06));
#9879=CARTESIAN_POINT('Ctrl Pts',(153.055772877845,-99.551769373189,6.06));
#9880=CARTESIAN_POINT('Ctrl Pts',(153.108115492279,-99.5087235953866,6.06));
#9881=CARTESIAN_POINT('Ctrl Pts',(153.213269009904,-99.4222469261608,6.06));
#9882=CARTESIAN_POINT('Ctrl Pts',(153.349181275259,-99.4136595514735,6.06));
#9883=CARTESIAN_POINT('Ctrl Pts',(153.417440042538,-99.409346742701,6.06));
#9884=CARTESIAN_POINT('Ctrl Pts',(153.417440042538,-99.409346742701,6.06));
#9885=CARTESIAN_POINT('Ctrl Pts',(153.491353940626,-99.4224015236233,6.06));
#9886=CARTESIAN_POINT('Ctrl Pts',(153.654054199077,-99.4511378815346,6.06));
#9887=CARTESIAN_POINT('Ctrl Pts',(153.778515242895,-99.5609161882473,6.06));
#9888=CARTESIAN_POINT('Ctrl Pts',(153.846434268917,-99.6208227697893,6.06));
#9889=CARTESIAN_POINT('Ctrl Pts',(154.391956102059,-100.456368868652,5.56));
#9890=CARTESIAN_POINT('Ctrl Pts',(154.391956102059,-100.456368868652,6.06));
#9891=CARTESIAN_POINT('Ctrl Pts',(154.382015783031,-100.502548634028,5.56));
#9892=CARTESIAN_POINT('Ctrl Pts',(154.382015783031,-100.502548634028,6.06));
#9893=CARTESIAN_POINT('Ctrl Pts',(154.361373880797,-100.598444771701,5.56));
#9894=CARTESIAN_POINT('Ctrl Pts',(154.361373880797,-100.598444771701,6.06));
#9895=CARTESIAN_POINT('Ctrl Pts',(154.296245912723,-100.672004046885,5.56));
#9896=CARTESIAN_POINT('Ctrl Pts',(154.296245912723,-100.672004046885,6.06));
#9897=CARTESIAN_POINT('Ctrl Pts',(154.262480983434,-100.710140101158,5.56));
#9898=CARTESIAN_POINT('Ctrl Pts',(154.262480983434,-100.710140101158,6.06));
#9899=CARTESIAN_POINT('',(154.391956102059,-100.456368868652,5.56));
#9900=CARTESIAN_POINT('',(154.391956102059,-100.456368868652,5.56));
#9901=CARTESIAN_POINT('',(154.262480983434,-100.710140101158,5.56));
#9902=CARTESIAN_POINT('Ctrl Pts',(154.262480983434,-100.710140101158,5.56));
#9903=CARTESIAN_POINT('Ctrl Pts',(154.296245912723,-100.672004046885,5.56));
#9904=CARTESIAN_POINT('Ctrl Pts',(154.361373880797,-100.598444771701,5.56));
#9905=CARTESIAN_POINT('Ctrl Pts',(154.382015783031,-100.502548634028,5.56));
#9906=CARTESIAN_POINT('Ctrl Pts',(154.391956102059,-100.456368868652,5.56));
#9907=CARTESIAN_POINT('',(154.262480983434,-100.710140101158,5.56));
#9908=CARTESIAN_POINT('Origin',(148.559217884026,-106.956680829846,5.56));
#9909=CARTESIAN_POINT('',(146.918774803363,-107.807280945745,6.06));
#9910=CARTESIAN_POINT('',(146.721850496155,-107.346171092974,5.56));
#9911=CARTESIAN_POINT('Ctrl Pts',(146.918774803363,-107.807280945745,6.06));
#9912=CARTESIAN_POINT('Ctrl Pts',(146.911370967274,-107.779449988531,6.06000035584604));
#9913=CARTESIAN_POINT('Ctrl Pts',(146.902925462063,-107.75199616077,6.05762967323312));
#9914=CARTESIAN_POINT('Ctrl Pts',(146.893742690404,-107.725092633735,6.0528104673703));
#9915=CARTESIAN_POINT('Ctrl Pts',(146.880788001892,-107.687138209346,6.0460117236853));
#9916=CARTESIAN_POINT('Ctrl Pts',(146.866535525717,-107.650745670277,6.0344183511002));
#9917=CARTESIAN_POINT('Ctrl Pts',(146.852020840666,-107.616399772581,6.01817738680075));
#9918=CARTESIAN_POINT('Ctrl Pts',(146.842126045141,-107.592985855325,6.00710577068975));
#9919=CARTESIAN_POINT('Ctrl Pts',(146.832187322288,-107.57070343232,5.99396031551436));
#9920=CARTESIAN_POINT('Ctrl Pts',(146.82250708468,-107.549684335374,5.97889616195543));
#9921=CARTESIAN_POINT('Ctrl Pts',(146.812978242274,-107.528993969042,5.96406760597967));
#9922=CARTESIAN_POINT('Ctrl Pts',(146.803699973828,-107.509527696917,5.94737989772479));
#9923=CARTESIAN_POINT('Ctrl Pts',(146.794910535638,-107.491422589854,5.92898101209705));
#9924=CARTESIAN_POINT('Ctrl Pts',(146.79279622107,-107.487067375016,5.92455512831734));
#9925=CARTESIAN_POINT('Ctrl Pts',(146.790709960782,-107.482790976532,5.92003022702773));
#9926=CARTESIAN_POINT('Ctrl Pts',(146.788654633347,-107.478595401198,5.91540836797358));
#9927=CARTESIAN_POINT('Ctrl Pts',(146.78012474385,-107.461183190683,5.89622702181322));
#9928=CARTESIAN_POINT('Ctrl Pts',(146.772201319637,-107.445303853533,5.87553392335676));
#9929=CARTESIAN_POINT('Ctrl Pts',(146.765039953261,-107.431059521963,5.85355417561971));
#9930=CARTESIAN_POINT('Ctrl Pts',(146.757112645983,-107.415291693956,5.82922359329163));
#9931=CARTESIAN_POINT('Ctrl Pts',(146.750118680692,-107.401527417778,5.80331641728448));
#9932=CARTESIAN_POINT('Ctrl Pts',(146.744205737027,-107.389919528916,5.77613797846616));
#9933=CARTESIAN_POINT('Ctrl Pts',(146.742602646515,-107.38677245065,5.76876948320012));
#9934=CARTESIAN_POINT('Ctrl Pts',(146.741078715118,-107.383783942296,5.76130754554205));
#9935=CARTESIAN_POINT('Ctrl Pts',(146.739636290398,-107.380957183944,5.75375825011417));
#9936=CARTESIAN_POINT('Ctrl Pts',(146.732767989654,-107.36749719104,5.71781125704402));
#9937=CARTESIAN_POINT('Ctrl Pts',(146.72783648362,-107.357867772511,5.68030666785004));
#9938=CARTESIAN_POINT('Ctrl Pts',(146.724936231402,-107.35220047639,5.64202347099805));
#9939=CARTESIAN_POINT('Ctrl Pts',(146.722887425521,-107.348196966092,5.61497932691593));
#9940=CARTESIAN_POINT('Ctrl Pts',(146.721850496155,-107.346171092974,5.58754663118166));
#9941=CARTESIAN_POINT('Ctrl Pts',(146.721850496155,-107.346171092974,5.56));
#9942=CARTESIAN_POINT('',(146.069295898283,-107.684532736315,5.56));
#9943=CARTESIAN_POINT('',(147.864257877153,-106.753811710234,5.56));
#9944=CARTESIAN_POINT('',(146.252992852473,-108.152501216577,6.06));
#9945=CARTESIAN_POINT('Ctrl Pts',(146.069295898283,-107.684532736315,5.56));
#9946=CARTESIAN_POINT('Ctrl Pts',(146.069295898283,-107.684532736315,5.59731103776554));
#9947=CARTESIAN_POINT('Ctrl Pts',(146.071411619893,-107.688139949759,5.63450330600801));
#9948=CARTESIAN_POINT('Ctrl Pts',(146.075599151087,-107.695288652922,5.67088328969747));
#9949=CARTESIAN_POINT('Ctrl Pts',(146.078822872721,-107.700791997966,5.69888999222586));
#9950=CARTESIAN_POINT('Ctrl Pts',(146.083259703459,-107.708365317531,5.72627602401764));
#9951=CARTESIAN_POINT('Ctrl Pts',(146.088832149744,-107.717931449634,5.75274268474716));
#9952=CARTESIAN_POINT('Ctrl Pts',(146.090607743274,-107.720979583506,5.76117597044507));
#9953=CARTESIAN_POINT('Ctrl Pts',(146.092498301515,-107.724230148896,5.769515912197));
#9954=CARTESIAN_POINT('Ctrl Pts',(146.094500122085,-107.727681009717,5.77775284663125));
#9955=CARTESIAN_POINT('Ctrl Pts',(146.099752328897,-107.736735085284,5.79936421570371));
#9956=CARTESIAN_POINT('Ctrl Pts',(146.105736499333,-107.747102835733,5.82012768008778));
#9957=CARTESIAN_POINT('Ctrl Pts',(146.11234071601,-107.758723256338,5.83990208949259));
#9958=CARTESIAN_POINT('Ctrl Pts',(146.118393712743,-107.769373780296,5.85802603081035));
#9959=CARTESIAN_POINT('Ctrl Pts',(146.124967845631,-107.781076510399,5.87531912966329));
#9960=CARTESIAN_POINT('Ctrl Pts',(146.131936380166,-107.793796702066,5.89167271117496));
#9961=CARTESIAN_POINT('Ctrl Pts',(146.138508237644,-107.805792809182,5.90709538094955));
#9962=CARTESIAN_POINT('Ctrl Pts',(146.145431033536,-107.818693790362,5.92168245124604));
#9963=CARTESIAN_POINT('Ctrl Pts',(146.152557655315,-107.8324828014,5.93534276943641));
#9964=CARTESIAN_POINT('Ctrl Pts',(146.160243710427,-107.847354237273,5.95007541018879));
#9965=CARTESIAN_POINT('Ctrl Pts',(146.168112611173,-107.863153873592,5.96361707249109));
#9966=CARTESIAN_POINT('Ctrl Pts',(146.175922368,-107.879844143635,5.97590169273001));
#9967=CARTESIAN_POINT('Ctrl Pts',(146.183966253423,-107.897034771062,5.98855459343642));
#9968=CARTESIAN_POINT('Ctrl Pts',(146.19194740158,-107.915170231459,5.99987395263116));
#9969=CARTESIAN_POINT('Ctrl Pts',(146.199547176985,-107.93422581676,6.00978758523843));
#9970=CARTESIAN_POINT('Ctrl Pts',(146.204239163088,-107.945990446192,6.01590811169334));
#9971=CARTESIAN_POINT('Ctrl Pts',(146.208784691042,-107.958106123382,6.02149282572669));
#9972=CARTESIAN_POINT('Ctrl Pts',(146.213099386726,-107.970569863868,6.02652474039292));
#9973=CARTESIAN_POINT('Ctrl Pts',(146.215990284595,-107.978920719513,6.0298961835841));
#9974=CARTESIAN_POINT('Ctrl Pts',(146.21909186585,-107.98832411458,6.03340242000626));
#9975=CARTESIAN_POINT('Ctrl Pts',(146.222264752427,-107.998819831948,6.03682165549101));
#9976=CARTESIAN_POINT('Ctrl Pts',(146.223347318475,-108.00240089512,6.03798827401193));
#9977=CARTESIAN_POINT('Ctrl Pts',(146.224437772756,-108.006109242622,6.03914476453402));
#9978=CARTESIAN_POINT('Ctrl Pts',(146.225529208091,-108.009946867794,6.04028231758919));
#9979=CARTESIAN_POINT('Ctrl Pts',(146.229462260672,-108.023775979878,6.0443815581349));
#9980=CARTESIAN_POINT('Ctrl Pts',(146.23340374697,-108.039285143266,6.04823488348104));
#9981=CARTESIAN_POINT('Ctrl Pts',(146.237145889078,-108.056532848588,6.05143005857669));
#9982=CARTESIAN_POINT('Ctrl Pts',(146.24020364355,-108.070626179776,6.05404087897201));
#9983=CARTESIAN_POINT('Ctrl Pts',(146.243127713086,-108.085880467927,6.05621226935084));
#9984=CARTESIAN_POINT('Ctrl Pts',(146.245840393305,-108.10231688012,6.05771932843787));
#9985=CARTESIAN_POINT('Ctrl Pts',(146.24715397801,-108.110276026766,6.05844910475021));
#9986=CARTESIAN_POINT('Ctrl Pts',(146.248418625902,-108.118512176034,6.05902310394102));
#9987=CARTESIAN_POINT('Ctrl Pts',(146.249629919795,-108.127026403704,6.05941578898155));
#9988=CARTESIAN_POINT('Ctrl Pts',(146.250834172934,-108.135491141671,6.05980619150545));
#9989=CARTESIAN_POINT('Ctrl Pts',(146.251951274033,-108.143987189366,6.05999988672416));
#9990=CARTESIAN_POINT('Ctrl Pts',(146.252992852473,-108.152501216577,6.06));
#9991=CARTESIAN_POINT('',(148.559217884026,-106.956680829846,6.06));
#9992=CARTESIAN_POINT('Origin',(149.203577474883,-104.266389815337,6.06));
#9993=CARTESIAN_POINT('',(146.266098078594,-108.302560635887,6.06));
#9994=CARTESIAN_POINT('Ctrl Pts',(146.252992852473,-108.152501216577,6.06));
#9995=CARTESIAN_POINT('Ctrl Pts',(146.25904986296,-108.202012180072,6.06));
#9996=CARTESIAN_POINT('Ctrl Pts',(146.262573970777,-108.252286407979,6.06));
#9997=CARTESIAN_POINT('Ctrl Pts',(146.266098078594,-108.302560635887,6.06));
#9998=CARTESIAN_POINT('',(146.045127209473,-108.782481742259,6.06));
#9999=CARTESIAN_POINT('Ctrl Pts',(146.266098078594,-108.302560635887,6.06));
#10000=CARTESIAN_POINT('Ctrl Pts',(146.252205606309,-108.391977644923,6.06));
#10001=CARTESIAN_POINT('Ctrl Pts',(146.224109620389,-108.572813638364,6.06));
#10002=CARTESIAN_POINT('Ctrl Pts',(146.105226717521,-108.712078456075,6.06));
#10003=CARTESIAN_POINT('Ctrl Pts',(146.045127209473,-108.782481742259,6.06));
#10004=CARTESIAN_POINT('',(145.3925726116,-109.02762130019,6.06));
#10005=CARTESIAN_POINT('Ctrl Pts',(146.045127209473,-108.782481742259,6.06));
#10006=CARTESIAN_POINT('Ctrl Pts',(145.949507216937,-108.861798347222,6.06));
#10007=CARTESIAN_POINT('Ctrl Pts',(145.760114922319,-109.01889890137,6.06));
#10008=CARTESIAN_POINT('Ctrl Pts',(145.514287292709,-109.02473280556,6.06));
#10009=CARTESIAN_POINT('Ctrl Pts',(145.3925726116,-109.02762130019,6.06));
#10010=CARTESIAN_POINT('',(144.536310493757,-108.516626165348,6.06));
#10011=CARTESIAN_POINT('Ctrl Pts',(145.3925726116,-109.02762130019,6.06));
#10012=CARTESIAN_POINT('Ctrl Pts',(145.253538508239,-108.988687916695,6.06));
#10013=CARTESIAN_POINT('Ctrl Pts',(144.924265866491,-108.896482495684,6.06));
#10014=CARTESIAN_POINT('Ctrl Pts',(144.67837493027,-108.655724833179,6.06));
#10015=CARTESIAN_POINT('Ctrl Pts',(144.536310493757,-108.516626165348,6.06));
#10016=CARTESIAN_POINT('',(144.057252554843,-107.687122238687,6.06));
#10017=CARTESIAN_POINT('Ctrl Pts',(144.536310493757,-108.516626165348,6.06));
#10018=CARTESIAN_POINT('Ctrl Pts',(144.404925597424,-108.380879499756,6.06));
#10019=CARTESIAN_POINT('Ctrl Pts',(144.174575808682,-108.14288246498,6.06));
#10020=CARTESIAN_POINT('Ctrl Pts',(144.092510269904,-107.824086256209,6.06));
#10021=CARTESIAN_POINT('Ctrl Pts',(144.057252554843,-107.687122238687,6.06));
#10022=CARTESIAN_POINT('',(144.311886954807,-107.028525468612,6.06));
#10023=CARTESIAN_POINT('Ctrl Pts',(144.057252554843,-107.687122238687,6.06));
#10024=CARTESIAN_POINT('Ctrl Pts',(144.061845279574,-107.564714273369,6.06));
#10025=CARTESIAN_POINT('Ctrl Pts',(144.071167264504,-107.316259320196,6.06));
#10026=CARTESIAN_POINT('Ctrl Pts',(144.23086736971,-107.125368719134,6.06));
#10027=CARTESIAN_POINT('Ctrl Pts',(144.311886954807,-107.028525468612,6.06));
#10028=CARTESIAN_POINT('',(144.757088678808,-106.799474563731,6.06));
#10029=CARTESIAN_POINT('Ctrl Pts',(144.311886954807,-107.028525468612,6.06));
#10030=CARTESIAN_POINT('Ctrl Pts',(144.38062287717,-106.968089152125,6.06));
#10031=CARTESIAN_POINT('Ctrl Pts',(144.510272445354,-106.854094285019,6.06));
#10032=CARTESIAN_POINT('Ctrl Pts',(144.677858432633,-106.816260663654,6.06));
#10033=CARTESIAN_POINT('Ctrl Pts',(144.757088678808,-106.799474563731,6.06));
#10034=CARTESIAN_POINT('',(145.1796574673,-106.111615952868,6.06));
#10035=CARTESIAN_POINT('',(145.974565800461,-104.817662029382,6.06));
#10036=CARTESIAN_POINT('',(144.929914854379,-106.085946605019,6.06));
#10037=CARTESIAN_POINT('Ctrl Pts',(145.1796574673,-106.111615952868,6.06));
#10038=CARTESIAN_POINT('Ctrl Pts',(145.09779704472,-106.098009257692,6.06));
#10039=CARTESIAN_POINT('Ctrl Pts',(145.013855949549,-106.091977931355,6.06));
#10040=CARTESIAN_POINT('Ctrl Pts',(144.929914854379,-106.085946605019,6.06));
#10041=CARTESIAN_POINT('',(143.901019245035,-106.565867711391,6.06));
#10042=CARTESIAN_POINT('Ctrl Pts',(144.929914854379,-106.085946605019,6.06));
#10043=CARTESIAN_POINT('Ctrl Pts',(144.742944812888,-106.112876361718,6.06));
#10044=CARTESIAN_POINT('Ctrl Pts',(144.352629640058,-106.169094419736,6.06));
#10045=CARTESIAN_POINT('Ctrl Pts',(144.055708339868,-106.429961846477,6.06));
#10046=CARTESIAN_POINT('Ctrl Pts',(143.901019245035,-106.565867711391,6.06));
#10047=CARTESIAN_POINT('',(143.392613612566,-107.773438984438,6.06));
#10048=CARTESIAN_POINT('Ctrl Pts',(143.901019245035,-106.565867711391,6.06));
#10049=CARTESIAN_POINT('Ctrl Pts',(143.746826958237,-106.745524444308,6.06));
#10050=CARTESIAN_POINT('Ctrl Pts',(143.447445998678,-107.094347373193,6.06));
#10051=CARTESIAN_POINT('Ctrl Pts',(143.410520911637,-107.551659531789,6.06));
#10052=CARTESIAN_POINT('Ctrl Pts',(143.392613612566,-107.773438984438,6.06));
#10053=CARTESIAN_POINT('',(144.047757712811,-109.081137682555,6.06));
#10054=CARTESIAN_POINT('Ctrl Pts',(143.392613612566,-107.773438984438,6.06));
#10055=CARTESIAN_POINT('Ctrl Pts',(143.432953716434,-108.003809250859,6.06));
#10056=CARTESIAN_POINT('Ctrl Pts',(143.520350612452,-108.502906781346,6.06));
#10057=CARTESIAN_POINT('Ctrl Pts',(143.863173067806,-108.878765462769,6.06));
#10058=CARTESIAN_POINT('Ctrl Pts',(144.047757712811,-109.081137682555,6.06));
#10059=CARTESIAN_POINT('',(145.314024372968,-109.69830241467,6.06));
#10060=CARTESIAN_POINT('Ctrl Pts',(144.047757712811,-109.081137682555,6.06));
#10061=CARTESIAN_POINT('Ctrl Pts',(144.24169474181,-109.255724336879,6.06));
#10062=CARTESIAN_POINT('Ctrl Pts',(144.606077123593,-109.583749888568,6.06));
#10063=CARTESIAN_POINT('Ctrl Pts',(145.088407205283,-109.661795434082,6.06));
#10064=CARTESIAN_POINT('Ctrl Pts',(145.314024372968,-109.69830241467,6.06));
#10065=CARTESIAN_POINT('',(146.487068947714,-109.21406547101,6.06));
#10066=CARTESIAN_POINT('Ctrl Pts',(145.314024372968,-109.69830241467,6.06));
#10067=CARTESIAN_POINT('Ctrl Pts',(145.531586138125,-109.681624818227,6.06));
#10068=CARTESIAN_POINT('Ctrl Pts',(145.974637791589,-109.647661880511,6.06));
#10069=CARTESIAN_POINT('Ctrl Pts',(146.314232950338,-109.360311590121,6.06));
#10070=CARTESIAN_POINT('Ctrl Pts',(146.487068947714,-109.21406547101,6.06));
#10071=CARTESIAN_POINT('',(146.958358379511,-108.340540004017,6.06));
#10072=CARTESIAN_POINT('Ctrl Pts',(146.487068947714,-109.21406547101,6.06));
#10073=CARTESIAN_POINT('Ctrl Pts',(146.60782052614,-109.080534219163,6.06));
#10074=CARTESIAN_POINT('Ctrl Pts',(146.836812825726,-108.827306652072,6.06));
#10075=CARTESIAN_POINT('Ctrl Pts',(146.91934624966,-108.496776107188,6.06));
#10076=CARTESIAN_POINT('Ctrl Pts',(146.958358379511,-108.340540004017,6.06));
#10077=CARTESIAN_POINT('Ctrl Pts',(146.958358379511,-108.340540004017,6.06));
#10078=CARTESIAN_POINT('Ctrl Pts',(146.96133324641,-108.177273675156,6.06));
#10079=CARTESIAN_POINT('Ctrl Pts',(146.964639939653,-107.995796088193,6.06));
#10080=CARTESIAN_POINT('Ctrl Pts',(146.923326295732,-107.82438996705,6.06));
#10081=CARTESIAN_POINT('Ctrl Pts',(146.918774803363,-107.807280945745,6.06));
#10082=CARTESIAN_POINT('Ctrl Pts',(146.069295898283,-107.684532736315,5.56));
#10083=CARTESIAN_POINT('Ctrl Pts',(146.069295898283,-107.684532736315,6.06));
#10084=CARTESIAN_POINT('Ctrl Pts',(146.13114987285,-107.790058153815,5.56));
#10085=CARTESIAN_POINT('Ctrl Pts',(146.13114987285,-107.790058153815,6.06));
#10086=CARTESIAN_POINT('Ctrl Pts',(146.243623503969,-107.981942781515,5.56));
#10087=CARTESIAN_POINT('Ctrl Pts',(146.243623503969,-107.981942781515,6.06));
#10088=CARTESIAN_POINT('Ctrl Pts',(146.259122590731,-108.203049700124,5.56));
#10089=CARTESIAN_POINT('Ctrl Pts',(146.259122590731,-108.203049700124,6.06));
#10090=CARTESIAN_POINT('Ctrl Pts',(146.266098078594,-108.302560635887,5.56));
#10091=CARTESIAN_POINT('Ctrl Pts',(146.266098078594,-108.302560635887,6.06));
#10092=CARTESIAN_POINT('',(146.266098078594,-108.302560635887,5.56));
#10093=CARTESIAN_POINT('Ctrl Pts',(146.266098078594,-108.302560635887,5.56));
#10094=CARTESIAN_POINT('Ctrl Pts',(146.259122590731,-108.203049700124,5.56));
#10095=CARTESIAN_POINT('Ctrl Pts',(146.243623503969,-107.981942781515,5.56));
#10096=CARTESIAN_POINT('Ctrl Pts',(146.13114987285,-107.790058153815,5.56));
#10097=CARTESIAN_POINT('Ctrl Pts',(146.069295898283,-107.684532736315,5.56));
#10098=CARTESIAN_POINT('',(146.266098078594,-108.302560635887,5.56));
#10099=CARTESIAN_POINT('Origin',(145.974565800461,-104.817662029382,5.56));
#10100=CARTESIAN_POINT('',(145.654975518681,-106.29310679482,5.56));
#10101=CARTESIAN_POINT('Ctrl Pts',(145.654975518681,-106.29310679482,5.56));
#10102=CARTESIAN_POINT('Ctrl Pts',(145.654975518681,-106.29310679482,5.59442659589794));
#10103=CARTESIAN_POINT('Ctrl Pts',(145.651803176094,-106.291477946597,5.62875955593162));
#10104=CARTESIAN_POINT('Ctrl Pts',(145.645509299925,-106.288248532288,5.66245130524263));
#10105=CARTESIAN_POINT('Ctrl Pts',(145.639513882038,-106.285172258178,5.69454537748007));
#10106=CARTESIAN_POINT('Ctrl Pts',(145.630718189518,-106.280657103422,5.72589192907781));
#10107=CARTESIAN_POINT('Ctrl Pts',(145.619241973377,-106.27479522844,5.75603481218793));
#10108=CARTESIAN_POINT('Ctrl Pts',(145.618418590787,-106.274374657256,5.75819746970967));
#10109=CARTESIAN_POINT('Ctrl Pts',(145.617581403614,-106.273947176557,5.76035393121139));
#10110=CARTESIAN_POINT('Ctrl Pts',(145.61673045276,-106.273512832483,5.76250402822622));
#10111=CARTESIAN_POINT('Ctrl Pts',(145.606902941087,-106.268496653888,5.78733519610669));
#10112=CARTESIAN_POINT('Ctrl Pts',(145.595303701239,-106.262593355409,5.81116772413398));
#10113=CARTESIAN_POINT('Ctrl Pts',(145.582037901985,-106.255921743985,5.83377883096717));
#10114=CARTESIAN_POINT('Ctrl Pts',(145.570031994293,-106.249883754914,5.85424249518101));
#10115=CARTESIAN_POINT('Ctrl Pts',(145.556661152888,-106.243216089947,5.87370572501113));
#10116=CARTESIAN_POINT('Ctrl Pts',(145.541991704107,-106.236049174749,5.89200337617199));
#10117=CARTESIAN_POINT('Ctrl Pts',(145.536530046516,-106.233380823854,5.89881586836804));
#10118=CARTESIAN_POINT('Ctrl Pts',(145.53088824672,-106.230643745059,5.9054667897403));
#10119=CARTESIAN_POINT('Ctrl Pts',(145.525069222337,-106.227846509929,5.91194761722824));
#10120=CARTESIAN_POINT('Ctrl Pts',(145.509476406384,-106.22035096262,5.9293138187741));
#10121=CARTESIAN_POINT('Ctrl Pts',(145.492733762747,-106.212478502675,5.94532039296348));
#10122=CARTESIAN_POINT('Ctrl Pts',(145.474921507917,-106.204437290538,5.95987218163922));
#10123=CARTESIAN_POINT('Ctrl Pts',(145.456969651079,-106.196333056095,5.9745380187008));
#10124=CARTESIAN_POINT('Ctrl Pts',(145.43793136464,-106.18805736564,5.98772617737706));
#10125=CARTESIAN_POINT('Ctrl Pts',(145.41787454169,-106.179875100569,5.99933924454827));
#10126=CARTESIAN_POINT('Ctrl Pts',(145.408054730716,-106.175869067484,6.0050249967101));
#10127=CARTESIAN_POINT('Ctrl Pts',(145.397990551541,-106.171886219832,6.01033318731922));
#10128=CARTESIAN_POINT('Ctrl Pts',(145.387688774777,-106.16796200373,6.0152523838966));
#10129=CARTESIAN_POINT('Ctrl Pts',(145.378930104607,-106.164625597272,6.01943473237022));
#10130=CARTESIAN_POINT('Ctrl Pts',(145.368870712184,-106.160897477258,6.023892870393));
#10131=CARTESIAN_POINT('Ctrl Pts',(145.357482857074,-106.156896402948,6.02831469664389));
#10132=CARTESIAN_POINT('Ctrl Pts',(145.34675055466,-106.153125654281,6.03248197626674));
#10133=CARTESIAN_POINT('Ctrl Pts',(145.334838433077,-106.149112117933,6.03661700442963));
#10134=CARTESIAN_POINT('Ctrl Pts',(145.321711201257,-106.144999149592,6.04045853581607));
#10135=CARTESIAN_POINT('Ctrl Pts',(145.309245685876,-106.141093507427,6.04410642359901));
#10136=CARTESIAN_POINT('Ctrl Pts',(145.29568456642,-106.137097872349,6.04748965796597));
#10137=CARTESIAN_POINT('Ctrl Pts',(145.280985062901,-106.133180729076,6.0503845421199));
#10138=CARTESIAN_POINT('Ctrl Pts',(145.280204757968,-106.132972792378,6.05053821345867));
#10139=CARTESIAN_POINT('Ctrl Pts',(145.279421241916,-106.132765088818,6.05069050868236));
#10140=CARTESIAN_POINT('Ctrl Pts',(145.27863450721,-106.132557647724,6.05084139432951));
#10141=CARTESIAN_POINT('Ctrl Pts',(145.269825426592,-106.130234926601,6.05253086324523));
#10142=CARTESIAN_POINT('Ctrl Pts',(145.260612745673,-106.127945358048,6.05404360910532));
#10143=CARTESIAN_POINT('Ctrl Pts',(145.250991389827,-106.125710091069,6.0553326585472));
#10144=CARTESIAN_POINT('Ctrl Pts',(145.22750042308,-106.120252587666,6.05847992989461));
#10145=CARTESIAN_POINT('Ctrl Pts',(145.203636477465,-106.115601701679,6.06000094320145));
#10146=CARTESIAN_POINT('Ctrl Pts',(145.1796574673,-106.111615952868,6.06));
#10147=CARTESIAN_POINT('',(144.771955209656,-106.796333422544,6.05987847903535));
#10148=CARTESIAN_POINT('Ctrl Pts',(144.757088678808,-106.799474563731,6.06));
#10149=CARTESIAN_POINT('Ctrl Pts',(144.762005475752,-106.798432867551,6.0599999865312));
#10150=CARTESIAN_POINT('Ctrl Pts',(144.766960723722,-106.797387268541,6.05996015669824));
#10151=CARTESIAN_POINT('Ctrl Pts',(144.771955209656,-106.796333422544,6.05987847903535));
#10152=CARTESIAN_POINT('',(145.270002832635,-106.919766368967,5.56));
#10153=CARTESIAN_POINT('Ctrl Pts',(144.771955209656,-106.796333422544,6.05987847903535));
#10154=CARTESIAN_POINT('Ctrl Pts',(144.814162462108,-106.795691505856,6.05909285304968));
#10155=CARTESIAN_POINT('Ctrl Pts',(144.857159295253,-106.795059610934,6.05448187749156));
#10156=CARTESIAN_POINT('Ctrl Pts',(144.93674351861,-106.798538249423,6.03738681465011));
#10157=CARTESIAN_POINT('Ctrl Pts',(144.97376118202,-106.802313029018,6.0255624656252));
#10158=CARTESIAN_POINT('Ctrl Pts',(145.065367210482,-106.820978975779,5.9826471298426));
#10159=CARTESIAN_POINT('Ctrl Pts',(145.107585248307,-106.83895449126,5.94785307791276));
#10160=CARTESIAN_POINT('Ctrl Pts',(145.179495373268,-106.871166925364,5.8695921348184));
#10161=CARTESIAN_POINT('Ctrl Pts',(145.213166974679,-106.889230591824,5.81511184675743));
#10162=CARTESIAN_POINT('Ctrl Pts',(145.258683887701,-106.913572992514,5.6904213020339));
#10163=CARTESIAN_POINT('Ctrl Pts',(145.270002832635,-106.919766368967,5.62553112515619));
#10164=CARTESIAN_POINT('Ctrl Pts',(145.270002832635,-106.919766368967,5.56));
#10165=CARTESIAN_POINT('',(145.872138477503,-105.939608346156,5.56));
#10166=CARTESIAN_POINT('Ctrl Pts',(144.311886954807,-107.028525468612,5.56));
#10167=CARTESIAN_POINT('Ctrl Pts',(144.311886954807,-107.028525468612,6.06));
#10168=CARTESIAN_POINT('Ctrl Pts',(144.38062287717,-106.968089152125,5.56));
#10169=CARTESIAN_POINT('Ctrl Pts',(144.38062287717,-106.968089152125,6.06));
#10170=CARTESIAN_POINT('Ctrl Pts',(144.514081343641,-106.850745296972,5.56));
#10171=CARTESIAN_POINT('Ctrl Pts',(144.514081343641,-106.850745296972,6.06));
#10172=CARTESIAN_POINT('Ctrl Pts',(144.687737995208,-106.814103414393,5.56));
#10173=CARTESIAN_POINT('Ctrl Pts',(144.687737995208,-106.814103414393,6.06));
#10174=CARTESIAN_POINT('Ctrl Pts',(144.771955209656,-106.796333422544,5.56));
#10175=CARTESIAN_POINT('Ctrl Pts',(144.771955209656,-106.796333422544,6.06));
#10176=CARTESIAN_POINT('',(144.311886954807,-107.028525468612,5.56));
#10177=CARTESIAN_POINT('',(144.311886954807,-107.028525468612,5.56));
#10178=CARTESIAN_POINT('',(144.771955209656,-106.796333422544,5.56));
#10179=CARTESIAN_POINT('Ctrl Pts',(144.771955209656,-106.796333422544,5.56));
#10180=CARTESIAN_POINT('Ctrl Pts',(144.687737995208,-106.814103414393,5.56));
#10181=CARTESIAN_POINT('Ctrl Pts',(144.514081343641,-106.850745296972,5.56));
#10182=CARTESIAN_POINT('Ctrl Pts',(144.38062287717,-106.968089152125,5.56));
#10183=CARTESIAN_POINT('Ctrl Pts',(144.311886954807,-107.028525468612,5.56));
#10184=CARTESIAN_POINT('',(144.771955209656,-106.796333422544,5.56));
#10185=CARTESIAN_POINT('Ctrl Pts',(145.654975518681,-106.29310679482,5.56));
#10186=CARTESIAN_POINT('Ctrl Pts',(145.654975518681,-106.29310679482,6.06));
#10187=CARTESIAN_POINT('Ctrl Pts',(145.532145921616,-106.230060887393,5.56));
#10188=CARTESIAN_POINT('Ctrl Pts',(145.532145921616,-106.230060887393,6.06));
#10189=CARTESIAN_POINT('Ctrl Pts',(145.303698828072,-106.112803689979,5.56));
#10190=CARTESIAN_POINT('Ctrl Pts',(145.303698828072,-106.112803689979,6.06));
#10191=CARTESIAN_POINT('Ctrl Pts',(145.048089987884,-106.094437711712,5.56));
#10192=CARTESIAN_POINT('Ctrl Pts',(145.048089987884,-106.094437711712,6.06));
#10193=CARTESIAN_POINT('Ctrl Pts',(144.929914854379,-106.085946605019,5.56));
#10194=CARTESIAN_POINT('Ctrl Pts',(144.929914854379,-106.085946605019,6.06));
#10195=CARTESIAN_POINT('',(144.929914854379,-106.085946605019,5.56));
#10196=CARTESIAN_POINT('Ctrl Pts',(144.929914854379,-106.085946605019,5.56));
#10197=CARTESIAN_POINT('Ctrl Pts',(145.048089987884,-106.094437711712,5.56));
#10198=CARTESIAN_POINT('Ctrl Pts',(145.303698828072,-106.112803689979,5.56));
#10199=CARTESIAN_POINT('Ctrl Pts',(145.532145921616,-106.230060887393,5.56));
#10200=CARTESIAN_POINT('Ctrl Pts',(145.654975518681,-106.29310679482,5.56));
#10201=CARTESIAN_POINT('',(144.929914854379,-106.085946605019,5.56));
#10202=CARTESIAN_POINT('Origin',(151.547288458024,-101.161736343836,5.56));
#10203=CARTESIAN_POINT('',(152.836528343639,-102.54523411581,6.05553781432857));
#10204=CARTESIAN_POINT('',(152.933545347852,-102.547993233664,6.06));
#10205=CARTESIAN_POINT('Ctrl Pts',(152.836528343639,-102.54523411581,6.05553781432857));
#10206=CARTESIAN_POINT('Ctrl Pts',(152.849423189194,-102.546077010438,6.05668403504883));
#10207=CARTESIAN_POINT('Ctrl Pts',(152.887777794519,-102.550125275036,6.06));
#10208=CARTESIAN_POINT('Ctrl Pts',(152.933545347852,-102.547993233664,6.06));
#10209=CARTESIAN_POINT('',(150.726459785802,-100.340907671613,6.06));
#10210=CARTESIAN_POINT('',(151.547288458024,-101.161736343836,6.06));
#10211=CARTESIAN_POINT('',(150.671704360221,-100.547864619148,6.0244925369468));
#10212=CARTESIAN_POINT('Origin',(150.726459785802,-100.340907671613,5.56));
#10213=CARTESIAN_POINT('',(151.035961027287,-100.912121286214,6.0244925369468));
#10214=CARTESIAN_POINT('',(151.416432271467,-101.292592530394,6.0244925369468));
#10215=CARTESIAN_POINT('',(150.813263823251,-101.13481849025,5.56));
#10216=CARTESIAN_POINT('Origin',(151.166817213845,-100.781265099656,5.56));
#10217=CARTESIAN_POINT('',(151.199962844213,-101.521517511211,5.56));
#10218=CARTESIAN_POINT('',(151.815317720142,-102.13687238714,5.56));
#10219=CARTESIAN_POINT('',(151.422660048249,-101.298820307175,6.0244925369468));
#10220=CARTESIAN_POINT('Origin',(151.553516234806,-101.167964120618,5.56));
#10221=CARTESIAN_POINT('',(152.221953113897,-102.098113372823,6.0244925369468));
#10222=CARTESIAN_POINT('',(151.416432271467,-101.292592530394,6.0244925369468));
#10223=CARTESIAN_POINT('',(152.579304441303,-102.424390671759,6.03265524115337));
#10224=CARTESIAN_POINT('Ctrl Pts',(152.221953113897,-102.098113372823,6.0244925369468));
#10225=CARTESIAN_POINT('Ctrl Pts',(152.254641993368,-102.13110323881,6.02440774344748));
#10226=CARTESIAN_POINT('Ctrl Pts',(152.287737779566,-102.164511778945,6.02432172004013));
#10227=CARTESIAN_POINT('Ctrl Pts',(152.321502464504,-102.197600009936,6.02451250865622));
#10228=CARTESIAN_POINT('Ctrl Pts',(152.345659235195,-102.221272815119,6.02464900739322));
#10229=CARTESIAN_POINT('Ctrl Pts',(152.370159978036,-102.244779894163,6.02492719551032));
#10230=CARTESIAN_POINT('Ctrl Pts',(152.395105507104,-102.267845192041,6.02544889435082));
#10231=CARTESIAN_POINT('Ctrl Pts',(152.410916738492,-102.282464675988,6.02577956286697));
#10232=CARTESIAN_POINT('Ctrl Pts',(152.425640317398,-102.295742087172,6.02617613493716));
#10233=CARTESIAN_POINT('Ctrl Pts',(152.439902896916,-102.308294648725,6.02663474375017));
#10234=CARTESIAN_POINT('Ctrl Pts',(152.452123778471,-102.31905030255,6.0270277023995));
#10235=CARTESIAN_POINT('Ctrl Pts',(152.464005472717,-102.329274588146,6.02746620785196));
#10236=CARTESIAN_POINT('Ctrl Pts',(152.475924153794,-102.339375927469,6.02794782753201));
#10237=CARTESIAN_POINT('Ctrl Pts',(152.492351319383,-102.353298304672,6.02861162969125));
#10238=CARTESIAN_POINT('Ctrl Pts',(152.508849991654,-102.366985740238,6.02935733290278));
#10239=CARTESIAN_POINT('Ctrl Pts',(152.526474415771,-102.381430209767,6.03017856819011));
#10240=CARTESIAN_POINT('Ctrl Pts',(152.54075489574,-102.393134079149,6.03084398760994));
#10241=CARTESIAN_POINT('Ctrl Pts',(152.555778090863,-102.40533092347,6.03155899623625));
#10242=CARTESIAN_POINT('Ctrl Pts',(152.572099584751,-102.418554283516,6.03232020599217));
#10243=CARTESIAN_POINT('Ctrl Pts',(152.574473261274,-102.420477390525,6.03243091067025));
#10244=CARTESIAN_POINT('Ctrl Pts',(152.576874336824,-102.422422276817,6.03254259253121));
#10245=CARTESIAN_POINT('Ctrl Pts',(152.579304441303,-102.424390671759,6.03265524115336));
#10246=CARTESIAN_POINT('Ctrl Pts',(152.579304441303,-102.424390671759,6.03265524115337));
#10247=CARTESIAN_POINT('Ctrl Pts',(152.587800857107,-102.430230354621,6.03330343505319));
#10248=CARTESIAN_POINT('Ctrl Pts',(152.596950401242,-102.436525310007,6.03398960915164));
#10249=CARTESIAN_POINT('Ctrl Pts',(152.606627933036,-102.443063659424,6.03472907688709));
#10250=CARTESIAN_POINT('Ctrl Pts',(152.617297208131,-102.450272052026,6.03554432449991));
#10251=CARTESIAN_POINT('Ctrl Pts',(152.628608744225,-102.457775158854,6.03642434838802));
#10252=CARTESIAN_POINT('Ctrl Pts',(152.640424841413,-102.46522352328,6.03738966884799));
#10253=CARTESIAN_POINT('Ctrl Pts',(152.653129882407,-102.473232240022,6.03842761190329));
#10254=CARTESIAN_POINT('Ctrl Pts',(152.666420595199,-102.481172560795,6.0395641682852));
#10255=CARTESIAN_POINT('Ctrl Pts',(152.68013657506,-102.488586541719,6.04082484677337));
#10256=CARTESIAN_POINT('Ctrl Pts',(152.68715924955,-102.492382550115,6.041470322689));
#10257=CARTESIAN_POINT('Ctrl Pts',(152.694293348072,-102.496040709415,6.04214833733001));
#10258=CARTESIAN_POINT('Ctrl Pts',(152.701514671003,-102.499505386559,6.04286231456259));
#10259=CARTESIAN_POINT('Ctrl Pts',(152.705248561465,-102.501296848465,6.0432314869156));
#10260=CARTESIAN_POINT('Ctrl Pts',(152.70896197899,-102.503015813419,6.04360434498369));
#10261=CARTESIAN_POINT('Ctrl Pts',(152.712663813487,-102.504665245307,6.04397970061411));
#10262=CARTESIAN_POINT('Ctrl Pts',(152.721843603563,-102.508755497989,6.04491050556866));
#10263=CARTESIAN_POINT('Ctrl Pts',(152.730950333883,-102.512422166939,6.04585666898915));
#10264=CARTESIAN_POINT('Ctrl Pts',(152.740069183064,-102.515820549997,6.0468000724888));
#10265=CARTESIAN_POINT('Ctrl Pts',(152.751052092404,-102.519913624931,6.04793632498082));
#10266=CARTESIAN_POINT('Ctrl Pts',(152.762052999002,-102.52361660604,6.04906857386659));
#10267=CARTESIAN_POINT('Ctrl Pts',(152.773252123842,-102.527132207567,6.05016516346778));
#10268=CARTESIAN_POINT('Ctrl Pts',(152.786704913861,-102.531355274084,6.05148242618718));
#10269=CARTESIAN_POINT('Ctrl Pts',(152.800446160466,-102.535302639015,6.0527482337172));
#10270=CARTESIAN_POINT('Ctrl Pts',(152.814807716698,-102.539283134918,6.05390771586873));
#10271=CARTESIAN_POINT('Ctrl Pts',(152.821884865018,-102.541244660496,6.05447909037915));
#10272=CARTESIAN_POINT('Ctrl Pts',(152.829112675248,-102.543214169808,6.05502464522914));
#10273=CARTESIAN_POINT('Ctrl Pts',(152.836528343639,-102.54523411581,6.05553781432857));
#10274=CARTESIAN_POINT('Origin',(151.035961027287,-100.912121286214,5.56));
#10275=CARTESIAN_POINT('',(151.035961027287,-100.912121286214,5.56));
#10276=CARTESIAN_POINT('',(151.035961027287,-100.912121286214,5.56));
#10277=CARTESIAN_POINT('',(149.153826616753,-102.794255696748,5.56));
#10278=CARTESIAN_POINT('Origin',(150.671704360221,-100.547864619148,5.56));
#10279=CARTESIAN_POINT('',(150.671704360221,-100.547864619148,5.56));
#10280=CARTESIAN_POINT('',(150.671704360221,-100.547864619148,5.56));
#10281=CARTESIAN_POINT('',(151.855886590644,-101.732046849571,5.56));
#10282=CARTESIAN_POINT('Origin',(150.875411880192,-99.7779192470549,5.56));
#10283=CARTESIAN_POINT('',(150.866165581413,-99.8128671221002,6.06));
#10284=CARTESIAN_POINT('',(150.671704360221,-100.547864619148,6.06));
#10285=CARTESIAN_POINT('',(150.875411880192,-99.7779192470549,6.05902248195848));
#10286=CARTESIAN_POINT('Origin',(150.866165581413,-99.8128671221002,5.56));
#10287=CARTESIAN_POINT('',(150.875411880192,-99.7779192470549,5.56));
#10288=CARTESIAN_POINT('',(150.875411880192,-99.7779192470549,5.56));
#10289=CARTESIAN_POINT('',(149.969703589403,-103.201189566476,5.56));
#10290=CARTESIAN_POINT('Origin',(149.203577474883,-104.266389815337,6.06));
#10291=CARTESIAN_POINT('',(153.104973422922,-102.504665245307,6.06));
#10292=CARTESIAN_POINT('Ctrl Pts',(152.933545347852,-102.547993233664,6.06));
#10293=CARTESIAN_POINT('Ctrl Pts',(152.943483536826,-102.547530271838,6.06));
#10294=CARTESIAN_POINT('Ctrl Pts',(153.001977117178,-102.542729352277,6.06));
#10295=CARTESIAN_POINT('Ctrl Pts',(153.05823056982,-102.521939893633,6.06));
#10296=CARTESIAN_POINT('Ctrl Pts',(153.104973422922,-102.504665245307,6.06));
#10297=CARTESIAN_POINT('',(153.385502846611,-102.312178902284,6.06));
#10298=CARTESIAN_POINT('Ctrl Pts',(153.104973422922,-102.504665245307,6.06));
#10299=CARTESIAN_POINT('Ctrl Pts',(153.154721217105,-102.480587598775,6.06));
#10300=CARTESIAN_POINT('Ctrl Pts',(153.257912270304,-102.430643721966,6.06));
#10301=CARTESIAN_POINT('Ctrl Pts',(153.341969241993,-102.3525988202,6.06));
#10302=CARTESIAN_POINT('Ctrl Pts',(153.385502846611,-102.312178902284,6.06));
#10303=CARTESIAN_POINT('',(153.419529765469,-102.275427440173,6.06));
#10304=CARTESIAN_POINT('Ctrl Pts',(153.385502846611,-102.312178902284,6.06));
#10305=CARTESIAN_POINT('Ctrl Pts',(153.39686681226,-102.299943057046,6.06));
#10306=CARTESIAN_POINT('Ctrl Pts',(153.408230777909,-102.287707211808,6.06));
#10307=CARTESIAN_POINT('Ctrl Pts',(153.419529765469,-102.275427440173,6.06));
#10308=CARTESIAN_POINT('',(152.965729529974,-101.911637168744,6.06));
#10309=CARTESIAN_POINT('',(152.604056045843,-101.621700574027,6.06));
#10310=CARTESIAN_POINT('',(152.891747139729,-101.838448680416,6.06));
#10311=CARTESIAN_POINT('Origin',(153.27847008188,-101.521517511211,6.06));
#10312=CARTESIAN_POINT('',(152.074511141067,-101.021212681755,6.06));
#10313=CARTESIAN_POINT('Origin',(152.074511141067,-101.021212681755,5.56));
#10314=CARTESIAN_POINT('',(152.927092675348,-101.806514912252,6.05773160201187));
#10315=CARTESIAN_POINT('Ctrl Pts',(152.891747139729,-101.838448680416,6.06));
#10316=CARTESIAN_POINT('Ctrl Pts',(152.89189007009,-101.838319225244,6.06));
#10317=CARTESIAN_POINT('Ctrl Pts',(152.892033002176,-101.838189772224,6.0599998887093));
#10318=CARTESIAN_POINT('Ctrl Pts',(152.90382621709,-101.827509012291,6.05998152396251));
#10319=CARTESIAN_POINT('Ctrl Pts',(152.9154773868,-101.816981633729,6.05922403513696));
#10320=CARTESIAN_POINT('Ctrl Pts',(152.927092675357,-101.806514912263,6.05773160201187));
#10321=CARTESIAN_POINT('',(152.919392419559,-101.802910102357,6.0579998996497));
#10322=CARTESIAN_POINT('Ctrl Pts',(152.927092675341,-101.806514912249,6.05773160201187));
#10323=CARTESIAN_POINT('Ctrl Pts',(152.924643247374,-101.805380635782,6.05782024896154));
#10324=CARTESIAN_POINT('Ctrl Pts',(152.922082378247,-101.804176202616,6.05790957345815));
#10325=CARTESIAN_POINT('Ctrl Pts',(152.919392419559,-101.802910102357,6.0579998996497));
#10326=CARTESIAN_POINT('',(152.648357837903,-101.550865204766,6.05902248195848));
#10327=CARTESIAN_POINT('Ctrl Pts',(152.919392419559,-101.802910102357,6.0579998996497));
#10328=CARTESIAN_POINT('Ctrl Pts',(152.905230857217,-101.791238256959,6.05815784136983));
#10329=CARTESIAN_POINT('Ctrl Pts',(152.892193428545,-101.780485319107,6.05829387574804));
#10330=CARTESIAN_POINT('Ctrl Pts',(152.879720289163,-101.770070039842,6.05841078995719));
#10331=CARTESIAN_POINT('Ctrl Pts',(152.86761962061,-101.759965779926,6.05852421289354));
#10332=CARTESIAN_POINT('Ctrl Pts',(152.856046097188,-101.750183666359,6.05861964053747));
#10333=CARTESIAN_POINT('Ctrl Pts',(152.84448448977,-101.740197456385,6.05869961775356));
#10334=CARTESIAN_POINT('Ctrl Pts',(152.839112464541,-101.735557429269,6.05873677864366));
#10335=CARTESIAN_POINT('Ctrl Pts',(152.833743292504,-101.730873029514,6.05877060388618));
#10336=CARTESIAN_POINT('Ctrl Pts',(152.828328252792,-101.726088198639,6.05880134876544));
#10337=CARTESIAN_POINT('Ctrl Pts',(152.8164815409,-101.71562022133,6.05886861064091));
#10338=CARTESIAN_POINT('Ctrl Pts',(152.804413104273,-101.704673977087,6.05892112923019));
#10339=CARTESIAN_POINT('Ctrl Pts',(152.79156479869,-101.69271541361,6.05896157761781));
#10340=CARTESIAN_POINT('Ctrl Pts',(152.787670340775,-101.68909064598,6.0589738379538));
#10341=CARTESIAN_POINT('Ctrl Pts',(152.783704493345,-101.685372581695,6.05898498932733));
#10342=CARTESIAN_POINT('Ctrl Pts',(152.779652292496,-101.681545708734,6.0589951061801));
#10343=CARTESIAN_POINT('Ctrl Pts',(152.760068243977,-101.663050656652,6.05904400033484));
#10344=CARTESIAN_POINT('Ctrl Pts',(152.740497060944,-101.643923536904,6.05906307221826));
#10345=CARTESIAN_POINT('Ctrl Pts',(152.721016476904,-101.624500819947,6.05906552480079));
#10346=CARTESIAN_POINT('Ctrl Pts',(152.696622106035,-101.600178912568,6.05906859602329));
#10347=CARTESIAN_POINT('Ctrl Pts',(152.672366990387,-101.575396581286,6.05904560642747));
#10348=CARTESIAN_POINT('Ctrl Pts',(152.648357837903,-101.550865204766,6.05902248195848));
#10349=CARTESIAN_POINT('',(151.90948649428,-100.811993861144,6.05902248195848));
#10350=CARTESIAN_POINT('',(152.096608227979,-100.999115594843,6.05902248195848));
#10351=CARTESIAN_POINT('',(152.240942797962,-100.480537557462,5.56));
#10352=CARTESIAN_POINT('Origin',(151.887389407368,-100.834090948056,5.56));
#10353=CARTESIAN_POINT('',(151.854243777,-100.093838536501,5.56));
#10354=CARTESIAN_POINT('',(153.049647184371,-101.289241943872,5.56));
#10355=CARTESIAN_POINT('',(151.522787473319,-100.425294840182,6.05902248195848));
#10356=CARTESIAN_POINT('Origin',(151.500690386407,-100.447391927094,5.56));
#10357=CARTESIAN_POINT('',(152.096608227979,-100.999115594843,6.05902248195848));
#10358=CARTESIAN_POINT('Ctrl Pts',(152.985399386192,-101.75922313781,6.04472407041548));
#10359=CARTESIAN_POINT('Ctrl Pts',(153.010881379153,-101.790640254482,6.04472407041548));
#10360=CARTESIAN_POINT('Ctrl Pts',(153.042443647713,-101.815942238369,6.04472407041548));
#10361=CARTESIAN_POINT('Ctrl Pts',(152.938510806534,-101.79725382246,6.06));
#10362=CARTESIAN_POINT('Ctrl Pts',(152.968069680856,-101.833697384967,6.06));
#10363=CARTESIAN_POINT('Ctrl Pts',(153.0046816182,-101.863047450441,6.06));
#10364=CARTESIAN_POINT('Ctrl Pts',(152.89014454775,-101.836483032407,6.06));
#10365=CARTESIAN_POINT('Ctrl Pts',(152.923908785092,-101.87811144764,6.06));
#10366=CARTESIAN_POINT('Ctrl Pts',(152.965729529974,-101.911637168744,6.06));
#10367=CARTESIAN_POINT('',(153.042443647713,-101.815942238369,6.04472407041548));
#10368=CARTESIAN_POINT('Origin',(152.965729529974,-101.911637168744,5.56));
#10369=CARTESIAN_POINT('',(153.023835681917,-101.821036618965,6.04844506270108));
#10370=CARTESIAN_POINT('Ctrl Pts',(153.042443647628,-101.815942238393,6.04472407041548));
#10371=CARTESIAN_POINT('Ctrl Pts',(153.037651897068,-101.817333849063,6.04575734502215));
#10372=CARTESIAN_POINT('Ctrl Pts',(153.033140200617,-101.818554669763,6.04666612280208));
#10373=CARTESIAN_POINT('Ctrl Pts',(153.029040508829,-101.81965117196,6.04745845423164));
#10374=CARTESIAN_POINT('Ctrl Pts',(153.027221461421,-101.820137693772,6.04781001442389));
#10375=CARTESIAN_POINT('Ctrl Pts',(153.02548319609,-101.820599124406,6.04813864950229));
#10376=CARTESIAN_POINT('Ctrl Pts',(153.023835681917,-101.821036618965,6.04844506270108));
#10377=CARTESIAN_POINT('Ctrl Pts',(153.023835681917,-101.821036618965,6.04844506270108));
#10378=CARTESIAN_POINT('Ctrl Pts',(153.018962809177,-101.821486464835,6.04921062766368));
#10379=CARTESIAN_POINT('Ctrl Pts',(153.014459097969,-101.821897229971,6.04988716072165));
#10380=CARTESIAN_POINT('Ctrl Pts',(153.010269165512,-101.822219325836,6.05048888173556));
#10381=CARTESIAN_POINT('Ctrl Pts',(153.004884080107,-101.822633297603,6.05126224003747));
#10382=CARTESIAN_POINT('Ctrl Pts',(153.000016973641,-101.822902699352,6.05191201991102));
#10383=CARTESIAN_POINT('Ctrl Pts',(152.995534598328,-101.823010485675,6.05246841058776));
#10384=CARTESIAN_POINT('Ctrl Pts',(152.989961688385,-101.823144495753,6.0531601677294));
#10385=CARTESIAN_POINT('Ctrl Pts',(152.984982316916,-101.823035279066,6.05370756574134));
#10386=CARTESIAN_POINT('Ctrl Pts',(152.980332829238,-101.82269271273,6.05416862405662));
#10387=CARTESIAN_POINT('Ctrl Pts',(152.976703168435,-101.822425285502,6.05452855302319));
#10388=CARTESIAN_POINT('Ctrl Pts',(152.973274319602,-101.822016933736,6.05483586422446));
#10389=CARTESIAN_POINT('Ctrl Pts',(152.969925087064,-101.821448484392,6.05511816066146));
#10390=CARTESIAN_POINT('Ctrl Pts',(152.969554450865,-101.821385578069,6.05514940043866));
#10391=CARTESIAN_POINT('Ctrl Pts',(152.969182468347,-101.821320281042,6.05518050432076));
#10392=CARTESIAN_POINT('Ctrl Pts',(152.968808756501,-101.821252410829,6.05521148613088));
#10393=CARTESIAN_POINT('Ctrl Pts',(152.965763795514,-101.82069941217,6.05546392234397));
#10394=CARTESIAN_POINT('Ctrl Pts',(152.962603102942,-101.819980793572,6.05570825443956));
#10395=CARTESIAN_POINT('Ctrl Pts',(152.959117397241,-101.819009697986,6.05595195964492));
#10396=CARTESIAN_POINT('Ctrl Pts',(152.955073550185,-101.817883107746,6.05623468763792));
#10397=CARTESIAN_POINT('Ctrl Pts',(152.950592825674,-101.816413598956,6.05651657190864));
#10398=CARTESIAN_POINT('Ctrl Pts',(152.945361193589,-101.814393808633,6.05680928734163));
#10399=CARTESIAN_POINT('Ctrl Pts',(152.94196539434,-101.813082783249,6.05699928595608));
#10400=CARTESIAN_POINT('Ctrl Pts',(152.938253738278,-101.811537021311,6.0571938479301));
#10401=CARTESIAN_POINT('Ctrl Pts',(152.934137859,-101.809713823273,6.05739616602926));
#10402=CARTESIAN_POINT('Ctrl Pts',(152.93191273738,-101.80872816818,6.05750554299254));
#10403=CARTESIAN_POINT('Ctrl Pts',(152.929569402396,-101.807661830326,6.05761718682814));
#10404=CARTESIAN_POINT('Ctrl Pts',(152.927092675334,-101.806514912246,6.05773160201195));
#10405=CARTESIAN_POINT('Origin',(151.522787473319,-100.425294840182,5.56));
#10406=CARTESIAN_POINT('',(151.522787473319,-100.425294840182,5.56));
#10407=CARTESIAN_POINT('',(151.522787473319,-100.425294840182,5.56));
#10408=CARTESIAN_POINT('',(152.524841370209,-101.427348737072,5.56));
#10409=CARTESIAN_POINT('Origin',(151.854243777,-100.093838536501,5.56));
#10410=CARTESIAN_POINT('',(149.56296799161,-102.385114321891,5.56));
#10411=CARTESIAN_POINT('Origin',(152.604056045843,-101.621700574027,5.56));
#10412=CARTESIAN_POINT('',(153.13000527919,-101.763204399312,6.00969942976311));
#10413=CARTESIAN_POINT('Ctrl Pts',(153.13000527919,-101.763204399312,6.00969942976311));
#10414=CARTESIAN_POINT('Ctrl Pts',(153.11395628126,-101.777596478949,6.02003598715349));
#10415=CARTESIAN_POINT('Ctrl Pts',(153.098734042228,-101.791139891664,6.02794406985894));
#10416=CARTESIAN_POINT('Ctrl Pts',(153.068161648337,-101.807991635761,6.03875738274305));
#10417=CARTESIAN_POINT('Ctrl Pts',(153.054112875707,-101.812553284376,6.04220820557388));
#10418=CARTESIAN_POINT('Ctrl Pts',(153.042443647713,-101.815942238369,6.04472407041548));
#10419=CARTESIAN_POINT('',(153.696243131312,-101.856426484722,5.56));
#10420=CARTESIAN_POINT('Ctrl Pts',(153.419529765468,-102.275427440173,6.06));
#10421=CARTESIAN_POINT('Ctrl Pts',(153.437527052693,-102.25586793752,6.05999999893588));
#10422=CARTESIAN_POINT('Ctrl Pts',(153.455370139963,-102.236181451732,6.05789043931007));
#10423=CARTESIAN_POINT('Ctrl Pts',(153.472652744252,-102.216365209209,6.05366983803379));
#10424=CARTESIAN_POINT('Ctrl Pts',(153.487935212131,-102.19884232407,6.04993769197778));
#10425=CARTESIAN_POINT('Ctrl Pts',(153.502681969331,-102.181326532934,6.04458375194023));
#10426=CARTESIAN_POINT('Ctrl Pts',(153.516678855676,-102.163830359568,6.03764894282466));
#10427=CARTESIAN_POINT('Ctrl Pts',(153.529397577764,-102.147931897498,6.03134740491797));
#10428=CARTESIAN_POINT('Ctrl Pts',(153.541497187713,-102.132049673632,6.023740538007));
#10429=CARTESIAN_POINT('Ctrl Pts',(153.552857805009,-102.116220669046,6.01485904813019));
#10430=CARTESIAN_POINT('Ctrl Pts',(153.553999486922,-102.11462993786,6.01396650540265));
#10431=CARTESIAN_POINT('Ctrl Pts',(153.555133741856,-102.113039768648,6.01306109002039));
#10432=CARTESIAN_POINT('Ctrl Pts',(153.556260472886,-102.11145021567,6.01214283314743));
#10433=CARTESIAN_POINT('Ctrl Pts',(153.561118029445,-102.104597343702,6.00818404921777));
#10434=CARTESIAN_POINT('Ctrl Pts',(153.565769620464,-102.097848930952,6.004042223426));
#10435=CARTESIAN_POINT('Ctrl Pts',(153.570220682516,-102.091208033163,5.9997338972605));
#10436=CARTESIAN_POINT('Ctrl Pts',(153.579138244329,-102.077903204825,5.99110230227462));
#10437=CARTESIAN_POINT('Ctrl Pts',(153.587255321705,-102.0650329144,5.98180239388453));
#10438=CARTESIAN_POINT('Ctrl Pts',(153.594722007124,-102.052693645521,5.97196719364615));
#10439=CARTESIAN_POINT('Ctrl Pts',(153.602746124883,-102.039433177056,5.96139773739325));
#10440=CARTESIAN_POINT('Ctrl Pts',(153.61001893502,-102.026785856278,5.95021008041794));
#10441=CARTESIAN_POINT('Ctrl Pts',(153.61667445867,-102.014836101191,5.93856931635948));
#10442=CARTESIAN_POINT('Ctrl Pts',(153.62218720255,-102.00493816638,5.92892731759371));
#10443=CARTESIAN_POINT('Ctrl Pts',(153.627275273948,-101.995518023844,5.91897445368992));
#10444=CARTESIAN_POINT('Ctrl Pts',(153.631992628723,-101.986608635244,5.90880454284793));
#10445=CARTESIAN_POINT('Ctrl Pts',(153.639276772298,-101.972851504644,5.89310101952831));
#10446=CARTESIAN_POINT('Ctrl Pts',(153.645887550577,-101.959915568305,5.8764190434915));
#10447=CARTESIAN_POINT('Ctrl Pts',(153.651887923675,-101.947959456181,5.85887238604821));
#10448=CARTESIAN_POINT('Ctrl Pts',(153.658394226283,-101.93499524842,5.83984625863712));
#10449=CARTESIAN_POINT('Ctrl Pts',(153.664182756902,-101.923182998186,5.81980348904099));
#10450=CARTESIAN_POINT('Ctrl Pts',(153.669279706041,-101.912688382755,5.79888912159471));
#10451=CARTESIAN_POINT('Ctrl Pts',(153.673405615102,-101.904193138302,5.78195923357597));
#10452=CARTESIAN_POINT('Ctrl Pts',(153.677077032087,-101.896560404152,5.76445821571445));
#10453=CARTESIAN_POINT('Ctrl Pts',(153.680287393182,-101.889864231832,5.74646300387247));
#10454=CARTESIAN_POINT('Ctrl Pts',(153.685252433948,-101.879508148028,5.71863219053355));
#10455=CARTESIAN_POINT('Ctrl Pts',(153.689067938418,-101.871493790219,5.689904675414));
#10456=CARTESIAN_POINT('Ctrl Pts',(153.691725761706,-101.865913918466,5.6606235987864));
#10457=CARTESIAN_POINT('Ctrl Pts',(153.694721310441,-101.859625021141,5.62762182156946));
#10458=CARTESIAN_POINT('Ctrl Pts',(153.696243131312,-101.856426484722,5.59391686443672));
#10459=CARTESIAN_POINT('Ctrl Pts',(153.696243131312,-101.856426484722,5.56));
#10460=CARTESIAN_POINT('',(153.27847008188,-101.521517511211,5.56));
#10461=CARTESIAN_POINT('',(153.527852659961,-101.721435776284,5.56));
#10462=CARTESIAN_POINT('Ctrl Pts',(153.27847008188,-101.521517511211,5.56));
#10463=CARTESIAN_POINT('Ctrl Pts',(153.27847008188,-101.521517511211,5.59588627679783));
#10464=CARTESIAN_POINT('Ctrl Pts',(153.276787282078,-101.525118467316,5.63163794598017));
#10465=CARTESIAN_POINT('Ctrl Pts',(153.269341911854,-101.540993380778,5.7096966387575));
#10466=CARTESIAN_POINT('Ctrl Pts',(153.262825389605,-101.55499374765,5.75115363011958));
#10467=CARTESIAN_POINT('Ctrl Pts',(153.241647788426,-101.598350768716,5.84197262841545));
#10468=CARTESIAN_POINT('Ctrl Pts',(153.225907536583,-101.629436143371,5.88560652745593));
#10469=CARTESIAN_POINT('Ctrl Pts',(153.18148967847,-101.699845192635,5.96478873368138));
#10470=CARTESIAN_POINT('Ctrl Pts',(153.152681617597,-101.735043531684,5.99212684573115));
#10471=CARTESIAN_POINT('Ctrl Pts',(153.13000527919,-101.763204399312,6.00969942976311));
#10472=CARTESIAN_POINT('Ctrl Pts',(153.385502846611,-102.312178902284,5.56));
#10473=CARTESIAN_POINT('Ctrl Pts',(153.385502846611,-102.312178902284,6.06));
#10474=CARTESIAN_POINT('Ctrl Pts',(153.451274763857,-102.24136075435,5.56));
#10475=CARTESIAN_POINT('Ctrl Pts',(153.451274763857,-102.24136075435,6.06));
#10476=CARTESIAN_POINT('Ctrl Pts',(153.577898973941,-102.105021532122,5.56));
#10477=CARTESIAN_POINT('Ctrl Pts',(153.577898973941,-102.105021532122,6.06));
#10478=CARTESIAN_POINT('Ctrl Pts',(153.657830246455,-101.937117015998,5.56));
#10479=CARTESIAN_POINT('Ctrl Pts',(153.657830246455,-101.937117015998,6.06));
#10480=CARTESIAN_POINT('Ctrl Pts',(153.696243131312,-101.856426484722,5.56));
#10481=CARTESIAN_POINT('Ctrl Pts',(153.696243131312,-101.856426484722,6.06));
#10482=CARTESIAN_POINT('',(153.385502846611,-102.312178902284,5.56));
#10483=CARTESIAN_POINT('',(153.385502846611,-102.312178902284,5.56));
#10484=CARTESIAN_POINT('Ctrl Pts',(153.696243131312,-101.856426484722,5.56));
#10485=CARTESIAN_POINT('Ctrl Pts',(153.657830246455,-101.937117015998,5.56));
#10486=CARTESIAN_POINT('Ctrl Pts',(153.577898973941,-102.105021532122,5.56));
#10487=CARTESIAN_POINT('Ctrl Pts',(153.451274763857,-102.24136075435,5.56));
#10488=CARTESIAN_POINT('Ctrl Pts',(153.385502846611,-102.312178902284,5.56));
#10489=CARTESIAN_POINT('Ctrl Pts',(152.919392419559,-101.802910102357,5.56));
#10490=CARTESIAN_POINT('Ctrl Pts',(152.919392419559,-101.802910102357,6.06));
#10491=CARTESIAN_POINT('Ctrl Pts',(152.888731996514,-101.777640029113,5.56));
#10492=CARTESIAN_POINT('Ctrl Pts',(152.888731996514,-101.777640029113,6.06));
#10493=CARTESIAN_POINT('Ctrl Pts',(152.793430280477,-101.699093123841,5.56));
#10494=CARTESIAN_POINT('Ctrl Pts',(152.793430280477,-101.699093123841,6.06));
#10495=CARTESIAN_POINT('Ctrl Pts',(152.706989161163,-101.610771820283,5.56));
#10496=CARTESIAN_POINT('Ctrl Pts',(152.706989161163,-101.610771820283,6.06));
#10497=CARTESIAN_POINT('Ctrl Pts',(152.648357837903,-101.550865204766,5.56));
#10498=CARTESIAN_POINT('Ctrl Pts',(152.648357837903,-101.550865204766,6.06));
#10499=CARTESIAN_POINT('',(152.919392419559,-101.802910102357,5.56));
#10500=CARTESIAN_POINT('',(152.919392419559,-101.802910102357,5.56));
#10501=CARTESIAN_POINT('',(152.648357837903,-101.550865204766,5.56));
#10502=CARTESIAN_POINT('Ctrl Pts',(152.648357837903,-101.550865204766,5.56));
#10503=CARTESIAN_POINT('Ctrl Pts',(152.706989161163,-101.610771820283,5.56));
#10504=CARTESIAN_POINT('Ctrl Pts',(152.793430280477,-101.699093123841,5.56));
#10505=CARTESIAN_POINT('Ctrl Pts',(152.888731996514,-101.777640029113,5.56));
#10506=CARTESIAN_POINT('Ctrl Pts',(152.919392419559,-101.802910102357,5.56));
#10507=CARTESIAN_POINT('',(152.648357837903,-101.550865204766,5.56));
#10508=CARTESIAN_POINT('Origin',(149.838044574778,-105.06966631701,5.56));
#10509=CARTESIAN_POINT('',(150.592293375599,-105.022524297375,5.56));
#10510=CARTESIAN_POINT('',(150.238739985006,-104.668970906782,6.06));
#10511=CARTESIAN_POINT('Origin',(150.238739985006,-104.668970906782,5.56));
#10512=CARTESIAN_POINT('',(149.753639873889,-105.154071017899,6.06));
#10513=CARTESIAN_POINT('',(149.838044574778,-105.06966631701,6.06));
#10514=CARTESIAN_POINT('',(150.107193264482,-105.507624408492,5.56));
#10515=CARTESIAN_POINT('Origin',(149.753639873889,-105.154071017899,5.56));
#10516=CARTESIAN_POINT('',(149.606126575219,-106.008691097755,5.56));
#10517=CARTESIAN_POINT('Origin',(149.059307971074,-104.459739115083,5.56));
#10518=CARTESIAN_POINT('',(149.059307971074,-104.459739115083,6.06));
#10519=CARTESIAN_POINT('',(150.107193264482,-105.507624408492,6.06));
#10520=CARTESIAN_POINT('',(149.059307971074,-104.459739115083,5.56));
#10521=CARTESIAN_POINT('',(149.059307971074,-104.459739115083,5.56));
#10522=CARTESIAN_POINT('',(149.6686206748,-105.069051818809,5.56));
#10523=CARTESIAN_POINT('Origin',(149.203577474883,-104.266389815337,6.06));
#10524=CARTESIAN_POINT('',(149.42011196831,-103.850342890086,6.06));
#10525=CARTESIAN_POINT('',(149.42011196831,-103.850342890086,6.06));
#10526=CARTESIAN_POINT('',(148.990254574473,-103.52061292132,6.06));
#10527=CARTESIAN_POINT('Ctrl Pts',(149.42011196831,-103.850342890086,6.06));
#10528=CARTESIAN_POINT('Ctrl Pts',(149.344003698697,-103.774481664742,6.06));
#10529=CARTESIAN_POINT('Ctrl Pts',(149.214747962581,-103.645645487354,6.06));
#10530=CARTESIAN_POINT('Ctrl Pts',(149.055666007241,-103.55704410246,6.06));
#10531=CARTESIAN_POINT('Ctrl Pts',(148.990254574473,-103.52061292132,6.06));
#10532=CARTESIAN_POINT('',(148.540544329114,-103.488675725392,6.06));
#10533=CARTESIAN_POINT('Ctrl Pts',(148.990254574473,-103.52061292132,6.06));
#10534=CARTESIAN_POINT('Ctrl Pts',(148.91523003368,-103.496665952755,6.06));
#10535=CARTESIAN_POINT('Ctrl Pts',(148.767806265055,-103.449609985258,6.06));
#10536=CARTESIAN_POINT('Ctrl Pts',(148.615393589396,-103.475809330766,6.06));
#10537=CARTESIAN_POINT('Ctrl Pts',(148.540544329114,-103.488675725392,6.06));
#10538=CARTESIAN_POINT('',(148.11672910748,-103.748489130101,6.06));
#10539=CARTESIAN_POINT('Ctrl Pts',(148.540544329114,-103.488675725392,6.06));
#10540=CARTESIAN_POINT('Ctrl Pts',(148.465701292509,-103.51572793415,6.06));
#10541=CARTESIAN_POINT('Ctrl Pts',(148.30684751706,-103.573146041303,6.06));
#10542=CARTESIAN_POINT('Ctrl Pts',(148.182494120961,-103.687835137549,6.06));
#10543=CARTESIAN_POINT('Ctrl Pts',(148.11672910748,-103.748489130101,6.06));
#10544=CARTESIAN_POINT('',(147.890579233614,-104.119651136827,6.06));
#10545=CARTESIAN_POINT('Ctrl Pts',(148.11672910748,-103.748489130101,6.06));
#10546=CARTESIAN_POINT('Ctrl Pts',(148.067624880366,-103.803583136222,6.06));
#10547=CARTESIAN_POINT('Ctrl Pts',(147.969628176844,-103.913533568211,6.06));
#10548=CARTESIAN_POINT('Ctrl Pts',(147.916890896555,-104.05104432477,6.06));
#10549=CARTESIAN_POINT('Ctrl Pts',(147.890579233614,-104.119651136827,6.06));
#10550=CARTESIAN_POINT('',(147.849147195654,-104.599572243199,6.06));
#10551=CARTESIAN_POINT('Ctrl Pts',(147.890579233614,-104.119651136827,6.06));
#10552=CARTESIAN_POINT('Ctrl Pts',(147.872227702506,-104.194698741859,6.06));
#10553=CARTESIAN_POINT('Ctrl Pts',(147.833661576235,-104.352412852738,6.06));
#10554=CARTESIAN_POINT('Ctrl Pts',(147.843821716147,-104.514574528013,6.06));
#10555=CARTESIAN_POINT('Ctrl Pts',(147.849147195654,-104.599572243199,6.06));
#10556=CARTESIAN_POINT('',(147.417563466903,-104.592666903539,6.06));
#10557=CARTESIAN_POINT('Ctrl Pts',(147.849147195654,-104.599572243199,6.06));
#10558=CARTESIAN_POINT('Ctrl Pts',(147.774975472235,-104.582986704081,6.06));
#10559=CARTESIAN_POINT('Ctrl Pts',(147.631451212037,-104.550893244174,6.06));
#10560=CARTESIAN_POINT('Ctrl Pts',(147.487245357656,-104.579057579796,6.06));
#10561=CARTESIAN_POINT('Ctrl Pts',(147.417563466903,-104.592666903539,6.06));
#10562=CARTESIAN_POINT('',(147.039496120516,-104.825722117065,6.06));
#10563=CARTESIAN_POINT('Ctrl Pts',(147.417563466903,-104.592666903539,6.06));
#10564=CARTESIAN_POINT('Ctrl Pts',(147.350117458706,-104.617840921239,6.06));
#10565=CARTESIAN_POINT('Ctrl Pts',(147.208898682987,-104.67055040034,6.06));
#10566=CARTESIAN_POINT('Ctrl Pts',(147.097625364441,-104.772476083238,6.06));
#10567=CARTESIAN_POINT('Ctrl Pts',(147.039496120516,-104.825722117065,6.06));
#10568=CARTESIAN_POINT('',(146.759829864285,-105.688889574568,6.06));
#10569=CARTESIAN_POINT('Ctrl Pts',(147.039496120516,-104.825722117065,6.06));
#10570=CARTESIAN_POINT('Ctrl Pts',(146.945325725109,-104.947679929494,6.06));
#10571=CARTESIAN_POINT('Ctrl Pts',(146.749586791516,-105.201176710995,6.06));
#10572=CARTESIAN_POINT('Ctrl Pts',(146.756330544468,-105.522273235223,6.06));
#10573=CARTESIAN_POINT('Ctrl Pts',(146.759829864285,-105.688889574568,6.06));
#10574=CARTESIAN_POINT('',(146.509511301609,-105.438571011892,6.06));
#10575=CARTESIAN_POINT('',(146.509511301609,-105.438571011892,6.06));
#10576=CARTESIAN_POINT('',(146.062390558623,-105.885691754878,6.06));
#10577=CARTESIAN_POINT('',(146.062390558623,-105.885691754878,6.06));
#10578=CARTESIAN_POINT('',(147.542204847766,-107.365506044022,6.06));
#10579=CARTESIAN_POINT('',(147.895758238359,-107.719059434615,6.06));
#10580=CARTESIAN_POINT('',(148.027304958883,-106.880405932905,6.06));
#10581=CARTESIAN_POINT('',(148.732327061717,-106.175383830071,6.06));
#10582=CARTESIAN_POINT('',(147.490069533333,-106.343170507355,6.06));
#10583=CARTESIAN_POINT('',(147.490069533333,-106.343170507355,6.06));
#10584=CARTESIAN_POINT('',(147.150844722534,-105.926260625381,6.06));
#10585=CARTESIAN_POINT('Ctrl Pts',(147.490069533333,-106.343170507355,6.06));
#10586=CARTESIAN_POINT('Ctrl Pts',(147.414109975677,-106.267307445804,6.06));
#10587=CARTESIAN_POINT('Ctrl Pts',(147.286482920772,-106.139842523406,6.06));
#10588=CARTESIAN_POINT('Ctrl Pts',(147.189931722949,-105.98780874269,6.06));
#10589=CARTESIAN_POINT('Ctrl Pts',(147.150844722534,-105.926260625381,6.06));
#10590=CARTESIAN_POINT('',(147.105096847287,-105.623288847797,6.06));
#10591=CARTESIAN_POINT('Ctrl Pts',(147.150844722534,-105.926260625381,6.06));
#10592=CARTESIAN_POINT('Ctrl Pts',(147.130022819955,-105.876205830545,6.06));
#10593=CARTESIAN_POINT('Ctrl Pts',(147.089545246759,-105.778899803199,6.06));
#10594=CARTESIAN_POINT('Ctrl Pts',(147.100013517033,-105.674153186552,6.06));
#10595=CARTESIAN_POINT('Ctrl Pts',(147.105096847287,-105.623288847797,6.06));
#10596=CARTESIAN_POINT('',(147.246656310317,-105.360885940716,6.06));
#10597=CARTESIAN_POINT('Ctrl Pts',(147.105096847287,-105.623288847797,6.06));
#10598=CARTESIAN_POINT('Ctrl Pts',(147.118510610237,-105.574630018335,6.06));
#10599=CARTESIAN_POINT('Ctrl Pts',(147.145600854118,-105.476359342019,6.06));
#10600=CARTESIAN_POINT('Ctrl Pts',(147.212754076914,-105.399625127595,6.06));
#10601=CARTESIAN_POINT('Ctrl Pts',(147.246656310317,-105.360885940716,6.06));
#10602=CARTESIAN_POINT('',(147.43223731368,-105.251263673614,6.06));
#10603=CARTESIAN_POINT('Ctrl Pts',(147.246656310317,-105.360885940716,6.06));
#10604=CARTESIAN_POINT('Ctrl Pts',(147.276028962166,-105.333365747917,6.06));
#10605=CARTESIAN_POINT('Ctrl Pts',(147.329911597423,-105.282881354527,6.06));
#10606=CARTESIAN_POINT('Ctrl Pts',(147.400244485141,-105.26114915579,6.06));
#10607=CARTESIAN_POINT('Ctrl Pts',(147.43223731368,-105.251263673614,6.06));
#10608=CARTESIAN_POINT('',(147.628176326533,-105.286653539371,6.06));
#10609=CARTESIAN_POINT('Ctrl Pts',(147.43223731368,-105.251263673614,6.06));
#10610=CARTESIAN_POINT('Ctrl Pts',(147.464367064726,-105.249091990722,6.06));
#10611=CARTESIAN_POINT('Ctrl Pts',(147.532485215433,-105.244487814914,6.06));
#10612=CARTESIAN_POINT('Ctrl Pts',(147.595097044412,-105.272077348552,6.06));
#10613=CARTESIAN_POINT('Ctrl Pts',(147.628176326533,-105.286653539371,6.06));
#10614=CARTESIAN_POINT('',(147.99933833326,-105.606025498647,6.06));
#10615=CARTESIAN_POINT('Ctrl Pts',(147.628176326533,-105.286653539371,6.06));
#10616=CARTESIAN_POINT('Ctrl Pts',(147.677237359633,-105.320856374639,6.06));
#10617=CARTESIAN_POINT('Ctrl Pts',(147.81159465689,-105.414523389271,6.06));
#10618=CARTESIAN_POINT('Ctrl Pts',(147.926433372783,-105.531661056738,6.06));
#10619=CARTESIAN_POINT('Ctrl Pts',(147.99933833326,-105.606025498647,6.06));
#10620=CARTESIAN_POINT('',(148.6505118632,-106.257199028588,6.06));
#10621=CARTESIAN_POINT('',(149.004065253793,-106.610752419181,6.06));
#10622=CARTESIAN_POINT('',(149.135611974317,-105.772098917471,6.06));
#10623=CARTESIAN_POINT('',(149.286480569434,-105.621230322354,6.06));
#10624=CARTESIAN_POINT('',(148.608734558257,-105.245221501411,6.06));
#10625=CARTESIAN_POINT('',(148.608734558257,-105.245221501411,6.06));
#10626=CARTESIAN_POINT('',(148.269509747458,-104.826585284522,6.06));
#10627=CARTESIAN_POINT('Ctrl Pts',(148.608734558257,-105.245221501411,6.06));
#10628=CARTESIAN_POINT('Ctrl Pts',(148.533751426996,-105.169983672762,6.06));
#10629=CARTESIAN_POINT('Ctrl Pts',(148.406125300956,-105.041924035339,6.06));
#10630=CARTESIAN_POINT('Ctrl Pts',(148.3094048323,-104.889469469475,6.06));
#10631=CARTESIAN_POINT('Ctrl Pts',(148.269509747458,-104.826585284522,6.06));
#10632=CARTESIAN_POINT('',(148.216856532551,-104.514981832363,6.06));
#10633=CARTESIAN_POINT('Ctrl Pts',(148.269509747458,-104.826585284522,6.06));
#10634=CARTESIAN_POINT('Ctrl Pts',(148.247065172543,-104.774762826146,6.06));
#10635=CARTESIAN_POINT('Ctrl Pts',(148.203880476662,-104.675053336738,6.06));
#10636=CARTESIAN_POINT('Ctrl Pts',(148.212646509244,-104.566916316147,6.06));
#10637=CARTESIAN_POINT('Ctrl Pts',(148.216856532551,-104.514981832363,6.06));
#10638=CARTESIAN_POINT('',(148.346331651176,-104.261210599858,6.06));
#10639=CARTESIAN_POINT('Ctrl Pts',(148.216856532551,-104.514981832363,6.06));
#10640=CARTESIAN_POINT('Ctrl Pts',(148.228831057709,-104.466757927049,6.06));
#10641=CARTESIAN_POINT('Ctrl Pts',(148.2523426916,-104.372071683418,6.06));
#10642=CARTESIAN_POINT('Ctrl Pts',(148.315392999313,-104.29770310371,6.06));
#10643=CARTESIAN_POINT('Ctrl Pts',(148.346331651176,-104.261210599858,6.06));
#10644=CARTESIAN_POINT('',(148.657071935877,-104.157630504957,6.06));
#10645=CARTESIAN_POINT('Ctrl Pts',(148.346331651176,-104.261210599858,6.06));
#10646=CARTESIAN_POINT('Ctrl Pts',(148.393097092808,-104.221714976242,6.06));
#10647=CARTESIAN_POINT('Ctrl Pts',(148.483266605427,-104.145562565238,6.06));
#10648=CARTESIAN_POINT('Ctrl Pts',(148.60059475905,-104.153709088027,6.06));
#10649=CARTESIAN_POINT('Ctrl Pts',(148.657071935877,-104.157630504957,6.06));
#10650=CARTESIAN_POINT('Ctrl Pts',(148.657071935877,-104.157630504957,6.06));
#10651=CARTESIAN_POINT('Ctrl Pts',(148.713716898458,-104.185506932281,6.06));
#10652=CARTESIAN_POINT('Ctrl Pts',(148.865983174641,-104.260441040956,6.06));
#10653=CARTESIAN_POINT('Ctrl Pts',(148.984733963545,-104.382860947592,6.06));
#10654=CARTESIAN_POINT('Ctrl Pts',(149.059307971074,-104.459739115083,6.06));
#10655=CARTESIAN_POINT('Origin',(149.286480569434,-105.621230322354,5.56));
#10656=CARTESIAN_POINT('',(149.48916536491,-106.125652308064,5.56));
#10657=CARTESIAN_POINT('Origin',(149.135611974317,-105.772098917471,5.56));
#10658=CARTESIAN_POINT('',(149.004065253793,-106.610752419181,5.56));
#10659=CARTESIAN_POINT('Origin',(148.6505118632,-106.257199028588,5.56));
#10660=CARTESIAN_POINT('',(149.054562569875,-106.5602551031,5.56));
#10661=CARTESIAN_POINT('Origin',(147.99933833326,-105.606025498647,5.56));
#10662=CARTESIAN_POINT('',(147.99933833326,-105.606025498647,5.56));
#10663=CARTESIAN_POINT('',(147.99933833326,-105.606025498647,5.56));
#10664=CARTESIAN_POINT('',(148.587071850548,-106.193759015936,5.56));
#10665=CARTESIAN_POINT('Origin',(148.732327061717,-106.175383830071,5.56));
#10666=CARTESIAN_POINT('',(147.895758238359,-107.719059434615,5.56));
#10667=CARTESIAN_POINT('Origin',(147.542204847766,-107.365506044022,5.56));
#10668=CARTESIAN_POINT('',(148.380858349476,-107.233959323498,5.56));
#10669=CARTESIAN_POINT('',(148.500409062158,-107.114408610817,5.56));
#10670=CARTESIAN_POINT('Origin',(148.027304958883,-106.880405932905,5.56));
#10671=CARTESIAN_POINT('Origin',(148.380858349476,-107.233959323498,5.56));
#10672=CARTESIAN_POINT('',(147.490069533333,-106.343170507355,5.56));
#10673=CARTESIAN_POINT('',(148.466228406498,-107.31932938052,5.56));
#10674=CARTESIAN_POINT('',(147.490069533333,-106.343170507355,5.56));
#10675=CARTESIAN_POINT('Ctrl Pts',(146.958358379511,-108.340540004017,5.56));
#10676=CARTESIAN_POINT('Ctrl Pts',(146.958358379511,-108.340540004017,6.06));
#10677=CARTESIAN_POINT('Ctrl Pts',(146.96133324641,-108.177273675156,5.56));
#10678=CARTESIAN_POINT('Ctrl Pts',(146.96133324641,-108.177273675156,6.06));
#10679=CARTESIAN_POINT('Ctrl Pts',(146.967723205334,-107.826580628875,5.56));
#10680=CARTESIAN_POINT('Ctrl Pts',(146.967723205334,-107.826580628875,6.06));
#10681=CARTESIAN_POINT('Ctrl Pts',(146.807487779699,-107.513497380549,5.56));
#10682=CARTESIAN_POINT('Ctrl Pts',(146.807487779699,-107.513497380549,6.06));
#10683=CARTESIAN_POINT('Ctrl Pts',(146.721850496155,-107.346171092974,5.56));
#10684=CARTESIAN_POINT('Ctrl Pts',(146.721850496155,-107.346171092974,6.06));
#10685=CARTESIAN_POINT('',(146.958358379511,-108.340540004017,5.56));
#10686=CARTESIAN_POINT('',(146.958358379511,-108.340540004017,5.56));
#10687=CARTESIAN_POINT('Ctrl Pts',(146.721850496155,-107.346171092974,5.56));
#10688=CARTESIAN_POINT('Ctrl Pts',(146.807487779699,-107.513497380549,5.56));
#10689=CARTESIAN_POINT('Ctrl Pts',(146.967723205334,-107.826580628875,5.56));
#10690=CARTESIAN_POINT('Ctrl Pts',(146.96133324641,-108.177273675156,5.56));
#10691=CARTESIAN_POINT('Ctrl Pts',(146.958358379511,-108.340540004017,5.56));
#10692=CARTESIAN_POINT('Ctrl Pts',(146.487068947714,-109.21406547101,5.56));
#10693=CARTESIAN_POINT('Ctrl Pts',(146.487068947714,-109.21406547101,6.06));
#10694=CARTESIAN_POINT('Ctrl Pts',(146.60782052614,-109.080534219163,5.56));
#10695=CARTESIAN_POINT('Ctrl Pts',(146.60782052614,-109.080534219163,6.06));
#10696=CARTESIAN_POINT('Ctrl Pts',(146.836812825726,-108.827306652072,5.56));
#10697=CARTESIAN_POINT('Ctrl Pts',(146.836812825726,-108.827306652072,6.06));
#10698=CARTESIAN_POINT('Ctrl Pts',(146.91934624966,-108.496776107188,5.56));
#10699=CARTESIAN_POINT('Ctrl Pts',(146.91934624966,-108.496776107188,6.06));
#10700=CARTESIAN_POINT('Ctrl Pts',(146.958358379511,-108.340540004017,5.56));
#10701=CARTESIAN_POINT('Ctrl Pts',(146.958358379511,-108.340540004017,6.06));
#10702=CARTESIAN_POINT('',(146.487068947714,-109.21406547101,5.56));
#10703=CARTESIAN_POINT('Ctrl Pts',(146.958358379511,-108.340540004017,5.56));
#10704=CARTESIAN_POINT('Ctrl Pts',(146.91934624966,-108.496776107188,5.56));
#10705=CARTESIAN_POINT('Ctrl Pts',(146.836812825726,-108.827306652072,5.56));
#10706=CARTESIAN_POINT('Ctrl Pts',(146.60782052614,-109.080534219163,5.56));
#10707=CARTESIAN_POINT('Ctrl Pts',(146.487068947714,-109.21406547101,5.56));
#10708=CARTESIAN_POINT('',(146.487068947714,-109.21406547101,5.56));
#10709=CARTESIAN_POINT('Ctrl Pts',(145.314024372968,-109.69830241467,5.56));
#10710=CARTESIAN_POINT('Ctrl Pts',(145.314024372968,-109.69830241467,6.06));
#10711=CARTESIAN_POINT('Ctrl Pts',(145.531586138125,-109.681624818227,5.56));
#10712=CARTESIAN_POINT('Ctrl Pts',(145.531586138125,-109.681624818227,6.06));
#10713=CARTESIAN_POINT('Ctrl Pts',(145.974637791589,-109.647661880511,5.56));
#10714=CARTESIAN_POINT('Ctrl Pts',(145.974637791589,-109.647661880511,6.06));
#10715=CARTESIAN_POINT('Ctrl Pts',(146.314232950338,-109.360311590121,5.56));
#10716=CARTESIAN_POINT('Ctrl Pts',(146.314232950338,-109.360311590121,6.06));
#10717=CARTESIAN_POINT('Ctrl Pts',(146.487068947714,-109.21406547101,5.56));
#10718=CARTESIAN_POINT('Ctrl Pts',(146.487068947714,-109.21406547101,6.06));
#10719=CARTESIAN_POINT('',(145.314024372968,-109.69830241467,5.56));
#10720=CARTESIAN_POINT('Ctrl Pts',(146.487068947714,-109.21406547101,5.56));
#10721=CARTESIAN_POINT('Ctrl Pts',(146.314232950338,-109.360311590121,5.56));
#10722=CARTESIAN_POINT('Ctrl Pts',(145.974637791589,-109.647661880511,5.56));
#10723=CARTESIAN_POINT('Ctrl Pts',(145.531586138125,-109.681624818227,5.56));
#10724=CARTESIAN_POINT('Ctrl Pts',(145.314024372968,-109.69830241467,5.56));
#10725=CARTESIAN_POINT('',(145.314024372968,-109.69830241467,5.56));
#10726=CARTESIAN_POINT('Ctrl Pts',(144.047757712811,-109.081137682555,5.56));
#10727=CARTESIAN_POINT('Ctrl Pts',(144.047757712811,-109.081137682555,6.06));
#10728=CARTESIAN_POINT('Ctrl Pts',(144.24169474181,-109.255724336879,5.56));
#10729=CARTESIAN_POINT('Ctrl Pts',(144.24169474181,-109.255724336879,6.06));
#10730=CARTESIAN_POINT('Ctrl Pts',(144.606077123593,-109.583749888568,5.56));
#10731=CARTESIAN_POINT('Ctrl Pts',(144.606077123593,-109.583749888568,6.06));
#10732=CARTESIAN_POINT('Ctrl Pts',(145.088407205283,-109.661795434082,5.56));
#10733=CARTESIAN_POINT('Ctrl Pts',(145.088407205283,-109.661795434082,6.06));
#10734=CARTESIAN_POINT('Ctrl Pts',(145.314024372968,-109.69830241467,5.56));
#10735=CARTESIAN_POINT('Ctrl Pts',(145.314024372968,-109.69830241467,6.06));
#10736=CARTESIAN_POINT('',(144.047757712811,-109.081137682555,5.56));
#10737=CARTESIAN_POINT('Ctrl Pts',(145.314024372968,-109.69830241467,5.56));
#10738=CARTESIAN_POINT('Ctrl Pts',(145.088407205283,-109.661795434082,5.56));
#10739=CARTESIAN_POINT('Ctrl Pts',(144.606077123593,-109.583749888568,5.56));
#10740=CARTESIAN_POINT('Ctrl Pts',(144.24169474181,-109.255724336879,5.56));
#10741=CARTESIAN_POINT('Ctrl Pts',(144.047757712811,-109.081137682555,5.56));
#10742=CARTESIAN_POINT('',(144.047757712811,-109.081137682555,5.56));
#10743=CARTESIAN_POINT('Ctrl Pts',(143.392613612566,-107.773438984438,5.56));
#10744=CARTESIAN_POINT('Ctrl Pts',(143.392613612566,-107.773438984438,6.06));
#10745=CARTESIAN_POINT('Ctrl Pts',(143.432953716434,-108.003809250859,5.56));
#10746=CARTESIAN_POINT('Ctrl Pts',(143.432953716434,-108.003809250859,6.06));
#10747=CARTESIAN_POINT('Ctrl Pts',(143.520350612452,-108.502906781346,5.56));
#10748=CARTESIAN_POINT('Ctrl Pts',(143.520350612452,-108.502906781346,6.06));
#10749=CARTESIAN_POINT('Ctrl Pts',(143.863173067806,-108.878765462769,5.56));
#10750=CARTESIAN_POINT('Ctrl Pts',(143.863173067806,-108.878765462769,6.06));
#10751=CARTESIAN_POINT('Ctrl Pts',(144.047757712811,-109.081137682555,5.56));
#10752=CARTESIAN_POINT('Ctrl Pts',(144.047757712811,-109.081137682555,6.06));
#10753=CARTESIAN_POINT('',(143.392613612566,-107.773438984438,5.56));
#10754=CARTESIAN_POINT('Ctrl Pts',(144.047757712811,-109.081137682555,5.56));
#10755=CARTESIAN_POINT('Ctrl Pts',(143.863173067806,-108.878765462769,5.56));
#10756=CARTESIAN_POINT('Ctrl Pts',(143.520350612452,-108.502906781346,5.56));
#10757=CARTESIAN_POINT('Ctrl Pts',(143.432953716434,-108.003809250859,5.56));
#10758=CARTESIAN_POINT('Ctrl Pts',(143.392613612566,-107.773438984438,5.56));
#10759=CARTESIAN_POINT('',(143.392613612566,-107.773438984438,5.56));
#10760=CARTESIAN_POINT('Ctrl Pts',(143.901019245035,-106.565867711391,5.56));
#10761=CARTESIAN_POINT('Ctrl Pts',(143.901019245035,-106.565867711391,6.06));
#10762=CARTESIAN_POINT('Ctrl Pts',(143.746826958237,-106.745524444308,5.56));
#10763=CARTESIAN_POINT('Ctrl Pts',(143.746826958237,-106.745524444308,6.06));
#10764=CARTESIAN_POINT('Ctrl Pts',(143.447445998678,-107.094347373193,5.56));
#10765=CARTESIAN_POINT('Ctrl Pts',(143.447445998678,-107.094347373193,6.06));
#10766=CARTESIAN_POINT('Ctrl Pts',(143.410520911637,-107.551659531789,5.56));
#10767=CARTESIAN_POINT('Ctrl Pts',(143.410520911637,-107.551659531789,6.06));
#10768=CARTESIAN_POINT('Ctrl Pts',(143.392613612566,-107.773438984438,5.56));
#10769=CARTESIAN_POINT('Ctrl Pts',(143.392613612566,-107.773438984438,6.06));
#10770=CARTESIAN_POINT('',(143.901019245035,-106.565867711391,5.56));
#10771=CARTESIAN_POINT('Ctrl Pts',(143.392613612566,-107.773438984438,5.56));
#10772=CARTESIAN_POINT('Ctrl Pts',(143.410520911637,-107.551659531789,5.56));
#10773=CARTESIAN_POINT('Ctrl Pts',(143.447445998678,-107.094347373193,5.56));
#10774=CARTESIAN_POINT('Ctrl Pts',(143.746826958237,-106.745524444308,5.56));
#10775=CARTESIAN_POINT('Ctrl Pts',(143.901019245035,-106.565867711391,5.56));
#10776=CARTESIAN_POINT('',(143.901019245035,-106.565867711391,5.56));
#10777=CARTESIAN_POINT('Ctrl Pts',(144.929914854379,-106.085946605019,5.56));
#10778=CARTESIAN_POINT('Ctrl Pts',(144.929914854379,-106.085946605019,6.06));
#10779=CARTESIAN_POINT('Ctrl Pts',(144.742944812888,-106.112876361718,5.56));
#10780=CARTESIAN_POINT('Ctrl Pts',(144.742944812888,-106.112876361718,6.06));
#10781=CARTESIAN_POINT('Ctrl Pts',(144.352629640058,-106.169094419736,5.56));
#10782=CARTESIAN_POINT('Ctrl Pts',(144.352629640058,-106.169094419736,6.06));
#10783=CARTESIAN_POINT('Ctrl Pts',(144.055708339868,-106.429961846477,5.56));
#10784=CARTESIAN_POINT('Ctrl Pts',(144.055708339868,-106.429961846477,6.06));
#10785=CARTESIAN_POINT('Ctrl Pts',(143.901019245035,-106.565867711391,5.56));
#10786=CARTESIAN_POINT('Ctrl Pts',(143.901019245035,-106.565867711391,6.06));
#10787=CARTESIAN_POINT('Ctrl Pts',(143.901019245035,-106.565867711391,5.56));
#10788=CARTESIAN_POINT('Ctrl Pts',(144.055708339868,-106.429961846477,5.56));
#10789=CARTESIAN_POINT('Ctrl Pts',(144.352629640058,-106.169094419736,5.56));
#10790=CARTESIAN_POINT('Ctrl Pts',(144.742944812888,-106.112876361718,5.56));
#10791=CARTESIAN_POINT('Ctrl Pts',(144.929914854379,-106.085946605019,5.56));
#10792=CARTESIAN_POINT('Ctrl Pts',(144.771955209656,-106.796333422544,5.56));
#10793=CARTESIAN_POINT('Ctrl Pts',(144.771955209656,-106.796333422544,6.06));
#10794=CARTESIAN_POINT('Ctrl Pts',(144.857847524054,-106.795027113632,5.56));
#10795=CARTESIAN_POINT('Ctrl Pts',(144.857847524054,-106.795027113632,6.06));
#10796=CARTESIAN_POINT('Ctrl Pts',(145.034502998779,-106.792340416661,5.56));
#10797=CARTESIAN_POINT('Ctrl Pts',(145.034502998779,-106.792340416661,6.06));
#10798=CARTESIAN_POINT('Ctrl Pts',(145.190073065688,-106.876517392931,5.56));
#10799=CARTESIAN_POINT('Ctrl Pts',(145.190073065688,-106.876517392931,6.06));
#10800=CARTESIAN_POINT('Ctrl Pts',(145.270002832635,-106.919766368967,5.56));
#10801=CARTESIAN_POINT('Ctrl Pts',(145.270002832635,-106.919766368967,6.06));
#10802=CARTESIAN_POINT('Ctrl Pts',(145.270002832635,-106.919766368967,5.56));
#10803=CARTESIAN_POINT('Ctrl Pts',(145.190073065688,-106.876517392931,5.56));
#10804=CARTESIAN_POINT('Ctrl Pts',(145.034502998779,-106.792340416661,5.56));
#10805=CARTESIAN_POINT('Ctrl Pts',(144.857847524054,-106.795027113632,5.56));
#10806=CARTESIAN_POINT('Ctrl Pts',(144.771955209656,-106.796333422544,5.56));
#10807=CARTESIAN_POINT('Ctrl Pts',(144.057252554843,-107.687122238687,5.56));
#10808=CARTESIAN_POINT('Ctrl Pts',(144.057252554843,-107.687122238687,6.06));
#10809=CARTESIAN_POINT('Ctrl Pts',(144.061845279574,-107.564714273369,5.56));
#10810=CARTESIAN_POINT('Ctrl Pts',(144.061845279574,-107.564714273369,6.06));
#10811=CARTESIAN_POINT('Ctrl Pts',(144.071167264504,-107.316259320196,5.56));
#10812=CARTESIAN_POINT('Ctrl Pts',(144.071167264504,-107.316259320196,6.06));
#10813=CARTESIAN_POINT('Ctrl Pts',(144.23086736971,-107.125368719134,5.56));
#10814=CARTESIAN_POINT('Ctrl Pts',(144.23086736971,-107.125368719134,6.06));
#10815=CARTESIAN_POINT('Ctrl Pts',(144.311886954807,-107.028525468612,5.56));
#10816=CARTESIAN_POINT('Ctrl Pts',(144.311886954807,-107.028525468612,6.06));
#10817=CARTESIAN_POINT('',(144.057252554843,-107.687122238687,5.56));
#10818=CARTESIAN_POINT('Ctrl Pts',(144.311886954807,-107.028525468612,5.56));
#10819=CARTESIAN_POINT('Ctrl Pts',(144.23086736971,-107.125368719134,5.56));
#10820=CARTESIAN_POINT('Ctrl Pts',(144.071167264504,-107.316259320196,5.56));
#10821=CARTESIAN_POINT('Ctrl Pts',(144.061845279574,-107.564714273369,5.56));
#10822=CARTESIAN_POINT('Ctrl Pts',(144.057252554843,-107.687122238687,5.56));
#10823=CARTESIAN_POINT('',(144.057252554843,-107.687122238687,5.56));
#10824=CARTESIAN_POINT('Ctrl Pts',(144.536310493757,-108.516626165348,5.56));
#10825=CARTESIAN_POINT('Ctrl Pts',(144.536310493757,-108.516626165348,6.06));
#10826=CARTESIAN_POINT('Ctrl Pts',(144.404925597424,-108.380879499756,5.56));
#10827=CARTESIAN_POINT('Ctrl Pts',(144.404925597424,-108.380879499756,6.06));
#10828=CARTESIAN_POINT('Ctrl Pts',(144.174575808682,-108.14288246498,5.56));
#10829=CARTESIAN_POINT('Ctrl Pts',(144.174575808682,-108.14288246498,6.06));
#10830=CARTESIAN_POINT('Ctrl Pts',(144.092510269904,-107.824086256209,5.56));
#10831=CARTESIAN_POINT('Ctrl Pts',(144.092510269904,-107.824086256209,6.06));
#10832=CARTESIAN_POINT('Ctrl Pts',(144.057252554843,-107.687122238687,5.56));
#10833=CARTESIAN_POINT('Ctrl Pts',(144.057252554843,-107.687122238687,6.06));
#10834=CARTESIAN_POINT('',(144.536310493757,-108.516626165348,5.56));
#10835=CARTESIAN_POINT('Ctrl Pts',(144.057252554843,-107.687122238687,5.56));
#10836=CARTESIAN_POINT('Ctrl Pts',(144.092510269904,-107.824086256209,5.56));
#10837=CARTESIAN_POINT('Ctrl Pts',(144.174575808682,-108.14288246498,5.56));
#10838=CARTESIAN_POINT('Ctrl Pts',(144.404925597424,-108.380879499756,5.56));
#10839=CARTESIAN_POINT('Ctrl Pts',(144.536310493757,-108.516626165348,5.56));
#10840=CARTESIAN_POINT('',(144.536310493757,-108.516626165348,5.56));
#10841=CARTESIAN_POINT('Ctrl Pts',(145.3925726116,-109.02762130019,5.56));
#10842=CARTESIAN_POINT('Ctrl Pts',(145.3925726116,-109.02762130019,6.06));
#10843=CARTESIAN_POINT('Ctrl Pts',(145.253538508239,-108.988687916695,5.56));
#10844=CARTESIAN_POINT('Ctrl Pts',(145.253538508239,-108.988687916695,6.06));
#10845=CARTESIAN_POINT('Ctrl Pts',(144.924265866491,-108.896482495684,5.56));
#10846=CARTESIAN_POINT('Ctrl Pts',(144.924265866491,-108.896482495684,6.06));
#10847=CARTESIAN_POINT('Ctrl Pts',(144.67837493027,-108.655724833179,5.56));
#10848=CARTESIAN_POINT('Ctrl Pts',(144.67837493027,-108.655724833179,6.06));
#10849=CARTESIAN_POINT('Ctrl Pts',(144.536310493757,-108.516626165348,5.56));
#10850=CARTESIAN_POINT('Ctrl Pts',(144.536310493757,-108.516626165348,6.06));
#10851=CARTESIAN_POINT('',(145.3925726116,-109.02762130019,5.56));
#10852=CARTESIAN_POINT('Ctrl Pts',(144.536310493757,-108.516626165348,5.56));
#10853=CARTESIAN_POINT('Ctrl Pts',(144.67837493027,-108.655724833179,5.56));
#10854=CARTESIAN_POINT('Ctrl Pts',(144.924265866491,-108.896482495684,5.56));
#10855=CARTESIAN_POINT('Ctrl Pts',(145.253538508239,-108.988687916695,5.56));
#10856=CARTESIAN_POINT('Ctrl Pts',(145.3925726116,-109.02762130019,5.56));
#10857=CARTESIAN_POINT('',(145.3925726116,-109.02762130019,5.56));
#10858=CARTESIAN_POINT('Ctrl Pts',(146.045127209473,-108.782481742259,5.56));
#10859=CARTESIAN_POINT('Ctrl Pts',(146.045127209473,-108.782481742259,6.06));
#10860=CARTESIAN_POINT('Ctrl Pts',(145.949507216937,-108.861798347222,5.56));
#10861=CARTESIAN_POINT('Ctrl Pts',(145.949507216937,-108.861798347222,6.06));
#10862=CARTESIAN_POINT('Ctrl Pts',(145.760114922319,-109.01889890137,5.56));
#10863=CARTESIAN_POINT('Ctrl Pts',(145.760114922319,-109.01889890137,6.06));
#10864=CARTESIAN_POINT('Ctrl Pts',(145.514287292709,-109.02473280556,5.56));
#10865=CARTESIAN_POINT('Ctrl Pts',(145.514287292709,-109.02473280556,6.06));
#10866=CARTESIAN_POINT('Ctrl Pts',(145.3925726116,-109.02762130019,5.56));
#10867=CARTESIAN_POINT('Ctrl Pts',(145.3925726116,-109.02762130019,6.06));
#10868=CARTESIAN_POINT('',(146.045127209473,-108.782481742259,5.56));
#10869=CARTESIAN_POINT('Ctrl Pts',(145.3925726116,-109.02762130019,5.56));
#10870=CARTESIAN_POINT('Ctrl Pts',(145.514287292709,-109.02473280556,5.56));
#10871=CARTESIAN_POINT('Ctrl Pts',(145.760114922319,-109.01889890137,5.56));
#10872=CARTESIAN_POINT('Ctrl Pts',(145.949507216937,-108.861798347222,5.56));
#10873=CARTESIAN_POINT('Ctrl Pts',(146.045127209473,-108.782481742259,5.56));
#10874=CARTESIAN_POINT('',(146.045127209473,-108.782481742259,5.56));
#10875=CARTESIAN_POINT('Ctrl Pts',(146.266098078594,-108.302560635887,5.56));
#10876=CARTESIAN_POINT('Ctrl Pts',(146.266098078594,-108.302560635887,6.06));
#10877=CARTESIAN_POINT('Ctrl Pts',(146.252205606309,-108.391977644923,5.56));
#10878=CARTESIAN_POINT('Ctrl Pts',(146.252205606309,-108.391977644923,6.06));
#10879=CARTESIAN_POINT('Ctrl Pts',(146.224109620389,-108.572813638364,5.56));
#10880=CARTESIAN_POINT('Ctrl Pts',(146.224109620389,-108.572813638364,6.06));
#10881=CARTESIAN_POINT('Ctrl Pts',(146.105226717521,-108.712078456075,5.56));
#10882=CARTESIAN_POINT('Ctrl Pts',(146.105226717521,-108.712078456075,6.06));
#10883=CARTESIAN_POINT('Ctrl Pts',(146.045127209473,-108.782481742259,5.56));
#10884=CARTESIAN_POINT('Ctrl Pts',(146.045127209473,-108.782481742259,6.06));
#10885=CARTESIAN_POINT('Ctrl Pts',(146.045127209473,-108.782481742259,5.56));
#10886=CARTESIAN_POINT('Ctrl Pts',(146.105226717521,-108.712078456075,5.56));
#10887=CARTESIAN_POINT('Ctrl Pts',(146.224109620389,-108.572813638364,5.56));
#10888=CARTESIAN_POINT('Ctrl Pts',(146.252205606309,-108.391977644923,5.56));
#10889=CARTESIAN_POINT('Ctrl Pts',(146.266098078594,-108.302560635887,5.56));
#10890=CARTESIAN_POINT('Ctrl Pts',(153.417440042538,-99.409346742701,5.56));
#10891=CARTESIAN_POINT('Ctrl Pts',(153.417440042538,-99.409346742701,6.06));
#10892=CARTESIAN_POINT('Ctrl Pts',(153.491353940626,-99.4224015236233,5.56));
#10893=CARTESIAN_POINT('Ctrl Pts',(153.491353940626,-99.4224015236233,6.06));
#10894=CARTESIAN_POINT('Ctrl Pts',(153.654054199077,-99.4511378815346,5.56));
#10895=CARTESIAN_POINT('Ctrl Pts',(153.654054199077,-99.4511378815346,6.06));
#10896=CARTESIAN_POINT('Ctrl Pts',(153.778515242895,-99.5609161882473,5.56));
#10897=CARTESIAN_POINT('Ctrl Pts',(153.778515242895,-99.5609161882473,6.06));
#10898=CARTESIAN_POINT('Ctrl Pts',(153.846434268917,-99.6208227697893,5.56));
#10899=CARTESIAN_POINT('Ctrl Pts',(153.846434268917,-99.6208227697893,6.06));
#10900=CARTESIAN_POINT('',(153.846434268917,-99.6208227697893,5.56));
#10901=CARTESIAN_POINT('',(153.417440042538,-99.409346742701,5.56));
#10902=CARTESIAN_POINT('Ctrl Pts',(153.846434268917,-99.6208227697893,5.56));
#10903=CARTESIAN_POINT('Ctrl Pts',(153.778515242895,-99.5609161882473,5.56));
#10904=CARTESIAN_POINT('Ctrl Pts',(153.654054199077,-99.4511378815346,5.56));
#10905=CARTESIAN_POINT('Ctrl Pts',(153.491353940626,-99.4224015236233,5.56));
#10906=CARTESIAN_POINT('Ctrl Pts',(153.417440042538,-99.409346742701,5.56));
#10907=CARTESIAN_POINT('',(153.846434268917,-99.6208227697893,5.56));
#10908=CARTESIAN_POINT('',(153.417440042538,-99.409346742701,5.56));
#10909=CARTESIAN_POINT('Ctrl Pts',(153.055772877845,-99.551769373189,5.56));
#10910=CARTESIAN_POINT('Ctrl Pts',(153.055772877845,-99.551769373189,6.06));
#10911=CARTESIAN_POINT('Ctrl Pts',(153.108115492279,-99.5087235953866,5.56));
#10912=CARTESIAN_POINT('Ctrl Pts',(153.108115492279,-99.5087235953866,6.06));
#10913=CARTESIAN_POINT('Ctrl Pts',(153.213269009904,-99.4222469261608,5.56));
#10914=CARTESIAN_POINT('Ctrl Pts',(153.213269009904,-99.4222469261608,6.06));
#10915=CARTESIAN_POINT('Ctrl Pts',(153.349181275259,-99.4136595514735,5.56));
#10916=CARTESIAN_POINT('Ctrl Pts',(153.349181275259,-99.4136595514735,6.06));
#10917=CARTESIAN_POINT('Ctrl Pts',(153.417440042538,-99.409346742701,5.56));
#10918=CARTESIAN_POINT('Ctrl Pts',(153.417440042538,-99.409346742701,6.06));
#10919=CARTESIAN_POINT('',(153.055772877845,-99.551769373189,5.56));
#10920=CARTESIAN_POINT('Ctrl Pts',(153.417440042538,-99.409346742701,5.56));
#10921=CARTESIAN_POINT('Ctrl Pts',(153.349181275259,-99.4136595514735,5.56));
#10922=CARTESIAN_POINT('Ctrl Pts',(153.213269009904,-99.4222469261608,5.56));
#10923=CARTESIAN_POINT('Ctrl Pts',(153.108115492279,-99.5087235953866,5.56));
#10924=CARTESIAN_POINT('Ctrl Pts',(153.055772877845,-99.551769373189,5.56));
#10925=CARTESIAN_POINT('',(153.055772877845,-99.551769373189,5.56));
#10926=CARTESIAN_POINT('Ctrl Pts',(152.909034410069,-99.9298367195754,5.56));
#10927=CARTESIAN_POINT('Ctrl Pts',(152.909034410069,-99.9298367195754,6.06));
#10928=CARTESIAN_POINT('Ctrl Pts',(152.912297138437,-99.859103870606,5.56));
#10929=CARTESIAN_POINT('Ctrl Pts',(152.912297138437,-99.859103870606,6.06));
#10930=CARTESIAN_POINT('Ctrl Pts',(152.918865104392,-99.7167166132211,5.56));
#10931=CARTESIAN_POINT('Ctrl Pts',(152.918865104392,-99.7167166132211,6.06));
#10932=CARTESIAN_POINT('Ctrl Pts',(153.009940467236,-99.6069885140982,5.56));
#10933=CARTESIAN_POINT('Ctrl Pts',(153.009940467236,-99.6069885140982,6.06));
#10934=CARTESIAN_POINT('Ctrl Pts',(153.055772877845,-99.551769373189,5.56));
#10935=CARTESIAN_POINT('Ctrl Pts',(153.055772877845,-99.551769373189,6.06));
#10936=CARTESIAN_POINT('',(152.909034410069,-99.9298367195754,5.56));
#10937=CARTESIAN_POINT('Ctrl Pts',(153.055772877845,-99.551769373189,5.56));
#10938=CARTESIAN_POINT('Ctrl Pts',(153.009940467236,-99.6069885140982,5.56));
#10939=CARTESIAN_POINT('Ctrl Pts',(152.918865104392,-99.7167166132211,5.56));
#10940=CARTESIAN_POINT('Ctrl Pts',(152.912297138437,-99.859103870606,5.56));
#10941=CARTESIAN_POINT('Ctrl Pts',(152.909034410069,-99.9298367195754,5.56));
#10942=CARTESIAN_POINT('',(152.909034410069,-99.9298367195754,5.56));
#10943=CARTESIAN_POINT('Ctrl Pts',(153.121373604615,-100.345883434092,5.56));
#10944=CARTESIAN_POINT('Ctrl Pts',(153.121373604615,-100.345883434092,6.06));
#10945=CARTESIAN_POINT('Ctrl Pts',(153.062695687441,-100.282171677009,5.56));
#10946=CARTESIAN_POINT('Ctrl Pts',(153.062695687441,-100.282171677009,6.06));
#10947=CARTESIAN_POINT('Ctrl Pts',(152.952781455684,-100.162828162941,5.56));
#10948=CARTESIAN_POINT('Ctrl Pts',(152.952781455684,-100.162828162941,6.06));
#10949=CARTESIAN_POINT('Ctrl Pts',(152.922943375581,-100.003914177944,5.56));
#10950=CARTESIAN_POINT('Ctrl Pts',(152.922943375581,-100.003914177944,6.06));
#10951=CARTESIAN_POINT('Ctrl Pts',(152.909034410069,-99.9298367195754,5.56));
#10952=CARTESIAN_POINT('Ctrl Pts',(152.909034410069,-99.9298367195754,6.06));
#10953=CARTESIAN_POINT('',(153.121373604615,-100.345883434092,5.56));
#10954=CARTESIAN_POINT('Ctrl Pts',(152.909034410069,-99.9298367195754,5.56));
#10955=CARTESIAN_POINT('Ctrl Pts',(152.922943375581,-100.003914177944,5.56));
#10956=CARTESIAN_POINT('Ctrl Pts',(152.952781455684,-100.162828162941,5.56));
#10957=CARTESIAN_POINT('Ctrl Pts',(153.062695687441,-100.282171677009,5.56));
#10958=CARTESIAN_POINT('Ctrl Pts',(153.121373604615,-100.345883434092,5.56));
#10959=CARTESIAN_POINT('',(153.121373604615,-100.345883434092,5.56));
#10960=CARTESIAN_POINT('Origin',(153.846434268917,-99.6208227697893,5.56));
#10961=CARTESIAN_POINT('',(150.93885691887,-102.528400119837,5.56));
#10962=CARTESIAN_POINT('Ctrl Pts',(154.984088977906,-100.435652849672,5.56));
#10963=CARTESIAN_POINT('Ctrl Pts',(154.984088977906,-100.435652849672,6.06));
#10964=CARTESIAN_POINT('Ctrl Pts',(154.993978363359,-100.319382086227,5.56));
#10965=CARTESIAN_POINT('Ctrl Pts',(154.993978363359,-100.319382086227,6.06));
#10966=CARTESIAN_POINT('Ctrl Pts',(155.014541337201,-100.077620585585,5.56));
#10967=CARTESIAN_POINT('Ctrl Pts',(155.014541337201,-100.077620585585,6.06));
#10968=CARTESIAN_POINT('Ctrl Pts',(154.921762236003,-99.8530530853172,5.56));
#10969=CARTESIAN_POINT('Ctrl Pts',(154.921762236003,-99.8530530853172,6.06));
#10970=CARTESIAN_POINT('Ctrl Pts',(154.873603543346,-99.7364872090947,5.56));
#10971=CARTESIAN_POINT('Ctrl Pts',(154.873603543346,-99.7364872090947,6.06));
#10972=CARTESIAN_POINT('',(154.984088977906,-100.435652849672,5.56));
#10973=CARTESIAN_POINT('',(154.984088977906,-100.435652849672,5.56));
#10974=CARTESIAN_POINT('Ctrl Pts',(154.873603543346,-99.7364872090947,5.56));
#10975=CARTESIAN_POINT('Ctrl Pts',(154.921762236003,-99.8530530853172,5.56));
#10976=CARTESIAN_POINT('Ctrl Pts',(155.014541337201,-100.077620585585,5.56));
#10977=CARTESIAN_POINT('Ctrl Pts',(154.993978363359,-100.319382086227,5.56));
#10978=CARTESIAN_POINT('Ctrl Pts',(154.984088977906,-100.435652849672,5.56));
#10979=CARTESIAN_POINT('Ctrl Pts',(154.61983231084,-101.077849438055,5.56));
#10980=CARTESIAN_POINT('Ctrl Pts',(154.61983231084,-101.077849438055,6.06));
#10981=CARTESIAN_POINT('Ctrl Pts',(154.709814477419,-100.979136562227,5.56));
#10982=CARTESIAN_POINT('Ctrl Pts',(154.709814477419,-100.979136562227,6.06));
#10983=CARTESIAN_POINT('Ctrl Pts',(154.880161183036,-100.792261608681,5.56));
#10984=CARTESIAN_POINT('Ctrl Pts',(154.880161183036,-100.792261608681,6.06));
#10985=CARTESIAN_POINT('Ctrl Pts',(154.950775317247,-100.549962435484,5.56));
#10986=CARTESIAN_POINT('Ctrl Pts',(154.950775317247,-100.549962435484,6.06));
#10987=CARTESIAN_POINT('Ctrl Pts',(154.984088977906,-100.435652849672,5.56));
#10988=CARTESIAN_POINT('Ctrl Pts',(154.984088977906,-100.435652849672,6.06));
#10989=CARTESIAN_POINT('',(154.61983231084,-101.077849438055,5.56));
#10990=CARTESIAN_POINT('Ctrl Pts',(154.984088977906,-100.435652849672,5.56));
#10991=CARTESIAN_POINT('Ctrl Pts',(154.950775317247,-100.549962435484,5.56));
#10992=CARTESIAN_POINT('Ctrl Pts',(154.880161183036,-100.792261608681,5.56));
#10993=CARTESIAN_POINT('Ctrl Pts',(154.709814477419,-100.979136562227,5.56));
#10994=CARTESIAN_POINT('Ctrl Pts',(154.61983231084,-101.077849438055,5.56));
#10995=CARTESIAN_POINT('',(154.61983231084,-101.077849438055,5.56));
#10996=CARTESIAN_POINT('Ctrl Pts',(153.599568376071,-101.473180133591,5.56));
#10997=CARTESIAN_POINT('Ctrl Pts',(153.599568376071,-101.473180133591,6.06));
#10998=CARTESIAN_POINT('Ctrl Pts',(153.781915188683,-101.472919577959,5.56));
#10999=CARTESIAN_POINT('Ctrl Pts',(153.781915188683,-101.472919577959,6.06));
#11000=CARTESIAN_POINT('Ctrl Pts',(154.170533962017,-101.472364280015,5.56));
#11001=CARTESIAN_POINT('Ctrl Pts',(154.170533962017,-101.472364280015,6.06));
#11002=CARTESIAN_POINT('Ctrl Pts',(154.464042943053,-101.214643214334,5.56));
#11003=CARTESIAN_POINT('Ctrl Pts',(154.464042943053,-101.214643214334,6.06));
#11004=CARTESIAN_POINT('Ctrl Pts',(154.61983231084,-101.077849438055,5.56));
#11005=CARTESIAN_POINT('Ctrl Pts',(154.61983231084,-101.077849438055,6.06));
#11006=CARTESIAN_POINT('',(153.599568376071,-101.473180133591,5.56));
#11007=CARTESIAN_POINT('Ctrl Pts',(154.61983231084,-101.077849438055,5.56));
#11008=CARTESIAN_POINT('Ctrl Pts',(154.464042943053,-101.214643214334,5.56));
#11009=CARTESIAN_POINT('Ctrl Pts',(154.170533962017,-101.472364280015,5.56));
#11010=CARTESIAN_POINT('Ctrl Pts',(153.781915188683,-101.472919577959,5.56));
#11011=CARTESIAN_POINT('Ctrl Pts',(153.599568376071,-101.473180133591,5.56));
#11012=CARTESIAN_POINT('',(153.599568376071,-101.473180133591,5.56));
#11013=CARTESIAN_POINT('Ctrl Pts',(152.786464631104,-101.022606720774,5.56));
#11014=CARTESIAN_POINT('Ctrl Pts',(152.786464631104,-101.022606720774,6.06));
#11015=CARTESIAN_POINT('Ctrl Pts',(152.911191124678,-101.135945148003,5.56));
#11016=CARTESIAN_POINT('Ctrl Pts',(152.911191124678,-101.135945148003,6.06));
#11017=CARTESIAN_POINT('Ctrl Pts',(153.147313458477,-101.350508495208,5.56));
#11018=CARTESIAN_POINT('Ctrl Pts',(153.147313458477,-101.350508495208,6.06));
#11019=CARTESIAN_POINT('Ctrl Pts',(153.45459950737,-101.433858131892,5.56));
#11020=CARTESIAN_POINT('Ctrl Pts',(153.45459950737,-101.433858131892,6.06));
#11021=CARTESIAN_POINT('Ctrl Pts',(153.599568376071,-101.473180133591,5.56));
#11022=CARTESIAN_POINT('Ctrl Pts',(153.599568376071,-101.473180133591,6.06));
#11023=CARTESIAN_POINT('',(152.786464631104,-101.022606720774,5.56));
#11024=CARTESIAN_POINT('Ctrl Pts',(153.599568376071,-101.473180133591,5.56));
#11025=CARTESIAN_POINT('Ctrl Pts',(153.45459950737,-101.433858131892,5.56));
#11026=CARTESIAN_POINT('Ctrl Pts',(153.147313458477,-101.350508495208,5.56));
#11027=CARTESIAN_POINT('Ctrl Pts',(152.911191124678,-101.135945148003,5.56));
#11028=CARTESIAN_POINT('Ctrl Pts',(152.786464631104,-101.022606720774,5.56));
#11029=CARTESIAN_POINT('',(152.786464631104,-101.022606720774,5.56));
#11030=CARTESIAN_POINT('Ctrl Pts',(152.310859362019,-100.070533015148,5.56));
#11031=CARTESIAN_POINT('Ctrl Pts',(152.310859362019,-100.070533015148,6.06));
#11032=CARTESIAN_POINT('Ctrl Pts',(152.340538173743,-100.238990734743,5.56));
#11033=CARTESIAN_POINT('Ctrl Pts',(152.340538173743,-100.238990734743,6.06));
#11034=CARTESIAN_POINT('Ctrl Pts',(152.404488322352,-100.601973468094,5.56));
#11035=CARTESIAN_POINT('Ctrl Pts',(152.404488322352,-100.601973468094,6.06));
#11036=CARTESIAN_POINT('Ctrl Pts',(152.653185861257,-100.875839810918,5.56));
#11037=CARTESIAN_POINT('Ctrl Pts',(152.653185861257,-100.875839810918,6.06));
#11038=CARTESIAN_POINT('Ctrl Pts',(152.786464631104,-101.022606720774,5.56));
#11039=CARTESIAN_POINT('Ctrl Pts',(152.786464631104,-101.022606720774,6.06));
#11040=CARTESIAN_POINT('',(152.310859362019,-100.070533015148,5.56));
#11041=CARTESIAN_POINT('Ctrl Pts',(152.786464631104,-101.022606720774,5.56));
#11042=CARTESIAN_POINT('Ctrl Pts',(152.653185861257,-100.875839810918,5.56));
#11043=CARTESIAN_POINT('Ctrl Pts',(152.404488322352,-100.601973468094,5.56));
#11044=CARTESIAN_POINT('Ctrl Pts',(152.340538173743,-100.238990734743,5.56));
#11045=CARTESIAN_POINT('Ctrl Pts',(152.310859362019,-100.070533015148,5.56));
#11046=CARTESIAN_POINT('',(152.310859362019,-100.070533015148,5.56));
#11047=CARTESIAN_POINT('Ctrl Pts',(152.655263177563,-99.2099550600178,5.56));
#11048=CARTESIAN_POINT('Ctrl Pts',(152.655263177563,-99.2099550600178,6.06));
#11049=CARTESIAN_POINT('Ctrl Pts',(152.549817354886,-99.3360037953642,5.56));
#11050=CARTESIAN_POINT('Ctrl Pts',(152.549817354886,-99.3360037953642,6.06));
#11051=CARTESIAN_POINT('Ctrl Pts',(152.341086019394,-99.5855188562526,5.56));
#11052=CARTESIAN_POINT('Ctrl Pts',(152.341086019394,-99.5855188562526,6.06));
#11053=CARTESIAN_POINT('Ctrl Pts',(152.320865154413,-99.9099809924113,5.56));
#11054=CARTESIAN_POINT('Ctrl Pts',(152.320865154413,-99.9099809924113,6.06));
#11055=CARTESIAN_POINT('Ctrl Pts',(152.310859362019,-100.070533015148,5.56));
#11056=CARTESIAN_POINT('Ctrl Pts',(152.310859362019,-100.070533015148,6.06));
#11057=CARTESIAN_POINT('',(152.655263177563,-99.2099550600178,5.56));
#11058=CARTESIAN_POINT('Ctrl Pts',(152.310859362019,-100.070533015148,5.56));
#11059=CARTESIAN_POINT('Ctrl Pts',(152.320865154413,-99.9099809924113,5.56));
#11060=CARTESIAN_POINT('Ctrl Pts',(152.341086019394,-99.5855188562526,5.56));
#11061=CARTESIAN_POINT('Ctrl Pts',(152.549817354886,-99.3360037953642,5.56));
#11062=CARTESIAN_POINT('Ctrl Pts',(152.655263177563,-99.2099550600178,5.56));
#11063=CARTESIAN_POINT('',(152.655263177563,-99.2099550600178,5.56));
#11064=CARTESIAN_POINT('Ctrl Pts',(153.571083849974,-98.8344772160039,5.56));
#11065=CARTESIAN_POINT('Ctrl Pts',(153.571083849974,-98.8344772160039,6.06));
#11066=CARTESIAN_POINT('Ctrl Pts',(153.403901704826,-98.8441199542153,5.56));
#11067=CARTESIAN_POINT('Ctrl Pts',(153.403901704826,-98.8441199542153,6.06));
#11068=CARTESIAN_POINT('Ctrl Pts',(153.056560907958,-98.8641538900842,5.56));
#11069=CARTESIAN_POINT('Ctrl Pts',(153.056560907958,-98.8641538900842,6.06));
#11070=CARTESIAN_POINT('Ctrl Pts',(152.79231973419,-99.0918524293795,5.56));
#11071=CARTESIAN_POINT('Ctrl Pts',(152.79231973419,-99.0918524293795,6.06));
#11072=CARTESIAN_POINT('Ctrl Pts',(152.655263177563,-99.2099550600178,5.56));
#11073=CARTESIAN_POINT('Ctrl Pts',(152.655263177563,-99.2099550600178,6.06));
#11074=CARTESIAN_POINT('',(153.571083849974,-98.8344772160039,5.56));
#11075=CARTESIAN_POINT('Ctrl Pts',(152.655263177563,-99.2099550600178,5.56));
#11076=CARTESIAN_POINT('Ctrl Pts',(152.79231973419,-99.0918524293795,5.56));
#11077=CARTESIAN_POINT('Ctrl Pts',(153.056560907958,-98.8641538900842,5.56));
#11078=CARTESIAN_POINT('Ctrl Pts',(153.403901704826,-98.8441199542153,5.56));
#11079=CARTESIAN_POINT('Ctrl Pts',(153.571083849974,-98.8344772160039,5.56));
#11080=CARTESIAN_POINT('',(153.571083849974,-98.8344772160039,5.56));
#11081=CARTESIAN_POINT('Ctrl Pts',(154.625011315585,-99.4361049338836,5.56));
#11082=CARTESIAN_POINT('Ctrl Pts',(154.625011315585,-99.4361049338836,6.06));
#11083=CARTESIAN_POINT('Ctrl Pts',(154.457183177192,-99.2706226172487,5.56));
#11084=CARTESIAN_POINT('Ctrl Pts',(154.457183177192,-99.2706226172487,6.06));
#11085=CARTESIAN_POINT('Ctrl Pts',(154.157380508898,-98.9750104478145,5.56));
#11086=CARTESIAN_POINT('Ctrl Pts',(154.157380508898,-98.9750104478145,6.06));
#11087=CARTESIAN_POINT('Ctrl Pts',(153.750287907685,-98.8774317936916,5.56));
#11088=CARTESIAN_POINT('Ctrl Pts',(153.750287907685,-98.8774317936916,6.06));
#11089=CARTESIAN_POINT('Ctrl Pts',(153.571083849974,-98.8344772160039,5.56));
#11090=CARTESIAN_POINT('Ctrl Pts',(153.571083849974,-98.8344772160039,6.06));
#11091=CARTESIAN_POINT('',(154.625011315585,-99.4361049338836,5.56));
#11092=CARTESIAN_POINT('Ctrl Pts',(153.571083849974,-98.8344772160039,5.56));
#11093=CARTESIAN_POINT('Ctrl Pts',(153.750287907685,-98.8774317936916,5.56));
#11094=CARTESIAN_POINT('Ctrl Pts',(154.157380508898,-98.9750104478145,5.56));
#11095=CARTESIAN_POINT('Ctrl Pts',(154.457183177192,-99.2706226172487,5.56));
#11096=CARTESIAN_POINT('Ctrl Pts',(154.625011315585,-99.4361049338836,5.56));
#11097=CARTESIAN_POINT('',(154.625011315585,-99.4361049338836,5.56));
#11098=CARTESIAN_POINT('Origin',(153.409671535421,-100.651444714048,5.56));
#11099=CARTESIAN_POINT('',(153.409671535421,-100.651444714048,5.56));
#11100=CARTESIAN_POINT('',(150.868940354812,-103.192175894657,5.56));
#11101=CARTESIAN_POINT('',(153.409671535421,-100.651444714048,5.56));
#11102=CARTESIAN_POINT('Ctrl Pts',(153.86283445061,-100.869826080796,5.56));
#11103=CARTESIAN_POINT('Ctrl Pts',(153.86283445061,-100.869826080796,6.06));
#11104=CARTESIAN_POINT('Ctrl Pts',(153.783536514181,-100.856434816811,5.56));
#11105=CARTESIAN_POINT('Ctrl Pts',(153.783536514181,-100.856434816811,6.06));
#11106=CARTESIAN_POINT('Ctrl Pts',(153.612107054413,-100.827485045179,5.56));
#11107=CARTESIAN_POINT('Ctrl Pts',(153.612107054413,-100.827485045179,6.06));
#11108=CARTESIAN_POINT('Ctrl Pts',(153.480435775722,-100.712982137702,5.56));
#11109=CARTESIAN_POINT('Ctrl Pts',(153.480435775722,-100.712982137702,6.06));
#11110=CARTESIAN_POINT('Ctrl Pts',(153.409671535421,-100.651444714048,5.56));
#11111=CARTESIAN_POINT('Ctrl Pts',(153.409671535421,-100.651444714048,6.06));
#11112=CARTESIAN_POINT('',(153.86283445061,-100.869826080796,5.56));
#11113=CARTESIAN_POINT('Ctrl Pts',(153.409671535421,-100.651444714048,5.56));
#11114=CARTESIAN_POINT('Ctrl Pts',(153.480435775722,-100.712982137702,5.56));
#11115=CARTESIAN_POINT('Ctrl Pts',(153.612107054413,-100.827485045179,5.56));
#11116=CARTESIAN_POINT('Ctrl Pts',(153.783536514181,-100.856434816811,5.56));
#11117=CARTESIAN_POINT('Ctrl Pts',(153.86283445061,-100.869826080796,5.56));
#11118=CARTESIAN_POINT('',(153.86283445061,-100.869826080796,5.56));
#11119=CARTESIAN_POINT('Ctrl Pts',(154.262480983434,-100.710140101158,5.56));
#11120=CARTESIAN_POINT('Ctrl Pts',(154.262480983434,-100.710140101158,6.06));
#11121=CARTESIAN_POINT('Ctrl Pts',(154.20417793386,-100.758663986859,5.56));
#11122=CARTESIAN_POINT('Ctrl Pts',(154.20417793386,-100.758663986859,6.06));
#11123=CARTESIAN_POINT('Ctrl Pts',(154.08820229496,-100.855187045037,5.56));
#11124=CARTESIAN_POINT('Ctrl Pts',(154.08820229496,-100.855187045037,6.06));
#11125=CARTESIAN_POINT('Ctrl Pts',(153.937684319608,-100.864964118736,5.56));
#11126=CARTESIAN_POINT('Ctrl Pts',(153.937684319608,-100.864964118736,6.06));
#11127=CARTESIAN_POINT('Ctrl Pts',(153.86283445061,-100.869826080796,5.56));
#11128=CARTESIAN_POINT('Ctrl Pts',(153.86283445061,-100.869826080796,6.06));
#11129=CARTESIAN_POINT('Ctrl Pts',(153.86283445061,-100.869826080796,5.56));
#11130=CARTESIAN_POINT('Ctrl Pts',(153.937684319608,-100.864964118736,5.56));
#11131=CARTESIAN_POINT('Ctrl Pts',(154.08820229496,-100.855187045037,5.56));
#11132=CARTESIAN_POINT('Ctrl Pts',(154.20417793386,-100.758663986859,5.56));
#11133=CARTESIAN_POINT('Ctrl Pts',(154.262480983434,-100.710140101158,5.56));
#11134=CARTESIAN_POINT('Ctrl Pts',(154.309092026139,-100.138723244291,5.56));
#11135=CARTESIAN_POINT('Ctrl Pts',(154.309092026139,-100.138723244291,6.06));
#11136=CARTESIAN_POINT('Ctrl Pts',(154.337351929297,-100.193616217737,5.56));
#11137=CARTESIAN_POINT('Ctrl Pts',(154.337351929297,-100.193616217737,6.06));
#11138=CARTESIAN_POINT('Ctrl Pts',(154.388852247443,-100.293652144278,5.56));
#11139=CARTESIAN_POINT('Ctrl Pts',(154.388852247443,-100.293652144278,6.06));
#11140=CARTESIAN_POINT('Ctrl Pts',(154.390990967436,-100.405772573415,5.56));
#11141=CARTESIAN_POINT('Ctrl Pts',(154.390990967436,-100.405772573415,6.06));
#11142=CARTESIAN_POINT('Ctrl Pts',(154.391956102059,-100.456368868652,5.56));
#11143=CARTESIAN_POINT('Ctrl Pts',(154.391956102059,-100.456368868652,6.06));
#11144=CARTESIAN_POINT('Ctrl Pts',(154.391956102059,-100.456368868652,5.56));
#11145=CARTESIAN_POINT('Ctrl Pts',(154.390990967436,-100.405772573415,5.56));
#11146=CARTESIAN_POINT('Ctrl Pts',(154.388852247443,-100.293652144278,5.56));
#11147=CARTESIAN_POINT('Ctrl Pts',(154.337351929297,-100.193616217737,5.56));
#11148=CARTESIAN_POINT('Ctrl Pts',(154.309092026139,-100.138723244291,5.56));
#11149=CARTESIAN_POINT('Origin',(149.2758,-106.680497901062,5.56));
#11150=CARTESIAN_POINT('Origin',(151.90948649428,-100.811993861144,5.56));
#11151=CARTESIAN_POINT('',(151.90948649428,-100.811993861144,5.56));
#11152=CARTESIAN_POINT('',(151.90948649428,-100.811993861144,5.56));
#11153=CARTESIAN_POINT('',(149.783938860731,-102.937541494693,5.56));
#11154=CARTESIAN_POINT('Origin',(152.648357837903,-101.550865204766,5.56));
#11155=CARTESIAN_POINT('',(153.087626552501,-101.990133919364,5.56));
#11156=CARTESIAN_POINT('Ctrl Pts',(153.023835681917,-101.821036618965,5.56));
#11157=CARTESIAN_POINT('Ctrl Pts',(153.023835681917,-101.821036618965,6.06));
#11158=CARTESIAN_POINT('Ctrl Pts',(153.005200653466,-101.822756936947,5.56));
#11159=CARTESIAN_POINT('Ctrl Pts',(153.005200653466,-101.822756936947,6.06));
#11160=CARTESIAN_POINT('Ctrl Pts',(152.968715140767,-101.826125146647,5.56));
#11161=CARTESIAN_POINT('Ctrl Pts',(152.968715140767,-101.826125146647,6.06));
#11162=CARTESIAN_POINT('Ctrl Pts',(152.935595940383,-101.810536718334,5.56));
#11163=CARTESIAN_POINT('Ctrl Pts',(152.935595940383,-101.810536718334,6.06));
#11164=CARTESIAN_POINT('Ctrl Pts',(152.919392419559,-101.802910102357,5.56));
#11165=CARTESIAN_POINT('Ctrl Pts',(152.919392419559,-101.802910102357,6.06));
#11166=CARTESIAN_POINT('',(153.023835681917,-101.821036618965,5.56));
#11167=CARTESIAN_POINT('',(153.023835681917,-101.821036618965,5.56));
#11168=CARTESIAN_POINT('Ctrl Pts',(152.919392419559,-101.802910102357,5.56));
#11169=CARTESIAN_POINT('Ctrl Pts',(152.935595940383,-101.810536718334,5.56));
#11170=CARTESIAN_POINT('Ctrl Pts',(152.968715140767,-101.826125146647,5.56));
#11171=CARTESIAN_POINT('Ctrl Pts',(153.005200653466,-101.822756936947,5.56));
#11172=CARTESIAN_POINT('Ctrl Pts',(153.023835681917,-101.821036618965,5.56));
#11173=CARTESIAN_POINT('Ctrl Pts',(153.13000527919,-101.763204399312,5.56));
#11174=CARTESIAN_POINT('Ctrl Pts',(153.13000527919,-101.763204399312,6.06));
#11175=CARTESIAN_POINT('Ctrl Pts',(153.11392819056,-101.777621669532,5.56));
#11176=CARTESIAN_POINT('Ctrl Pts',(153.11392819056,-101.777621669532,6.06));
#11177=CARTESIAN_POINT('Ctrl Pts',(153.083049365027,-101.805312527124,5.56));
#11178=CARTESIAN_POINT('Ctrl Pts',(153.083049365027,-101.805312527124,6.06));
#11179=CARTESIAN_POINT('Ctrl Pts',(153.043022515697,-101.815941588211,5.56));
#11180=CARTESIAN_POINT('Ctrl Pts',(153.043022515697,-101.815941588211,6.06));
#11181=CARTESIAN_POINT('Ctrl Pts',(153.023835681917,-101.821036618965,5.56));
#11182=CARTESIAN_POINT('Ctrl Pts',(153.023835681917,-101.821036618965,6.06));
#11183=CARTESIAN_POINT('',(153.13000527919,-101.763204399312,5.56));
#11184=CARTESIAN_POINT('',(153.13000527919,-101.763204399312,5.56));
#11185=CARTESIAN_POINT('Ctrl Pts',(153.023835681917,-101.821036618965,5.56));
#11186=CARTESIAN_POINT('Ctrl Pts',(153.043022515697,-101.815941588211,5.56));
#11187=CARTESIAN_POINT('Ctrl Pts',(153.083049365027,-101.805312527124,5.56));
#11188=CARTESIAN_POINT('Ctrl Pts',(153.11392819056,-101.777621669532,5.56));
#11189=CARTESIAN_POINT('Ctrl Pts',(153.13000527919,-101.763204399312,5.56));
#11190=CARTESIAN_POINT('Ctrl Pts',(153.27847008188,-101.521517511211,5.56));
#11191=CARTESIAN_POINT('Ctrl Pts',(153.27847008188,-101.521517511211,6.06));
#11192=CARTESIAN_POINT('Ctrl Pts',(153.254782015276,-101.572116269762,5.56));
#11193=CARTESIAN_POINT('Ctrl Pts',(153.254782015276,-101.572116269762,6.06));
#11194=CARTESIAN_POINT('Ctrl Pts',(153.214373363186,-101.658430938855,5.56));
#11195=CARTESIAN_POINT('Ctrl Pts',(153.214373363186,-101.658430938855,6.06));
#11196=CARTESIAN_POINT('Ctrl Pts',(153.154698130356,-101.732539302481,5.56));
#11197=CARTESIAN_POINT('Ctrl Pts',(153.154698130356,-101.732539302481,6.06));
#11198=CARTESIAN_POINT('Ctrl Pts',(153.13000527919,-101.763204399312,5.56));
#11199=CARTESIAN_POINT('Ctrl Pts',(153.13000527919,-101.763204399312,6.06));
#11200=CARTESIAN_POINT('Ctrl Pts',(153.13000527919,-101.763204399312,5.56));
#11201=CARTESIAN_POINT('Ctrl Pts',(153.154698130356,-101.732539302481,5.56));
#11202=CARTESIAN_POINT('Ctrl Pts',(153.214373363186,-101.658430938855,5.56));
#11203=CARTESIAN_POINT('Ctrl Pts',(153.254782015276,-101.572116269762,5.56));
#11204=CARTESIAN_POINT('Ctrl Pts',(153.27847008188,-101.521517511211,5.56));
#11205=CARTESIAN_POINT('Ctrl Pts',(153.104973422922,-102.504665245307,5.56));
#11206=CARTESIAN_POINT('Ctrl Pts',(153.104973422922,-102.504665245307,6.06));
#11207=CARTESIAN_POINT('Ctrl Pts',(153.154721217105,-102.480587598775,5.56));
#11208=CARTESIAN_POINT('Ctrl Pts',(153.154721217105,-102.480587598775,6.06));
#11209=CARTESIAN_POINT('Ctrl Pts',(153.257912270304,-102.430643721966,5.56));
#11210=CARTESIAN_POINT('Ctrl Pts',(153.257912270304,-102.430643721966,6.06));
#11211=CARTESIAN_POINT('Ctrl Pts',(153.341969241993,-102.3525988202,5.56));
#11212=CARTESIAN_POINT('Ctrl Pts',(153.341969241993,-102.3525988202,6.06));
#11213=CARTESIAN_POINT('Ctrl Pts',(153.385502846611,-102.312178902284,5.56));
#11214=CARTESIAN_POINT('Ctrl Pts',(153.385502846611,-102.312178902284,6.06));
#11215=CARTESIAN_POINT('',(153.104973422922,-102.504665245307,5.56));
#11216=CARTESIAN_POINT('Ctrl Pts',(153.385502846611,-102.312178902284,5.56));
#11217=CARTESIAN_POINT('Ctrl Pts',(153.341969241993,-102.3525988202,5.56));
#11218=CARTESIAN_POINT('Ctrl Pts',(153.257912270304,-102.430643721966,5.56));
#11219=CARTESIAN_POINT('Ctrl Pts',(153.154721217105,-102.480587598775,5.56));
#11220=CARTESIAN_POINT('Ctrl Pts',(153.104973422922,-102.504665245307,5.56));
#11221=CARTESIAN_POINT('',(153.104973422922,-102.504665245307,5.56));
#11222=CARTESIAN_POINT('Ctrl Pts',(152.836528343639,-102.54523411581,5.56));
#11223=CARTESIAN_POINT('Ctrl Pts',(152.836528343639,-102.54523411581,6.06));
#11224=CARTESIAN_POINT('Ctrl Pts',(152.879131720495,-102.548018961687,5.56));
#11225=CARTESIAN_POINT('Ctrl Pts',(152.879131720495,-102.548018961687,6.06));
#11226=CARTESIAN_POINT('Ctrl Pts',(152.971352692177,-102.554047150335,5.56));
#11227=CARTESIAN_POINT('Ctrl Pts',(152.971352692177,-102.554047150335,6.06));
#11228=CARTESIAN_POINT('Ctrl Pts',(153.05823056982,-102.521939893633,5.56));
#11229=CARTESIAN_POINT('Ctrl Pts',(153.05823056982,-102.521939893633,6.06));
#11230=CARTESIAN_POINT('Ctrl Pts',(153.104973422922,-102.504665245307,5.56));
#11231=CARTESIAN_POINT('Ctrl Pts',(153.104973422922,-102.504665245307,6.06));
#11232=CARTESIAN_POINT('',(152.836528343639,-102.54523411581,5.56));
#11233=CARTESIAN_POINT('',(152.836528343639,-102.54523411581,5.56));
#11234=CARTESIAN_POINT('Ctrl Pts',(153.104973422922,-102.504665245307,5.56));
#11235=CARTESIAN_POINT('Ctrl Pts',(153.05823056982,-102.521939893633,5.56));
#11236=CARTESIAN_POINT('Ctrl Pts',(152.971352692177,-102.554047150335,5.56));
#11237=CARTESIAN_POINT('Ctrl Pts',(152.879131720495,-102.548018961687,5.56));
#11238=CARTESIAN_POINT('Ctrl Pts',(152.836528343639,-102.54523411581,5.56));
#11239=CARTESIAN_POINT('Ctrl Pts',(152.579304441303,-102.424390671759,5.56));
#11240=CARTESIAN_POINT('Ctrl Pts',(152.579304441303,-102.424390671759,6.06));
#11241=CARTESIAN_POINT('Ctrl Pts',(152.622436428848,-102.45403577556,5.56));
#11242=CARTESIAN_POINT('Ctrl Pts',(152.622436428848,-102.45403577556,6.06));
#11243=CARTESIAN_POINT('Ctrl Pts',(152.701685156075,-102.50850432381,5.56));
#11244=CARTESIAN_POINT('Ctrl Pts',(152.701685156075,-102.50850432381,6.06));
#11245=CARTESIAN_POINT('Ctrl Pts',(152.794313836702,-102.533735351303,5.56));
#11246=CARTESIAN_POINT('Ctrl Pts',(152.794313836702,-102.533735351303,6.06));
#11247=CARTESIAN_POINT('Ctrl Pts',(152.836528343639,-102.54523411581,5.56));
#11248=CARTESIAN_POINT('Ctrl Pts',(152.836528343639,-102.54523411581,6.06));
#11249=CARTESIAN_POINT('',(152.579304441303,-102.424390671759,5.56));
#11250=CARTESIAN_POINT('',(152.579304441303,-102.424390671759,5.56));
#11251=CARTESIAN_POINT('Ctrl Pts',(152.836528343639,-102.54523411581,5.56));
#11252=CARTESIAN_POINT('Ctrl Pts',(152.794313836702,-102.533735351303,5.56));
#11253=CARTESIAN_POINT('Ctrl Pts',(152.701685156075,-102.50850432381,5.56));
#11254=CARTESIAN_POINT('Ctrl Pts',(152.622436428848,-102.45403577556,5.56));
#11255=CARTESIAN_POINT('Ctrl Pts',(152.579304441303,-102.424390671759,5.56));
#11256=CARTESIAN_POINT('Ctrl Pts',(152.221953113897,-102.098113372823,5.56));
#11257=CARTESIAN_POINT('Ctrl Pts',(152.221953113897,-102.098113372823,6.06));
#11258=CARTESIAN_POINT('Ctrl Pts',(152.293069467267,-102.169884537975,5.56));
#11259=CARTESIAN_POINT('Ctrl Pts',(152.293069467267,-102.169884537975,6.06));
#11260=CARTESIAN_POINT('Ctrl Pts',(152.406795405895,-102.284657620908,5.56));
#11261=CARTESIAN_POINT('Ctrl Pts',(152.406795405895,-102.284657620908,6.06));
#11262=CARTESIAN_POINT('Ctrl Pts',(152.532286730489,-102.386306126446,5.56));
#11263=CARTESIAN_POINT('Ctrl Pts',(152.532286730489,-102.386306126446,6.06));
#11264=CARTESIAN_POINT('Ctrl Pts',(152.579304441303,-102.424390671759,5.56));
#11265=CARTESIAN_POINT('Ctrl Pts',(152.579304441303,-102.424390671759,6.06));
#11266=CARTESIAN_POINT('',(152.221953113897,-102.098113372823,5.56));
#11267=CARTESIAN_POINT('',(152.221953113897,-102.098113372823,5.56));
#11268=CARTESIAN_POINT('Ctrl Pts',(152.579304441303,-102.424390671759,5.56));
#11269=CARTESIAN_POINT('Ctrl Pts',(152.532286730489,-102.386306126446,5.56));
#11270=CARTESIAN_POINT('Ctrl Pts',(152.406795405895,-102.284657620908,5.56));
#11271=CARTESIAN_POINT('Ctrl Pts',(152.293069467267,-102.169884537975,5.56));
#11272=CARTESIAN_POINT('Ctrl Pts',(152.221953113897,-102.098113372823,5.56));
#11273=CARTESIAN_POINT('Origin',(151.422660048249,-101.298820307175,5.56));
#11274=CARTESIAN_POINT('',(151.422660048249,-101.298820307175,5.56));
#11275=CARTESIAN_POINT('',(151.422660048249,-101.298820307175,5.56));
#11276=CARTESIAN_POINT('',(152.231364434658,-102.107524693585,5.56));
#11277=CARTESIAN_POINT('Origin',(151.199962844213,-101.521517511211,5.56));
#11278=CARTESIAN_POINT('',(149.429177035697,-103.292303319727,5.56));
#11279=CARTESIAN_POINT('Ctrl Pts',(150.894401985725,-103.722594106376,5.56));
#11280=CARTESIAN_POINT('Ctrl Pts',(150.894401985725,-103.722594106376,6.06));
#11281=CARTESIAN_POINT('Ctrl Pts',(150.799486366338,-103.703036643184,5.56));
#11282=CARTESIAN_POINT('Ctrl Pts',(150.799486366338,-103.703036643184,6.06));
#11283=CARTESIAN_POINT('Ctrl Pts',(150.590306445369,-103.659934900485,5.56));
#11284=CARTESIAN_POINT('Ctrl Pts',(150.590306445369,-103.659934900485,6.06));
#11285=CARTESIAN_POINT('Ctrl Pts',(150.433053219311,-103.514008377906,5.56));
#11286=CARTESIAN_POINT('Ctrl Pts',(150.433053219311,-103.514008377906,6.06));
#11287=CARTESIAN_POINT('Ctrl Pts',(150.347153817668,-103.43429617557,5.56));
#11288=CARTESIAN_POINT('Ctrl Pts',(150.347153817668,-103.43429617557,6.06));
#11289=CARTESIAN_POINT('',(150.347153817668,-103.43429617557,5.56));
#11290=CARTESIAN_POINT('',(150.894401985725,-103.722594106376,5.56));
#11291=CARTESIAN_POINT('Ctrl Pts',(150.347153817668,-103.43429617557,5.56));
#11292=CARTESIAN_POINT('Ctrl Pts',(150.433053219311,-103.514008377906,5.56));
#11293=CARTESIAN_POINT('Ctrl Pts',(150.590306445369,-103.659934900485,5.56));
#11294=CARTESIAN_POINT('Ctrl Pts',(150.799486366338,-103.703036643184,5.56));
#11295=CARTESIAN_POINT('Ctrl Pts',(150.894401985725,-103.722594106376,5.56));
#11296=CARTESIAN_POINT('',(150.347153817668,-103.43429617557,6.06));
#11297=CARTESIAN_POINT('',(150.347153817668,-103.43429617557,5.56));
#11298=CARTESIAN_POINT('',(150.894401985725,-103.722594106376,6.06));
#11299=CARTESIAN_POINT('Ctrl Pts',(150.894401985725,-103.722594106376,6.06));
#11300=CARTESIAN_POINT('Ctrl Pts',(150.799486366338,-103.703036643184,6.06));
#11301=CARTESIAN_POINT('Ctrl Pts',(150.590306445369,-103.659934900485,6.06));
#11302=CARTESIAN_POINT('Ctrl Pts',(150.433053219311,-103.514008377906,6.06));
#11303=CARTESIAN_POINT('Ctrl Pts',(150.347153817668,-103.43429617557,6.06));
#11304=CARTESIAN_POINT('',(150.894401985725,-103.722594106376,5.56));
#11305=CARTESIAN_POINT('Ctrl Pts',(151.358786077862,-103.54823427996,5.56));
#11306=CARTESIAN_POINT('Ctrl Pts',(151.358786077862,-103.54823427996,6.06));
#11307=CARTESIAN_POINT('Ctrl Pts',(151.291659723911,-103.602955597001,5.56));
#11308=CARTESIAN_POINT('Ctrl Pts',(151.291659723911,-103.602955597001,6.06));
#11309=CARTESIAN_POINT('Ctrl Pts',(151.156501268319,-103.713136595431,5.56));
#11310=CARTESIAN_POINT('Ctrl Pts',(151.156501268319,-103.713136595431,6.06));
#11311=CARTESIAN_POINT('Ctrl Pts',(150.982157860193,-103.719427550042,5.56));
#11312=CARTESIAN_POINT('Ctrl Pts',(150.982157860193,-103.719427550042,6.06));
#11313=CARTESIAN_POINT('Ctrl Pts',(150.894401985725,-103.722594106376,5.56));
#11314=CARTESIAN_POINT('Ctrl Pts',(150.894401985725,-103.722594106376,6.06));
#11315=CARTESIAN_POINT('',(151.358786077862,-103.54823427996,5.56));
#11316=CARTESIAN_POINT('Ctrl Pts',(150.894401985725,-103.722594106376,5.56));
#11317=CARTESIAN_POINT('Ctrl Pts',(150.982157860193,-103.719427550042,5.56));
#11318=CARTESIAN_POINT('Ctrl Pts',(151.156501268319,-103.713136595431,5.56));
#11319=CARTESIAN_POINT('Ctrl Pts',(151.291659723911,-103.602955597001,5.56));
#11320=CARTESIAN_POINT('Ctrl Pts',(151.358786077862,-103.54823427996,5.56));
#11321=CARTESIAN_POINT('',(151.358786077862,-103.54823427996,6.06));
#11322=CARTESIAN_POINT('Ctrl Pts',(151.358786077862,-103.54823427996,6.06));
#11323=CARTESIAN_POINT('Ctrl Pts',(151.291659723911,-103.602955597001,6.06));
#11324=CARTESIAN_POINT('Ctrl Pts',(151.156501268319,-103.713136595431,6.06));
#11325=CARTESIAN_POINT('Ctrl Pts',(150.982157860193,-103.719427550042,6.06));
#11326=CARTESIAN_POINT('Ctrl Pts',(150.894401985725,-103.722594106376,6.06));
#11327=CARTESIAN_POINT('',(151.358786077862,-103.54823427996,5.56));
#11328=CARTESIAN_POINT('Ctrl Pts',(151.53228273682,-103.084713355281,5.56));
#11329=CARTESIAN_POINT('Ctrl Pts',(151.53228273682,-103.084713355281,6.06));
#11330=CARTESIAN_POINT('Ctrl Pts',(151.529340907579,-103.172244759686,5.56));
#11331=CARTESIAN_POINT('Ctrl Pts',(151.529340907579,-103.172244759686,6.06));
#11332=CARTESIAN_POINT('Ctrl Pts',(151.52349154349,-103.346287170563,5.56));
#11333=CARTESIAN_POINT('Ctrl Pts',(151.52349154349,-103.346287170563,6.06));
#11334=CARTESIAN_POINT('Ctrl Pts',(151.413472889296,-103.4811822034,5.56));
#11335=CARTESIAN_POINT('Ctrl Pts',(151.413472889296,-103.4811822034,6.06));
#11336=CARTESIAN_POINT('Ctrl Pts',(151.358786077862,-103.54823427996,5.56));
#11337=CARTESIAN_POINT('Ctrl Pts',(151.358786077862,-103.54823427996,6.06));
#11338=CARTESIAN_POINT('',(151.53228273682,-103.084713355281,5.56));
#11339=CARTESIAN_POINT('Ctrl Pts',(151.358786077862,-103.54823427996,5.56));
#11340=CARTESIAN_POINT('Ctrl Pts',(151.413472889296,-103.4811822034,5.56));
#11341=CARTESIAN_POINT('Ctrl Pts',(151.52349154349,-103.346287170563,5.56));
#11342=CARTESIAN_POINT('Ctrl Pts',(151.529340907579,-103.172244759686,5.56));
#11343=CARTESIAN_POINT('Ctrl Pts',(151.53228273682,-103.084713355281,5.56));
#11344=CARTESIAN_POINT('',(151.53228273682,-103.084713355281,6.06));
#11345=CARTESIAN_POINT('Ctrl Pts',(151.53228273682,-103.084713355281,6.06));
#11346=CARTESIAN_POINT('Ctrl Pts',(151.529340907579,-103.172244759686,6.06));
#11347=CARTESIAN_POINT('Ctrl Pts',(151.52349154349,-103.346287170563,6.06));
#11348=CARTESIAN_POINT('Ctrl Pts',(151.413472889296,-103.4811822034,6.06));
#11349=CARTESIAN_POINT('Ctrl Pts',(151.358786077862,-103.54823427996,6.06));
#11350=CARTESIAN_POINT('',(151.53228273682,-103.084713355281,5.56));
#11351=CARTESIAN_POINT('Ctrl Pts',(151.239668968726,-102.534875684851,5.56));
#11352=CARTESIAN_POINT('Ctrl Pts',(151.239668968726,-102.534875684851,6.06));
#11353=CARTESIAN_POINT('Ctrl Pts',(151.320370897848,-102.621492621567,5.56));
#11354=CARTESIAN_POINT('Ctrl Pts',(151.320370897848,-102.621492621567,6.06));
#11355=CARTESIAN_POINT('Ctrl Pts',(151.467563380535,-102.779473503769,5.56));
#11356=CARTESIAN_POINT('Ctrl Pts',(151.467563380535,-102.779473503769,6.06));
#11357=CARTESIAN_POINT('Ctrl Pts',(151.512144377214,-102.989733580315,5.56));
#11358=CARTESIAN_POINT('Ctrl Pts',(151.512144377214,-102.989733580315,6.06));
#11359=CARTESIAN_POINT('Ctrl Pts',(151.53228273682,-103.084713355281,5.56));
#11360=CARTESIAN_POINT('Ctrl Pts',(151.53228273682,-103.084713355281,6.06));
#11361=CARTESIAN_POINT('',(151.239668968726,-102.534875684851,5.56));
#11362=CARTESIAN_POINT('Ctrl Pts',(151.53228273682,-103.084713355281,5.56));
#11363=CARTESIAN_POINT('Ctrl Pts',(151.512144377214,-102.989733580315,5.56));
#11364=CARTESIAN_POINT('Ctrl Pts',(151.467563380535,-102.779473503769,5.56));
#11365=CARTESIAN_POINT('Ctrl Pts',(151.320370897848,-102.621492621567,5.56));
#11366=CARTESIAN_POINT('Ctrl Pts',(151.239668968726,-102.534875684851,5.56));
#11367=CARTESIAN_POINT('',(151.239668968726,-102.534875684851,6.06));
#11368=CARTESIAN_POINT('Ctrl Pts',(151.239668968726,-102.534875684851,6.06));
#11369=CARTESIAN_POINT('Ctrl Pts',(151.320370897848,-102.621492621567,6.06));
#11370=CARTESIAN_POINT('Ctrl Pts',(151.467563380535,-102.779473503769,6.06));
#11371=CARTESIAN_POINT('Ctrl Pts',(151.512144377214,-102.989733580315,6.06));
#11372=CARTESIAN_POINT('Ctrl Pts',(151.53228273682,-103.084713355281,6.06));
#11373=CARTESIAN_POINT('',(151.239668968726,-102.534875684851,5.56));
#11374=CARTESIAN_POINT('Ctrl Pts',(150.696736637957,-102.249167256418,5.56));
#11375=CARTESIAN_POINT('Ctrl Pts',(150.696736637957,-102.249167256418,6.06));
#11376=CARTESIAN_POINT('Ctrl Pts',(150.791128709465,-102.268694317041,5.56));
#11377=CARTESIAN_POINT('Ctrl Pts',(150.791128709465,-102.268694317041,6.06));
#11378=CARTESIAN_POINT('Ctrl Pts',(150.998539258623,-102.311601717023,5.56));
#11379=CARTESIAN_POINT('Ctrl Pts',(150.998539258623,-102.311601717023,6.06));
#11380=CARTESIAN_POINT('Ctrl Pts',(151.154620142084,-102.456124754593,5.56));
#11381=CARTESIAN_POINT('Ctrl Pts',(151.154620142084,-102.456124754593,6.06));
#11382=CARTESIAN_POINT('Ctrl Pts',(151.239668968726,-102.534875684851,5.56));
#11383=CARTESIAN_POINT('Ctrl Pts',(151.239668968726,-102.534875684851,6.06));
#11384=CARTESIAN_POINT('',(150.696736637957,-102.249167256418,5.56));
#11385=CARTESIAN_POINT('Ctrl Pts',(151.239668968726,-102.534875684851,5.56));
#11386=CARTESIAN_POINT('Ctrl Pts',(151.154620142084,-102.456124754593,5.56));
#11387=CARTESIAN_POINT('Ctrl Pts',(150.998539258623,-102.311601717023,5.56));
#11388=CARTESIAN_POINT('Ctrl Pts',(150.791128709465,-102.268694317041,5.56));
#11389=CARTESIAN_POINT('Ctrl Pts',(150.696736637957,-102.249167256418,5.56));
#11390=CARTESIAN_POINT('',(150.696736637957,-102.249167256418,6.06));
#11391=CARTESIAN_POINT('Ctrl Pts',(150.696736637957,-102.249167256418,6.06));
#11392=CARTESIAN_POINT('Ctrl Pts',(150.791128709465,-102.268694317041,6.06));
#11393=CARTESIAN_POINT('Ctrl Pts',(150.998539258623,-102.311601717023,6.06));
#11394=CARTESIAN_POINT('Ctrl Pts',(151.154620142084,-102.456124754593,6.06));
#11395=CARTESIAN_POINT('Ctrl Pts',(151.239668968726,-102.534875684851,6.06));
#11396=CARTESIAN_POINT('',(150.696736637957,-102.249167256418,5.56));
#11397=CARTESIAN_POINT('Ctrl Pts',(150.233215713278,-102.422663915376,5.56));
#11398=CARTESIAN_POINT('Ctrl Pts',(150.233215713278,-102.422663915376,6.06));
#11399=CARTESIAN_POINT('Ctrl Pts',(150.300267789838,-102.367977103942,5.56));
#11400=CARTESIAN_POINT('Ctrl Pts',(150.300267789838,-102.367977103942,6.06));
#11401=CARTESIAN_POINT('Ctrl Pts',(150.435162822674,-102.257958449748,5.56));
#11402=CARTESIAN_POINT('Ctrl Pts',(150.435162822674,-102.257958449748,6.06));
#11403=CARTESIAN_POINT('Ctrl Pts',(150.609205233552,-102.252109085659,5.56));
#11404=CARTESIAN_POINT('Ctrl Pts',(150.609205233552,-102.252109085659,6.06));
#11405=CARTESIAN_POINT('Ctrl Pts',(150.696736637957,-102.249167256418,5.56));
#11406=CARTESIAN_POINT('Ctrl Pts',(150.696736637957,-102.249167256418,6.06));
#11407=CARTESIAN_POINT('',(150.233215713278,-102.422663915376,5.56));
#11408=CARTESIAN_POINT('Ctrl Pts',(150.696736637957,-102.249167256418,5.56));
#11409=CARTESIAN_POINT('Ctrl Pts',(150.609205233552,-102.252109085659,5.56));
#11410=CARTESIAN_POINT('Ctrl Pts',(150.435162822674,-102.257958449748,5.56));
#11411=CARTESIAN_POINT('Ctrl Pts',(150.300267789838,-102.367977103942,5.56));
#11412=CARTESIAN_POINT('Ctrl Pts',(150.233215713278,-102.422663915376,5.56));
#11413=CARTESIAN_POINT('',(150.233215713278,-102.422663915376,6.06));
#11414=CARTESIAN_POINT('Ctrl Pts',(150.233215713278,-102.422663915376,6.06));
#11415=CARTESIAN_POINT('Ctrl Pts',(150.300267789838,-102.367977103942,6.06));
#11416=CARTESIAN_POINT('Ctrl Pts',(150.435162822674,-102.257958449748,6.06));
#11417=CARTESIAN_POINT('Ctrl Pts',(150.609205233552,-102.252109085659,6.06));
#11418=CARTESIAN_POINT('Ctrl Pts',(150.696736637957,-102.249167256418,6.06));
#11419=CARTESIAN_POINT('',(150.233215713278,-102.422663915376,5.56));
#11420=CARTESIAN_POINT('Ctrl Pts',(150.058855886862,-102.887048007513,5.56));
#11421=CARTESIAN_POINT('Ctrl Pts',(150.058855886862,-102.887048007513,6.06));
#11422=CARTESIAN_POINT('Ctrl Pts',(150.062022443196,-102.799292133045,5.56));
#11423=CARTESIAN_POINT('Ctrl Pts',(150.062022443196,-102.799292133045,6.06));
#11424=CARTESIAN_POINT('Ctrl Pts',(150.068313397807,-102.624948724919,5.56));
#11425=CARTESIAN_POINT('Ctrl Pts',(150.068313397807,-102.624948724919,6.06));
#11426=CARTESIAN_POINT('Ctrl Pts',(150.178494396237,-102.489790269326,5.56));
#11427=CARTESIAN_POINT('Ctrl Pts',(150.178494396237,-102.489790269326,6.06));
#11428=CARTESIAN_POINT('Ctrl Pts',(150.233215713278,-102.422663915376,5.56));
#11429=CARTESIAN_POINT('Ctrl Pts',(150.233215713278,-102.422663915376,6.06));
#11430=CARTESIAN_POINT('',(150.058855886862,-102.887048007513,5.56));
#11431=CARTESIAN_POINT('Ctrl Pts',(150.233215713278,-102.422663915376,5.56));
#11432=CARTESIAN_POINT('Ctrl Pts',(150.178494396237,-102.489790269326,5.56));
#11433=CARTESIAN_POINT('Ctrl Pts',(150.068313397807,-102.624948724919,5.56));
#11434=CARTESIAN_POINT('Ctrl Pts',(150.062022443196,-102.799292133045,5.56));
#11435=CARTESIAN_POINT('Ctrl Pts',(150.058855886862,-102.887048007513,5.56));
#11436=CARTESIAN_POINT('',(150.058855886862,-102.887048007513,6.06));
#11437=CARTESIAN_POINT('Ctrl Pts',(150.058855886862,-102.887048007513,6.06));
#11438=CARTESIAN_POINT('Ctrl Pts',(150.062022443196,-102.799292133045,6.06));
#11439=CARTESIAN_POINT('Ctrl Pts',(150.068313397807,-102.624948724919,6.06));
#11440=CARTESIAN_POINT('Ctrl Pts',(150.178494396237,-102.489790269326,6.06));
#11441=CARTESIAN_POINT('Ctrl Pts',(150.233215713278,-102.422663915376,6.06));
#11442=CARTESIAN_POINT('',(150.058855886862,-102.887048007513,5.56));
#11443=CARTESIAN_POINT('Ctrl Pts',(150.347153817668,-103.43429617557,5.56));
#11444=CARTESIAN_POINT('Ctrl Pts',(150.347153817668,-103.43429617557,6.06));
#11445=CARTESIAN_POINT('Ctrl Pts',(150.267441615332,-103.348396773926,5.56));
#11446=CARTESIAN_POINT('Ctrl Pts',(150.267441615332,-103.348396773926,6.06));
#11447=CARTESIAN_POINT('Ctrl Pts',(150.121515092753,-103.191143547869,5.56));
#11448=CARTESIAN_POINT('Ctrl Pts',(150.121515092753,-103.191143547869,6.06));
#11449=CARTESIAN_POINT('Ctrl Pts',(150.078413350054,-102.9819636269,5.56));
#11450=CARTESIAN_POINT('Ctrl Pts',(150.078413350054,-102.9819636269,6.06));
#11451=CARTESIAN_POINT('Ctrl Pts',(150.058855886862,-102.887048007513,5.56));
#11452=CARTESIAN_POINT('Ctrl Pts',(150.058855886862,-102.887048007513,6.06));
#11453=CARTESIAN_POINT('Ctrl Pts',(150.058855886862,-102.887048007513,5.56));
#11454=CARTESIAN_POINT('Ctrl Pts',(150.078413350054,-102.9819636269,5.56));
#11455=CARTESIAN_POINT('Ctrl Pts',(150.121515092753,-103.191143547869,5.56));
#11456=CARTESIAN_POINT('Ctrl Pts',(150.267441615332,-103.348396773926,5.56));
#11457=CARTESIAN_POINT('Ctrl Pts',(150.347153817668,-103.43429617557,5.56));
#11458=CARTESIAN_POINT('Ctrl Pts',(150.347153817668,-103.43429617557,6.06));
#11459=CARTESIAN_POINT('Ctrl Pts',(150.267441615332,-103.348396773926,6.06));
#11460=CARTESIAN_POINT('Ctrl Pts',(150.121515092753,-103.191143547869,6.06));
#11461=CARTESIAN_POINT('Ctrl Pts',(150.078413350054,-102.9819636269,6.06));
#11462=CARTESIAN_POINT('Ctrl Pts',(150.058855886862,-102.887048007513,6.06));
#11463=CARTESIAN_POINT('Ctrl Pts',(149.47535468559,-103.318631736264,5.56));
#11464=CARTESIAN_POINT('Ctrl Pts',(149.47535468559,-103.318631736264,6.06));
#11465=CARTESIAN_POINT('Ctrl Pts',(149.516038784071,-103.428796506904,5.56));
#11466=CARTESIAN_POINT('Ctrl Pts',(149.516038784071,-103.428796506904,6.06));
#11467=CARTESIAN_POINT('Ctrl Pts',(149.596234282989,-103.645950605788,5.56));
#11468=CARTESIAN_POINT('Ctrl Pts',(149.596234282989,-103.645950605788,6.06));
#11469=CARTESIAN_POINT('Ctrl Pts',(149.748871658257,-103.819888437278,5.56));
#11470=CARTESIAN_POINT('Ctrl Pts',(149.748871658257,-103.819888437278,6.06));
#11471=CARTESIAN_POINT('Ctrl Pts',(149.824074338421,-103.905585607366,5.56));
#11472=CARTESIAN_POINT('Ctrl Pts',(149.824074338421,-103.905585607366,6.06));
#11473=CARTESIAN_POINT('',(149.824074338421,-103.905585607366,5.56));
#11474=CARTESIAN_POINT('',(149.47535468559,-103.318631736264,5.56));
#11475=CARTESIAN_POINT('Ctrl Pts',(149.824074338421,-103.905585607366,5.56));
#11476=CARTESIAN_POINT('Ctrl Pts',(149.748871658257,-103.819888437278,5.56));
#11477=CARTESIAN_POINT('Ctrl Pts',(149.596234282989,-103.645950605788,5.56));
#11478=CARTESIAN_POINT('Ctrl Pts',(149.516038784071,-103.428796506904,5.56));
#11479=CARTESIAN_POINT('Ctrl Pts',(149.47535468559,-103.318631736264,5.56));
#11480=CARTESIAN_POINT('',(149.824074338421,-103.905585607366,6.06));
#11481=CARTESIAN_POINT('',(149.824074338421,-103.905585607366,5.56));
#11482=CARTESIAN_POINT('',(149.47535468559,-103.318631736264,6.06));
#11483=CARTESIAN_POINT('Ctrl Pts',(149.47535468559,-103.318631736264,6.06));
#11484=CARTESIAN_POINT('Ctrl Pts',(149.516038784071,-103.428796506904,6.06));
#11485=CARTESIAN_POINT('Ctrl Pts',(149.596234282989,-103.645950605788,6.06));
#11486=CARTESIAN_POINT('Ctrl Pts',(149.748871658257,-103.819888437278,6.06));
#11487=CARTESIAN_POINT('Ctrl Pts',(149.824074338421,-103.905585607366,6.06));
#11488=CARTESIAN_POINT('',(149.47535468559,-103.318631736264,5.56));
#11489=CARTESIAN_POINT('Ctrl Pts',(149.467586178473,-102.635866277379,5.56));
#11490=CARTESIAN_POINT('Ctrl Pts',(149.467586178473,-102.635866277379,6.06));
#11491=CARTESIAN_POINT('Ctrl Pts',(149.443222025389,-102.749100227649,5.56));
#11492=CARTESIAN_POINT('Ctrl Pts',(149.443222025389,-102.749100227649,6.06));
#11493=CARTESIAN_POINT('Ctrl Pts',(149.394138261471,-102.977220140685,5.56));
#11494=CARTESIAN_POINT('Ctrl Pts',(149.394138261471,-102.977220140685,6.06));
#11495=CARTESIAN_POINT('Ctrl Pts',(149.448152157192,-103.204279759739,5.56));
#11496=CARTESIAN_POINT('Ctrl Pts',(149.448152157192,-103.204279759739,6.06));
#11497=CARTESIAN_POINT('Ctrl Pts',(149.47535468559,-103.318631736264,5.56));
#11498=CARTESIAN_POINT('Ctrl Pts',(149.47535468559,-103.318631736264,6.06));
#11499=CARTESIAN_POINT('',(149.467586178473,-102.635866277379,5.56));
#11500=CARTESIAN_POINT('Ctrl Pts',(149.47535468559,-103.318631736264,5.56));
#11501=CARTESIAN_POINT('Ctrl Pts',(149.448152157192,-103.204279759739,5.56));
#11502=CARTESIAN_POINT('Ctrl Pts',(149.394138261471,-102.977220140685,5.56));
#11503=CARTESIAN_POINT('Ctrl Pts',(149.443222025389,-102.749100227649,5.56));
#11504=CARTESIAN_POINT('Ctrl Pts',(149.467586178473,-102.635866277379,5.56));
#11505=CARTESIAN_POINT('',(149.467586178473,-102.635866277379,6.06));
#11506=CARTESIAN_POINT('Ctrl Pts',(149.467586178473,-102.635866277379,6.06));
#11507=CARTESIAN_POINT('Ctrl Pts',(149.443222025389,-102.749100227649,6.06));
#11508=CARTESIAN_POINT('Ctrl Pts',(149.394138261471,-102.977220140685,6.06));
#11509=CARTESIAN_POINT('Ctrl Pts',(149.448152157192,-103.204279759739,6.06));
#11510=CARTESIAN_POINT('Ctrl Pts',(149.47535468559,-103.318631736264,6.06));
#11511=CARTESIAN_POINT('',(149.467586178473,-102.635866277379,5.56));
#11512=CARTESIAN_POINT('Ctrl Pts',(149.836158682826,-102.029059554754,5.56));
#11513=CARTESIAN_POINT('Ctrl Pts',(149.836158682826,-102.029059554754,6.06));
#11514=CARTESIAN_POINT('Ctrl Pts',(149.753839184684,-102.120453842913,5.56));
#11515=CARTESIAN_POINT('Ctrl Pts',(149.753839184684,-102.120453842913,6.06));
#11516=CARTESIAN_POINT('Ctrl Pts',(149.592552816712,-102.299520201711,5.56));
#11517=CARTESIAN_POINT('Ctrl Pts',(149.592552816712,-102.299520201711,6.06));
#11518=CARTESIAN_POINT('Ctrl Pts',(149.50866043972,-102.525315439364,5.56));
#11519=CARTESIAN_POINT('Ctrl Pts',(149.50866043972,-102.525315439364,6.06));
#11520=CARTESIAN_POINT('Ctrl Pts',(149.467586178473,-102.635866277379,5.56));
#11521=CARTESIAN_POINT('Ctrl Pts',(149.467586178473,-102.635866277379,6.06));
#11522=CARTESIAN_POINT('',(149.836158682826,-102.029059554754,5.56));
#11523=CARTESIAN_POINT('Ctrl Pts',(149.467586178473,-102.635866277379,5.56));
#11524=CARTESIAN_POINT('Ctrl Pts',(149.50866043972,-102.525315439364,5.56));
#11525=CARTESIAN_POINT('Ctrl Pts',(149.592552816712,-102.299520201711,5.56));
#11526=CARTESIAN_POINT('Ctrl Pts',(149.753839184684,-102.120453842913,5.56));
#11527=CARTESIAN_POINT('Ctrl Pts',(149.836158682826,-102.029059554754,5.56));
#11528=CARTESIAN_POINT('',(149.836158682826,-102.029059554754,6.06));
#11529=CARTESIAN_POINT('Ctrl Pts',(149.836158682826,-102.029059554754,6.06));
#11530=CARTESIAN_POINT('Ctrl Pts',(149.753839184684,-102.120453842913,6.06));
#11531=CARTESIAN_POINT('Ctrl Pts',(149.592552816712,-102.299520201711,6.06));
#11532=CARTESIAN_POINT('Ctrl Pts',(149.50866043972,-102.525315439364,6.06));
#11533=CARTESIAN_POINT('Ctrl Pts',(149.467586178473,-102.635866277379,6.06));
#11534=CARTESIAN_POINT('',(149.836158682826,-102.029059554754,5.56));
#11535=CARTESIAN_POINT('Ctrl Pts',(150.788232388452,-101.617328677525,5.56));
#11536=CARTESIAN_POINT('Ctrl Pts',(150.788232388452,-101.617328677525,6.06));
#11537=CARTESIAN_POINT('Ctrl Pts',(150.612838551107,-101.635152646051,5.56));
#11538=CARTESIAN_POINT('Ctrl Pts',(150.612838551107,-101.635152646051,6.06));
#11539=CARTESIAN_POINT('Ctrl Pts',(150.252612552723,-101.671759729599,5.56));
#11540=CARTESIAN_POINT('Ctrl Pts',(150.252612552723,-101.671759729599,6.06));
#11541=CARTESIAN_POINT('Ctrl Pts',(149.9773804358,-101.907897257336,5.56));
#11542=CARTESIAN_POINT('Ctrl Pts',(149.9773804358,-101.907897257336,6.06));
#11543=CARTESIAN_POINT('Ctrl Pts',(149.836158682826,-102.029059554754,5.56));
#11544=CARTESIAN_POINT('Ctrl Pts',(149.836158682826,-102.029059554754,6.06));
#11545=CARTESIAN_POINT('',(150.788232388452,-101.617328677525,5.56));
#11546=CARTESIAN_POINT('Ctrl Pts',(149.836158682826,-102.029059554754,5.56));
#11547=CARTESIAN_POINT('Ctrl Pts',(149.9773804358,-101.907897257336,5.56));
#11548=CARTESIAN_POINT('Ctrl Pts',(150.252612552723,-101.671759729599,5.56));
#11549=CARTESIAN_POINT('Ctrl Pts',(150.612838551107,-101.635152646051,5.56));
#11550=CARTESIAN_POINT('Ctrl Pts',(150.788232388452,-101.617328677525,5.56));
#11551=CARTESIAN_POINT('',(150.788232388452,-101.617328677525,6.06));
#11552=CARTESIAN_POINT('Ctrl Pts',(150.788232388452,-101.617328677525,6.06));
#11553=CARTESIAN_POINT('Ctrl Pts',(150.612838551107,-101.635152646051,6.06));
#11554=CARTESIAN_POINT('Ctrl Pts',(150.252612552723,-101.671759729599,6.06));
#11555=CARTESIAN_POINT('Ctrl Pts',(149.9773804358,-101.907897257336,6.06));
#11556=CARTESIAN_POINT('Ctrl Pts',(149.836158682826,-102.029059554754,6.06));
#11557=CARTESIAN_POINT('',(150.788232388452,-101.617328677525,5.56));
#11558=CARTESIAN_POINT('Ctrl Pts',(151.73685300278,-102.034238980968,5.56));
#11559=CARTESIAN_POINT('Ctrl Pts',(151.73685300278,-102.034238980968,6.06));
#11560=CARTESIAN_POINT('Ctrl Pts',(151.596397376309,-101.913756828475,5.56));
#11561=CARTESIAN_POINT('Ctrl Pts',(151.596397376309,-101.913756828475,6.06));
#11562=CARTESIAN_POINT('Ctrl Pts',(151.322002255477,-101.678382029885,5.56));
#11563=CARTESIAN_POINT('Ctrl Pts',(151.322002255477,-101.678382029885,6.06));
#11564=CARTESIAN_POINT('Ctrl Pts',(150.963316408848,-101.637355035419,5.56));
#11565=CARTESIAN_POINT('Ctrl Pts',(150.963316408848,-101.637355035419,6.06));
#11566=CARTESIAN_POINT('Ctrl Pts',(150.788232388452,-101.617328677525,5.56));
#11567=CARTESIAN_POINT('Ctrl Pts',(150.788232388452,-101.617328677525,6.06));
#11568=CARTESIAN_POINT('',(151.73685300278,-102.034238980968,5.56));
#11569=CARTESIAN_POINT('Ctrl Pts',(150.788232388452,-101.617328677525,5.56));
#11570=CARTESIAN_POINT('Ctrl Pts',(150.963316408848,-101.637355035419,5.56));
#11571=CARTESIAN_POINT('Ctrl Pts',(151.322002255477,-101.678382029885,5.56));
#11572=CARTESIAN_POINT('Ctrl Pts',(151.596397376309,-101.913756828475,5.56));
#11573=CARTESIAN_POINT('Ctrl Pts',(151.73685300278,-102.034238980968,5.56));
#11574=CARTESIAN_POINT('',(151.73685300278,-102.034238980968,6.06));
#11575=CARTESIAN_POINT('Ctrl Pts',(151.73685300278,-102.034238980968,6.06));
#11576=CARTESIAN_POINT('Ctrl Pts',(151.596397376309,-101.913756828475,6.06));
#11577=CARTESIAN_POINT('Ctrl Pts',(151.322002255477,-101.678382029885,6.06));
#11578=CARTESIAN_POINT('Ctrl Pts',(150.963316408848,-101.637355035419,6.06));
#11579=CARTESIAN_POINT('Ctrl Pts',(150.788232388452,-101.617328677525,6.06));
#11580=CARTESIAN_POINT('',(151.73685300278,-102.034238980968,5.56));
#11581=CARTESIAN_POINT('Ctrl Pts',(152.15807914351,-102.992354437328,5.56));
#11582=CARTESIAN_POINT('Ctrl Pts',(152.15807914351,-102.992354437328,6.06));
#11583=CARTESIAN_POINT('Ctrl Pts',(152.137696871426,-102.815402547656,5.56));
#11584=CARTESIAN_POINT('Ctrl Pts',(152.137696871426,-102.815402547656,6.06));
#11585=CARTESIAN_POINT('Ctrl Pts',(152.095975682104,-102.453193503463,5.56));
#11586=CARTESIAN_POINT('Ctrl Pts',(152.095975682104,-102.453193503463,6.06));
#11587=CARTESIAN_POINT('Ctrl Pts',(151.858376570539,-102.176009053519,5.56));
#11588=CARTESIAN_POINT('Ctrl Pts',(151.858376570539,-102.176009053519,6.06));
#11589=CARTESIAN_POINT('Ctrl Pts',(151.73685300278,-102.034238980968,5.56));
#11590=CARTESIAN_POINT('Ctrl Pts',(151.73685300278,-102.034238980968,6.06));
#11591=CARTESIAN_POINT('',(152.15807914351,-102.992354437328,5.56));
#11592=CARTESIAN_POINT('Ctrl Pts',(151.73685300278,-102.034238980968,5.56));
#11593=CARTESIAN_POINT('Ctrl Pts',(151.858376570539,-102.176009053519,5.56));
#11594=CARTESIAN_POINT('Ctrl Pts',(152.095975682104,-102.453193503463,5.56));
#11595=CARTESIAN_POINT('Ctrl Pts',(152.137696871426,-102.815402547656,5.56));
#11596=CARTESIAN_POINT('Ctrl Pts',(152.15807914351,-102.992354437328,5.56));
#11597=CARTESIAN_POINT('',(152.15807914351,-102.992354437328,6.06));
#11598=CARTESIAN_POINT('Ctrl Pts',(152.15807914351,-102.992354437328,6.06));
#11599=CARTESIAN_POINT('Ctrl Pts',(152.137696871426,-102.815402547656,6.06));
#11600=CARTESIAN_POINT('Ctrl Pts',(152.095975682104,-102.453193503463,6.06));
#11601=CARTESIAN_POINT('Ctrl Pts',(151.858376570539,-102.176009053519,6.06));
#11602=CARTESIAN_POINT('Ctrl Pts',(151.73685300278,-102.034238980968,6.06));
#11603=CARTESIAN_POINT('',(152.15807914351,-102.992354437328,5.56));
#11604=CARTESIAN_POINT('Ctrl Pts',(151.755843108313,-103.941838640581,5.56));
#11605=CARTESIAN_POINT('Ctrl Pts',(151.755843108313,-103.941838640581,6.06));
#11606=CARTESIAN_POINT('Ctrl Pts',(151.874461729603,-103.802024579037,5.56));
#11607=CARTESIAN_POINT('Ctrl Pts',(151.874461729603,-103.802024579037,6.06));
#11608=CARTESIAN_POINT('Ctrl Pts',(152.107695593012,-103.527115181352,5.56));
#11609=CARTESIAN_POINT('Ctrl Pts',(152.107695593012,-103.527115181352,6.06));
#11610=CARTESIAN_POINT('Ctrl Pts',(152.14147791399,-103.168556506496,5.56));
#11611=CARTESIAN_POINT('Ctrl Pts',(152.14147791399,-103.168556506496,6.06));
#11612=CARTESIAN_POINT('Ctrl Pts',(152.15807914351,-102.992354437328,5.56));
#11613=CARTESIAN_POINT('Ctrl Pts',(152.15807914351,-102.992354437328,6.06));
#11614=CARTESIAN_POINT('',(151.755843108313,-103.941838640581,5.56));
#11615=CARTESIAN_POINT('Ctrl Pts',(152.15807914351,-102.992354437328,5.56));
#11616=CARTESIAN_POINT('Ctrl Pts',(152.14147791399,-103.168556506496,5.56));
#11617=CARTESIAN_POINT('Ctrl Pts',(152.107695593012,-103.527115181352,5.56));
#11618=CARTESIAN_POINT('Ctrl Pts',(151.874461729603,-103.802024579037,5.56));
#11619=CARTESIAN_POINT('Ctrl Pts',(151.755843108313,-103.941838640581,5.56));
#11620=CARTESIAN_POINT('',(151.755843108313,-103.941838640581,6.06));
#11621=CARTESIAN_POINT('Ctrl Pts',(151.755843108313,-103.941838640581,6.06));
#11622=CARTESIAN_POINT('Ctrl Pts',(151.874461729603,-103.802024579037,6.06));
#11623=CARTESIAN_POINT('Ctrl Pts',(152.107695593012,-103.527115181352,6.06));
#11624=CARTESIAN_POINT('Ctrl Pts',(152.14147791399,-103.168556506496,6.06));
#11625=CARTESIAN_POINT('Ctrl Pts',(152.15807914351,-102.992354437328,6.06));
#11626=CARTESIAN_POINT('',(151.755843108313,-103.941838640581,5.56));
#11627=CARTESIAN_POINT('Ctrl Pts',(151.161120730094,-104.30868481002,5.56));
#11628=CARTESIAN_POINT('Ctrl Pts',(151.161120730094,-104.30868481002,6.06));
#11629=CARTESIAN_POINT('Ctrl Pts',(151.271418223895,-104.264850964875,5.56));
#11630=CARTESIAN_POINT('Ctrl Pts',(151.271418223895,-104.264850964875,6.06));
#11631=CARTESIAN_POINT('Ctrl Pts',(151.491224189477,-104.177496843531,5.56));
#11632=CARTESIAN_POINT('Ctrl Pts',(151.491224189477,-104.177496843531,6.06));
#11633=CARTESIAN_POINT('Ctrl Pts',(151.667848140227,-104.020203166213,5.56));
#11634=CARTESIAN_POINT('Ctrl Pts',(151.667848140227,-104.020203166213,6.06));
#11635=CARTESIAN_POINT('Ctrl Pts',(151.755843108313,-103.941838640581,5.56));
#11636=CARTESIAN_POINT('Ctrl Pts',(151.755843108313,-103.941838640581,6.06));
#11637=CARTESIAN_POINT('',(151.161120730094,-104.30868481002,5.56));
#11638=CARTESIAN_POINT('Ctrl Pts',(151.755843108313,-103.941838640581,5.56));
#11639=CARTESIAN_POINT('Ctrl Pts',(151.667848140227,-104.020203166213,5.56));
#11640=CARTESIAN_POINT('Ctrl Pts',(151.491224189477,-104.177496843531,5.56));
#11641=CARTESIAN_POINT('Ctrl Pts',(151.271418223895,-104.264850964875,5.56));
#11642=CARTESIAN_POINT('Ctrl Pts',(151.161120730094,-104.30868481002,5.56));
#11643=CARTESIAN_POINT('',(151.161120730094,-104.30868481002,6.06));
#11644=CARTESIAN_POINT('Ctrl Pts',(151.161120730094,-104.30868481002,6.06));
#11645=CARTESIAN_POINT('Ctrl Pts',(151.271418223895,-104.264850964875,6.06));
#11646=CARTESIAN_POINT('Ctrl Pts',(151.491224189477,-104.177496843531,6.06));
#11647=CARTESIAN_POINT('Ctrl Pts',(151.667848140227,-104.020203166213,6.06));
#11648=CARTESIAN_POINT('Ctrl Pts',(151.755843108313,-103.941838640581,6.06));
#11649=CARTESIAN_POINT('',(151.161120730094,-104.30868481002,5.56));
#11650=CARTESIAN_POINT('Ctrl Pts',(150.479218438666,-104.32249548934,5.56));
#11651=CARTESIAN_POINT('Ctrl Pts',(150.479218438666,-104.32249548934,6.06));
#11652=CARTESIAN_POINT('Ctrl Pts',(150.592753184004,-104.347061289613,5.56));
#11653=CARTESIAN_POINT('Ctrl Pts',(150.592753184004,-104.347061289613,6.06));
#11654=CARTESIAN_POINT('Ctrl Pts',(150.821100059927,-104.396469281237,5.56));
#11655=CARTESIAN_POINT('Ctrl Pts',(150.821100059927,-104.396469281237,6.06));
#11656=CARTESIAN_POINT('Ctrl Pts',(151.047358605701,-104.338055224264,5.56));
#11657=CARTESIAN_POINT('Ctrl Pts',(151.047358605701,-104.338055224264,6.06));
#11658=CARTESIAN_POINT('Ctrl Pts',(151.161120730094,-104.30868481002,5.56));
#11659=CARTESIAN_POINT('Ctrl Pts',(151.161120730094,-104.30868481002,6.06));
#11660=CARTESIAN_POINT('',(150.479218438666,-104.32249548934,5.56));
#11661=CARTESIAN_POINT('Ctrl Pts',(151.161120730094,-104.30868481002,5.56));
#11662=CARTESIAN_POINT('Ctrl Pts',(151.047358605701,-104.338055224264,5.56));
#11663=CARTESIAN_POINT('Ctrl Pts',(150.821100059927,-104.396469281237,5.56));
#11664=CARTESIAN_POINT('Ctrl Pts',(150.592753184004,-104.347061289613,5.56));
#11665=CARTESIAN_POINT('Ctrl Pts',(150.479218438666,-104.32249548934,5.56));
#11666=CARTESIAN_POINT('',(150.479218438666,-104.32249548934,6.06));
#11667=CARTESIAN_POINT('Ctrl Pts',(150.479218438666,-104.32249548934,6.06));
#11668=CARTESIAN_POINT('Ctrl Pts',(150.592753184004,-104.347061289613,6.06));
#11669=CARTESIAN_POINT('Ctrl Pts',(150.821100059927,-104.396469281237,6.06));
#11670=CARTESIAN_POINT('Ctrl Pts',(151.047358605701,-104.338055224264,6.06));
#11671=CARTESIAN_POINT('Ctrl Pts',(151.161120730094,-104.30868481002,6.06));
#11672=CARTESIAN_POINT('',(150.479218438666,-104.32249548934,5.56));
#11673=CARTESIAN_POINT('Ctrl Pts',(149.824074338421,-103.905585607366,5.56));
#11674=CARTESIAN_POINT('Ctrl Pts',(149.824074338421,-103.905585607366,6.06));
#11675=CARTESIAN_POINT('Ctrl Pts',(149.926484939469,-104.000712967935,5.56));
#11676=CARTESIAN_POINT('Ctrl Pts',(149.926484939469,-104.000712967935,6.06));
#11677=CARTESIAN_POINT('Ctrl Pts',(150.119587165604,-104.180082143627,5.56));
#11678=CARTESIAN_POINT('Ctrl Pts',(150.119587165604,-104.180082143627,6.06));
#11679=CARTESIAN_POINT('Ctrl Pts',(150.364291549145,-104.276984645109,5.56));
#11680=CARTESIAN_POINT('Ctrl Pts',(150.364291549145,-104.276984645109,6.06));
#11681=CARTESIAN_POINT('Ctrl Pts',(150.479218438666,-104.32249548934,5.56));
#11682=CARTESIAN_POINT('Ctrl Pts',(150.479218438666,-104.32249548934,6.06));
#11683=CARTESIAN_POINT('Ctrl Pts',(150.479218438666,-104.32249548934,5.56));
#11684=CARTESIAN_POINT('Ctrl Pts',(150.364291549145,-104.276984645109,5.56));
#11685=CARTESIAN_POINT('Ctrl Pts',(150.119587165604,-104.180082143627,5.56));
#11686=CARTESIAN_POINT('Ctrl Pts',(149.926484939469,-104.000712967935,5.56));
#11687=CARTESIAN_POINT('Ctrl Pts',(149.824074338421,-103.905585607366,5.56));
#11688=CARTESIAN_POINT('Ctrl Pts',(149.824074338421,-103.905585607366,6.06));
#11689=CARTESIAN_POINT('Ctrl Pts',(149.926484939469,-104.000712967935,6.06));
#11690=CARTESIAN_POINT('Ctrl Pts',(150.119587165604,-104.180082143627,6.06));
#11691=CARTESIAN_POINT('Ctrl Pts',(150.364291549145,-104.276984645109,6.06));
#11692=CARTESIAN_POINT('Ctrl Pts',(150.479218438666,-104.32249548934,6.06));
#11693=CARTESIAN_POINT('Origin',(149.203577474883,-104.266389815337,6.06));
#11694=CARTESIAN_POINT('Origin',(149.2758,-106.680497901062,5.56));
#11695=CARTESIAN_POINT('Origin',(146.509511301609,-105.438571011892,5.56));
#11696=CARTESIAN_POINT('',(146.062390558623,-105.885691754878,5.56));
#11697=CARTESIAN_POINT('',(146.509511301609,-105.438571011892,5.56));
#11698=CARTESIAN_POINT('',(146.890601753915,-105.057480559587,5.56));
#11699=CARTESIAN_POINT('',(146.062390558623,-105.885691754878,5.56));
#11700=CARTESIAN_POINT('',(146.509511301609,-105.438571011892,5.56));
#11701=CARTESIAN_POINT('Origin',(146.759829864285,-105.688889574568,5.56));
#11702=CARTESIAN_POINT('',(146.759829864285,-105.688889574568,5.56));
#11703=CARTESIAN_POINT('',(147.636724479838,-106.56578419012,5.56));
#11704=CARTESIAN_POINT('',(146.759829864285,-105.688889574568,5.56));
#11705=CARTESIAN_POINT('Ctrl Pts',(147.039496120516,-104.825722117065,5.56));
#11706=CARTESIAN_POINT('Ctrl Pts',(147.039496120516,-104.825722117065,6.06));
#11707=CARTESIAN_POINT('Ctrl Pts',(146.945325725109,-104.947679929494,5.56));
#11708=CARTESIAN_POINT('Ctrl Pts',(146.945325725109,-104.947679929494,6.06));
#11709=CARTESIAN_POINT('Ctrl Pts',(146.749586791516,-105.201176710995,5.56));
#11710=CARTESIAN_POINT('Ctrl Pts',(146.749586791516,-105.201176710995,6.06));
#11711=CARTESIAN_POINT('Ctrl Pts',(146.756330544468,-105.522273235223,5.56));
#11712=CARTESIAN_POINT('Ctrl Pts',(146.756330544468,-105.522273235223,6.06));
#11713=CARTESIAN_POINT('Ctrl Pts',(146.759829864285,-105.688889574568,5.56));
#11714=CARTESIAN_POINT('Ctrl Pts',(146.759829864285,-105.688889574568,6.06));
#11715=CARTESIAN_POINT('',(147.039496120516,-104.825722117065,5.56));
#11716=CARTESIAN_POINT('Ctrl Pts',(146.759829864285,-105.688889574568,5.56));
#11717=CARTESIAN_POINT('Ctrl Pts',(146.756330544468,-105.522273235223,5.56));
#11718=CARTESIAN_POINT('Ctrl Pts',(146.749586791516,-105.201176710995,5.56));
#11719=CARTESIAN_POINT('Ctrl Pts',(146.945325725109,-104.947679929494,5.56));
#11720=CARTESIAN_POINT('Ctrl Pts',(147.039496120516,-104.825722117065,5.56));
#11721=CARTESIAN_POINT('',(147.039496120516,-104.825722117065,5.56));
#11722=CARTESIAN_POINT('Ctrl Pts',(147.417563466903,-104.592666903539,5.56));
#11723=CARTESIAN_POINT('Ctrl Pts',(147.417563466903,-104.592666903539,6.06));
#11724=CARTESIAN_POINT('Ctrl Pts',(147.350117458706,-104.617840921239,5.56));
#11725=CARTESIAN_POINT('Ctrl Pts',(147.350117458706,-104.617840921239,6.06));
#11726=CARTESIAN_POINT('Ctrl Pts',(147.208898682987,-104.67055040034,5.56));
#11727=CARTESIAN_POINT('Ctrl Pts',(147.208898682987,-104.67055040034,6.06));
#11728=CARTESIAN_POINT('Ctrl Pts',(147.097625364441,-104.772476083238,5.56));
#11729=CARTESIAN_POINT('Ctrl Pts',(147.097625364441,-104.772476083238,6.06));
#11730=CARTESIAN_POINT('Ctrl Pts',(147.039496120516,-104.825722117065,5.56));
#11731=CARTESIAN_POINT('Ctrl Pts',(147.039496120516,-104.825722117065,6.06));
#11732=CARTESIAN_POINT('',(147.417563466903,-104.592666903539,5.56));
#11733=CARTESIAN_POINT('Ctrl Pts',(147.039496120516,-104.825722117065,5.56));
#11734=CARTESIAN_POINT('Ctrl Pts',(147.097625364441,-104.772476083238,5.56));
#11735=CARTESIAN_POINT('Ctrl Pts',(147.208898682987,-104.67055040034,5.56));
#11736=CARTESIAN_POINT('Ctrl Pts',(147.350117458706,-104.617840921239,5.56));
#11737=CARTESIAN_POINT('Ctrl Pts',(147.417563466903,-104.592666903539,5.56));
#11738=CARTESIAN_POINT('',(147.417563466903,-104.592666903539,5.56));
#11739=CARTESIAN_POINT('Ctrl Pts',(147.849147195654,-104.599572243199,5.56));
#11740=CARTESIAN_POINT('Ctrl Pts',(147.849147195654,-104.599572243199,6.06));
#11741=CARTESIAN_POINT('Ctrl Pts',(147.774975472235,-104.582986704081,5.56));
#11742=CARTESIAN_POINT('Ctrl Pts',(147.774975472235,-104.582986704081,6.06));
#11743=CARTESIAN_POINT('Ctrl Pts',(147.631451212037,-104.550893244174,5.56));
#11744=CARTESIAN_POINT('Ctrl Pts',(147.631451212037,-104.550893244174,6.06));
#11745=CARTESIAN_POINT('Ctrl Pts',(147.487245357656,-104.579057579796,5.56));
#11746=CARTESIAN_POINT('Ctrl Pts',(147.487245357656,-104.579057579796,6.06));
#11747=CARTESIAN_POINT('Ctrl Pts',(147.417563466903,-104.592666903539,5.56));
#11748=CARTESIAN_POINT('Ctrl Pts',(147.417563466903,-104.592666903539,6.06));
#11749=CARTESIAN_POINT('',(147.849147195654,-104.599572243199,5.56));
#11750=CARTESIAN_POINT('Ctrl Pts',(147.417563466903,-104.592666903539,5.56));
#11751=CARTESIAN_POINT('Ctrl Pts',(147.487245357656,-104.579057579796,5.56));
#11752=CARTESIAN_POINT('Ctrl Pts',(147.631451212037,-104.550893244174,5.56));
#11753=CARTESIAN_POINT('Ctrl Pts',(147.774975472235,-104.582986704081,5.56));
#11754=CARTESIAN_POINT('Ctrl Pts',(147.849147195654,-104.599572243199,5.56));
#11755=CARTESIAN_POINT('',(147.849147195654,-104.599572243199,5.56));
#11756=CARTESIAN_POINT('Ctrl Pts',(147.890579233614,-104.119651136827,5.56));
#11757=CARTESIAN_POINT('Ctrl Pts',(147.890579233614,-104.119651136827,6.06));
#11758=CARTESIAN_POINT('Ctrl Pts',(147.872227702506,-104.194698741859,5.56));
#11759=CARTESIAN_POINT('Ctrl Pts',(147.872227702506,-104.194698741859,6.06));
#11760=CARTESIAN_POINT('Ctrl Pts',(147.833661576235,-104.352412852738,5.56));
#11761=CARTESIAN_POINT('Ctrl Pts',(147.833661576235,-104.352412852738,6.06));
#11762=CARTESIAN_POINT('Ctrl Pts',(147.843821716147,-104.514574528013,5.56));
#11763=CARTESIAN_POINT('Ctrl Pts',(147.843821716147,-104.514574528013,6.06));
#11764=CARTESIAN_POINT('Ctrl Pts',(147.849147195654,-104.599572243199,5.56));
#11765=CARTESIAN_POINT('Ctrl Pts',(147.849147195654,-104.599572243199,6.06));
#11766=CARTESIAN_POINT('',(147.890579233614,-104.119651136827,5.56));
#11767=CARTESIAN_POINT('Ctrl Pts',(147.849147195654,-104.599572243199,5.56));
#11768=CARTESIAN_POINT('Ctrl Pts',(147.843821716147,-104.514574528013,5.56));
#11769=CARTESIAN_POINT('Ctrl Pts',(147.833661576235,-104.352412852738,5.56));
#11770=CARTESIAN_POINT('Ctrl Pts',(147.872227702506,-104.194698741859,5.56));
#11771=CARTESIAN_POINT('Ctrl Pts',(147.890579233614,-104.119651136827,5.56));
#11772=CARTESIAN_POINT('',(147.890579233614,-104.119651136827,5.56));
#11773=CARTESIAN_POINT('Ctrl Pts',(148.11672910748,-103.748489130101,5.56));
#11774=CARTESIAN_POINT('Ctrl Pts',(148.11672910748,-103.748489130101,6.06));
#11775=CARTESIAN_POINT('Ctrl Pts',(148.067624880366,-103.803583136222,5.56));
#11776=CARTESIAN_POINT('Ctrl Pts',(148.067624880366,-103.803583136222,6.06));
#11777=CARTESIAN_POINT('Ctrl Pts',(147.969628176844,-103.913533568211,5.56));
#11778=CARTESIAN_POINT('Ctrl Pts',(147.969628176844,-103.913533568211,6.06));
#11779=CARTESIAN_POINT('Ctrl Pts',(147.916890896555,-104.05104432477,5.56));
#11780=CARTESIAN_POINT('Ctrl Pts',(147.916890896555,-104.05104432477,6.06));
#11781=CARTESIAN_POINT('Ctrl Pts',(147.890579233614,-104.119651136827,5.56));
#11782=CARTESIAN_POINT('Ctrl Pts',(147.890579233614,-104.119651136827,6.06));
#11783=CARTESIAN_POINT('',(148.11672910748,-103.748489130101,5.56));
#11784=CARTESIAN_POINT('Ctrl Pts',(147.890579233614,-104.119651136827,5.56));
#11785=CARTESIAN_POINT('Ctrl Pts',(147.916890896555,-104.05104432477,5.56));
#11786=CARTESIAN_POINT('Ctrl Pts',(147.969628176844,-103.913533568211,5.56));
#11787=CARTESIAN_POINT('Ctrl Pts',(148.067624880366,-103.803583136222,5.56));
#11788=CARTESIAN_POINT('Ctrl Pts',(148.11672910748,-103.748489130101,5.56));
#11789=CARTESIAN_POINT('',(148.11672910748,-103.748489130101,5.56));
#11790=CARTESIAN_POINT('Ctrl Pts',(148.540544329114,-103.488675725392,5.56));
#11791=CARTESIAN_POINT('Ctrl Pts',(148.540544329114,-103.488675725392,6.06));
#11792=CARTESIAN_POINT('Ctrl Pts',(148.465701292509,-103.51572793415,5.56));
#11793=CARTESIAN_POINT('Ctrl Pts',(148.465701292509,-103.51572793415,6.06));
#11794=CARTESIAN_POINT('Ctrl Pts',(148.30684751706,-103.573146041303,5.56));
#11795=CARTESIAN_POINT('Ctrl Pts',(148.30684751706,-103.573146041303,6.06));
#11796=CARTESIAN_POINT('Ctrl Pts',(148.182494120961,-103.687835137549,5.56));
#11797=CARTESIAN_POINT('Ctrl Pts',(148.182494120961,-103.687835137549,6.06));
#11798=CARTESIAN_POINT('Ctrl Pts',(148.11672910748,-103.748489130101,5.56));
#11799=CARTESIAN_POINT('Ctrl Pts',(148.11672910748,-103.748489130101,6.06));
#11800=CARTESIAN_POINT('',(148.540544329114,-103.488675725392,5.56));
#11801=CARTESIAN_POINT('Ctrl Pts',(148.11672910748,-103.748489130101,5.56));
#11802=CARTESIAN_POINT('Ctrl Pts',(148.182494120961,-103.687835137549,5.56));
#11803=CARTESIAN_POINT('Ctrl Pts',(148.30684751706,-103.573146041303,5.56));
#11804=CARTESIAN_POINT('Ctrl Pts',(148.465701292509,-103.51572793415,5.56));
#11805=CARTESIAN_POINT('Ctrl Pts',(148.540544329114,-103.488675725392,5.56));
#11806=CARTESIAN_POINT('',(148.540544329114,-103.488675725392,5.56));
#11807=CARTESIAN_POINT('Ctrl Pts',(148.990254574473,-103.52061292132,5.56));
#11808=CARTESIAN_POINT('Ctrl Pts',(148.990254574473,-103.52061292132,6.06));
#11809=CARTESIAN_POINT('Ctrl Pts',(148.91523003368,-103.496665952755,5.56));
#11810=CARTESIAN_POINT('Ctrl Pts',(148.91523003368,-103.496665952755,6.06));
#11811=CARTESIAN_POINT('Ctrl Pts',(148.767806265055,-103.449609985258,5.56));
#11812=CARTESIAN_POINT('Ctrl Pts',(148.767806265055,-103.449609985258,6.06));
#11813=CARTESIAN_POINT('Ctrl Pts',(148.615393589396,-103.475809330766,5.56));
#11814=CARTESIAN_POINT('Ctrl Pts',(148.615393589396,-103.475809330766,6.06));
#11815=CARTESIAN_POINT('Ctrl Pts',(148.540544329114,-103.488675725392,5.56));
#11816=CARTESIAN_POINT('Ctrl Pts',(148.540544329114,-103.488675725392,6.06));
#11817=CARTESIAN_POINT('',(148.990254574473,-103.52061292132,5.56));
#11818=CARTESIAN_POINT('Ctrl Pts',(148.540544329114,-103.488675725392,5.56));
#11819=CARTESIAN_POINT('Ctrl Pts',(148.615393589396,-103.475809330766,5.56));
#11820=CARTESIAN_POINT('Ctrl Pts',(148.767806265055,-103.449609985258,5.56));
#11821=CARTESIAN_POINT('Ctrl Pts',(148.91523003368,-103.496665952755,5.56));
#11822=CARTESIAN_POINT('Ctrl Pts',(148.990254574473,-103.52061292132,5.56));
#11823=CARTESIAN_POINT('',(148.990254574473,-103.52061292132,5.56));
#11824=CARTESIAN_POINT('Ctrl Pts',(149.42011196831,-103.850342890086,5.56));
#11825=CARTESIAN_POINT('Ctrl Pts',(149.42011196831,-103.850342890086,6.06));
#11826=CARTESIAN_POINT('Ctrl Pts',(149.344003698697,-103.774481664742,5.56));
#11827=CARTESIAN_POINT('Ctrl Pts',(149.344003698697,-103.774481664742,6.06));
#11828=CARTESIAN_POINT('Ctrl Pts',(149.214747962581,-103.645645487354,5.56));
#11829=CARTESIAN_POINT('Ctrl Pts',(149.214747962581,-103.645645487354,6.06));
#11830=CARTESIAN_POINT('Ctrl Pts',(149.055666007241,-103.55704410246,5.56));
#11831=CARTESIAN_POINT('Ctrl Pts',(149.055666007241,-103.55704410246,6.06));
#11832=CARTESIAN_POINT('Ctrl Pts',(148.990254574473,-103.52061292132,5.56));
#11833=CARTESIAN_POINT('Ctrl Pts',(148.990254574473,-103.52061292132,6.06));
#11834=CARTESIAN_POINT('',(149.42011196831,-103.850342890086,5.56));
#11835=CARTESIAN_POINT('Ctrl Pts',(148.990254574473,-103.52061292132,5.56));
#11836=CARTESIAN_POINT('Ctrl Pts',(149.055666007241,-103.55704410246,5.56));
#11837=CARTESIAN_POINT('Ctrl Pts',(149.214747962581,-103.645645487354,5.56));
#11838=CARTESIAN_POINT('Ctrl Pts',(149.344003698697,-103.774481664742,5.56));
#11839=CARTESIAN_POINT('Ctrl Pts',(149.42011196831,-103.850342890086,5.56));
#11840=CARTESIAN_POINT('',(149.42011196831,-103.850342890086,5.56));
#11841=CARTESIAN_POINT('Origin',(150.592293375599,-105.022524297375,5.56));
#11842=CARTESIAN_POINT('',(150.677663432621,-105.107894354397,5.56));
#11843=CARTESIAN_POINT('Ctrl Pts',(148.657071935877,-104.157630504957,5.56));
#11844=CARTESIAN_POINT('Ctrl Pts',(148.657071935877,-104.157630504957,6.06));
#11845=CARTESIAN_POINT('Ctrl Pts',(148.713716898458,-104.185506932281,5.56));
#11846=CARTESIAN_POINT('Ctrl Pts',(148.713716898458,-104.185506932281,6.06));
#11847=CARTESIAN_POINT('Ctrl Pts',(148.865983174641,-104.260441040956,5.56));
#11848=CARTESIAN_POINT('Ctrl Pts',(148.865983174641,-104.260441040956,6.06));
#11849=CARTESIAN_POINT('Ctrl Pts',(148.984733963545,-104.382860947592,5.56));
#11850=CARTESIAN_POINT('Ctrl Pts',(148.984733963545,-104.382860947592,6.06));
#11851=CARTESIAN_POINT('Ctrl Pts',(149.059307971074,-104.459739115083,5.56));
#11852=CARTESIAN_POINT('Ctrl Pts',(149.059307971074,-104.459739115083,6.06));
#11853=CARTESIAN_POINT('',(148.657071935877,-104.157630504957,5.56));
#11854=CARTESIAN_POINT('Ctrl Pts',(149.059307971074,-104.459739115083,5.56));
#11855=CARTESIAN_POINT('Ctrl Pts',(148.984733963545,-104.382860947592,5.56));
#11856=CARTESIAN_POINT('Ctrl Pts',(148.865983174641,-104.260441040956,5.56));
#11857=CARTESIAN_POINT('Ctrl Pts',(148.713716898458,-104.185506932281,5.56));
#11858=CARTESIAN_POINT('Ctrl Pts',(148.657071935877,-104.157630504957,5.56));
#11859=CARTESIAN_POINT('',(148.657071935877,-104.157630504957,5.56));
#11860=CARTESIAN_POINT('Ctrl Pts',(148.346331651176,-104.261210599858,5.56));
#11861=CARTESIAN_POINT('Ctrl Pts',(148.346331651176,-104.261210599858,6.06));
#11862=CARTESIAN_POINT('Ctrl Pts',(148.393097092808,-104.221714976242,5.56));
#11863=CARTESIAN_POINT('Ctrl Pts',(148.393097092808,-104.221714976242,6.06));
#11864=CARTESIAN_POINT('Ctrl Pts',(148.483266605427,-104.145562565238,5.56));
#11865=CARTESIAN_POINT('Ctrl Pts',(148.483266605427,-104.145562565238,6.06));
#11866=CARTESIAN_POINT('Ctrl Pts',(148.60059475905,-104.153709088027,5.56));
#11867=CARTESIAN_POINT('Ctrl Pts',(148.60059475905,-104.153709088027,6.06));
#11868=CARTESIAN_POINT('Ctrl Pts',(148.657071935877,-104.157630504957,5.56));
#11869=CARTESIAN_POINT('Ctrl Pts',(148.657071935877,-104.157630504957,6.06));
#11870=CARTESIAN_POINT('',(148.346331651176,-104.261210599858,5.56));
#11871=CARTESIAN_POINT('Ctrl Pts',(148.657071935877,-104.157630504957,5.56));
#11872=CARTESIAN_POINT('Ctrl Pts',(148.60059475905,-104.153709088027,5.56));
#11873=CARTESIAN_POINT('Ctrl Pts',(148.483266605427,-104.145562565238,5.56));
#11874=CARTESIAN_POINT('Ctrl Pts',(148.393097092808,-104.221714976242,5.56));
#11875=CARTESIAN_POINT('Ctrl Pts',(148.346331651176,-104.261210599858,5.56));
#11876=CARTESIAN_POINT('',(148.346331651176,-104.261210599858,5.56));
#11877=CARTESIAN_POINT('Ctrl Pts',(148.216856532551,-104.514981832363,5.56));
#11878=CARTESIAN_POINT('Ctrl Pts',(148.216856532551,-104.514981832363,6.06));
#11879=CARTESIAN_POINT('Ctrl Pts',(148.228831057709,-104.466757927049,5.56));
#11880=CARTESIAN_POINT('Ctrl Pts',(148.228831057709,-104.466757927049,6.06));
#11881=CARTESIAN_POINT('Ctrl Pts',(148.2523426916,-104.372071683418,5.56));
#11882=CARTESIAN_POINT('Ctrl Pts',(148.2523426916,-104.372071683418,6.06));
#11883=CARTESIAN_POINT('Ctrl Pts',(148.315392999313,-104.29770310371,5.56));
#11884=CARTESIAN_POINT('Ctrl Pts',(148.315392999313,-104.29770310371,6.06));
#11885=CARTESIAN_POINT('Ctrl Pts',(148.346331651176,-104.261210599858,5.56));
#11886=CARTESIAN_POINT('Ctrl Pts',(148.346331651176,-104.261210599858,6.06));
#11887=CARTESIAN_POINT('',(148.216856532551,-104.514981832363,5.56));
#11888=CARTESIAN_POINT('Ctrl Pts',(148.346331651176,-104.261210599858,5.56));
#11889=CARTESIAN_POINT('Ctrl Pts',(148.315392999313,-104.29770310371,5.56));
#11890=CARTESIAN_POINT('Ctrl Pts',(148.2523426916,-104.372071683418,5.56));
#11891=CARTESIAN_POINT('Ctrl Pts',(148.228831057709,-104.466757927049,5.56));
#11892=CARTESIAN_POINT('Ctrl Pts',(148.216856532551,-104.514981832363,5.56));
#11893=CARTESIAN_POINT('',(148.216856532551,-104.514981832363,5.56));
#11894=CARTESIAN_POINT('Ctrl Pts',(148.269509747458,-104.826585284522,5.56));
#11895=CARTESIAN_POINT('Ctrl Pts',(148.269509747458,-104.826585284522,6.06));
#11896=CARTESIAN_POINT('Ctrl Pts',(148.247065172543,-104.774762826146,5.56));
#11897=CARTESIAN_POINT('Ctrl Pts',(148.247065172543,-104.774762826146,6.06));
#11898=CARTESIAN_POINT('Ctrl Pts',(148.203880476662,-104.675053336738,5.56));
#11899=CARTESIAN_POINT('Ctrl Pts',(148.203880476662,-104.675053336738,6.06));
#11900=CARTESIAN_POINT('Ctrl Pts',(148.212646509244,-104.566916316147,5.56));
#11901=CARTESIAN_POINT('Ctrl Pts',(148.212646509244,-104.566916316147,6.06));
#11902=CARTESIAN_POINT('Ctrl Pts',(148.216856532551,-104.514981832363,5.56));
#11903=CARTESIAN_POINT('Ctrl Pts',(148.216856532551,-104.514981832363,6.06));
#11904=CARTESIAN_POINT('',(148.269509747458,-104.826585284522,5.56));
#11905=CARTESIAN_POINT('Ctrl Pts',(148.216856532551,-104.514981832363,5.56));
#11906=CARTESIAN_POINT('Ctrl Pts',(148.212646509244,-104.566916316147,5.56));
#11907=CARTESIAN_POINT('Ctrl Pts',(148.203880476662,-104.675053336738,5.56));
#11908=CARTESIAN_POINT('Ctrl Pts',(148.247065172543,-104.774762826146,5.56));
#11909=CARTESIAN_POINT('Ctrl Pts',(148.269509747458,-104.826585284522,5.56));
#11910=CARTESIAN_POINT('',(148.269509747458,-104.826585284522,5.56));
#11911=CARTESIAN_POINT('Ctrl Pts',(148.608734558257,-105.245221501411,5.56));
#11912=CARTESIAN_POINT('Ctrl Pts',(148.608734558257,-105.245221501411,6.06));
#11913=CARTESIAN_POINT('Ctrl Pts',(148.533751426996,-105.169983672762,5.56));
#11914=CARTESIAN_POINT('Ctrl Pts',(148.533751426996,-105.169983672762,6.06));
#11915=CARTESIAN_POINT('Ctrl Pts',(148.406125300956,-105.041924035339,5.56));
#11916=CARTESIAN_POINT('Ctrl Pts',(148.406125300956,-105.041924035339,6.06));
#11917=CARTESIAN_POINT('Ctrl Pts',(148.3094048323,-104.889469469475,5.56));
#11918=CARTESIAN_POINT('Ctrl Pts',(148.3094048323,-104.889469469475,6.06));
#11919=CARTESIAN_POINT('Ctrl Pts',(148.269509747458,-104.826585284522,5.56));
#11920=CARTESIAN_POINT('Ctrl Pts',(148.269509747458,-104.826585284522,6.06));
#11921=CARTESIAN_POINT('',(148.608734558257,-105.245221501411,5.56));
#11922=CARTESIAN_POINT('Ctrl Pts',(148.269509747458,-104.826585284522,5.56));
#11923=CARTESIAN_POINT('Ctrl Pts',(148.3094048323,-104.889469469475,5.56));
#11924=CARTESIAN_POINT('Ctrl Pts',(148.406125300956,-105.041924035339,5.56));
#11925=CARTESIAN_POINT('Ctrl Pts',(148.533751426996,-105.169983672762,5.56));
#11926=CARTESIAN_POINT('Ctrl Pts',(148.608734558257,-105.245221501411,5.56));
#11927=CARTESIAN_POINT('',(148.608734558257,-105.245221501411,5.56));
#11928=CARTESIAN_POINT('Origin',(149.48916536491,-106.125652308064,5.56));
#11929=CARTESIAN_POINT('',(149.574535421932,-106.211022365086,5.56));
#11930=CARTESIAN_POINT('Ctrl Pts',(147.628176326533,-105.286653539371,5.56));
#11931=CARTESIAN_POINT('Ctrl Pts',(147.628176326533,-105.286653539371,6.06));
#11932=CARTESIAN_POINT('Ctrl Pts',(147.677237359633,-105.320856374639,5.56));
#11933=CARTESIAN_POINT('Ctrl Pts',(147.677237359633,-105.320856374639,6.06));
#11934=CARTESIAN_POINT('Ctrl Pts',(147.81159465689,-105.414523389271,5.56));
#11935=CARTESIAN_POINT('Ctrl Pts',(147.81159465689,-105.414523389271,6.06));
#11936=CARTESIAN_POINT('Ctrl Pts',(147.926433372783,-105.531661056738,5.56));
#11937=CARTESIAN_POINT('Ctrl Pts',(147.926433372783,-105.531661056738,6.06));
#11938=CARTESIAN_POINT('Ctrl Pts',(147.99933833326,-105.606025498647,5.56));
#11939=CARTESIAN_POINT('Ctrl Pts',(147.99933833326,-105.606025498647,6.06));
#11940=CARTESIAN_POINT('',(147.628176326533,-105.286653539371,5.56));
#11941=CARTESIAN_POINT('Ctrl Pts',(147.99933833326,-105.606025498647,5.56));
#11942=CARTESIAN_POINT('Ctrl Pts',(147.926433372783,-105.531661056738,5.56));
#11943=CARTESIAN_POINT('Ctrl Pts',(147.81159465689,-105.414523389271,5.56));
#11944=CARTESIAN_POINT('Ctrl Pts',(147.677237359633,-105.320856374639,5.56));
#11945=CARTESIAN_POINT('Ctrl Pts',(147.628176326533,-105.286653539371,5.56));
#11946=CARTESIAN_POINT('',(147.628176326533,-105.286653539371,5.56));
#11947=CARTESIAN_POINT('Ctrl Pts',(147.43223731368,-105.251263673614,5.56));
#11948=CARTESIAN_POINT('Ctrl Pts',(147.43223731368,-105.251263673614,6.06));
#11949=CARTESIAN_POINT('Ctrl Pts',(147.464367064726,-105.249091990722,5.56));
#11950=CARTESIAN_POINT('Ctrl Pts',(147.464367064726,-105.249091990722,6.06));
#11951=CARTESIAN_POINT('Ctrl Pts',(147.532485215433,-105.244487814914,5.56));
#11952=CARTESIAN_POINT('Ctrl Pts',(147.532485215433,-105.244487814914,6.06));
#11953=CARTESIAN_POINT('Ctrl Pts',(147.595097044412,-105.272077348552,5.56));
#11954=CARTESIAN_POINT('Ctrl Pts',(147.595097044412,-105.272077348552,6.06));
#11955=CARTESIAN_POINT('Ctrl Pts',(147.628176326533,-105.286653539371,5.56));
#11956=CARTESIAN_POINT('Ctrl Pts',(147.628176326533,-105.286653539371,6.06));
#11957=CARTESIAN_POINT('',(147.43223731368,-105.251263673614,5.56));
#11958=CARTESIAN_POINT('Ctrl Pts',(147.628176326533,-105.286653539371,5.56));
#11959=CARTESIAN_POINT('Ctrl Pts',(147.595097044412,-105.272077348552,5.56));
#11960=CARTESIAN_POINT('Ctrl Pts',(147.532485215433,-105.244487814914,5.56));
#11961=CARTESIAN_POINT('Ctrl Pts',(147.464367064726,-105.249091990722,5.56));
#11962=CARTESIAN_POINT('Ctrl Pts',(147.43223731368,-105.251263673614,5.56));
#11963=CARTESIAN_POINT('',(147.43223731368,-105.251263673614,5.56));
#11964=CARTESIAN_POINT('Ctrl Pts',(147.246656310317,-105.360885940716,5.56));
#11965=CARTESIAN_POINT('Ctrl Pts',(147.246656310317,-105.360885940716,6.06));
#11966=CARTESIAN_POINT('Ctrl Pts',(147.276028962166,-105.333365747917,5.56));
#11967=CARTESIAN_POINT('Ctrl Pts',(147.276028962166,-105.333365747917,6.06));
#11968=CARTESIAN_POINT('Ctrl Pts',(147.329911597423,-105.282881354527,5.56));
#11969=CARTESIAN_POINT('Ctrl Pts',(147.329911597423,-105.282881354527,6.06));
#11970=CARTESIAN_POINT('Ctrl Pts',(147.400244485141,-105.26114915579,5.56));
#11971=CARTESIAN_POINT('Ctrl Pts',(147.400244485141,-105.26114915579,6.06));
#11972=CARTESIAN_POINT('Ctrl Pts',(147.43223731368,-105.251263673614,5.56));
#11973=CARTESIAN_POINT('Ctrl Pts',(147.43223731368,-105.251263673614,6.06));
#11974=CARTESIAN_POINT('',(147.246656310317,-105.360885940716,5.56));
#11975=CARTESIAN_POINT('Ctrl Pts',(147.43223731368,-105.251263673614,5.56));
#11976=CARTESIAN_POINT('Ctrl Pts',(147.400244485141,-105.26114915579,5.56));
#11977=CARTESIAN_POINT('Ctrl Pts',(147.329911597423,-105.282881354527,5.56));
#11978=CARTESIAN_POINT('Ctrl Pts',(147.276028962166,-105.333365747917,5.56));
#11979=CARTESIAN_POINT('Ctrl Pts',(147.246656310317,-105.360885940716,5.56));
#11980=CARTESIAN_POINT('',(147.246656310317,-105.360885940716,5.56));
#11981=CARTESIAN_POINT('Ctrl Pts',(147.105096847287,-105.623288847797,5.56));
#11982=CARTESIAN_POINT('Ctrl Pts',(147.105096847287,-105.623288847797,6.06));
#11983=CARTESIAN_POINT('Ctrl Pts',(147.118510610237,-105.574630018335,5.56));
#11984=CARTESIAN_POINT('Ctrl Pts',(147.118510610237,-105.574630018335,6.06));
#11985=CARTESIAN_POINT('Ctrl Pts',(147.145600854118,-105.476359342019,5.56));
#11986=CARTESIAN_POINT('Ctrl Pts',(147.145600854118,-105.476359342019,6.06));
#11987=CARTESIAN_POINT('Ctrl Pts',(147.212754076914,-105.399625127595,5.56));
#11988=CARTESIAN_POINT('Ctrl Pts',(147.212754076914,-105.399625127595,6.06));
#11989=CARTESIAN_POINT('Ctrl Pts',(147.246656310317,-105.360885940716,5.56));
#11990=CARTESIAN_POINT('Ctrl Pts',(147.246656310317,-105.360885940716,6.06));
#11991=CARTESIAN_POINT('',(147.105096847287,-105.623288847797,5.56));
#11992=CARTESIAN_POINT('Ctrl Pts',(147.246656310317,-105.360885940716,5.56));
#11993=CARTESIAN_POINT('Ctrl Pts',(147.212754076914,-105.399625127595,5.56));
#11994=CARTESIAN_POINT('Ctrl Pts',(147.145600854118,-105.476359342019,5.56));
#11995=CARTESIAN_POINT('Ctrl Pts',(147.118510610237,-105.574630018335,5.56));
#11996=CARTESIAN_POINT('Ctrl Pts',(147.105096847287,-105.623288847797,5.56));
#11997=CARTESIAN_POINT('',(147.105096847287,-105.623288847797,5.56));
#11998=CARTESIAN_POINT('Ctrl Pts',(147.150844722534,-105.926260625381,5.56));
#11999=CARTESIAN_POINT('Ctrl Pts',(147.150844722534,-105.926260625381,6.06));
#12000=CARTESIAN_POINT('Ctrl Pts',(147.130022819955,-105.876205830545,5.56));
#12001=CARTESIAN_POINT('Ctrl Pts',(147.130022819955,-105.876205830545,6.06));
#12002=CARTESIAN_POINT('Ctrl Pts',(147.089545246759,-105.778899803199,5.56));
#12003=CARTESIAN_POINT('Ctrl Pts',(147.089545246759,-105.778899803199,6.06));
#12004=CARTESIAN_POINT('Ctrl Pts',(147.100013517033,-105.674153186552,5.56));
#12005=CARTESIAN_POINT('Ctrl Pts',(147.100013517033,-105.674153186552,6.06));
#12006=CARTESIAN_POINT('Ctrl Pts',(147.105096847287,-105.623288847797,5.56));
#12007=CARTESIAN_POINT('Ctrl Pts',(147.105096847287,-105.623288847797,6.06));
#12008=CARTESIAN_POINT('',(147.150844722534,-105.926260625381,5.56));
#12009=CARTESIAN_POINT('Ctrl Pts',(147.105096847287,-105.623288847797,5.56));
#12010=CARTESIAN_POINT('Ctrl Pts',(147.100013517033,-105.674153186552,5.56));
#12011=CARTESIAN_POINT('Ctrl Pts',(147.089545246759,-105.778899803199,5.56));
#12012=CARTESIAN_POINT('Ctrl Pts',(147.130022819955,-105.876205830545,5.56));
#12013=CARTESIAN_POINT('Ctrl Pts',(147.150844722534,-105.926260625381,5.56));
#12014=CARTESIAN_POINT('',(147.150844722534,-105.926260625381,5.56));
#12015=CARTESIAN_POINT('Ctrl Pts',(147.490069533333,-106.343170507355,5.56));
#12016=CARTESIAN_POINT('Ctrl Pts',(147.490069533333,-106.343170507355,6.06));
#12017=CARTESIAN_POINT('Ctrl Pts',(147.414109975677,-106.267307445804,5.56));
#12018=CARTESIAN_POINT('Ctrl Pts',(147.414109975677,-106.267307445804,6.06));
#12019=CARTESIAN_POINT('Ctrl Pts',(147.286482920772,-106.139842523406,5.56));
#12020=CARTESIAN_POINT('Ctrl Pts',(147.286482920772,-106.139842523406,6.06));
#12021=CARTESIAN_POINT('Ctrl Pts',(147.189931722949,-105.98780874269,5.56));
#12022=CARTESIAN_POINT('Ctrl Pts',(147.189931722949,-105.98780874269,6.06));
#12023=CARTESIAN_POINT('Ctrl Pts',(147.150844722534,-105.926260625381,5.56));
#12024=CARTESIAN_POINT('Ctrl Pts',(147.150844722534,-105.926260625381,6.06));
#12025=CARTESIAN_POINT('Ctrl Pts',(147.150844722534,-105.926260625381,5.56));
#12026=CARTESIAN_POINT('Ctrl Pts',(147.189931722949,-105.98780874269,5.56));
#12027=CARTESIAN_POINT('Ctrl Pts',(147.286482920772,-106.139842523406,5.56));
#12028=CARTESIAN_POINT('Ctrl Pts',(147.414109975677,-106.267307445804,5.56));
#12029=CARTESIAN_POINT('Ctrl Pts',(147.490069533333,-106.343170507355,5.56));
#12030=CARTESIAN_POINT('Origin',(146.062390558623,-105.885691754878,5.56));
#12031=CARTESIAN_POINT('',(147.064444455513,-106.887745651769,5.56));
#12032=CARTESIAN_POINT('Origin',(156.289999999991,-92.96,5.56));
#12033=CARTESIAN_POINT('',(156.289999999991,-92.71,5.56));
#12034=CARTESIAN_POINT('',(156.039999999991,-92.96,5.56));
#12035=CARTESIAN_POINT('Origin',(156.289999999991,-92.96,5.56));
#12036=CARTESIAN_POINT('',(156.039999999991,-92.96,4.56));
#12037=CARTESIAN_POINT('',(156.039999999991,-92.96,5.56));
#12038=CARTESIAN_POINT('',(156.289999999991,-92.71,4.56));
#12039=CARTESIAN_POINT('Origin',(156.289999999991,-92.96,4.56));
#12040=CARTESIAN_POINT('',(156.289999999991,-92.71,5.56));
#12041=CARTESIAN_POINT('Origin',(156.039999999991,-113.48,5.56));
#12042=CARTESIAN_POINT('',(156.04,-113.48,5.56));
#12043=CARTESIAN_POINT('',(156.039999999991,-110.080248950531,5.56));
#12044=CARTESIAN_POINT('',(156.04,-113.48,4.56));
#12045=CARTESIAN_POINT('',(156.04,-113.48,5.56));
#12046=CARTESIAN_POINT('',(156.039999999991,-110.08025101649,4.56));
#12047=CARTESIAN_POINT('Origin',(158.67,-92.96,5.56));
#12048=CARTESIAN_POINT('',(158.92,-92.96,5.56));
#12049=CARTESIAN_POINT('',(158.67,-92.71,5.56));
#12050=CARTESIAN_POINT('Origin',(158.67,-92.96,5.56));
#12051=CARTESIAN_POINT('',(158.67,-92.71,4.56));
#12052=CARTESIAN_POINT('',(158.67,-92.71,5.56));
#12053=CARTESIAN_POINT('',(158.92,-92.96,4.56));
#12054=CARTESIAN_POINT('Origin',(158.67,-92.96,4.56));
#12055=CARTESIAN_POINT('',(158.92,-92.96,5.56));
#12056=CARTESIAN_POINT('Origin',(156.039999999991,-92.71,5.56));
#12057=CARTESIAN_POINT('',(152.657899999996,-92.71,4.56));
#12058=CARTESIAN_POINT('',(152.657899999996,-92.71,5.56));
#12059=CARTESIAN_POINT('Origin',(142.287,-92.9295,5.56));
#12060=CARTESIAN_POINT('',(142.537,-92.9295,5.56));
#12061=CARTESIAN_POINT('',(142.287,-92.6795,5.56));
#12062=CARTESIAN_POINT('Origin',(142.287,-92.9295,5.56));
#12063=CARTESIAN_POINT('',(142.287,-92.6795,4.56));
#12064=CARTESIAN_POINT('',(142.287,-92.6795,5.56));
#12065=CARTESIAN_POINT('',(142.537,-92.9295,4.56));
#12066=CARTESIAN_POINT('Origin',(142.287,-92.9295,4.56));
#12067=CARTESIAN_POINT('',(142.537,-92.9295,5.56));
#12068=CARTESIAN_POINT('Origin',(139.656999999991,-92.6795,5.56));
#12069=CARTESIAN_POINT('',(139.906999999991,-92.6795,5.56));
#12070=CARTESIAN_POINT('',(144.466399999996,-92.6795,5.56));
#12071=CARTESIAN_POINT('',(139.906999999991,-92.6795,4.56));
#12072=CARTESIAN_POINT('',(139.906999999991,-92.6795,5.56));
#12073=CARTESIAN_POINT('',(144.466399999996,-92.6795,4.56));
#12074=CARTESIAN_POINT('Origin',(139.906999999991,-92.9295,5.56));
#12075=CARTESIAN_POINT('',(139.656999999991,-92.9295,5.56));
#12076=CARTESIAN_POINT('Origin',(139.906999999991,-92.9295,5.56));
#12077=CARTESIAN_POINT('',(139.656999999991,-92.9295,4.56));
#12078=CARTESIAN_POINT('',(139.656999999991,-92.9295,5.56));
#12079=CARTESIAN_POINT('Origin',(139.906999999991,-92.9295,4.56));
#12080=CARTESIAN_POINT('Origin',(139.656999999991,-113.4495,5.56));
#12081=CARTESIAN_POINT('',(139.657,-113.4495,5.56));
#12082=CARTESIAN_POINT('',(139.656999999991,-110.064998950531,5.56));
#12083=CARTESIAN_POINT('',(139.657,-113.4495,4.56));
#12084=CARTESIAN_POINT('',(139.657,-113.4495,5.56));
#12085=CARTESIAN_POINT('',(139.656999999991,-110.06500101649,4.56));
#12086=CARTESIAN_POINT('Origin',(158.92,-92.71,5.56));
#12087=CARTESIAN_POINT('',(158.919999999999,-113.48,4.56));
#12088=CARTESIAN_POINT('',(158.92,-99.69525101649,4.56));
#12089=CARTESIAN_POINT('',(158.919999999999,-113.48,5.56));
#12090=CARTESIAN_POINT('',(158.919999999999,-113.48,5.56));
#12091=CARTESIAN_POINT('',(158.92,-99.6952489505313,5.56));
#12092=CARTESIAN_POINT('Origin',(156.09999932015,-113.4800006798,5.56));
#12093=CARTESIAN_POINT('',(156.1,-113.539999999959,4.56));
#12094=CARTESIAN_POINT('Origin',(156.09999932015,-113.4800006798,4.56));
#12095=CARTESIAN_POINT('',(156.1,-113.539999999959,5.56));
#12096=CARTESIAN_POINT('Origin',(156.09999932015,-113.4800006798,5.56));
#12097=CARTESIAN_POINT('',(156.1,-113.539999999959,5.56));
#12098=CARTESIAN_POINT('Origin',(158.86,-113.54,5.56));
#12099=CARTESIAN_POINT('',(158.86,-113.54,4.56));
#12100=CARTESIAN_POINT('',(154.067899999949,-113.539999999929,4.56));
#12101=CARTESIAN_POINT('',(158.86,-113.54,5.56));
#12102=CARTESIAN_POINT('',(154.067899999949,-113.539999999929,5.56));
#12103=CARTESIAN_POINT('',(158.86,-113.54,5.56));
#12104=CARTESIAN_POINT('Origin',(158.86000067984,-113.4800006798,5.56));
#12105=CARTESIAN_POINT('Origin',(158.86000067984,-113.4800006798,4.56));
#12106=CARTESIAN_POINT('Origin',(158.86000067984,-113.4800006798,5.56));
#12107=CARTESIAN_POINT('Origin',(142.537,-92.6795,5.56));
#12108=CARTESIAN_POINT('',(142.536999999999,-113.4495,4.56));
#12109=CARTESIAN_POINT('',(142.537,-99.6800010164895,4.56));
#12110=CARTESIAN_POINT('',(142.536999999999,-113.4495,5.56));
#12111=CARTESIAN_POINT('',(142.536999999999,-113.4495,5.56));
#12112=CARTESIAN_POINT('',(142.537,-99.6799989505307,5.56));
#12113=CARTESIAN_POINT('Origin',(139.71699932015,-113.4495006798,5.56));
#12114=CARTESIAN_POINT('',(139.717,-113.509499999959,4.56));
#12115=CARTESIAN_POINT('Origin',(139.71699932015,-113.4495006798,4.56));
#12116=CARTESIAN_POINT('',(139.717,-113.509499999959,5.56));
#12117=CARTESIAN_POINT('Origin',(139.71699932015,-113.4495006798,5.56));
#12118=CARTESIAN_POINT('',(139.717,-113.509499999959,5.56));
#12119=CARTESIAN_POINT('Origin',(142.477,-113.5095,5.56));
#12120=CARTESIAN_POINT('',(142.477,-113.5095,4.56));
#12121=CARTESIAN_POINT('',(145.876399999949,-113.509500000051,4.56));
#12122=CARTESIAN_POINT('',(142.477,-113.5095,5.56));
#12123=CARTESIAN_POINT('',(145.876399999949,-113.509500000051,5.56));
#12124=CARTESIAN_POINT('',(142.477,-113.5095,5.56));
#12125=CARTESIAN_POINT('Origin',(142.47700067984,-113.4495006798,5.56));
#12126=CARTESIAN_POINT('Origin',(142.47700067984,-113.4495006798,4.56));
#12127=CARTESIAN_POINT('Origin',(142.47700067984,-113.4495006798,5.56));
#12128=CARTESIAN_POINT('Origin',(161.3676,-109.181040092836,1.56));
#12129=CARTESIAN_POINT('',(161.3676,-101.681040092836,0.56));
#12130=CARTESIAN_POINT('',(162.3676,-101.681040092836,1.56));
#12131=CARTESIAN_POINT('Origin',(161.3676,-101.681040092836,1.56));
#12132=CARTESIAN_POINT('',(162.3676,-111.681040092836,1.56));
#12133=CARTESIAN_POINT('',(162.3676,-109.181040092836,1.56));
#12134=CARTESIAN_POINT('',(161.3676,-111.681040092836,0.56));
#12135=CARTESIAN_POINT('Origin',(161.3676,-111.681040092836,1.56));
#12136=CARTESIAN_POINT('',(161.3676,-119.628575575203,0.56));
#12137=CARTESIAN_POINT('Origin',(161.3676,-111.681040092836,4.56));
#12138=CARTESIAN_POINT('',(162.3676,-111.681040092836,2.82794919243111));
#12139=CARTESIAN_POINT('',(162.3676,-111.681040092836,4.56));
#12140=CARTESIAN_POINT('',(161.3676,-111.681040092836,4.56));
#12141=CARTESIAN_POINT('Origin',(160.3676,-111.681040092836,2.82794919243111));
#12142=CARTESIAN_POINT('',(161.3676,-111.681040092836,3.56));
#12143=CARTESIAN_POINT('',(161.3676,-111.681040092836,4.06));
#12144=CARTESIAN_POINT('',(161.3676,-111.681040092836,4.56));
#12145=CARTESIAN_POINT('Origin',(162.3676,-106.681040092836,2.56));
#12146=CARTESIAN_POINT('',(162.3676,-101.681040092836,2.82794919243111));
#12147=CARTESIAN_POINT('',(162.3676,-101.681040092836,0.56));
#12148=CARTESIAN_POINT('',(162.3676,-113.154536738162,2.82794919243111));
#12149=CARTESIAN_POINT('Origin',(160.3676,-113.154536738162,2.82794919243111));
#12150=CARTESIAN_POINT('',(161.3676,-101.681040092836,4.56));
#12151=CARTESIAN_POINT('Origin',(160.3676,-101.681040092836,2.82794919243111));
#12152=CARTESIAN_POINT('',(161.3676,-113.154536738162,4.56));
#12153=CARTESIAN_POINT('Origin',(161.3676,-106.681040092836,2.56));
#12154=CARTESIAN_POINT('',(161.3676,-101.681040092836,3.56));
#12155=CARTESIAN_POINT('',(161.3676,-119.628575575263,3.56));
#12156=CARTESIAN_POINT('',(161.3676,-101.681040092836,0.56));
#12157=CARTESIAN_POINT('Origin',(161.3676,-101.681040092836,0.56));
#12158=CARTESIAN_POINT('',(161.3676,-101.681040092836,2.06));
#12159=CARTESIAN_POINT('Origin',(161.3676,-119.628575575263,3.56));
#12160=CARTESIAN_POINT('',(161.3676,-93.734624424797,3.56));
#12161=CARTESIAN_POINT('',(161.3676,-119.628575575263,3.56));
#12162=CARTESIAN_POINT('',(161.3676,-93.734624424797,4.56));
#12163=CARTESIAN_POINT('',(161.3676,-93.734624424797,3.56));
#12164=CARTESIAN_POINT('',(161.3676,-113.154536738162,4.56));
#12165=CARTESIAN_POINT('Origin',(161.3676,-119.628575575263,3.56));
#12166=CARTESIAN_POINT('',(161.3676,-119.628575575263,4.56));
#12167=CARTESIAN_POINT('',(161.3676,-113.154536738162,4.56));
#12168=CARTESIAN_POINT('',(161.3676,-119.628575575263,3.56));
#12169=CARTESIAN_POINT('',(161.3676,-119.628575575263,3.56));
#12170=CARTESIAN_POINT('',(161.3676,-119.628575575263,3.56));
#12171=CARTESIAN_POINT('Origin',(137.184,-104.181040092836,1.56));
#12172=CARTESIAN_POINT('',(137.184,-111.681040092836,0.56));
#12173=CARTESIAN_POINT('',(136.184,-111.681040092836,1.56));
#12174=CARTESIAN_POINT('Origin',(137.184,-111.681040092836,1.56));
#12175=CARTESIAN_POINT('',(136.184,-101.681040092836,1.56));
#12176=CARTESIAN_POINT('',(136.184,-104.181040092836,1.56));
#12177=CARTESIAN_POINT('',(137.184,-101.681040092836,0.56));
#12178=CARTESIAN_POINT('Origin',(137.184,-101.681040092836,1.56));
#12179=CARTESIAN_POINT('',(137.184,-101.681040092836,0.56));
#12180=CARTESIAN_POINT('Origin',(137.184,-111.681040092836,0.56));
#12181=CARTESIAN_POINT('',(137.184,-111.681040092836,3.56));
#12182=CARTESIAN_POINT('',(137.184,-111.681040092836,3.56));
#12183=CARTESIAN_POINT('',(137.184,-111.681040092836,4.56));
#12184=CARTESIAN_POINT('',(137.184,-111.681040092836,2.06));
#12185=CARTESIAN_POINT('',(136.184,-111.681040092836,2.82794919243112));
#12186=CARTESIAN_POINT('Origin',(138.184,-111.681040092836,2.82794919243112));
#12187=CARTESIAN_POINT('',(136.184,-111.681040092836,3.56));
#12188=CARTESIAN_POINT('Origin',(137.184,-106.681040092836,2.56));
#12189=CARTESIAN_POINT('',(137.184,-101.681040092836,3.56));
#12190=CARTESIAN_POINT('',(137.184,-101.681040092836,3.56));
#12191=CARTESIAN_POINT('',(137.184,-93.7330400928358,3.56));
#12192=CARTESIAN_POINT('Origin',(137.184,-101.681040092836,4.56));
#12193=CARTESIAN_POINT('',(136.184,-101.681040092836,2.82794919243112));
#12194=CARTESIAN_POINT('',(136.184,-101.681040092836,1.56));
#12195=CARTESIAN_POINT('',(137.184,-101.681040092836,4.56));
#12196=CARTESIAN_POINT('Origin',(138.184,-101.681040092836,2.82794919243112));
#12197=CARTESIAN_POINT('',(137.184,-101.681040092836,4.06));
#12198=CARTESIAN_POINT('Origin',(138.184,-100.206768996949,2.82794919243112));
#12199=CARTESIAN_POINT('',(136.184,-100.206768996949,2.82794919243112));
#12200=CARTESIAN_POINT('',(137.184,-100.206768996949,4.56));
#12201=CARTESIAN_POINT('Origin',(136.184,-106.681040092836,2.56));
#12202=CARTESIAN_POINT('Origin',(137.184,-93.7330400928358,3.56));
#12203=CARTESIAN_POINT('',(137.184,-93.7330400928358,4.56));
#12204=CARTESIAN_POINT('',(137.184,-100.206768996949,4.56));
#12205=CARTESIAN_POINT('',(137.184,-93.7330400928358,3.56));
#12206=CARTESIAN_POINT('',(137.184,-93.7330400928358,3.56));
#12207=CARTESIAN_POINT('',(137.184,-93.7330400928358,3.56));
#12208=CARTESIAN_POINT('Origin',(137.184,-93.7330400928358,3.56));
#12209=CARTESIAN_POINT('',(137.184,-119.628575575203,3.56));
#12210=CARTESIAN_POINT('',(137.184,-93.7330400928358,3.56));
#12211=CARTESIAN_POINT('',(137.184,-119.628575575203,4.56));
#12212=CARTESIAN_POINT('',(137.184,-119.628575575203,3.56));
#12213=CARTESIAN_POINT('',(137.184,-100.206768996949,4.56));
#12214=CARTESIAN_POINT('Origin',(149.098608793853,-115.786731804604,5.06));
#12215=CARTESIAN_POINT('',(144.987567997424,-119.995045362711,5.06));
#12216=CARTESIAN_POINT('',(144.172908374498,-120.984900603471,5.06));
#12217=CARTESIAN_POINT('',(148.712545074204,-115.46899794684,5.06));
#12218=CARTESIAN_POINT('',(144.408965446114,-121.484900603471,5.56));
#12219=CARTESIAN_POINT('Origin',(144.408965446114,-121.484900603471,5.06));
#12220=CARTESIAN_POINT('',(145.487567997424,-120.174340514244,5.56));
#12221=CARTESIAN_POINT('',(149.098608793853,-115.786731804604,5.56));
#12222=CARTESIAN_POINT('Origin',(145.487567997424,-120.174340514244,5.06));
#12223=CARTESIAN_POINT('Origin',(145.349068587256,-121.484900603471,5.06));
#12224=CARTESIAN_POINT('',(141.422337174511,-120.984900603471,5.06));
#12225=CARTESIAN_POINT('',(145.349068587256,-120.984900603471,5.06));
#12226=CARTESIAN_POINT('',(141.197142473044,-121.484900603471,5.56));
#12227=CARTESIAN_POINT('Origin',(141.197142473044,-121.484900603471,5.06));
#12228=CARTESIAN_POINT('',(145.349068587256,-121.484900603471,5.56));
#12229=CARTESIAN_POINT('Origin',(138.784951042475,-118.759124286928,5.06));
#12230=CARTESIAN_POINT('',(140.546359085343,-119.995045362711,5.06));
#12231=CARTESIAN_POINT('',(139.159386070058,-118.427765855439,5.06));
#12232=CARTESIAN_POINT('',(140.046359085343,-120.184515375369,5.56));
#12233=CARTESIAN_POINT('Origin',(140.046359085343,-120.184515375369,5.06));
#12234=CARTESIAN_POINT('',(138.784951042475,-118.759124286928,5.56));
#12235=CARTESIAN_POINT('Origin',(146.426521636932,-115.544384180565,5.06));
#12236=CARTESIAN_POINT('',(143.407871043557,-115.544384180565,5.56));
#12237=CARTESIAN_POINT('',(141.952666799259,-115.544384180565,5.56));
#12238=CARTESIAN_POINT('',(146.426521636932,-115.544384180565,5.56));
#12239=CARTESIAN_POINT('',(141.790247971962,-116.044384180565,5.06));
#12240=CARTESIAN_POINT('Origin',(141.952666799259,-115.544384180565,5.06));
#12241=CARTESIAN_POINT('',(143.577243273864,-116.044384180565,5.06));
#12242=CARTESIAN_POINT('',(146.426521636932,-116.044384180565,5.06));
#12243=CARTESIAN_POINT('Origin',(143.407871043557,-115.544384180565,5.06));
#12244=CARTESIAN_POINT('Origin',(140.046359085343,-112.128921868835,5.06));
#12245=CARTESIAN_POINT('',(140.546359085343,-117.577345836608,5.06));
#12246=CARTESIAN_POINT('',(140.546359085343,-112.128921868835,5.06));
#12247=CARTESIAN_POINT('',(140.046359085343,-117.47668702606,5.56));
#12248=CARTESIAN_POINT('Origin',(140.046359085343,-117.47668702606,5.06));
#12249=CARTESIAN_POINT('',(140.046359085343,-112.128921868835,5.56));
#12250=CARTESIAN_POINT('Origin',(142.888749100527,-110.703332096261,5.06));
#12251=CARTESIAN_POINT('',(140.958068787252,-116.59625037674,5.06));
#12252=CARTESIAN_POINT('',(143.34979891946,-110.896808359564,5.06));
#12253=CARTESIAN_POINT('',(140.458068787252,-116.495591566192,5.56));
#12254=CARTESIAN_POINT('Origin',(140.458068787252,-116.495591566192,5.06));
#12255=CARTESIAN_POINT('',(142.888749100527,-110.703332096261,5.56));
#12256=CARTESIAN_POINT('Origin',(140.458068787252,-111.06022860005,5.06));
#12257=CARTESIAN_POINT('',(140.458068787252,-114.458834045528,5.56));
#12258=CARTESIAN_POINT('',(140.458068787252,-111.06022860005,5.56));
#12259=CARTESIAN_POINT('',(140.958068787252,-115.439959299039,5.06));
#12260=CARTESIAN_POINT('',(140.958068787252,-111.06022860005,5.06));
#12261=CARTESIAN_POINT('Origin',(140.458068787252,-114.458834045528,5.06));
#12262=CARTESIAN_POINT('Origin',(142.308106109363,-115.802545363693,5.06));
#12263=CARTESIAN_POINT('',(142.308106109363,-115.802545363693,5.56));
#12264=CARTESIAN_POINT('',(142.014273522916,-116.207097475468,5.06));
#12265=CARTESIAN_POINT('Origin',(147.759117667283,-112.214348499142,5.06));
#12266=CARTESIAN_POINT('',(144.935701801248,-114.375125947638,5.56));
#12267=CARTESIAN_POINT('',(147.759117667283,-112.214348499142,5.56));
#12268=CARTESIAN_POINT('',(144.435701801248,-115.387400613689,5.06));
#12269=CARTESIAN_POINT('',(148.062993088878,-112.61141238336,5.06));
#12270=CARTESIAN_POINT('Origin',(144.935701801248,-114.375125947638,5.06));
#12271=CARTESIAN_POINT('Origin',(144.935701801248,-111.603335015334,5.06));
#12272=CARTESIAN_POINT('',(144.935701801248,-116.401984126181,5.56));
#12273=CARTESIAN_POINT('',(144.935701801248,-111.603335015334,5.56));
#12274=CARTESIAN_POINT('',(144.435701801248,-116.526172129607,5.06));
#12275=CARTESIAN_POINT('',(144.435701801248,-111.603335015334,5.06));
#12276=CARTESIAN_POINT('Origin',(144.935701801248,-116.401984126181,5.06));
#12277=CARTESIAN_POINT('Origin',(143.647663718498,-113.969023303208,5.06));
#12278=CARTESIAN_POINT('',(145.487567997424,-117.44439805229,5.56));
#12279=CARTESIAN_POINT('',(143.647663718498,-113.969023303208,5.56));
#12280=CARTESIAN_POINT('',(144.987567997424,-117.568586055717,5.06));
#12281=CARTESIAN_POINT('',(143.205769760325,-114.202967163418,5.06));
#12282=CARTESIAN_POINT('Origin',(145.487567997424,-117.44439805229,5.06));
#12283=CARTESIAN_POINT('Origin',(145.487567997424,-113.337771631887,5.06));
#12284=CARTESIAN_POINT('',(145.487567997424,-113.337771631887,5.56));
#12285=CARTESIAN_POINT('',(144.987567997424,-113.337771631887,5.06));
#12286=CARTESIAN_POINT('Origin',(144.172908374498,-120.984900603471,1.56));
#12287=CARTESIAN_POINT('',(144.987567997424,-119.995045362711,4.56));
#12288=CARTESIAN_POINT('',(144.987567997424,-119.995045362711,1.56));
#12289=CARTESIAN_POINT('',(144.172908374498,-120.984900603471,4.56));
#12290=CARTESIAN_POINT('',(148.712544060516,-115.468999178524,4.56));
#12291=CARTESIAN_POINT('',(144.172908374498,-120.984900603471,1.56));
#12292=CARTESIAN_POINT('Origin',(144.987567997424,-119.995045362711,1.56));
#12293=CARTESIAN_POINT('',(144.987567997424,-117.568586055717,4.56));
#12294=CARTESIAN_POINT('',(144.987567997424,-117.568586055717,1.56));
#12295=CARTESIAN_POINT('',(144.987567997424,-113.337773697845,4.56));
#12296=CARTESIAN_POINT('Origin',(144.987567997424,-117.568586055717,1.56));
#12297=CARTESIAN_POINT('',(144.435701801248,-116.526172129607,4.56));
#12298=CARTESIAN_POINT('',(144.435701801248,-116.526172129607,1.56));
#12299=CARTESIAN_POINT('',(143.205770614627,-114.202968777099,4.56));
#12300=CARTESIAN_POINT('Origin',(144.435701801248,-116.526172129607,1.56));
#12301=CARTESIAN_POINT('',(144.435701801248,-115.387400613689,4.56));
#12302=CARTESIAN_POINT('',(144.435701801248,-115.387400613689,1.56));
#12303=CARTESIAN_POINT('',(144.435701801248,-111.603337081293,4.56));
#12304=CARTESIAN_POINT('Origin',(144.435701801248,-115.387400613689,1.56));
#12305=CARTESIAN_POINT('',(143.577243273864,-116.044384180565,4.56));
#12306=CARTESIAN_POINT('',(143.577243273864,-116.044384180565,1.56));
#12307=CARTESIAN_POINT('',(148.06299209178,-112.611413146445,4.56));
#12308=CARTESIAN_POINT('Origin',(143.577243273864,-116.044384180565,1.56));
#12309=CARTESIAN_POINT('',(141.790247971962,-116.044384180565,4.56));
#12310=CARTESIAN_POINT('',(141.790247971962,-116.044384180565,1.56));
#12311=CARTESIAN_POINT('',(146.426521636932,-116.044384180565,4.56));
#12312=CARTESIAN_POINT('Origin',(149.2758,-106.680497901062,5.56));
#12313=CARTESIAN_POINT('',(145.075125241742,-91.248,5.56));
#12314=CARTESIAN_POINT('',(145.145,-91.248,5.56));
#12315=CARTESIAN_POINT('',(147.2104,-91.248,5.56));
#12316=CARTESIAN_POINT('',(140.680999279068,-91.2457999337334,5.56));
#12317=CARTESIAN_POINT('',(147.179200320885,-91.2490534756271,5.56));
#12318=CARTESIAN_POINT('',(140.520984720799,-91.2484411764007,5.56));
#12319=CARTESIAN_POINT('',(144.854130884145,-91.1769174015987,5.56));
#12320=CARTESIAN_POINT('',(138.1867229743,-93.5815341026586,5.56));
#12321=CARTESIAN_POINT('Origin',(140.6840022631,-93.74580242562,5.56));
#12322=CARTESIAN_POINT('',(138.183999989522,-93.7415486466591,5.56));
#12323=CARTESIAN_POINT('',(138.077096824417,-100.023648112936,5.56));
#12324=CARTESIAN_POINT('',(138.184,-119.61965923404,5.56));
#12325=CARTESIAN_POINT('',(138.184,-100.206768996949,5.56));
#12326=CARTESIAN_POINT('',(138.186853065772,-119.779623921192,5.56));
#12327=CARTESIAN_POINT('',(138.070332489075,-113.246560299621,5.56));
#12328=CARTESIAN_POINT('',(140.519576078622,-122.112346934122,5.56));
#12329=CARTESIAN_POINT('Origin',(140.683998899,-119.6152011009,5.56));
#12330=CARTESIAN_POINT('',(140.679542183627,-122.115200012643,5.56));
#12331=CARTESIAN_POINT('',(144.747747623804,-122.18775856847,5.56));
#12332=CARTESIAN_POINT('',(157.87205923404,-122.1152,5.56));
#12333=CARTESIAN_POINT('',(144.973212212152,-122.1152,5.56));
#12334=CARTESIAN_POINT('',(158.032023921181,-122.112346934228,5.56));
#12335=CARTESIAN_POINT('',(153.708437457009,-122.18946034034,5.56));
#12336=CARTESIAN_POINT('',(160.364746934179,-119.779623923194,5.56));
#12337=CARTESIAN_POINT('Origin',(157.86760110099,-119.6152011009,5.56));
#12338=CARTESIAN_POINT('',(160.367600012643,-119.619657816228,5.56));
#12339=CARTESIAN_POINT('',(160.479565736943,-113.341975215314,5.56));
#12340=CARTESIAN_POINT('',(160.3676,-93.7435407659607,5.56));
#12341=CARTESIAN_POINT('',(160.3676,-113.154536738162,5.56));
#12342=CARTESIAN_POINT('',(160.364746934228,-93.583576078821,5.56));
#12343=CARTESIAN_POINT('',(160.481247860671,-100.115537951913,5.56));
#12344=CARTESIAN_POINT('',(158.032023921264,-91.2508530657685,5.56));
#12345=CARTESIAN_POINT('Origin',(157.86760110099,-93.747998899,5.56));
#12346=CARTESIAN_POINT('',(157.872057816199,-91.2479999873571,5.56));
#12347=CARTESIAN_POINT('',(153.803832720589,-91.175441083782,5.56));
#12348=CARTESIAN_POINT('',(153.385,-91.248,5.56));
#12349=CARTESIAN_POINT('',(153.578387787589,-91.248,5.56));
#12350=CARTESIAN_POINT('',(153.385,-92.248,5.56));
#12351=CARTESIAN_POINT('',(153.385,-89.548,5.56));
#12352=CARTESIAN_POINT('',(145.145,-92.248,5.56));
#12353=CARTESIAN_POINT('',(153.385,-92.248,5.56));
#12354=CARTESIAN_POINT('',(145.145,-92.248,5.56));
#12355=CARTESIAN_POINT('',(148.16,-114.0525,5.56));
#12356=CARTESIAN_POINT('',(148.16,-117.4525,5.56));
#12357=CARTESIAN_POINT('',(148.16,-110.616498950531,5.56));
#12358=CARTESIAN_POINT('',(159.18,-114.0525,5.56));
#12359=CARTESIAN_POINT('',(153.9779,-114.0525,5.56));
#12360=CARTESIAN_POINT('',(159.18,-117.4525,5.56));
#12361=CARTESIAN_POINT('',(159.18,-111.816498950531,5.56));
#12362=CARTESIAN_POINT('',(148.9679,-117.4525,5.56));
#12363=CARTESIAN_POINT('Origin',(159.18,-111.816498950531,5.06));
#12364=CARTESIAN_POINT('',(158.68,-114.5525,5.06));
#12365=CARTESIAN_POINT('Origin',(159.18,-114.0525,5.06));
#12366=CARTESIAN_POINT('',(158.68,-116.9525,5.06));
#12367=CARTESIAN_POINT('',(158.68,-111.816498950531,5.06));
#12368=CARTESIAN_POINT('Origin',(159.18,-117.4525,5.06));
#12369=CARTESIAN_POINT('Origin',(148.16,-110.616498950531,5.06));
#12370=CARTESIAN_POINT('',(148.66,-116.9525,5.06));
#12371=CARTESIAN_POINT('',(148.66,-114.5525,5.06));
#12372=CARTESIAN_POINT('',(148.66,-110.616498950531,5.06));
#12373=CARTESIAN_POINT('Origin',(148.16,-114.0525,5.06));
#12374=CARTESIAN_POINT('Origin',(148.16,-117.4525,5.06));
#12375=CARTESIAN_POINT('Origin',(153.9779,-114.0525,5.06));
#12376=CARTESIAN_POINT('',(153.9779,-114.5525,5.06));
#12377=CARTESIAN_POINT('Origin',(148.9679,-117.4525,5.06));
#12378=CARTESIAN_POINT('',(148.9679,-116.9525,5.06));
#12379=CARTESIAN_POINT('Origin',(158.68,-114.5525,1.56));
#12380=CARTESIAN_POINT('',(148.66,-114.5525,4.56));
#12381=CARTESIAN_POINT('',(148.66,-114.5525,1.56));
#12382=CARTESIAN_POINT('',(158.68,-114.5525,4.56));
#12383=CARTESIAN_POINT('',(153.9779,-114.5525,4.56));
#12384=CARTESIAN_POINT('',(158.68,-114.5525,1.56));
#12385=CARTESIAN_POINT('Origin',(148.66,-114.5525,1.56));
#12386=CARTESIAN_POINT('',(148.66,-116.9525,4.56));
#12387=CARTESIAN_POINT('',(148.66,-116.9525,1.56));
#12388=CARTESIAN_POINT('',(148.66,-110.61650101649,4.56));
#12389=CARTESIAN_POINT('Origin',(148.66,-116.9525,1.56));
#12390=CARTESIAN_POINT('',(158.68,-116.9525,4.56));
#12391=CARTESIAN_POINT('',(158.68,-116.9525,1.56));
#12392=CARTESIAN_POINT('',(148.9679,-116.9525,4.56));
#12393=CARTESIAN_POINT('Origin',(158.68,-116.9525,1.56));
#12394=CARTESIAN_POINT('',(158.68,-111.81650101649,4.56));
#12395=CARTESIAN_POINT('Origin',(141.422337174511,-120.984900603471,1.56));
#12396=CARTESIAN_POINT('',(141.422337174511,-120.984900603471,4.56));
#12397=CARTESIAN_POINT('',(145.349068587256,-120.984900603471,4.56));
#12398=CARTESIAN_POINT('',(141.422337174511,-120.984900603471,1.56));
#12399=CARTESIAN_POINT('Origin',(140.546359085343,-119.995045362711,1.56));
#12400=CARTESIAN_POINT('',(140.546359085343,-119.995045362711,4.56));
#12401=CARTESIAN_POINT('',(139.15938709537,-118.427767014042,4.56));
#12402=CARTESIAN_POINT('',(140.546359085343,-119.995045362711,1.56));
#12403=CARTESIAN_POINT('Origin',(140.546359085343,-117.577345836608,1.56));
#12404=CARTESIAN_POINT('',(140.546359085343,-117.577345836608,4.56));
#12405=CARTESIAN_POINT('',(140.546359085343,-112.128923934794,4.56));
#12406=CARTESIAN_POINT('',(140.546359085343,-117.577345836608,1.56));
#12407=CARTESIAN_POINT('Origin',(140.958068787252,-116.59625037674,1.56));
#12408=CARTESIAN_POINT('',(140.958068787252,-116.59625037674,4.56));
#12409=CARTESIAN_POINT('',(143.349798182308,-110.896810116182,4.56));
#12410=CARTESIAN_POINT('',(140.958068787252,-116.59625037674,1.56));
#12411=CARTESIAN_POINT('Origin',(140.958068787252,-115.439959299039,1.56));
#12412=CARTESIAN_POINT('',(140.958068787252,-115.439959299039,4.56));
#12413=CARTESIAN_POINT('',(140.958068787252,-111.060230666009,4.56));
#12414=CARTESIAN_POINT('',(140.958068787252,-115.439959299039,1.56));
#12415=CARTESIAN_POINT('Origin',(141.790247971962,-116.044384180565,1.56));
#12416=CARTESIAN_POINT('',(142.014274505243,-116.207098188948,4.56));
#12417=CARTESIAN_POINT('Origin',(149.2758,-106.680502032979,4.56));
#12418=CARTESIAN_POINT('',(145.145,-93.248,4.56));
#12419=CARTESIAN_POINT('',(145.145,-91.748,4.56));
#12420=CARTESIAN_POINT('',(145.145,-99.4642505,4.56));
#12421=CARTESIAN_POINT('',(153.385,-93.248,4.56));
#12422=CARTESIAN_POINT('',(151.3304,-93.248,4.56));
#12423=CARTESIAN_POINT('',(153.385,-91.748,4.56));
#12424=CARTESIAN_POINT('',(153.385,-98.4642510164897,4.56));
#12425=CARTESIAN_POINT('',(157.8676,-91.748,4.56));
#12426=CARTESIAN_POINT('',(157.8676,-91.748,4.56));
#12427=CARTESIAN_POINT('',(158.010461,-91.7505479999951,4.56));
#12428=CARTESIAN_POINT('',(158.010461,-91.7505479999951,4.56));
#12429=CARTESIAN_POINT('',(159.865052,-93.605139,4.56));
#12430=CARTESIAN_POINT('Origin',(157.86760110099,-93.747998899,4.56));
#12431=CARTESIAN_POINT('',(159.8676,-93.748,4.56));
#12432=CARTESIAN_POINT('',(159.8676,-93.748,4.56));
#12433=CARTESIAN_POINT('',(159.8676,-119.6152,4.56));
#12434=CARTESIAN_POINT('',(159.8676,-119.6152,4.56));
#12435=CARTESIAN_POINT('',(159.865051999989,-119.758060999999,4.56));
#12436=CARTESIAN_POINT('',(159.865051999989,-119.758060999999,4.56));
#12437=CARTESIAN_POINT('',(158.010461,-121.612652,4.56));
#12438=CARTESIAN_POINT('Origin',(157.86760110099,-119.6152011009,4.56));
#12439=CARTESIAN_POINT('',(157.8676,-121.6152,4.56));
#12440=CARTESIAN_POINT('',(157.8676,-121.6152,4.56));
#12441=CARTESIAN_POINT('',(140.684,-121.6152,4.56));
#12442=CARTESIAN_POINT('',(140.684,-121.6152,4.56));
#12443=CARTESIAN_POINT('',(140.541139000007,-121.612651999906,4.56));
#12444=CARTESIAN_POINT('',(140.541139000007,-121.612651999906,4.56));
#12445=CARTESIAN_POINT('',(138.686548,-119.758061,4.56));
#12446=CARTESIAN_POINT('Origin',(140.683998899,-119.6152011009,4.56));
#12447=CARTESIAN_POINT('',(138.684,-119.6152,4.56));
#12448=CARTESIAN_POINT('',(138.684,-119.6152,4.56));
#12449=CARTESIAN_POINT('',(138.684,-93.745802,4.56));
#12450=CARTESIAN_POINT('',(138.684,-93.745802,4.56));
#12451=CARTESIAN_POINT('',(138.68643199999,-93.6028869999993,4.56));
#12452=CARTESIAN_POINT('',(138.68643199999,-93.6028869999993,4.56));
#12453=CARTESIAN_POINT('',(140.542085,-91.748161,4.56));
#12454=CARTESIAN_POINT('Origin',(140.6840022631,-93.74580242562,4.56));
#12455=CARTESIAN_POINT('',(140.685001,-91.745802,4.56));
#12456=CARTESIAN_POINT('',(140.685001,-91.745802,4.56));
#12457=CARTESIAN_POINT('',(145.075,-91.748,4.56));
#12458=CARTESIAN_POINT('',(145.075,-91.748,4.56));
#12459=CARTESIAN_POINT('',(146.645,-91.748,4.56));
#12460=CARTESIAN_POINT('Origin',(157.8676,-91.748,3.56));
#12461=CARTESIAN_POINT('',(157.8676,-91.748,3.56));
#12462=CARTESIAN_POINT('',(153.385,-91.748,3.56));
#12463=CARTESIAN_POINT('',(153.5717,-91.748,3.56));
#12464=CARTESIAN_POINT('',(157.8676,-91.748,3.56));
#12465=CARTESIAN_POINT('',(153.385,-91.748,3.56));
#12466=CARTESIAN_POINT('Origin',(158.010461,-91.7505479999951,3.56));
#12467=CARTESIAN_POINT('',(158.010461,-91.7505479999951,3.56));
#12468=CARTESIAN_POINT('',(153.777618689473,-91.6750530630532,3.56));
#12469=CARTESIAN_POINT('',(158.010461,-91.7505479999951,3.56));
#12470=CARTESIAN_POINT('Origin',(157.86760110099,-93.747998899,3.56));
#12471=CARTESIAN_POINT('',(159.865052,-93.605139,3.56));
#12472=CARTESIAN_POINT('Origin',(157.86760110099,-93.747998899,3.56));
#12473=CARTESIAN_POINT('',(159.865052,-93.605139,3.56));
#12474=CARTESIAN_POINT('Origin',(159.8676,-93.748,3.56));
#12475=CARTESIAN_POINT('',(159.8676,-93.748,3.56));
#12476=CARTESIAN_POINT('',(159.981208106942,-100.117767568932,3.56));
#12477=CARTESIAN_POINT('',(159.8676,-93.748,3.56));
#12478=CARTESIAN_POINT('Origin',(159.8676,-119.6152,3.56));
#12479=CARTESIAN_POINT('',(159.8676,-119.6152,3.56));
#12480=CARTESIAN_POINT('',(159.8676,-113.147848950531,3.56));
#12481=CARTESIAN_POINT('',(159.8676,-119.6152,3.56));
#12482=CARTESIAN_POINT('Origin',(159.865051999989,-119.758060999999,3.56));
#12483=CARTESIAN_POINT('',(159.865051999989,-119.758060999999,3.56));
#12484=CARTESIAN_POINT('',(159.979953757694,-113.315761183045,3.56));
#12485=CARTESIAN_POINT('',(159.865051999989,-119.758060999999,3.56));
#12486=CARTESIAN_POINT('Origin',(157.86760110099,-119.6152011009,3.56));
#12487=CARTESIAN_POINT('',(158.010461,-121.612652,3.56));
#12488=CARTESIAN_POINT('Origin',(157.86760110099,-119.6152011009,3.56));
#12489=CARTESIAN_POINT('',(158.010461,-121.612652,3.56));
#12490=CARTESIAN_POINT('Origin',(157.8676,-121.6152,3.56));
#12491=CARTESIAN_POINT('',(157.8676,-121.6152,3.56));
#12492=CARTESIAN_POINT('',(153.70620783999,-121.68942058661,3.56));
#12493=CARTESIAN_POINT('',(157.8676,-121.6152,3.56));
#12494=CARTESIAN_POINT('Origin',(140.684,-121.6152,3.56));
#12495=CARTESIAN_POINT('',(140.684,-121.6152,3.56));
#12496=CARTESIAN_POINT('',(144.9799,-121.6152,3.56));
#12497=CARTESIAN_POINT('',(140.684,-121.6152,3.56));
#12498=CARTESIAN_POINT('Origin',(140.541139000007,-121.612651999906,3.56));
#12499=CARTESIAN_POINT('',(140.541139000007,-121.612651999906,3.56));
#12500=CARTESIAN_POINT('',(144.773961655003,-121.688146589213,3.56));
#12501=CARTESIAN_POINT('',(140.541139000007,-121.612651999906,3.56));
#12502=CARTESIAN_POINT('Origin',(140.683998899,-119.6152011009,3.56));
#12503=CARTESIAN_POINT('',(138.686548,-119.758061,3.56));
#12504=CARTESIAN_POINT('Origin',(140.683998899,-119.6152011009,3.56));
#12505=CARTESIAN_POINT('',(138.686548,-119.758061,3.56));
#12506=CARTESIAN_POINT('Origin',(138.684,-119.6152,3.56));
#12507=CARTESIAN_POINT('',(138.684,-119.6152,3.56));
#12508=CARTESIAN_POINT('',(138.570372242805,-113.244330682601,3.56));
#12509=CARTESIAN_POINT('',(138.684,-119.6152,3.56));
#12510=CARTESIAN_POINT('Origin',(138.684,-93.745802,3.56));
#12511=CARTESIAN_POINT('',(138.684,-93.745802,3.56));
#12512=CARTESIAN_POINT('',(138.684,-100.213149950531,3.56));
#12513=CARTESIAN_POINT('',(138.684,-93.745802,3.56));
#12514=CARTESIAN_POINT('Origin',(138.68643199999,-93.6028869999993,3.56));
#12515=CARTESIAN_POINT('',(138.68643199999,-93.6028869999993,3.56));
#12516=CARTESIAN_POINT('',(138.576725455458,-100.049725352942,3.56));
#12517=CARTESIAN_POINT('',(138.68643199999,-93.6028869999993,3.56));
#12518=CARTESIAN_POINT('Origin',(140.6840022631,-93.74580242562,3.56));
#12519=CARTESIAN_POINT('',(140.542085,-91.748161,3.56));
#12520=CARTESIAN_POINT('Origin',(140.6840022631,-93.74580242562,3.56));
#12521=CARTESIAN_POINT('',(140.542085,-91.748161,3.56));
#12522=CARTESIAN_POINT('Origin',(140.685001,-91.745802,3.56));
#12523=CARTESIAN_POINT('',(140.685001,-91.745802,3.56));
#12524=CARTESIAN_POINT('',(144.856006555663,-91.6769545504086,3.56));
#12525=CARTESIAN_POINT('',(140.685001,-91.745802,3.56));
#12526=CARTESIAN_POINT('Origin',(145.075,-91.748,3.56));
#12527=CARTESIAN_POINT('',(145.075,-91.748,3.56));
#12528=CARTESIAN_POINT('',(147.179137700074,-91.7490535069973,3.56));
#12529=CARTESIAN_POINT('',(145.075,-91.748,3.56));
#12530=CARTESIAN_POINT('Origin',(145.145,-91.748,3.56));
#12531=CARTESIAN_POINT('',(145.145,-91.748,3.56));
#12532=CARTESIAN_POINT('',(147.2104,-91.748,3.56));
#12533=CARTESIAN_POINT('',(145.145,-91.748,3.56));
#12534=CARTESIAN_POINT('Origin',(153.385,-90.248,3.56));
#12535=CARTESIAN_POINT('Origin',(153.385,-93.248,5.56));
#12536=CARTESIAN_POINT('',(153.385,-90.248,4.56));
#12537=CARTESIAN_POINT('Origin',(153.385,-91.248,4.56));
#12538=CARTESIAN_POINT('',(153.385,-90.248,3.56));
#12539=CARTESIAN_POINT('',(153.385,-90.248,3.56));
#12540=CARTESIAN_POINT('',(153.385,-89.548,3.56));
#12541=CARTESIAN_POINT('Origin',(151.3304,-93.248,5.56));
#12542=CARTESIAN_POINT('Origin',(145.145,-93.248,5.56));
#12543=CARTESIAN_POINT('Origin',(147.2104,-91.248,4.56));
#12544=CARTESIAN_POINT('',(145.07537558345,-90.248,4.56));
#12545=CARTESIAN_POINT('Ctrl Pts',(145.07537558345,-90.248,4.56));
#12546=CARTESIAN_POINT('Ctrl Pts',(145.075368516969,-90.248,4.60433940055916));
#12547=CARTESIAN_POINT('Ctrl Pts',(145.075361450489,-90.2509533141961,4.64867856995607));
#12548=CARTESIAN_POINT('Ctrl Pts',(145.075354384009,-90.2568338840115,4.69262628139356));
#12549=CARTESIAN_POINT('Ctrl Pts',(145.075347317805,-90.2627142239514,4.73657227488475));
#12550=CARTESIAN_POINT('Ctrl Pts',(145.075340251601,-90.2715215290144,4.78012638288786));
#12551=CARTESIAN_POINT('Ctrl Pts',(145.075333185397,-90.2831780939766,4.8229043355623));
#12552=CARTESIAN_POINT('Ctrl Pts',(145.075326119445,-90.2948342436007,4.8656807640041));
#12553=CARTESIAN_POINT('Ctrl Pts',(145.075319053492,-90.3093393282762,4.90768064659014));
#12554=CARTESIAN_POINT('Ctrl Pts',(145.07531198754,-90.3265653814189,4.94853345245975));
#12555=CARTESIAN_POINT('Ctrl Pts',(145.075304921815,-90.3437908803518,4.98938494398157));
#12556=CARTESIAN_POINT('Ctrl Pts',(145.07529785609,-90.3637369928745,5.02908900690854));
#12557=CARTESIAN_POINT('Ctrl Pts',(145.075290790365,-90.3862277619249,5.06729538701142));
#12558=CARTESIAN_POINT('Ctrl Pts',(145.075283722609,-90.408724997893,5.10551275284426));
#12559=CARTESIAN_POINT('Ctrl Pts',(145.075276654852,-90.4337681214647,5.14223117458131));
#12560=CARTESIAN_POINT('Ctrl Pts',(145.075269587096,-90.4611360849463,5.17712655038204));
#12561=CARTESIAN_POINT('Ctrl Pts',(145.075262520054,-90.4885012817789,5.21201839858164));
#12562=CARTESIAN_POINT('Ctrl Pts',(145.075255453011,-90.5181905623463,5.24508720596725));
#12563=CARTESIAN_POINT('Ctrl Pts',(145.075248385969,-90.5499419216437,5.2760411435396));
#12564=CARTESIAN_POINT('Ctrl Pts',(145.075241319544,-90.5816905109397,5.30699238067792));
#12565=CARTESIAN_POINT('Ctrl Pts',(145.075234253118,-90.6155004875866,5.33582879477339));
#12566=CARTESIAN_POINT('Ctrl Pts',(145.075227186693,-90.6510735337586,5.36229595156682));
#12567=CARTESIAN_POINT('Ctrl Pts',(145.075220120786,-90.6866439689014,5.38876116569513));
#12568=CARTESIAN_POINT('Ctrl Pts',(145.075213054879,-90.7239768435723,5.41285719492928));
#12569=CARTESIAN_POINT('Ctrl Pts',(145.075205988972,-90.7627428043495,5.43437146229132));
#12570=CARTESIAN_POINT('Ctrl Pts',(145.07519892136,-90.8015181220812,5.45589092256009));
#12571=CARTESIAN_POINT('Ctrl Pts',(145.075191853747,-90.8417268144063,5.4748271482105));
#12572=CARTESIAN_POINT('Ctrl Pts',(145.075184786135,-90.8830139864169,5.49101300199766));
#12573=CARTESIAN_POINT('Ctrl Pts',(145.075177719816,-90.9242936014489,5.50719589321449));
#12574=CARTESIAN_POINT('Ctrl Pts',(145.075170653497,-90.9666508703265,5.52062925200999));
#12575=CARTESIAN_POINT('Ctrl Pts',(145.075163587179,-91.0097120705945,5.53119455450472));
#12576=CARTESIAN_POINT('Ctrl Pts',(145.075156519844,-91.0527794612693,5.54176137584985));
#12577=CARTESIAN_POINT('Ctrl Pts',(145.075149452509,-91.0965505368565,5.5494592048015));
#12578=CARTESIAN_POINT('Ctrl Pts',(145.075142385175,-91.1406389899898,5.55422010316106));
#12579=CARTESIAN_POINT('Ctrl Pts',(145.075136670697,-91.1762878568984,5.55806965151042));
#12580=CARTESIAN_POINT('Ctrl Pts',(145.07513095622,-91.2121438884657,5.56));
#12581=CARTESIAN_POINT('Ctrl Pts',(145.075125241742,-91.248,5.56));
#12582=CARTESIAN_POINT('',(145.145,-90.248,4.56));
#12583=CARTESIAN_POINT('Origin',(145.145,-91.248,4.56));
#12584=CARTESIAN_POINT('',(147.2104,-90.248,4.56));
#12585=CARTESIAN_POINT('Origin',(147.179200320885,-91.2490534756271,4.56));
#12586=CARTESIAN_POINT('',(140.672997681316,-90.2457958021236,4.56));
#12587=CARTESIAN_POINT('Ctrl Pts',(140.672997681316,-90.2457958021236,4.55999999999996));
#12588=CARTESIAN_POINT('Ctrl Pts',(140.67323767809,-90.245795922286,4.60433940055912));
#12589=CARTESIAN_POINT('Ctrl Pts',(140.673476196188,-90.2487493562744,4.64867856995603));
#12590=CARTESIAN_POINT('Ctrl Pts',(140.673713248657,-90.2546300455151,4.69262628139351));
#12591=CARTESIAN_POINT('Ctrl Pts',(140.673950291861,-90.2605105048757,4.73657227488471));
#12592=CARTESIAN_POINT('Ctrl Pts',(140.674185869581,-90.2693179289925,4.78012638288782));
#12593=CARTESIAN_POINT('Ctrl Pts',(140.674420020724,-90.2809746126514,4.82290433556226));
#12594=CARTESIAN_POINT('Ctrl Pts',(140.674654163524,-90.2926308809679,4.86568076400406));
#12595=CARTESIAN_POINT('Ctrl Pts',(140.67488687991,-90.3071360839787,4.9076806465901));
#12596=CARTESIAN_POINT('Ctrl Pts',(140.675118233951,-90.3243622551157,4.94853345245973));
#12597=CARTESIAN_POINT('Ctrl Pts',(140.67534958055,-90.3415878720391,4.98938494398154));
#12598=CARTESIAN_POINT('Ctrl Pts',(140.675579564982,-90.3615341022113,5.02908900690851));
#12599=CARTESIAN_POINT('Ctrl Pts',(140.675808275347,-90.3840249885922,5.06729538701139));
#12600=CARTESIAN_POINT('Ctrl Pts',(140.676037051475,-90.4065223419246,5.10551275284423));
#12601=CARTESIAN_POINT('Ctrl Pts',(140.676264552919,-90.4315655825415,5.14223117458128));
#12602=CARTESIAN_POINT('Ctrl Pts',(140.676490890354,-90.4589336627769,5.17712655038201));
#12603=CARTESIAN_POINT('Ctrl Pts',(140.676717204908,-90.4862989763514,5.21201839858161));
#12604=CARTESIAN_POINT('Ctrl Pts',(140.676942355832,-90.5159883733694,5.24508720596722));
#12605=CARTESIAN_POINT('Ctrl Pts',(140.677166474308,-90.5477398488591,5.27604114353958));
#12606=CARTESIAN_POINT('Ctrl Pts',(140.677390573232,-90.5794885543371,5.30699238067789));
#12607=CARTESIAN_POINT('Ctrl Pts',(140.677613640053,-90.6132986469077,5.33582879477336));
#12608=CARTESIAN_POINT('Ctrl Pts',(140.677835824134,-90.6488718087823,5.36229595156679));
#12609=CARTESIAN_POINT('Ctrl Pts',(140.678057991907,-90.6844423596194,5.3887611656951));
#12610=CARTESIAN_POINT('Ctrl Pts',(140.678279277256,-90.7217753497636,5.41285719492925));
#12611=CARTESIAN_POINT('Ctrl Pts',(140.678499845083,-90.7605414258345,5.43437146229129));
#12612=CARTESIAN_POINT('Ctrl Pts',(140.678720466148,-90.7993168588877,5.45589092256007));
#12613=CARTESIAN_POINT('Ctrl Pts',(140.678940369546,-90.8395256663545,5.47482714821048));
#12614=CARTESIAN_POINT('Ctrl Pts',(140.679159732967,-90.8808129533718,5.49101300199763));
#12615=CARTESIAN_POINT('Ctrl Pts',(140.679379056238,-90.9220926833894,5.50719589321447));
#12616=CARTESIAN_POINT('Ctrl Pts',(140.679597839944,-90.9644500671175,5.52062925200997));
#12617=CARTESIAN_POINT('Ctrl Pts',(140.679816271205,-91.0075113821478,5.53119455450471));
#12618=CARTESIAN_POINT('Ctrl Pts',(140.680034733866,-91.0505788876015,5.54176137584983));
#12619=CARTESIAN_POINT('Ctrl Pts',(140.680252844204,-91.0943500778792,5.54945920480149));
#12620=CARTESIAN_POINT('Ctrl Pts',(140.680470795636,-91.1384386456633,5.55422010316105));
#12621=CARTESIAN_POINT('Ctrl Pts',(140.680647025943,-91.1740876052758,5.55806965151042));
#12622=CARTESIAN_POINT('Ctrl Pts',(140.680823152525,-91.2099437295212,5.56));
#12623=CARTESIAN_POINT('Ctrl Pts',(140.680999279068,-91.2457999337334,5.56));
#12624=CARTESIAN_POINT('',(147.179701004299,-90.2490536009691,4.56));
#12625=CARTESIAN_POINT('Origin',(138.077096824417,-100.023648112936,4.56));
#12626=CARTESIAN_POINT('',(137.18724711768,-93.5422251976789,4.56));
#12627=CARTESIAN_POINT('',(137.077241583961,-100.006633468321,4.56));
#12628=CARTESIAN_POINT('Ctrl Pts',(137.184,-93.7330400928358,4.56));
#12629=CARTESIAN_POINT('Ctrl Pts',(137.184004085881,-93.7327999885267,4.60433940055916));
#12630=CARTESIAN_POINT('Ctrl Pts',(137.186961058438,-93.732610133809,4.64867856995607));
#12631=CARTESIAN_POINT('Ctrl Pts',(137.192844862865,-93.7324700853055,4.69262628139356));
#12632=CARTESIAN_POINT('Ctrl Pts',(137.198728437291,-93.7323300422765,4.73657227488476));
#12633=CARTESIAN_POINT('Ctrl Pts',(137.207538553134,-93.7322398005189,4.78012638288787));
#12634=CARTESIAN_POINT('Ctrl Pts',(137.219197516418,-93.7321980379059,4.82290433556231));
#12635=CARTESIAN_POINT('Ctrl Pts',(137.230856064279,-93.732156276781,4.86568076400411));
#12636=CARTESIAN_POINT('Ctrl Pts',(137.245363134781,-93.7321629892734,4.90768064659014));
#12637=CARTESIAN_POINT('Ctrl Pts',(137.262590779864,-93.7322159980774,4.94853345245976));
#12638=CARTESIAN_POINT('Ctrl Pts',(137.279817870686,-93.7322690051759,4.98938494398158));
#12639=CARTESIAN_POINT('Ctrl Pts',(137.299765181262,-93.7323683025478,5.02908900690856));
#12640=CARTESIAN_POINT('Ctrl Pts',(137.322256780003,-93.7325108963462,5.06729538701145));
#12641=CARTESIAN_POINT('Ctrl Pts',(137.344754845901,-93.7326535311455,5.10551275284429));
#12642=CARTESIAN_POINT('Ctrl Pts',(137.36979843086,-93.7328394833176,5.14223117458134));
#12643=CARTESIAN_POINT('Ctrl Pts',(137.397166519187,-93.7330649918146,5.17712655038207));
#12644=CARTESIAN_POINT('Ctrl Pts',(137.424531840852,-93.7332904775147,5.21201839858167));
#12645=CARTESIAN_POINT('Ctrl Pts',(137.454220909819,-93.7335555066736,5.24508720596727));
#12646=CARTESIAN_POINT('Ctrl Pts',(137.48597175901,-93.7338556213693,5.27604114353963));
#12647=CARTESIAN_POINT('Ctrl Pts',(137.517719838244,-93.7341557098828,5.30699238067794));
#12648=CARTESIAN_POINT('Ctrl Pts',(137.551529006423,-93.7344908721696,5.3358287947734));
#12649=CARTESIAN_POINT('Ctrl Pts',(137.587100988906,-93.7348560324577,5.36229595156683));
#12650=CARTESIAN_POINT('Ctrl Pts',(137.622670360439,-93.7352211659434,5.38876116569514));
#12651=CARTESIAN_POINT('Ctrl Pts',(137.660001916369,-93.7356162867114,5.4128571949293));
#12652=CARTESIAN_POINT('Ctrl Pts',(137.698766350953,-93.7360357909301,5.43437146229133));
#12653=CARTESIAN_POINT('Ctrl Pts',(137.737540142123,-93.7364553964047,5.45589092256011));
#12654=CARTESIAN_POINT('Ctrl Pts',(137.777747100392,-93.7368993902387,5.47482714821051));
#12655=CARTESIAN_POINT('Ctrl Pts',(137.819032382226,-93.7373617340212,5.49101300199767));
#12656=CARTESIAN_POINT('Ctrl Pts',(137.860310107427,-93.7378239931788,5.5071958932145));
#12657=CARTESIAN_POINT('Ctrl Pts',(137.902665330473,-93.7383045882336,5.52062925200999));
#12658=CARTESIAN_POINT('Ctrl Pts',(137.945724383009,-93.7387971604309,5.53119455450473));
#12659=CARTESIAN_POINT('Ctrl Pts',(137.988789625643,-93.7392898034395,5.54176137584985));
#12660=CARTESIAN_POINT('Ctrl Pts',(138.032558451324,-93.7397944193969,5.54945920480151));
#12661=CARTESIAN_POINT('Ctrl Pts',(138.076644608608,-93.7403044354204,5.55422010316106));
#12662=CARTESIAN_POINT('Ctrl Pts',(138.112291619148,-93.7407168221577,5.55806965151042));
#12663=CARTESIAN_POINT('Ctrl Pts',(138.148145764358,-93.7411327337281,5.56));
#12664=CARTESIAN_POINT('Ctrl Pts',(138.183999989522,-93.7415486466591,5.56));
#12665=CARTESIAN_POINT('Ctrl Pts',(138.1867229743,-93.5815341026586,5.56));
#12666=CARTESIAN_POINT('Ctrl Pts',(138.18234277705,-93.5813528787422,5.56));
#12667=CARTESIAN_POINT('Ctrl Pts',(138.177962621242,-93.5811717968052,5.55997118861274));
#12668=CARTESIAN_POINT('Ctrl Pts',(138.04341078364,-93.5756135047312,5.55820102475503));
#12669=CARTESIAN_POINT('Ctrl Pts',(137.914811510785,-93.5704264710329,5.53105710821377));
#12670=CARTESIAN_POINT('Ctrl Pts',(137.675305250159,-93.5609269075039,5.42897752772814));
#12671=CARTESIAN_POINT('Ctrl Pts',(137.566678374024,-93.5567025308016,5.35503981660508));
#12672=CARTESIAN_POINT('Ctrl Pts',(137.383877265799,-93.5496636506188,5.16967483432403));
#12673=CARTESIAN_POINT('Ctrl Pts',(137.311443763903,-93.5469146170259,5.06002833713745));
#12674=CARTESIAN_POINT('Ctrl Pts',(137.212658326676,-93.5431779847217,4.81913174643326));
#12675=CARTESIAN_POINT('Ctrl Pts',(137.18724711768,-93.5422251976787,4.69018891690218));
#12676=CARTESIAN_POINT('Ctrl Pts',(137.18724711768,-93.5422251976787,4.56));
#12677=CARTESIAN_POINT('Origin',(153.578387787589,-91.248,4.56));
#12678=CARTESIAN_POINT('',(157.880975575177,-90.248,4.56));
#12679=CARTESIAN_POINT('',(153.578387787589,-90.248,4.56));
#12680=CARTESIAN_POINT('Origin',(157.872058525058,-91.248,4.56));
#12681=CARTESIAN_POINT('Origin',(153.803832720589,-91.175441083782,4.56));
#12682=CARTESIAN_POINT('',(158.071805403379,-90.2514035489134,4.56));
#12683=CARTESIAN_POINT('Ctrl Pts',(158.032023921264,-91.2508530657685,5.56));
#12684=CARTESIAN_POINT('Ctrl Pts',(158.032208442085,-91.2464403660239,5.56));
#12685=CARTESIAN_POINT('Ctrl Pts',(158.032392820962,-91.242027708727,5.55997075784041));
#12686=CARTESIAN_POINT('Ctrl Pts',(158.03801047027,-91.1074815587876,5.55818743489146));
#12687=CARTESIAN_POINT('Ctrl Pts',(158.043254818928,-90.9789218295549,5.53104482945403));
#12688=CARTESIAN_POINT('Ctrl Pts',(158.05286514597,-90.7394530777253,5.42897992987382));
#12689=CARTESIAN_POINT('Ctrl Pts',(158.057141642004,-90.6308286026712,5.35504258330401));
#12690=CARTESIAN_POINT('Ctrl Pts',(158.064269337615,-90.4480308518826,5.1696778797677));
#12691=CARTESIAN_POINT('Ctrl Pts',(158.067054188575,-90.3755984894864,5.06003103051499));
#12692=CARTESIAN_POINT('Ctrl Pts',(158.070839869033,-90.2768144238679,4.81913337379693));
#12693=CARTESIAN_POINT('Ctrl Pts',(158.071805403379,-90.2514035489134,4.69018971273166));
#12694=CARTESIAN_POINT('Ctrl Pts',(158.071805403379,-90.2514035489134,4.56));
#12695=CARTESIAN_POINT('',(153.821665402882,-90.1756000987038,4.56));
#12696=CARTESIAN_POINT('Origin',(157.86760110099,-93.747998899,4.56));
#12697=CARTESIAN_POINT('',(161.364196451082,-93.5437945967036,4.56));
#12698=CARTESIAN_POINT('Ctrl Pts',(160.364746934228,-93.583576078821,5.56));
#12699=CARTESIAN_POINT('Ctrl Pts',(160.369159633976,-93.5833915580006,5.56));
#12700=CARTESIAN_POINT('Ctrl Pts',(160.373572291275,-93.5832071791204,5.55997075784038));
#12701=CARTESIAN_POINT('Ctrl Pts',(160.508118441238,-93.5775895298282,5.55818743488986));
#12702=CARTESIAN_POINT('Ctrl Pts',(160.636678170448,-93.5723451811551,5.53104482945109));
#12703=CARTESIAN_POINT('Ctrl Pts',(160.87614692227,-93.5627348541141,5.42897992987405));
#12704=CARTESIAN_POINT('Ctrl Pts',(160.984771397324,-93.5584583580789,5.35504258330429));
#12705=CARTESIAN_POINT('Ctrl Pts',(161.167569148113,-93.5513306624676,5.16967787976809));
#12706=CARTESIAN_POINT('Ctrl Pts',(161.240001510509,-93.5485458115084,5.06003103051532));
#12707=CARTESIAN_POINT('Ctrl Pts',(161.338785576128,-93.5447601310493,4.81913337379706));
#12708=CARTESIAN_POINT('Ctrl Pts',(161.364196451082,-93.5437945967034,4.69018971273173));
#12709=CARTESIAN_POINT('Ctrl Pts',(161.364196451082,-93.5437945967032,4.56));
#12710=CARTESIAN_POINT('Origin',(157.86760110099,-93.747998899,4.56));
#12711=CARTESIAN_POINT('Origin',(160.481247860671,-100.115537951913,4.56));
#12712=CARTESIAN_POINT('Origin',(160.3676,-93.7435414749317,4.56));
#12713=CARTESIAN_POINT('',(161.481088845749,-100.097705269586,4.56));
#12714=CARTESIAN_POINT('Origin',(160.3676,-113.154536738162,4.56));
#12715=CARTESIAN_POINT('Origin',(160.3676,-119.619658525088,4.56));
#12716=CARTESIAN_POINT('Origin',(160.479565736943,-113.341975215314,4.56));
#12717=CARTESIAN_POINT('',(161.364196451024,-119.81940540574,4.56));
#12718=CARTESIAN_POINT('',(161.479406722019,-113.359807897721,4.56));
#12719=CARTESIAN_POINT('Ctrl Pts',(160.364746934179,-119.779623923194,5.56));
#12720=CARTESIAN_POINT('Ctrl Pts',(160.369159633893,-119.779808444015,5.56));
#12721=CARTESIAN_POINT('Ctrl Pts',(160.373572291161,-119.779992822891,5.5599707578408));
#12722=CARTESIAN_POINT('Ctrl Pts',(160.508118441095,-119.785610472281,5.55818743490412));
#12723=CARTESIAN_POINT('Ctrl Pts',(160.636678170364,-119.790854820979,5.53104482946574));
#12724=CARTESIAN_POINT('Ctrl Pts',(160.876146922221,-119.800465148127,5.42897992987171));
#12725=CARTESIAN_POINT('Ctrl Pts',(160.984771397273,-119.804741644207,5.35504258330158));
#12726=CARTESIAN_POINT('Ctrl Pts',(161.167569148059,-119.811869339895,5.16967787976481));
#12727=CARTESIAN_POINT('Ctrl Pts',(161.240001510454,-119.814654190885,5.06003103051245));
#12728=CARTESIAN_POINT('Ctrl Pts',(161.33878557607,-119.818439871384,4.81913337379551));
#12729=CARTESIAN_POINT('Ctrl Pts',(161.364196451024,-119.81940540574,4.69018971273098));
#12730=CARTESIAN_POINT('Ctrl Pts',(161.364196451024,-119.81940540574,4.56));
#12731=CARTESIAN_POINT('Origin',(157.86760110099,-119.6152011009,4.56));
#12732=CARTESIAN_POINT('',(158.071805403298,-123.111796451082,4.56));
#12733=CARTESIAN_POINT('Origin',(157.86760110099,-119.6152011009,4.56));
#12734=CARTESIAN_POINT('Ctrl Pts',(158.032023921181,-122.112346934228,5.56));
#12735=CARTESIAN_POINT('Ctrl Pts',(158.032208442001,-122.116759633976,5.56));
#12736=CARTESIAN_POINT('Ctrl Pts',(158.032392820879,-122.121172291275,5.55997075784037));
#12737=CARTESIAN_POINT('Ctrl Pts',(158.038010470192,-122.255718441231,5.55818743488998));
#12738=CARTESIAN_POINT('Ctrl Pts',(158.043254818845,-122.384278170447,5.53104482945158));
#12739=CARTESIAN_POINT('Ctrl Pts',(158.052865145887,-122.62374692227,5.42897992987404));
#12740=CARTESIAN_POINT('Ctrl Pts',(158.057141641921,-122.732371397324,5.35504258330428));
#12741=CARTESIAN_POINT('Ctrl Pts',(158.064269337533,-122.915169148113,5.16967787976802));
#12742=CARTESIAN_POINT('Ctrl Pts',(158.067054188492,-122.987601510509,5.06003103051526));
#12743=CARTESIAN_POINT('Ctrl Pts',(158.070839868952,-123.086385576128,4.81913337379697));
#12744=CARTESIAN_POINT('Ctrl Pts',(158.071805403298,-123.111796451082,4.69018971273168));
#12745=CARTESIAN_POINT('Ctrl Pts',(158.071805403298,-123.111796451082,4.56));
#12746=CARTESIAN_POINT('Origin',(153.708437457009,-122.18946034034,4.56));
#12747=CARTESIAN_POINT('',(157.880975575204,-123.1152,4.56));
#12748=CARTESIAN_POINT('',(153.726270139336,-123.189301325418,4.56));
#12749=CARTESIAN_POINT('Origin',(157.872058525068,-122.1152,4.56));
#12750=CARTESIAN_POINT('Origin',(144.973212212152,-122.1152,4.56));
#12751=CARTESIAN_POINT('',(140.670624424303,-123.1152,4.56));
#12752=CARTESIAN_POINT('',(144.973212212152,-123.1152,4.56));
#12753=CARTESIAN_POINT('Origin',(140.679541474768,-122.1152,4.56));
#12754=CARTESIAN_POINT('Origin',(144.747747623804,-122.18775856847,4.56));
#12755=CARTESIAN_POINT('',(140.479794596114,-123.111796450955,4.56));
#12756=CARTESIAN_POINT('',(144.729914940819,-123.187599553536,4.56));
#12757=CARTESIAN_POINT('Ctrl Pts',(140.519576078622,-122.112346934122,5.56));
#12758=CARTESIAN_POINT('Ctrl Pts',(140.519391557799,-122.116759633895,5.56));
#12759=CARTESIAN_POINT('Ctrl Pts',(140.519207178918,-122.12117229122,5.55997075784003));
#12760=CARTESIAN_POINT('Ctrl Pts',(140.513589529553,-122.255718441147,5.55818743487968));
#12761=CARTESIAN_POINT('Ctrl Pts',(140.508345180856,-122.384278170352,5.53104482944388));
#12762=CARTESIAN_POINT('Ctrl Pts',(140.498734853721,-122.62374692215,5.42897992987584));
#12763=CARTESIAN_POINT('Ctrl Pts',(140.494458357644,-122.732371397202,5.35504258330637));
#12764=CARTESIAN_POINT('Ctrl Pts',(140.487330661959,-122.915169147988,5.16967787977031));
#12765=CARTESIAN_POINT('Ctrl Pts',(140.48454581097,-122.987601510383,5.06003103051729));
#12766=CARTESIAN_POINT('Ctrl Pts',(140.48076013047,-123.086385576001,4.8191333737983));
#12767=CARTESIAN_POINT('Ctrl Pts',(140.479794596114,-123.111796450955,4.69018971273234));
#12768=CARTESIAN_POINT('Ctrl Pts',(140.479794596114,-123.111796450955,4.56));
#12769=CARTESIAN_POINT('Origin',(140.683998899,-119.6152011009,4.56));
#12770=CARTESIAN_POINT('',(137.187403548919,-119.819405403329,4.56));
#12771=CARTESIAN_POINT('Origin',(140.683998899,-119.6152011009,4.56));
#12772=CARTESIAN_POINT('Ctrl Pts',(138.186853065772,-119.779623921192,5.56));
#12773=CARTESIAN_POINT('Ctrl Pts',(138.182440366027,-119.779808442012,5.56));
#12774=CARTESIAN_POINT('Ctrl Pts',(138.178027708728,-119.779992820889,5.55997075784039));
#12775=CARTESIAN_POINT('Ctrl Pts',(138.043481558804,-119.785610470204,5.55818743489118));
#12776=CARTESIAN_POINT('Ctrl Pts',(137.914921829561,-119.790854818862,5.53104482945472));
#12777=CARTESIAN_POINT('Ctrl Pts',(137.67545307773,-119.800465145909,5.42897992987388));
#12778=CARTESIAN_POINT('Ctrl Pts',(137.566828602676,-119.804741641945,5.35504258330409));
#12779=CARTESIAN_POINT('Ctrl Pts',(137.384030851888,-119.81186933756,5.16967787976782));
#12780=CARTESIAN_POINT('Ctrl Pts',(137.311598489491,-119.814654188521,5.06003103051509));
#12781=CARTESIAN_POINT('Ctrl Pts',(137.212814423873,-119.818439868982,4.81913337379697));
#12782=CARTESIAN_POINT('Ctrl Pts',(137.187403548919,-119.819405403329,4.69018971273169));
#12783=CARTESIAN_POINT('Ctrl Pts',(137.187403548919,-119.819405403329,4.56));
#12784=CARTESIAN_POINT('Origin',(138.070332489075,-113.246560299621,4.56));
#12785=CARTESIAN_POINT('',(137.070491503997,-113.264392981948,4.56));
#12786=CARTESIAN_POINT('Origin',(138.184,-119.619658525068,4.56));
#12787=CARTESIAN_POINT('Origin',(138.184,-100.206768996949,4.56));
#12788=CARTESIAN_POINT('Origin',(140.6840022631,-93.74580242562,4.56));
#12789=CARTESIAN_POINT('',(140.48218177454,-90.2489454475384,4.56));
#12790=CARTESIAN_POINT('Origin',(140.6840022631,-93.74580242562,4.56));
#12791=CARTESIAN_POINT('Ctrl Pts',(140.520984720799,-91.2484411764008,5.56));
#12792=CARTESIAN_POINT('Ctrl Pts',(140.52080572971,-91.244061310635,5.56));
#12793=CARTESIAN_POINT('Ctrl Pts',(140.520626880583,-91.2396814863682,5.55997119417857));
#12794=CARTESIAN_POINT('Ctrl Pts',(140.515136645677,-91.1051268119582,5.5582012009818));
#12795=CARTESIAN_POINT('Ctrl Pts',(140.510014666748,-90.9765244481226,5.53105726727289));
#12796=CARTESIAN_POINT('Ctrl Pts',(140.500636314994,-90.7370129806231,5.42897749585686));
#12797=CARTESIAN_POINT('Ctrl Pts',(140.496466937826,-90.6283839747655,5.35503977989895));
#12798=CARTESIAN_POINT('Ctrl Pts',(140.489520627378,-90.4455793266699,5.16967479392214));
#12799=CARTESIAN_POINT('Ctrl Pts',(140.486808282053,-90.3731444447017,5.06002830140688));
#12800=CARTESIAN_POINT('Ctrl Pts',(140.483121688163,-90.2743571340037,4.8191317248452));
#12801=CARTESIAN_POINT('Ctrl Pts',(140.48218177454,-90.2489454475384,4.69018890634494));
#12802=CARTESIAN_POINT('Ctrl Pts',(140.48218177454,-90.2489454475384,4.56));
#12803=CARTESIAN_POINT('Origin',(144.854130884145,-91.1769174015987,4.56));
#12804=CARTESIAN_POINT('',(144.837626932835,-90.1770536010782,4.56));
#12805=CARTESIAN_POINT('Origin',(157.880975575177,-90.248,3.56));
#12806=CARTESIAN_POINT('',(157.880975575177,-90.248,3.56));
#12807=CARTESIAN_POINT('',(157.880975575177,-90.248,3.56));
#12808=CARTESIAN_POINT('',(157.880975575177,-90.248,3.56));
#12809=CARTESIAN_POINT('Origin',(158.071805403379,-90.2514035489134,3.56));
#12810=CARTESIAN_POINT('',(158.071805403379,-90.2514035489134,3.56));
#12811=CARTESIAN_POINT('',(158.071805403379,-90.2514035489134,3.56));
#12812=CARTESIAN_POINT('',(158.071805403379,-90.2514035489134,3.56));
#12813=CARTESIAN_POINT('Origin',(157.86760110099,-93.747998899,3.56));
#12814=CARTESIAN_POINT('',(161.364196451082,-93.5437945967036,3.56));
#12815=CARTESIAN_POINT('',(161.364196451082,-93.5437945967036,3.56));
#12816=CARTESIAN_POINT('Origin',(157.86760110099,-93.747998899,3.56));
#12817=CARTESIAN_POINT('Origin',(161.3676,-93.734624424797,3.56));
#12818=CARTESIAN_POINT('',(161.3676,-93.734624424797,3.56));
#12819=CARTESIAN_POINT('Origin',(161.364196451024,-119.81940540574,3.56));
#12820=CARTESIAN_POINT('',(161.364196451024,-119.81940540574,3.56));
#12821=CARTESIAN_POINT('',(161.364196451024,-119.81940540574,3.56));
#12822=CARTESIAN_POINT('',(161.364196451024,-119.81940540574,3.56));
#12823=CARTESIAN_POINT('Origin',(157.86760110099,-119.6152011009,3.56));
#12824=CARTESIAN_POINT('',(158.071805403298,-123.111796451082,3.56));
#12825=CARTESIAN_POINT('',(158.071805403298,-123.111796451082,3.56));
#12826=CARTESIAN_POINT('Origin',(157.86760110099,-119.6152011009,3.56));
#12827=CARTESIAN_POINT('Origin',(157.880975575204,-123.1152,3.56));
#12828=CARTESIAN_POINT('',(157.880975575204,-123.1152,3.56));
#12829=CARTESIAN_POINT('',(157.880975575204,-123.1152,3.56));
#12830=CARTESIAN_POINT('',(157.880975575204,-123.1152,3.56));
#12831=CARTESIAN_POINT('Origin',(140.670624424303,-123.1152,3.56));
#12832=CARTESIAN_POINT('',(140.670624424303,-123.1152,3.56));
#12833=CARTESIAN_POINT('',(140.670624424303,-123.1152,3.56));
#12834=CARTESIAN_POINT('',(140.670624424303,-123.1152,3.56));
#12835=CARTESIAN_POINT('Origin',(140.479794596114,-123.111796450955,3.56));
#12836=CARTESIAN_POINT('',(140.479794596114,-123.111796450955,3.56));
#12837=CARTESIAN_POINT('',(140.479794596114,-123.111796450955,3.56));
#12838=CARTESIAN_POINT('',(140.479794596114,-123.111796450955,3.56));
#12839=CARTESIAN_POINT('Origin',(140.683998899,-119.6152011009,3.56));
#12840=CARTESIAN_POINT('',(137.187403548919,-119.819405403329,3.56));
#12841=CARTESIAN_POINT('',(137.187403548919,-119.819405403329,3.56));
#12842=CARTESIAN_POINT('Origin',(140.683998899,-119.6152011009,3.56));
#12843=CARTESIAN_POINT('Origin',(137.184,-119.628575575203,3.56));
#12844=CARTESIAN_POINT('',(137.184,-119.628575575203,3.56));
#12845=CARTESIAN_POINT('Origin',(137.18724711768,-93.5422251976789,3.56));
#12846=CARTESIAN_POINT('',(137.18724711768,-93.5422251976789,3.56));
#12847=CARTESIAN_POINT('',(137.18724711768,-93.5422251976789,3.56));
#12848=CARTESIAN_POINT('',(137.18724711768,-93.5422251976789,3.56));
#12849=CARTESIAN_POINT('Origin',(140.6840022631,-93.74580242562,3.56));
#12850=CARTESIAN_POINT('',(140.48218177454,-90.2489454475384,3.56));
#12851=CARTESIAN_POINT('',(140.48218177454,-90.2489454475384,3.56));
#12852=CARTESIAN_POINT('Origin',(140.6840022631,-93.74580242562,3.56));
#12853=CARTESIAN_POINT('Origin',(140.672997681316,-90.2457958021236,3.56));
#12854=CARTESIAN_POINT('',(140.672997681316,-90.2457958021236,3.56));
#12855=CARTESIAN_POINT('',(140.672997681316,-90.2457958021236,3.56));
#12856=CARTESIAN_POINT('',(140.672997681316,-90.2457958021236,3.56));
#12857=CARTESIAN_POINT('Origin',(145.07537558345,-90.248,3.56));
#12858=CARTESIAN_POINT('',(145.07537558345,-90.248,3.56));
#12859=CARTESIAN_POINT('',(145.07537558345,-90.248,3.56));
#12860=CARTESIAN_POINT('',(145.07537558345,-90.248,3.56));
#12861=CARTESIAN_POINT('Origin',(145.145,-90.248,3.56));
#12862=CARTESIAN_POINT('',(145.145,-90.248,3.56));
#12863=CARTESIAN_POINT('',(145.145,-90.248,3.56));
#12864=CARTESIAN_POINT('',(145.145,-90.248,3.56));
#12865=CARTESIAN_POINT('Origin',(145.145,-92.248,3.56));
#12866=CARTESIAN_POINT('',(145.145,-92.248,3.56));
#12867=CARTESIAN_POINT('Origin',(149.2758,-106.680497901062,3.56));
#12868=CARTESIAN_POINT('',(0.,0.,0.));
#12869=UNCERTAINTY_MEASURE_WITH_UNIT(LENGTH_MEASURE(0.01),#12875,
'DISTANCE_ACCURACY_VALUE',
'Maximum model space distance between geometric entities at asserted c
onnectivities');
#12870=UNCERTAINTY_MEASURE_WITH_UNIT(LENGTH_MEASURE(0.01),#12875,
'DISTANCE_ACCURACY_VALUE',
'Maximum model space distance between geometric entities at asserted c
onnectivities');
#12871=UNCERTAINTY_MEASURE_WITH_UNIT(LENGTH_MEASURE(0.01),#12875,
'DISTANCE_ACCURACY_VALUE',
'Maximum model space distance between geometric entities at asserted c
onnectivities');
#12872=(
GEOMETRIC_REPRESENTATION_CONTEXT(3)
GLOBAL_UNCERTAINTY_ASSIGNED_CONTEXT((#12869))
GLOBAL_UNIT_ASSIGNED_CONTEXT((#12875,#12877,#12878))
REPRESENTATION_CONTEXT('','3D')
);
#12873=(
GEOMETRIC_REPRESENTATION_CONTEXT(3)
GLOBAL_UNCERTAINTY_ASSIGNED_CONTEXT((#12870))
GLOBAL_UNIT_ASSIGNED_CONTEXT((#12875,#12877,#12878))
REPRESENTATION_CONTEXT('','3D')
);
#12874=(
GEOMETRIC_REPRESENTATION_CONTEXT(3)
GLOBAL_UNCERTAINTY_ASSIGNED_CONTEXT((#12871))
GLOBAL_UNIT_ASSIGNED_CONTEXT((#12875,#12877,#12878))
REPRESENTATION_CONTEXT('','3D')
);
#12875=(
LENGTH_UNIT()
NAMED_UNIT(*)
SI_UNIT(.MILLI.,.METRE.)
);
#12876=(
LENGTH_UNIT()
NAMED_UNIT(*)
SI_UNIT($,.METRE.)
);
#12877=(
NAMED_UNIT(*)
PLANE_ANGLE_UNIT()
SI_UNIT($,.RADIAN.)
);
#12878=(
NAMED_UNIT(*)
SI_UNIT($,.STERADIAN.)
SOLID_ANGLE_UNIT()
);
#12879=SHAPE_DEFINITION_REPRESENTATION(#12881,#12884);
#12880=SHAPE_DEFINITION_REPRESENTATION(#12882,#12885);
#12881=PRODUCT_DEFINITION_SHAPE('',$,#12887);
#12882=PRODUCT_DEFINITION_SHAPE('',$,#12888);
#12883=PRODUCT_DEFINITION_SHAPE($,$,#14);
#12884=SHAPE_REPRESENTATION('',(#6747,#7209),#12872);
#12885=SHAPE_REPRESENTATION('',(#6748),#12873);
#12886=PRODUCT_DEFINITION_CONTEXT('part definition',#12894,'design');
#12887=PRODUCT_DEFINITION('Cmote 1','Cmote',#12889,#12886);
#12888=PRODUCT_DEFINITION('2026-08-27-10-31-04-865','case',#12890,#12886);
#12889=PRODUCT_DEFINITION_FORMATION('',$,#12896);
#12890=PRODUCT_DEFINITION_FORMATION('',$,#12897);
#12891=PRODUCT_RELATED_PRODUCT_CATEGORY('Cmote','Cmote',(#12896));
#12892=PRODUCT_RELATED_PRODUCT_CATEGORY('case','case',(#12897));
#12893=APPLICATION_PROTOCOL_DEFINITION('international standard',
'automotive_design',2009,#12894);
#12894=APPLICATION_CONTEXT(
'Core Data for Automotive Mechanical Design Process');
#12895=PRODUCT_CONTEXT('part definition',#12894,'mechanical');
#12896=PRODUCT('Cmote 1','Cmote','KiCad electronic assembly',(#12895));
#12897=PRODUCT('2026-08-27-10-31-04-865','case',$,(#12895));
#12898=PRESENTATION_STYLE_ASSIGNMENT((#12899));
#12899=SURFACE_STYLE_USAGE(.BOTH.,#12900);
#12900=SURFACE_SIDE_STYLE('',(#12901));
#12901=SURFACE_STYLE_FILL_AREA(#12902);
#12902=FILL_AREA_STYLE('Steel - Satin',(#12903));
#12903=FILL_AREA_STYLE_COLOUR('Steel - Satin',#12904);
#12904=COLOUR_RGB('Steel - Satin',0.627450980392157,0.627450980392157,0.627450980392157);
ENDSEC;
END-ISO-10303-21;
