ISO-10303-21;
HEADER;
/* Generated by software containing ST-Developer
 * from STEP Tools, Inc. (www.steptools.com) 
 */

FILE_DESCRIPTION(
/* description */ ('KiCad electronic assembly'),
/* implementation_level */ '2;1');

FILE_NAME(
/* name */ 'Cmote_lid.step',
/* time_stamp */ '2026-08-28T11:31:28+05:30',
/* author */ (''),
/* organization */ (''),
/* preprocessor_version */ 'ST-DEVELOPER v20.1',
/* originating_system */ 'Autodesk Translation Framework v15.8.0.0',
/* authorisation */ '');

FILE_SCHEMA (('AUTOMOTIVE_DESIGN { 1 0 10303 214 3 1 1 }'));
ENDSEC;

DATA;
#10=MECHANICAL_DESIGN_GEOMETRIC_PRESENTATION_REPRESENTATION('',(#17),#8651);
#11=ITEM_DEFINED_TRANSFORMATION($,$,#4371,#4615);
#12=(
REPRESENTATION_RELATIONSHIP($,$,#8662,#8661)
REPRESENTATION_RELATIONSHIP_WITH_TRANSFORMATION(#11)
SHAPE_REPRESENTATION_RELATIONSHIP()
);
#13=CONTEXT_DEPENDENT_SHAPE_REPRESENTATION(#12,#8660);
#14=NEXT_ASSEMBLY_USAGE_OCCURRENCE('case:1','case:1','case:1',#8664,#8665,
'case:1');
#15=SHAPE_REPRESENTATION_RELATIONSHIP('SRR','None',#8662,#16);
#16=ADVANCED_BREP_SHAPE_REPRESENTATION('',(#18),#8650);
#17=STYLED_ITEM('',(#8675),#18);
#18=MANIFOLD_SOLID_BREP('lid',#4357);
#19=TOROIDAL_SURFACE('',#4571,2.50255313155436,1.);
#20=TOROIDAL_SURFACE('',#4578,2.50255313164488,1.);
#21=TOROIDAL_SURFACE('',#4585,2.50255313155151,1.);
#22=TOROIDAL_SURFACE('',#4590,2.50267615328063,1.);
#23=ELLIPSE('',#4380,0.578405645624934,0.5);
#24=ELLIPSE('',#4386,0.578405645624934,0.5);
#25=ELLIPSE('',#4480,0.552922183548222,0.5);
#26=ELLIPSE('',#4481,0.531174878324658,0.5);
#27=ELLIPSE('',#4483,0.548372732335304,0.5);
#28=ELLIPSE('',#4485,0.534695133413968,0.5);
#29=ELLIPSE('',#4487,0.525718437436386,0.5);
#30=ELLIPSE('',#4488,0.527908090863458,0.5);
#31=ELLIPSE('',#4490,0.510031563867313,0.5);
#32=ELLIPSE('',#4492,0.510031563867315,0.5);
#33=ELLIPSE('',#4494,1.10118425482571,0.5);
#34=ELLIPSE('',#4497,1.12902612880699,0.5);
#35=ELLIPSE('',#4499,0.515191867361067,0.5);
#36=ELLIPSE('',#4501,0.515191867361065,0.5);
#37=ELLIPSE('',#4515,0.707106781186548,0.5);
#38=ELLIPSE('',#4516,0.707106781186548,0.5);
#39=ELLIPSE('',#4518,0.707106781186548,0.5);
#40=ELLIPSE('',#4519,0.707106781186548,0.5);
#41=ELLIPSE('',#4569,1.00003975610114,1.);
#42=ELLIPSE('',#4574,1.0000397561013,1.);
#43=ELLIPSE('',#4576,1.00003975610164,1.);
#44=ELLIPSE('',#4581,1.00003975610128,1.);
#45=ELLIPSE('',#4583,1.00003975610422,1.);
#46=ELLIPSE('',#4588,1.00003975610129,1.);
#47=B_SPLINE_SURFACE_WITH_KNOTS('',3,1,((#5666,#5667),(#5668,#5669),(#5670,
#5671),(#5672,#5673),(#5674,#5675)),.UNSPECIFIED.,.F.,.F.,.F.,(4,1,4),(2,
2),(-0.0289202731682671,-0.0149934199921394,0.),(0.,0.05),.UNSPECIFIED.);
#48=B_SPLINE_SURFACE_WITH_KNOTS('',3,1,((#5859,#5860),(#5861,#5862),(#5863,
#5864),(#5865,#5866),(#5867,#5868)),.UNSPECIFIED.,.F.,.F.,.F.,(4,1,4),(2,
2),(-0.0656388029394721,-0.0295412678353128,0.),(0.,0.05),.UNSPECIFIED.);
#49=B_SPLINE_SURFACE_WITH_KNOTS('',3,1,((#5943,#5944),(#5945,#5946),(#5947,
#5948),(#5949,#5950),(#5951,#5952)),.UNSPECIFIED.,.F.,.F.,.F.,(4,1,4),(2,
2),(-0.052316087085473,-0.0253714158681577,0.),(0.,0.05),.UNSPECIFIED.);
#50=B_SPLINE_SURFACE_WITH_KNOTS('',3,1,((#5962,#5963),(#5964,#5965),(#5966,
#5967),(#5968,#5969),(#5970,#5971)),.UNSPECIFIED.,.F.,.F.,.F.,(4,1,4),(2,
2),(-0.0760976899523556,-0.0351820956699306,0.),(0.,0.05),.UNSPECIFIED.);
#51=B_SPLINE_SURFACE_WITH_KNOTS('',3,1,((#6249,#6250),(#6251,#6252),(#6253,
#6254),(#6255,#6256),(#6257,#6258)),.UNSPECIFIED.,.F.,.F.,.F.,(4,1,4),(2,
2),(-0.0554474159724389,-0.0266465819738075,0.),(0.,0.05),.UNSPECIFIED.);
#52=B_SPLINE_SURFACE_WITH_KNOTS('',3,1,((#6266,#6267),(#6268,#6269),(#6270,
#6271),(#6272,#6273),(#6274,#6275)),.UNSPECIFIED.,.F.,.F.,.F.,(4,1,4),(2,
2),(-0.0370321881670259,-0.0251182100909531,0.),(0.,0.05),.UNSPECIFIED.);
#53=B_SPLINE_SURFACE_WITH_KNOTS('',3,1,((#6452,#6453),(#6454,#6455),(#6456,
#6457),(#6458,#6459),(#6460,#6461)),.UNSPECIFIED.,.F.,.F.,.F.,(4,1,4),(2,
2),(-0.103621693499153,-0.0553802650835482,0.),(0.,0.05),.UNSPECIFIED.);
#54=B_SPLINE_SURFACE_WITH_KNOTS('',3,1,((#6469,#6470),(#6471,#6472),(#6473,
#6474),(#6475,#6476),(#6477,#6478)),.UNSPECIFIED.,.F.,.F.,.F.,(4,1,4),(2,
2),(-0.100623285497266,-0.0475628962519076,0.),(0.,0.05),.UNSPECIFIED.);
#55=B_SPLINE_SURFACE_WITH_KNOTS('',3,1,((#6486,#6487),(#6488,#6489),(#6490,
#6491),(#6492,#6493),(#6494,#6495)),.UNSPECIFIED.,.F.,.F.,.F.,(4,1,4),(2,
2),(-0.129823087410497,-0.0660730938501361,0.),(0.,0.05),.UNSPECIFIED.);
#56=B_SPLINE_SURFACE_WITH_KNOTS('',3,1,((#6503,#6504),(#6505,#6506),(#6507,
#6508),(#6509,#6510),(#6511,#6512)),.UNSPECIFIED.,.F.,.F.,.F.,(4,1,4),(2,
2),(-0.143541202157775,-0.0671435614452646,0.),(0.,0.05),.UNSPECIFIED.);
#57=B_SPLINE_SURFACE_WITH_KNOTS('',3,1,((#6520,#6521),(#6522,#6523),(#6524,
#6525),(#6526,#6527),(#6528,#6529)),.UNSPECIFIED.,.F.,.F.,.F.,(4,1,4),(2,
2),(-0.148971294563726,-0.0802100711124393,0.),(0.,0.05),.UNSPECIFIED.);
#58=B_SPLINE_SURFACE_WITH_KNOTS('',3,1,((#6537,#6538),(#6539,#6540),(#6541,
#6542),(#6543,#6544),(#6545,#6546)),.UNSPECIFIED.,.F.,.F.,.F.,(4,1,4),(2,
2),(-0.134062847868259,-0.0650155139368415,0.),(0.,0.05),.UNSPECIFIED.);
#59=B_SPLINE_SURFACE_WITH_KNOTS('',3,1,((#6554,#6555),(#6556,#6557),(#6558,
#6559),(#6560,#6561),(#6562,#6563)),.UNSPECIFIED.,.F.,.F.,.F.,(4,1,4),(2,
2),(-0.115735264949379,-0.0602953825264487,0.),(0.,0.05),.UNSPECIFIED.);
#60=B_SPLINE_SURFACE_WITH_KNOTS('',3,1,((#6569,#6570),(#6571,#6572),(#6573,
#6574),(#6575,#6576),(#6577,#6578)),.UNSPECIFIED.,.F.,.F.,.F.,(4,1,4),(2,
2),(-0.0520836773740209,-0.0267598791786158,0.),(0.,0.05),.UNSPECIFIED.);
#61=B_SPLINE_SURFACE_WITH_KNOTS('',3,1,((#6584,#6585),(#6586,#6587),(#6588,
#6589),(#6590,#6591),(#6592,#6593)),.UNSPECIFIED.,.F.,.F.,.F.,(4,1,4),(2,
2),(-0.0724230664151805,-0.0367419093732063,0.),(0.,0.05),.UNSPECIFIED.);
#62=B_SPLINE_SURFACE_WITH_KNOTS('',3,1,((#6601,#6602),(#6603,#6604),(#6605,
#6606),(#6607,#6608),(#6609,#6610)),.UNSPECIFIED.,.F.,.F.,.F.,(4,1,4),(2,
2),(-0.0972381163106968,-0.0417762906199042,0.),(0.,0.05),.UNSPECIFIED.);
#63=B_SPLINE_SURFACE_WITH_KNOTS('',3,1,((#6618,#6619),(#6620,#6621),(#6622,
#6623),(#6624,#6625),(#6626,#6627)),.UNSPECIFIED.,.F.,.F.,.F.,(4,1,4),(2,
2),(-0.101124642515732,-0.0584251521319529,0.),(0.,0.05),.UNSPECIFIED.);
#64=B_SPLINE_SURFACE_WITH_KNOTS('',3,1,((#6635,#6636),(#6637,#6638),(#6639,
#6640),(#6641,#6642),(#6643,#6644)),.UNSPECIFIED.,.F.,.F.,.F.,(4,1,4),(2,
2),(-0.071553125127178,-0.0354275303428929,0.),(0.,0.05),.UNSPECIFIED.);
#65=B_SPLINE_SURFACE_WITH_KNOTS('',3,1,((#6652,#6653),(#6654,#6655),(#6656,
#6657),(#6658,#6659),(#6660,#6661)),.UNSPECIFIED.,.F.,.F.,.F.,(4,1,4),(2,
2),(-0.0537700286692113,-0.0271826494208848,0.),(0.,0.05),.UNSPECIFIED.);
#66=B_SPLINE_SURFACE_WITH_KNOTS('',3,1,((#6667,#6668),(#6669,#6670),(#6671,
#6672),(#6673,#6674),(#6675,#6676)),.UNSPECIFIED.,.F.,.F.,.F.,(4,1,4),(2,
2),(-0.0486539919990454,-0.0265507314360795,0.),(0.,0.05),.UNSPECIFIED.);
#67=B_SPLINE_SURFACE_WITH_KNOTS('',3,1,((#6686,#6687),(#6688,#6689),(#6690,
#6691),(#6692,#6693),(#6694,#6695)),.UNSPECIFIED.,.F.,.F.,.F.,(4,1,4),(2,
2),(-0.0397617966615496,-0.0199694355606694,0.),(0.,0.05),.UNSPECIFIED.);
#68=B_SPLINE_SURFACE_WITH_KNOTS('',3,1,((#6703,#6704),(#6705,#6706),(#6707,
#6708),(#6709,#6710),(#6711,#6712)),.UNSPECIFIED.,.F.,.F.,.F.,(4,1,4),(2,
2),(-0.0415541662463257,-0.0209115566537968,0.),(0.,0.05),.UNSPECIFIED.);
#69=B_SPLINE_SURFACE_WITH_KNOTS('',3,1,((#6720,#6721),(#6722,#6723),(#6724,
#6725),(#6726,#6727),(#6728,#6729)),.UNSPECIFIED.,.F.,.F.,.F.,(4,1,4),(2,
2),(-0.0475525230528428,-0.022166520125997,0.),(0.,0.05),.UNSPECIFIED.);
#70=B_SPLINE_SURFACE_WITH_KNOTS('',3,1,((#6739,#6740),(#6741,#6742),(#6743,
#6744),(#6745,#6746),(#6747,#6748)),.UNSPECIFIED.,.F.,.F.,.F.,(4,1,4),(2,
2),(-0.0717051302189936,-0.0372198618395284,0.),(0.,0.05),.UNSPECIFIED.);
#71=B_SPLINE_SURFACE_WITH_KNOTS('',3,1,((#6756,#6757),(#6758,#6759),(#6760,
#6761),(#6762,#6763),(#6764,#6765)),.UNSPECIFIED.,.F.,.F.,.F.,(4,1,4),(2,
2),(-0.0747045051899591,-0.0352433767471126,0.),(0.,0.05),.UNSPECIFIED.);
#72=B_SPLINE_SURFACE_WITH_KNOTS('',3,1,((#6773,#6774),(#6775,#6776),(#6777,
#6778),(#6779,#6780),(#6781,#6782)),.UNSPECIFIED.,.F.,.F.,.F.,(4,1,4),(2,
2),(-0.112788297830341,-0.0598660305070194,0.),(0.,0.05),.UNSPECIFIED.);
#73=B_SPLINE_SURFACE_WITH_KNOTS('',3,1,((#6790,#6791),(#6792,#6793),(#6794,
#6795),(#6796,#6797),(#6798,#6799)),.UNSPECIFIED.,.F.,.F.,.F.,(4,1,4),(2,
2),(-0.0941469274283034,-0.0444158581561112,0.),(0.,0.05),.UNSPECIFIED.);
#74=B_SPLINE_SURFACE_WITH_KNOTS('',3,1,((#6807,#6808),(#6809,#6810),(#6811,
#6812),(#6813,#6814),(#6815,#6816)),.UNSPECIFIED.,.F.,.F.,.F.,(4,1,4),(2,
2),(-0.108374400050769,-0.0580786073929953,0.),(0.,0.05),.UNSPECIFIED.);
#75=B_SPLINE_SURFACE_WITH_KNOTS('',3,1,((#6824,#6825),(#6826,#6827),(#6828,
#6829),(#6830,#6831),(#6832,#6833)),.UNSPECIFIED.,.F.,.F.,.F.,(4,1,4),(2,
2),(-0.0948871571079994,-0.0469525510305401,0.),(0.,0.05),.UNSPECIFIED.);
#76=B_SPLINE_SURFACE_WITH_KNOTS('',3,1,((#6841,#6842),(#6843,#6844),(#6845,
#6846),(#6847,#6848),(#6849,#6850)),.UNSPECIFIED.,.F.,.F.,.F.,(4,1,4),(2,
2),(-0.101472726447143,-0.0526318524859012,0.),(0.,0.05),.UNSPECIFIED.);
#77=B_SPLINE_SURFACE_WITH_KNOTS('',3,1,((#6858,#6859),(#6860,#6861),(#6862,
#6863),(#6864,#6865),(#6866,#6867)),.UNSPECIFIED.,.F.,.F.,.F.,(4,1,4),(2,
2),(-0.123398618401327,-0.0543206461321898,0.),(0.,0.05),.UNSPECIFIED.);
#78=B_SPLINE_SURFACE_WITH_KNOTS('',3,1,((#6879,#6880),(#6881,#6882),(#6883,
#6884),(#6885,#6886),(#6887,#6888)),.UNSPECIFIED.,.F.,.F.,.F.,(4,1,4),(2,
2),(-0.0511758949174539,-0.0275035175598878,0.),(0.,0.05),.UNSPECIFIED.);
#79=B_SPLINE_SURFACE_WITH_KNOTS('',3,1,((#6896,#6897),(#6898,#6899),(#6900,
#6901),(#6902,#6903),(#6904,#6905)),.UNSPECIFIED.,.F.,.F.,.F.,(4,1,4),(2,
2),(-0.0440380227178295,-0.0218993128473331,0.),(0.,0.05),.UNSPECIFIED.);
#80=B_SPLINE_SURFACE_WITH_KNOTS('',3,1,((#6911,#6912),(#6913,#6914),(#6915,
#6916),(#6917,#6918),(#6919,#6920)),.UNSPECIFIED.,.F.,.F.,.F.,(4,1,4),(2,
2),(-0.0332149464837821,-0.014988822746288,0.),(0.,0.05),.UNSPECIFIED.);
#81=B_SPLINE_SURFACE_WITH_KNOTS('',3,1,((#6933,#6934),(#6935,#6936),(#6937,
#6938),(#6939,#6940),(#6941,#6942)),.UNSPECIFIED.,.F.,.F.,.F.,(4,1,4),(2,
2),(-0.0107738017634367,-0.0052710669098868,0.),(0.,0.05),.UNSPECIFIED.);
#82=B_SPLINE_SURFACE_WITH_KNOTS('',3,1,((#6950,#6951),(#6952,#6953),(#6954,
#6955),(#6956,#6957),(#6958,#6959)),.UNSPECIFIED.,.F.,.F.,.F.,(4,1,4),(2,
2),(-0.0122436517920191,-0.00586898333803679,0.),(0.,0.05),
 .UNSPECIFIED.);
#83=B_SPLINE_SURFACE_WITH_KNOTS('',3,1,((#6967,#6968),(#6969,#6970),(#6971,
#6972),(#6973,#6974),(#6975,#6976)),.UNSPECIFIED.,.F.,.F.,.F.,(4,1,4),(2,
2),(-0.0284533089222823,-0.0117736167767499,0.),(0.,0.05),.UNSPECIFIED.);
#84=B_SPLINE_SURFACE_WITH_KNOTS('',3,1,((#6982,#6983),(#6984,#6985),(#6986,
#6987),(#6988,#6989),(#6990,#6991)),.UNSPECIFIED.,.F.,.F.,.F.,(4,1,4),(2,
2),(-0.0341909415206615,-0.0177076915783626,0.),(0.,0.05),.UNSPECIFIED.);
#85=B_SPLINE_SURFACE_WITH_KNOTS('',3,1,((#6999,#7000),(#7001,#7002),(#7003,
#7004),(#7005,#7006),(#7007,#7008)),.UNSPECIFIED.,.F.,.F.,.F.,(4,1,4),(2,
2),(-0.0274194960612036,-0.0147524952414504,0.),(0.,0.05),.UNSPECIFIED.);
#86=B_SPLINE_SURFACE_WITH_KNOTS('',3,1,((#7016,#7017),(#7018,#7019),(#7020,
#7021),(#7022,#7023),(#7024,#7025)),.UNSPECIFIED.,.F.,.F.,.F.,(4,1,4),(2,
2),(-0.0285994804587519,-0.0130339000623608,0.),(0.,0.05),.UNSPECIFIED.);
#87=B_SPLINE_SURFACE_WITH_KNOTS('',3,1,((#7033,#7034),(#7035,#7036),(#7037,
#7038),(#7039,#7040),(#7041,#7042)),.UNSPECIFIED.,.F.,.F.,.F.,(4,1,4),(2,
2),(-0.0484198312104524,-0.0181414104032078,0.),(0.,0.05),.UNSPECIFIED.);
#88=B_SPLINE_SURFACE_WITH_KNOTS('',3,1,((#7056,#7057),(#7058,#7059),(#7060,
#7061),(#7062,#7063),(#7064,#7065)),.UNSPECIFIED.,.F.,.F.,.F.,(4,1,4),(2,
2),(-0.0629088261821332,-0.0343638770574443,0.),(0.,0.05),.UNSPECIFIED.);
#89=B_SPLINE_SURFACE_WITH_KNOTS('',3,1,((#7082,#7083),(#7084,#7085),(#7086,
#7087),(#7088,#7089),(#7090,#7091)),.UNSPECIFIED.,.F.,.F.,.F.,(4,1,4),(2,
2),(-0.050831287820449,-0.0255859637078304,0.),(0.,0.05),.UNSPECIFIED.);
#90=B_SPLINE_SURFACE_WITH_KNOTS('',3,1,((#7105,#7106),(#7107,#7108),(#7109,
#7110),(#7111,#7112),(#7113,#7114)),.UNSPECIFIED.,.F.,.F.,.F.,(4,1,4),(2,
2),(-0.0507283028314077,-0.0252154432501763,0.),(0.,0.05),.UNSPECIFIED.);
#91=B_SPLINE_SURFACE_WITH_KNOTS('',3,1,((#7128,#7129),(#7130,#7131),(#7132,
#7133),(#7134,#7135),(#7136,#7137)),.UNSPECIFIED.,.F.,.F.,.F.,(4,1,4),(2,
2),(-0.0633311048472475,-0.0286082559540679,0.),(0.,0.05),.UNSPECIFIED.);
#92=B_SPLINE_SURFACE_WITH_KNOTS('',3,1,((#7151,#7152),(#7153,#7154),(#7155,
#7156),(#7157,#7158),(#7159,#7160)),.UNSPECIFIED.,.F.,.F.,.F.,(4,1,4),(2,
2),(-0.0623907661398477,-0.033996869673274,0.),(0.,0.05),.UNSPECIFIED.);
#93=B_SPLINE_SURFACE_WITH_KNOTS('',3,1,((#7174,#7175),(#7176,#7177),(#7178,
#7179),(#7180,#7181),(#7182,#7183)),.UNSPECIFIED.,.F.,.F.,.F.,(4,1,4),(2,
2),(-0.0507283028314077,-0.0255128595812314,0.),(0.,0.05),.UNSPECIFIED.);
#94=B_SPLINE_SURFACE_WITH_KNOTS('',3,1,((#7197,#7198),(#7199,#7200),(#7201,
#7202),(#7203,#7204),(#7205,#7206)),.UNSPECIFIED.,.F.,.F.,.F.,(4,1,4),(2,
2),(-0.050831287820449,-0.0252453241126186,0.),(0.,0.05),.UNSPECIFIED.);
#95=B_SPLINE_SURFACE_WITH_KNOTS('',3,1,((#7220,#7221),(#7222,#7223),(#7224,
#7225),(#7226,#7227),(#7228,#7229)),.UNSPECIFIED.,.F.,.F.,.F.,(4,1,4),(2,
2),(-0.0629088261821332,-0.028544949124689,0.),(0.,0.05),.UNSPECIFIED.);
#96=B_SPLINE_SURFACE_WITH_KNOTS('',3,1,((#7240,#7241),(#7242,#7243),(#7244,
#7245),(#7246,#7247),(#7248,#7249)),.UNSPECIFIED.,.F.,.F.,.F.,(4,1,4),(2,
2),(-0.0687920193608688,-0.0338930371465042,0.),(0.,0.05),.UNSPECIFIED.);
#97=B_SPLINE_SURFACE_WITH_KNOTS('',3,1,((#7266,#7267),(#7268,#7269),(#7270,
#7271),(#7272,#7273),(#7274,#7275)),.UNSPECIFIED.,.F.,.F.,.F.,(4,1,4),(2,
2),(-0.0690549575118946,-0.0347775219267131,0.),(0.,0.05),.UNSPECIFIED.);
#98=B_SPLINE_SURFACE_WITH_KNOTS('',3,1,((#7289,#7290),(#7291,#7292),(#7293,
#7294),(#7295,#7296),(#7297,#7298)),.UNSPECIFIED.,.F.,.F.,.F.,(4,1,4),(2,
2),(-0.0715702435292926,-0.0350412634091339,0.),(0.,0.05),.UNSPECIFIED.);
#99=B_SPLINE_SURFACE_WITH_KNOTS('',3,1,((#7312,#7313),(#7314,#7315),(#7316,
#7317),(#7318,#7319),(#7320,#7321)),.UNSPECIFIED.,.F.,.F.,.F.,(4,1,4),(2,
2),(-0.105970313006067,-0.0543734268119843,0.),(0.,0.05),.UNSPECIFIED.);
#100=B_SPLINE_SURFACE_WITH_KNOTS('',3,1,((#7335,#7336),(#7337,#7338),(#7339,
#7340),(#7341,#7342),(#7343,#7344)),.UNSPECIFIED.,.F.,.F.,.F.,(4,1,4),(2,
2),(-0.105761333172474,-0.051624895680264,0.),(0.,0.05),.UNSPECIFIED.);
#101=B_SPLINE_SURFACE_WITH_KNOTS('',3,1,((#7358,#7359),(#7360,#7361),(#7362,
#7363),(#7364,#7365),(#7366,#7367)),.UNSPECIFIED.,.F.,.F.,.F.,(4,1,4),(2,
2),(-0.106817136176455,-0.0546331987545979,0.),(0.,0.05),.UNSPECIFIED.);
#102=B_SPLINE_SURFACE_WITH_KNOTS('',3,1,((#7381,#7382),(#7383,#7384),(#7385,
#7386),(#7387,#7388),(#7389,#7390)),.UNSPECIFIED.,.F.,.F.,.F.,(4,1,4),(2,
2),(-0.105360258995687,-0.051775893166223,0.),(0.,0.05),.UNSPECIFIED.);
#103=B_SPLINE_SURFACE_WITH_KNOTS('',3,1,((#7404,#7405),(#7406,#7407),(#7408,
#7409),(#7410,#7411),(#7412,#7413)),.UNSPECIFIED.,.F.,.F.,.F.,(4,1,4),(2,
2),(-0.0703581523368207,-0.0350527963121785,0.),(0.,0.05),.UNSPECIFIED.);
#104=B_SPLINE_SURFACE_WITH_KNOTS('',3,1,((#7427,#7428),(#7429,#7430),(#7431,
#7432),(#7433,#7434),(#7435,#7436)),.UNSPECIFIED.,.F.,.F.,.F.,(4,1,4),(2,
2),(-0.0690515069540343,-0.0347188924808823,0.),(0.,0.05),.UNSPECIFIED.);
#105=B_SPLINE_SURFACE_WITH_KNOTS('',3,1,((#7450,#7451),(#7452,#7453),(#7454,
#7455),(#7456,#7457),(#7458,#7459)),.UNSPECIFIED.,.F.,.F.,.F.,(4,1,4),(2,
2),(-0.078259588698987,-0.0367550878092612,0.),(0.,0.05),.UNSPECIFIED.);
#106=B_SPLINE_SURFACE_WITH_KNOTS('',3,1,((#7482,#7483),(#7484,#7485),(#7486,
#7487),(#7488,#7489),(#7490,#7491)),.UNSPECIFIED.,.F.,.F.,.F.,(4,1,4),(2,
2),(-0.0932081080840441,-0.0483654994506744,0.),(0.,0.05),.UNSPECIFIED.);
#107=B_SPLINE_SURFACE_WITH_KNOTS('',3,1,((#7499,#7500),(#7501,#7502),(#7503,
#7504),(#7505,#7506),(#7507,#7508)),.UNSPECIFIED.,.F.,.F.,.F.,(4,1,4),(2,
2),(-0.0447841438957718,-0.023395261851527,0.),(0.,0.05),.UNSPECIFIED.);
#108=B_SPLINE_SURFACE_WITH_KNOTS('',3,1,((#7516,#7517),(#7518,#7519),(#7520,
#7521),(#7522,#7523),(#7524,#7525)),.UNSPECIFIED.,.F.,.F.,.F.,(4,1,4),(2,
2),(-0.0435820571839698,-0.0210593402088454,0.),(0.,0.05),.UNSPECIFIED.);
#109=B_SPLINE_SURFACE_WITH_KNOTS('',3,1,((#7533,#7534),(#7535,#7536),(#7537,
#7538),(#7539,#7540),(#7541,#7542)),.UNSPECIFIED.,.F.,.F.,.F.,(4,1,4),(2,
2),(-0.0484179021672236,-0.0253784443908818,0.),(0.,0.05),.UNSPECIFIED.);
#110=B_SPLINE_SURFACE_WITH_KNOTS('',3,1,((#7550,#7551),(#7552,#7553),(#7554,
#7555),(#7556,#7557),(#7558,#7559)),.UNSPECIFIED.,.F.,.F.,.F.,(4,1,4),(2,
2),(-0.0437850401915727,-0.021845214865578,0.),(0.,0.05),.UNSPECIFIED.);
#111=B_SPLINE_SURFACE_WITH_KNOTS('',3,1,((#7567,#7568),(#7569,#7570),(#7571,
#7572),(#7573,#7574),(#7575,#7576)),.UNSPECIFIED.,.F.,.F.,.F.,(4,1,4),(2,
2),(-0.0501575219697734,-0.0265260958849217,0.),(0.,0.05),.UNSPECIFIED.);
#112=B_SPLINE_SURFACE_WITH_KNOTS('',3,1,((#7584,#7585),(#7586,#7587),(#7588,
#7589),(#7590,#7591),(#7592,#7593)),.UNSPECIFIED.,.F.,.F.,.F.,(4,1,4),(2,
2),(-0.0456780920858933,-0.0224323297842313,0.),(0.,0.05),.UNSPECIFIED.);
#113=B_SPLINE_SURFACE_WITH_KNOTS('',3,1,((#7601,#7602),(#7603,#7604),(#7605,
#7606),(#7607,#7608),(#7609,#7610)),.UNSPECIFIED.,.F.,.F.,.F.,(4,1,4),(2,
2),(-0.0543993123287866,-0.0223679483532783,0.),(0.,0.05),.UNSPECIFIED.);
#114=B_SPLINE_SURFACE_WITH_KNOTS('',3,1,((#7620,#7621),(#7622,#7623),(#7624,
#7625),(#7626,#7627),(#7628,#7629)),.UNSPECIFIED.,.F.,.F.,.F.,(4,1,4),(2,
2),(-0.0506182061685456,-0.0317875992463273,0.),(0.,0.05),.UNSPECIFIED.);
#115=B_SPLINE_SURFACE_WITH_KNOTS('',3,1,((#7637,#7638),(#7639,#7640),(#7641,
#7642),(#7643,#7644),(#7645,#7646)),.UNSPECIFIED.,.F.,.F.,.F.,(4,1,4),(2,
2),(-0.0339295390681975,-0.0163323509186849,0.),(0.,0.05),.UNSPECIFIED.);
#116=B_SPLINE_SURFACE_WITH_KNOTS('',3,1,((#7654,#7655),(#7656,#7657),(#7658,
#7659),(#7660,#7661),(#7662,#7663)),.UNSPECIFIED.,.F.,.F.,.F.,(4,1,4),(2,
2),(-0.0288338473007544,-0.0141487075299636,0.),(0.,0.05),.UNSPECIFIED.);
#117=B_SPLINE_SURFACE_WITH_KNOTS('',3,1,((#7671,#7672),(#7673,#7674),(#7675,
#7676),(#7677,#7678),(#7679,#7680)),.UNSPECIFIED.,.F.,.F.,.F.,(4,1,4),(2,
2),(-0.0320366444814834,-0.015386096123414,0.),(0.,0.05),.UNSPECIFIED.);
#118=B_SPLINE_SURFACE_WITH_KNOTS('',3,1,((#7688,#7689),(#7690,#7691),(#7692,
#7693),(#7694,#7695),(#7696,#7697)),.UNSPECIFIED.,.F.,.F.,.F.,(4,1,4),(2,
2),(-0.0540215258761606,-0.0222827017700384,0.),(0.,0.05),.UNSPECIFIED.);
#119=B_SPLINE_SURFACE_WITH_KNOTS('',3,1,((#7707,#7708),(#7709,#7710),(#7711,
#7712),(#7713,#7714),(#7715,#7716)),.UNSPECIFIED.,.F.,.F.,.F.,(4,1,4),(2,
2),(-0.0490534150614888,-0.0311413904144805,0.),(0.,0.05),.UNSPECIFIED.);
#120=B_SPLINE_SURFACE_WITH_KNOTS('',3,1,((#7724,#7725),(#7726,#7727),(#7728,
#7729),(#7730,#7731),(#7732,#7733)),.UNSPECIFIED.,.F.,.F.,.F.,(4,1,4),(2,
2),(-0.0201761916239141,-0.0106595502117098,0.),(0.,0.05),.UNSPECIFIED.);
#121=B_SPLINE_SURFACE_WITH_KNOTS('',3,1,((#7741,#7742),(#7743,#7744),(#7745,
#7746),(#7747,#7748),(#7749,#7750)),.UNSPECIFIED.,.F.,.F.,.F.,(4,1,4),(2,
2),(-0.0218049794919271,-0.00991858848447484,0.),(0.,0.05),
 .UNSPECIFIED.);
#122=B_SPLINE_SURFACE_WITH_KNOTS('',3,1,((#7758,#7759),(#7760,#7761),(#7762,
#7763),(#7764,#7765),(#7766,#7767)),.UNSPECIFIED.,.F.,.F.,.F.,(4,1,4),(2,
2),(-0.030160078599749,-0.0152262837368308,0.),(0.,0.05),.UNSPECIFIED.);
#123=B_SPLINE_SURFACE_WITH_KNOTS('',3,1,((#7775,#7776),(#7777,#7778),(#7779,
#7780),(#7781,#7782),(#7783,#7784)),.UNSPECIFIED.,.F.,.F.,.F.,(4,1,4),(2,
2),(-0.0310698257029231,-0.0150873239651534,0.),(0.,0.05),.UNSPECIFIED.);
#124=B_SPLINE_SURFACE_WITH_KNOTS('',3,1,((#7792,#7793),(#7794,#7795),(#7796,
#7797),(#7798,#7799),(#7800,#7801)),.UNSPECIFIED.,.F.,.F.,.F.,(4,1,4),(2,
2),(-0.0538887563250544,-0.0218158851294916,0.),(0.,0.05),.UNSPECIFIED.);
#125=FACE_BOUND('',#475,.T.);
#126=FACE_BOUND('',#563,.T.);
#127=FACE_BOUND('',#640,.T.);
#128=FACE_BOUND('',#641,.T.);
#129=FACE_BOUND('',#642,.T.);
#130=FACE_BOUND('',#643,.T.);
#131=FACE_BOUND('',#644,.T.);
#132=FACE_BOUND('',#645,.T.);
#133=FACE_BOUND('',#646,.T.);
#134=FACE_BOUND('',#647,.T.);
#135=FACE_BOUND('',#648,.T.);
#136=FACE_BOUND('',#664,.T.);
#137=FACE_BOUND('',#665,.T.);
#138=FACE_BOUND('',#666,.T.);
#139=FACE_BOUND('',#667,.T.);
#140=PLANE('',#4375);
#141=PLANE('',#4377);
#142=PLANE('',#4383);
#143=PLANE('',#4384);
#144=PLANE('',#4385);
#145=PLANE('',#4387);
#146=PLANE('',#4393);
#147=PLANE('',#4394);
#148=PLANE('',#4399);
#149=PLANE('',#4400);
#150=PLANE('',#4404);
#151=PLANE('',#4408);
#152=PLANE('',#4409);
#153=PLANE('',#4410);
#154=PLANE('',#4411);
#155=PLANE('',#4412);
#156=PLANE('',#4413);
#157=PLANE('',#4414);
#158=PLANE('',#4415);
#159=PLANE('',#4416);
#160=PLANE('',#4417);
#161=PLANE('',#4418);
#162=PLANE('',#4419);
#163=PLANE('',#4420);
#164=PLANE('',#4421);
#165=PLANE('',#4422);
#166=PLANE('',#4426);
#167=PLANE('',#4430);
#168=PLANE('',#4434);
#169=PLANE('',#4438);
#170=PLANE('',#4439);
#171=PLANE('',#4443);
#172=PLANE('',#4447);
#173=PLANE('',#4451);
#174=PLANE('',#4458);
#175=PLANE('',#4460);
#176=PLANE('',#4463);
#177=PLANE('',#4464);
#178=PLANE('',#4465);
#179=PLANE('',#4466);
#180=PLANE('',#4470);
#181=PLANE('',#4472);
#182=PLANE('',#4473);
#183=PLANE('',#4476);
#184=PLANE('',#4477);
#185=PLANE('',#4478);
#186=PLANE('',#4503);
#187=PLANE('',#4504);
#188=PLANE('',#4505);
#189=PLANE('',#4506);
#190=PLANE('',#4507);
#191=PLANE('',#4508);
#192=PLANE('',#4509);
#193=PLANE('',#4522);
#194=PLANE('',#4523);
#195=PLANE('',#4524);
#196=PLANE('',#4525);
#197=PLANE('',#4526);
#198=PLANE('',#4527);
#199=PLANE('',#4528);
#200=PLANE('',#4529);
#201=PLANE('',#4530);
#202=PLANE('',#4531);
#203=PLANE('',#4532);
#204=PLANE('',#4537);
#205=PLANE('',#4538);
#206=PLANE('',#4541);
#207=PLANE('',#4542);
#208=PLANE('',#4543);
#209=PLANE('',#4546);
#210=PLANE('',#4547);
#211=PLANE('',#4548);
#212=PLANE('',#4551);
#213=PLANE('',#4552);
#214=PLANE('',#4553);
#215=PLANE('',#4556);
#216=PLANE('',#4557);
#217=PLANE('',#4558);
#218=PLANE('',#4559);
#219=PLANE('',#4593);
#220=PLANE('',#4594);
#221=PLANE('',#4597);
#222=PLANE('',#4598);
#223=PLANE('',#4601);
#224=PLANE('',#4602);
#225=PLANE('',#4603);
#226=PLANE('',#4606);
#227=PLANE('',#4607);
#228=PLANE('',#4610);
#229=PLANE('',#4611);
#230=PLANE('',#4612);
#231=PLANE('',#4613);
#232=PLANE('',#4614);
#233=(
BOUNDED_SURFACE()
B_SPLINE_SURFACE(2,2,((#5508,#5509,#5510),(#5511,#5512,#5513),(#5514,#5515,
#5516)),.UNSPECIFIED.,.F.,.F.,.F.)
B_SPLINE_SURFACE_WITH_KNOTS((3,3),(3,3),(-3.14159265358979,-1.57079632679488),
(2.54805500569635,3.14159265359026),.UNSPECIFIED.)
GEOMETRIC_REPRESENTATION_ITEM()
RATIONAL_B_SPLINE_SURFACE(((1.,0.956286378188654,1.),(0.707106781186535,
0.676196582773508,0.707106781186535),(1.,0.956286378188654,1.)))
REPRESENTATION_ITEM('')
SURFACE()
);
#234=(
BOUNDED_SURFACE()
B_SPLINE_SURFACE(2,2,((#6135,#6136,#6137),(#6138,#6139,#6140),(#6141,#6142,
#6143)),.UNSPECIFIED.,.F.,.F.,.F.)
B_SPLINE_SURFACE_WITH_KNOTS((3,3),(3,3),(-1.81862170302189,-1.57079632679491),
(2.92800873798592,3.1415926535898),.UNSPECIFIED.)
GEOMETRIC_REPRESENTATION_ITEM()
RATIONAL_B_SPLINE_SURFACE(((1.,0.994303156111675,1.),(0.992332641010487,
0.986679476869361,0.992332641010487),(1.,0.994303156111675,1.)))
REPRESENTATION_ITEM('')
SURFACE()
);
#235=FACE_OUTER_BOUND('',#472,.T.);
#236=FACE_OUTER_BOUND('',#473,.T.);
#237=FACE_OUTER_BOUND('',#474,.T.);
#238=FACE_OUTER_BOUND('',#476,.T.);
#239=FACE_OUTER_BOUND('',#477,.T.);
#240=FACE_OUTER_BOUND('',#478,.T.);
#241=FACE_OUTER_BOUND('',#479,.T.);
#242=FACE_OUTER_BOUND('',#480,.T.);
#243=FACE_OUTER_BOUND('',#481,.T.);
#244=FACE_OUTER_BOUND('',#482,.T.);
#245=FACE_OUTER_BOUND('',#483,.T.);
#246=FACE_OUTER_BOUND('',#484,.T.);
#247=FACE_OUTER_BOUND('',#485,.T.);
#248=FACE_OUTER_BOUND('',#486,.T.);
#249=FACE_OUTER_BOUND('',#487,.T.);
#250=FACE_OUTER_BOUND('',#488,.T.);
#251=FACE_OUTER_BOUND('',#489,.T.);
#252=FACE_OUTER_BOUND('',#490,.T.);
#253=FACE_OUTER_BOUND('',#491,.T.);
#254=FACE_OUTER_BOUND('',#492,.T.);
#255=FACE_OUTER_BOUND('',#493,.T.);
#256=FACE_OUTER_BOUND('',#494,.T.);
#257=FACE_OUTER_BOUND('',#495,.T.);
#258=FACE_OUTER_BOUND('',#496,.T.);
#259=FACE_OUTER_BOUND('',#497,.T.);
#260=FACE_OUTER_BOUND('',#498,.T.);
#261=FACE_OUTER_BOUND('',#499,.T.);
#262=FACE_OUTER_BOUND('',#500,.T.);
#263=FACE_OUTER_BOUND('',#501,.T.);
#264=FACE_OUTER_BOUND('',#502,.T.);
#265=FACE_OUTER_BOUND('',#503,.T.);
#266=FACE_OUTER_BOUND('',#504,.T.);
#267=FACE_OUTER_BOUND('',#505,.T.);
#268=FACE_OUTER_BOUND('',#506,.T.);
#269=FACE_OUTER_BOUND('',#507,.T.);
#270=FACE_OUTER_BOUND('',#508,.T.);
#271=FACE_OUTER_BOUND('',#509,.T.);
#272=FACE_OUTER_BOUND('',#510,.T.);
#273=FACE_OUTER_BOUND('',#511,.T.);
#274=FACE_OUTER_BOUND('',#512,.T.);
#275=FACE_OUTER_BOUND('',#513,.T.);
#276=FACE_OUTER_BOUND('',#514,.T.);
#277=FACE_OUTER_BOUND('',#515,.T.);
#278=FACE_OUTER_BOUND('',#516,.T.);
#279=FACE_OUTER_BOUND('',#517,.T.);
#280=FACE_OUTER_BOUND('',#518,.T.);
#281=FACE_OUTER_BOUND('',#519,.T.);
#282=FACE_OUTER_BOUND('',#520,.T.);
#283=FACE_OUTER_BOUND('',#521,.T.);
#284=FACE_OUTER_BOUND('',#522,.T.);
#285=FACE_OUTER_BOUND('',#523,.T.);
#286=FACE_OUTER_BOUND('',#524,.T.);
#287=FACE_OUTER_BOUND('',#525,.T.);
#288=FACE_OUTER_BOUND('',#526,.T.);
#289=FACE_OUTER_BOUND('',#527,.T.);
#290=FACE_OUTER_BOUND('',#528,.T.);
#291=FACE_OUTER_BOUND('',#529,.T.);
#292=FACE_OUTER_BOUND('',#530,.T.);
#293=FACE_OUTER_BOUND('',#531,.T.);
#294=FACE_OUTER_BOUND('',#532,.T.);
#295=FACE_OUTER_BOUND('',#533,.T.);
#296=FACE_OUTER_BOUND('',#534,.T.);
#297=FACE_OUTER_BOUND('',#535,.T.);
#298=FACE_OUTER_BOUND('',#536,.T.);
#299=FACE_OUTER_BOUND('',#537,.T.);
#300=FACE_OUTER_BOUND('',#538,.T.);
#301=FACE_OUTER_BOUND('',#539,.T.);
#302=FACE_OUTER_BOUND('',#540,.T.);
#303=FACE_OUTER_BOUND('',#541,.T.);
#304=FACE_OUTER_BOUND('',#542,.T.);
#305=FACE_OUTER_BOUND('',#543,.T.);
#306=FACE_OUTER_BOUND('',#544,.T.);
#307=FACE_OUTER_BOUND('',#545,.T.);
#308=FACE_OUTER_BOUND('',#546,.T.);
#309=FACE_OUTER_BOUND('',#547,.T.);
#310=FACE_OUTER_BOUND('',#548,.T.);
#311=FACE_OUTER_BOUND('',#549,.T.);
#312=FACE_OUTER_BOUND('',#550,.T.);
#313=FACE_OUTER_BOUND('',#551,.T.);
#314=FACE_OUTER_BOUND('',#552,.T.);
#315=FACE_OUTER_BOUND('',#553,.T.);
#316=FACE_OUTER_BOUND('',#554,.T.);
#317=FACE_OUTER_BOUND('',#555,.T.);
#318=FACE_OUTER_BOUND('',#556,.T.);
#319=FACE_OUTER_BOUND('',#557,.T.);
#320=FACE_OUTER_BOUND('',#558,.T.);
#321=FACE_OUTER_BOUND('',#559,.T.);
#322=FACE_OUTER_BOUND('',#560,.T.);
#323=FACE_OUTER_BOUND('',#561,.T.);
#324=FACE_OUTER_BOUND('',#562,.T.);
#325=FACE_OUTER_BOUND('',#564,.T.);
#326=FACE_OUTER_BOUND('',#565,.T.);
#327=FACE_OUTER_BOUND('',#566,.T.);
#328=FACE_OUTER_BOUND('',#567,.T.);
#329=FACE_OUTER_BOUND('',#568,.T.);
#330=FACE_OUTER_BOUND('',#569,.T.);
#331=FACE_OUTER_BOUND('',#570,.T.);
#332=FACE_OUTER_BOUND('',#571,.T.);
#333=FACE_OUTER_BOUND('',#572,.T.);
#334=FACE_OUTER_BOUND('',#573,.T.);
#335=FACE_OUTER_BOUND('',#574,.T.);
#336=FACE_OUTER_BOUND('',#575,.T.);
#337=FACE_OUTER_BOUND('',#576,.T.);
#338=FACE_OUTER_BOUND('',#577,.T.);
#339=FACE_OUTER_BOUND('',#578,.T.);
#340=FACE_OUTER_BOUND('',#579,.T.);
#341=FACE_OUTER_BOUND('',#580,.T.);
#342=FACE_OUTER_BOUND('',#581,.T.);
#343=FACE_OUTER_BOUND('',#582,.T.);
#344=FACE_OUTER_BOUND('',#583,.T.);
#345=FACE_OUTER_BOUND('',#584,.T.);
#346=FACE_OUTER_BOUND('',#585,.T.);
#347=FACE_OUTER_BOUND('',#586,.T.);
#348=FACE_OUTER_BOUND('',#587,.T.);
#349=FACE_OUTER_BOUND('',#588,.T.);
#350=FACE_OUTER_BOUND('',#589,.T.);
#351=FACE_OUTER_BOUND('',#590,.T.);
#352=FACE_OUTER_BOUND('',#591,.T.);
#353=FACE_OUTER_BOUND('',#592,.T.);
#354=FACE_OUTER_BOUND('',#593,.T.);
#355=FACE_OUTER_BOUND('',#594,.T.);
#356=FACE_OUTER_BOUND('',#595,.T.);
#357=FACE_OUTER_BOUND('',#596,.T.);
#358=FACE_OUTER_BOUND('',#597,.T.);
#359=FACE_OUTER_BOUND('',#598,.T.);
#360=FACE_OUTER_BOUND('',#599,.T.);
#361=FACE_OUTER_BOUND('',#600,.T.);
#362=FACE_OUTER_BOUND('',#601,.T.);
#363=FACE_OUTER_BOUND('',#602,.T.);
#364=FACE_OUTER_BOUND('',#603,.T.);
#365=FACE_OUTER_BOUND('',#604,.T.);
#366=FACE_OUTER_BOUND('',#605,.T.);
#367=FACE_OUTER_BOUND('',#606,.T.);
#368=FACE_OUTER_BOUND('',#607,.T.);
#369=FACE_OUTER_BOUND('',#608,.T.);
#370=FACE_OUTER_BOUND('',#609,.T.);
#371=FACE_OUTER_BOUND('',#610,.T.);
#372=FACE_OUTER_BOUND('',#611,.T.);
#373=FACE_OUTER_BOUND('',#612,.T.);
#374=FACE_OUTER_BOUND('',#613,.T.);
#375=FACE_OUTER_BOUND('',#614,.T.);
#376=FACE_OUTER_BOUND('',#615,.T.);
#377=FACE_OUTER_BOUND('',#616,.T.);
#378=FACE_OUTER_BOUND('',#617,.T.);
#379=FACE_OUTER_BOUND('',#618,.T.);
#380=FACE_OUTER_BOUND('',#619,.T.);
#381=FACE_OUTER_BOUND('',#620,.T.);
#382=FACE_OUTER_BOUND('',#621,.T.);
#383=FACE_OUTER_BOUND('',#622,.T.);
#384=FACE_OUTER_BOUND('',#623,.T.);
#385=FACE_OUTER_BOUND('',#624,.T.);
#386=FACE_OUTER_BOUND('',#625,.T.);
#387=FACE_OUTER_BOUND('',#626,.T.);
#388=FACE_OUTER_BOUND('',#627,.T.);
#389=FACE_OUTER_BOUND('',#628,.T.);
#390=FACE_OUTER_BOUND('',#629,.T.);
#391=FACE_OUTER_BOUND('',#630,.T.);
#392=FACE_OUTER_BOUND('',#631,.T.);
#393=FACE_OUTER_BOUND('',#632,.T.);
#394=FACE_OUTER_BOUND('',#633,.T.);
#395=FACE_OUTER_BOUND('',#634,.T.);
#396=FACE_OUTER_BOUND('',#635,.T.);
#397=FACE_OUTER_BOUND('',#636,.T.);
#398=FACE_OUTER_BOUND('',#637,.T.);
#399=FACE_OUTER_BOUND('',#638,.T.);
#400=FACE_OUTER_BOUND('',#639,.T.);
#401=FACE_OUTER_BOUND('',#649,.T.);
#402=FACE_OUTER_BOUND('',#650,.T.);
#403=FACE_OUTER_BOUND('',#651,.T.);
#404=FACE_OUTER_BOUND('',#652,.T.);
#405=FACE_OUTER_BOUND('',#653,.T.);
#406=FACE_OUTER_BOUND('',#654,.T.);
#407=FACE_OUTER_BOUND('',#655,.T.);
#408=FACE_OUTER_BOUND('',#656,.T.);
#409=FACE_OUTER_BOUND('',#657,.T.);
#410=FACE_OUTER_BOUND('',#658,.T.);
#411=FACE_OUTER_BOUND('',#659,.T.);
#412=FACE_OUTER_BOUND('',#660,.T.);
#413=FACE_OUTER_BOUND('',#661,.T.);
#414=FACE_OUTER_BOUND('',#662,.T.);
#415=FACE_OUTER_BOUND('',#663,.T.);
#416=FACE_OUTER_BOUND('',#668,.T.);
#417=FACE_OUTER_BOUND('',#669,.T.);
#418=FACE_OUTER_BOUND('',#670,.T.);
#419=FACE_OUTER_BOUND('',#671,.T.);
#420=FACE_OUTER_BOUND('',#672,.T.);
#421=FACE_OUTER_BOUND('',#673,.T.);
#422=FACE_OUTER_BOUND('',#674,.T.);
#423=FACE_OUTER_BOUND('',#675,.T.);
#424=FACE_OUTER_BOUND('',#676,.T.);
#425=FACE_OUTER_BOUND('',#677,.T.);
#426=FACE_OUTER_BOUND('',#678,.T.);
#427=FACE_OUTER_BOUND('',#679,.T.);
#428=FACE_OUTER_BOUND('',#680,.T.);
#429=FACE_OUTER_BOUND('',#681,.T.);
#430=FACE_OUTER_BOUND('',#682,.T.);
#431=FACE_OUTER_BOUND('',#683,.T.);
#432=FACE_OUTER_BOUND('',#684,.T.);
#433=FACE_OUTER_BOUND('',#685,.T.);
#434=FACE_OUTER_BOUND('',#686,.T.);
#435=FACE_OUTER_BOUND('',#687,.T.);
#436=FACE_OUTER_BOUND('',#688,.T.);
#437=FACE_OUTER_BOUND('',#689,.T.);
#438=FACE_OUTER_BOUND('',#690,.T.);
#439=FACE_OUTER_BOUND('',#691,.T.);
#440=FACE_OUTER_BOUND('',#692,.T.);
#441=FACE_OUTER_BOUND('',#693,.T.);
#442=FACE_OUTER_BOUND('',#694,.T.);
#443=FACE_OUTER_BOUND('',#695,.T.);
#444=FACE_OUTER_BOUND('',#696,.T.);
#445=FACE_OUTER_BOUND('',#697,.T.);
#446=FACE_OUTER_BOUND('',#698,.T.);
#447=FACE_OUTER_BOUND('',#699,.T.);
#448=FACE_OUTER_BOUND('',#700,.T.);
#449=FACE_OUTER_BOUND('',#701,.T.);
#450=FACE_OUTER_BOUND('',#702,.T.);
#451=FACE_OUTER_BOUND('',#703,.T.);
#452=FACE_OUTER_BOUND('',#704,.T.);
#453=FACE_OUTER_BOUND('',#705,.T.);
#454=FACE_OUTER_BOUND('',#706,.T.);
#455=FACE_OUTER_BOUND('',#707,.T.);
#456=FACE_OUTER_BOUND('',#708,.T.);
#457=FACE_OUTER_BOUND('',#709,.T.);
#458=FACE_OUTER_BOUND('',#710,.T.);
#459=FACE_OUTER_BOUND('',#711,.T.);
#460=FACE_OUTER_BOUND('',#712,.T.);
#461=FACE_OUTER_BOUND('',#713,.T.);
#462=FACE_OUTER_BOUND('',#714,.T.);
#463=FACE_OUTER_BOUND('',#715,.T.);
#464=FACE_OUTER_BOUND('',#716,.T.);
#465=FACE_OUTER_BOUND('',#717,.T.);
#466=FACE_OUTER_BOUND('',#718,.T.);
#467=FACE_OUTER_BOUND('',#719,.T.);
#468=FACE_OUTER_BOUND('',#720,.T.);
#469=FACE_OUTER_BOUND('',#721,.T.);
#470=FACE_OUTER_BOUND('',#722,.T.);
#471=FACE_OUTER_BOUND('',#723,.T.);
#472=EDGE_LOOP('',(#2776,#2777,#2778,#2779));
#473=EDGE_LOOP('',(#2780,#2781,#2782,#2783));
#474=EDGE_LOOP('',(#2784,#2785,#2786,#2787,#2788,#2789,#2790,#2791,#2792,
#2793,#2794,#2795,#2796,#2797));
#475=EDGE_LOOP('',(#2798,#2799,#2800,#2801,#2802));
#476=EDGE_LOOP('',(#2803,#2804,#2805,#2806,#2807));
#477=EDGE_LOOP('',(#2808,#2809,#2810,#2811));
#478=EDGE_LOOP('',(#2812,#2813,#2814,#2815,#2816,#2817,#2818,#2819,#2820,
#2821,#2822,#2823,#2824,#2825,#2826,#2827,#2828));
#479=EDGE_LOOP('',(#2829,#2830,#2831,#2832));
#480=EDGE_LOOP('',(#2833,#2834,#2835,#2836,#2837));
#481=EDGE_LOOP('',(#2838,#2839,#2840,#2841,#2842));
#482=EDGE_LOOP('',(#2843,#2844,#2845,#2846));
#483=EDGE_LOOP('',(#2847,#2848,#2849,#2850,#2851,#2852,#2853,#2854,#2855,
#2856));
#484=EDGE_LOOP('',(#2857,#2858,#2859));
#485=EDGE_LOOP('',(#2860,#2861,#2862,#2863));
#486=EDGE_LOOP('',(#2864,#2865,#2866,#2867,#2868,#2869));
#487=EDGE_LOOP('',(#2870,#2871,#2872,#2873,#2874,#2875,#2876,#2877));
#488=EDGE_LOOP('',(#2878,#2879,#2880,#2881,#2882,#2883,#2884,#2885,#2886,
#2887));
#489=EDGE_LOOP('',(#2888,#2889,#2890,#2891,#2892));
#490=EDGE_LOOP('',(#2893,#2894,#2895,#2896));
#491=EDGE_LOOP('',(#2897,#2898,#2899));
#492=EDGE_LOOP('',(#2900,#2901,#2902,#2903,#2904,#2905));
#493=EDGE_LOOP('',(#2906,#2907,#2908,#2909));
#494=EDGE_LOOP('',(#2910,#2911,#2912,#2913));
#495=EDGE_LOOP('',(#2914,#2915,#2916,#2917));
#496=EDGE_LOOP('',(#2918,#2919,#2920,#2921));
#497=EDGE_LOOP('',(#2922,#2923,#2924,#2925,#2926,#2927,#2928,#2929,#2930,
#2931,#2932,#2933,#2934,#2935,#2936,#2937,#2938,#2939,#2940,#2941,#2942,
#2943,#2944,#2945,#2946,#2947,#2948,#2949,#2950,#2951));
#498=EDGE_LOOP('',(#2952,#2953,#2954,#2955));
#499=EDGE_LOOP('',(#2956,#2957,#2958,#2959));
#500=EDGE_LOOP('',(#2960,#2961,#2962,#2963));
#501=EDGE_LOOP('',(#2964,#2965,#2966,#2967));
#502=EDGE_LOOP('',(#2968,#2969,#2970,#2971));
#503=EDGE_LOOP('',(#2972,#2973,#2974,#2975));
#504=EDGE_LOOP('',(#2976,#2977,#2978,#2979));
#505=EDGE_LOOP('',(#2980,#2981,#2982,#2983));
#506=EDGE_LOOP('',(#2984,#2985,#2986,#2987));
#507=EDGE_LOOP('',(#2988,#2989,#2990,#2991));
#508=EDGE_LOOP('',(#2992,#2993,#2994,#2995));
#509=EDGE_LOOP('',(#2996,#2997,#2998));
#510=EDGE_LOOP('',(#2999,#3000,#3001,#3002));
#511=EDGE_LOOP('',(#3003,#3004,#3005,#3006));
#512=EDGE_LOOP('',(#3007,#3008,#3009,#3010));
#513=EDGE_LOOP('',(#3011,#3012,#3013,#3014));
#514=EDGE_LOOP('',(#3015,#3016,#3017,#3018));
#515=EDGE_LOOP('',(#3019,#3020,#3021,#3022));
#516=EDGE_LOOP('',(#3023,#3024,#3025,#3026));
#517=EDGE_LOOP('',(#3027,#3028,#3029,#3030));
#518=EDGE_LOOP('',(#3031,#3032,#3033,#3034));
#519=EDGE_LOOP('',(#3035,#3036,#3037,#3038));
#520=EDGE_LOOP('',(#3039,#3040,#3041,#3042));
#521=EDGE_LOOP('',(#3043,#3044,#3045,#3046));
#522=EDGE_LOOP('',(#3047,#3048,#3049,#3050));
#523=EDGE_LOOP('',(#3051,#3052,#3053,#3054));
#524=EDGE_LOOP('',(#3055,#3056,#3057,#3058));
#525=EDGE_LOOP('',(#3059,#3060,#3061,#3062));
#526=EDGE_LOOP('',(#3063,#3064,#3065,#3066));
#527=EDGE_LOOP('',(#3067,#3068,#3069,#3070));
#528=EDGE_LOOP('',(#3071,#3072,#3073,#3074));
#529=EDGE_LOOP('',(#3075,#3076,#3077,#3078));
#530=EDGE_LOOP('',(#3079,#3080,#3081,#3082));
#531=EDGE_LOOP('',(#3083,#3084,#3085));
#532=EDGE_LOOP('',(#3086,#3087,#3088,#3089,#3090));
#533=EDGE_LOOP('',(#3091,#3092,#3093));
#534=EDGE_LOOP('',(#3094,#3095,#3096,#3097));
#535=EDGE_LOOP('',(#3098,#3099,#3100,#3101,#3102));
#536=EDGE_LOOP('',(#3103,#3104,#3105,#3106,#3107));
#537=EDGE_LOOP('',(#3108,#3109,#3110));
#538=EDGE_LOOP('',(#3111,#3112,#3113,#3114));
#539=EDGE_LOOP('',(#3115,#3116,#3117,#3118,#3119));
#540=EDGE_LOOP('',(#3120,#3121,#3122,#3123));
#541=EDGE_LOOP('',(#3124,#3125,#3126,#3127));
#542=EDGE_LOOP('',(#3128,#3129,#3130,#3131));
#543=EDGE_LOOP('',(#3132,#3133,#3134));
#544=EDGE_LOOP('',(#3135,#3136,#3137,#3138));
#545=EDGE_LOOP('',(#3139,#3140,#3141,#3142));
#546=EDGE_LOOP('',(#3143,#3144,#3145,#3146));
#547=EDGE_LOOP('',(#3147,#3148,#3149,#3150));
#548=EDGE_LOOP('',(#3151,#3152,#3153,#3154));
#549=EDGE_LOOP('',(#3155,#3156,#3157,#3158));
#550=EDGE_LOOP('',(#3159,#3160,#3161,#3162));
#551=EDGE_LOOP('',(#3163,#3164,#3165,#3166));
#552=EDGE_LOOP('',(#3167,#3168,#3169,#3170));
#553=EDGE_LOOP('',(#3171,#3172,#3173,#3174));
#554=EDGE_LOOP('',(#3175,#3176,#3177,#3178));
#555=EDGE_LOOP('',(#3179,#3180,#3181,#3182));
#556=EDGE_LOOP('',(#3183,#3184,#3185,#3186));
#557=EDGE_LOOP('',(#3187,#3188,#3189,#3190));
#558=EDGE_LOOP('',(#3191,#3192,#3193,#3194));
#559=EDGE_LOOP('',(#3195,#3196,#3197,#3198));
#560=EDGE_LOOP('',(#3199,#3200,#3201,#3202));
#561=EDGE_LOOP('',(#3203,#3204,#3205,#3206));
#562=EDGE_LOOP('',(#3207,#3208,#3209,#3210,#3211,#3212,#3213,#3214,#3215,
#3216));
#563=EDGE_LOOP('',(#3217,#3218,#3219,#3220,#3221,#3222,#3223,#3224));
#564=EDGE_LOOP('',(#3225,#3226,#3227,#3228,#3229,#3230,#3231,#3232));
#565=EDGE_LOOP('',(#3233,#3234,#3235,#3236));
#566=EDGE_LOOP('',(#3237,#3238,#3239,#3240));
#567=EDGE_LOOP('',(#3241,#3242,#3243,#3244));
#568=EDGE_LOOP('',(#3245,#3246,#3247,#3248));
#569=EDGE_LOOP('',(#3249,#3250,#3251,#3252));
#570=EDGE_LOOP('',(#3253,#3254,#3255,#3256));
#571=EDGE_LOOP('',(#3257,#3258,#3259,#3260));
#572=EDGE_LOOP('',(#3261,#3262,#3263,#3264));
#573=EDGE_LOOP('',(#3265,#3266,#3267,#3268));
#574=EDGE_LOOP('',(#3269,#3270,#3271,#3272));
#575=EDGE_LOOP('',(#3273,#3274,#3275,#3276));
#576=EDGE_LOOP('',(#3277,#3278,#3279,#3280));
#577=EDGE_LOOP('',(#3281,#3282,#3283,#3284));
#578=EDGE_LOOP('',(#3285,#3286,#3287,#3288));
#579=EDGE_LOOP('',(#3289,#3290,#3291,#3292));
#580=EDGE_LOOP('',(#3293,#3294,#3295,#3296));
#581=EDGE_LOOP('',(#3297,#3298,#3299,#3300));
#582=EDGE_LOOP('',(#3301,#3302,#3303,#3304));
#583=EDGE_LOOP('',(#3305,#3306,#3307,#3308));
#584=EDGE_LOOP('',(#3309,#3310,#3311,#3312));
#585=EDGE_LOOP('',(#3313,#3314,#3315,#3316));
#586=EDGE_LOOP('',(#3317,#3318,#3319,#3320));
#587=EDGE_LOOP('',(#3321,#3322,#3323,#3324));
#588=EDGE_LOOP('',(#3325,#3326,#3327,#3328));
#589=EDGE_LOOP('',(#3329,#3330,#3331,#3332));
#590=EDGE_LOOP('',(#3333,#3334,#3335,#3336));
#591=EDGE_LOOP('',(#3337,#3338,#3339,#3340));
#592=EDGE_LOOP('',(#3341,#3342,#3343,#3344));
#593=EDGE_LOOP('',(#3345,#3346,#3347,#3348));
#594=EDGE_LOOP('',(#3349,#3350,#3351,#3352));
#595=EDGE_LOOP('',(#3353,#3354,#3355,#3356));
#596=EDGE_LOOP('',(#3357,#3358,#3359,#3360));
#597=EDGE_LOOP('',(#3361,#3362,#3363,#3364));
#598=EDGE_LOOP('',(#3365,#3366,#3367,#3368));
#599=EDGE_LOOP('',(#3369,#3370,#3371,#3372));
#600=EDGE_LOOP('',(#3373,#3374,#3375,#3376));
#601=EDGE_LOOP('',(#3377,#3378,#3379,#3380));
#602=EDGE_LOOP('',(#3381,#3382,#3383,#3384));
#603=EDGE_LOOP('',(#3385,#3386,#3387,#3388));
#604=EDGE_LOOP('',(#3389,#3390,#3391,#3392));
#605=EDGE_LOOP('',(#3393,#3394,#3395,#3396));
#606=EDGE_LOOP('',(#3397,#3398,#3399,#3400,#3401));
#607=EDGE_LOOP('',(#3402,#3403,#3404,#3405));
#608=EDGE_LOOP('',(#3406,#3407,#3408,#3409));
#609=EDGE_LOOP('',(#3410,#3411,#3412,#3413));
#610=EDGE_LOOP('',(#3414,#3415,#3416,#3417,#3418));
#611=EDGE_LOOP('',(#3419,#3420,#3421,#3422));
#612=EDGE_LOOP('',(#3423,#3424,#3425,#3426));
#613=EDGE_LOOP('',(#3427,#3428,#3429,#3430));
#614=EDGE_LOOP('',(#3431,#3432,#3433,#3434,#3435));
#615=EDGE_LOOP('',(#3436,#3437,#3438,#3439));
#616=EDGE_LOOP('',(#3440,#3441,#3442,#3443,#3444));
#617=EDGE_LOOP('',(#3445,#3446,#3447,#3448));
#618=EDGE_LOOP('',(#3449,#3450,#3451,#3452));
#619=EDGE_LOOP('',(#3453,#3454,#3455,#3456));
#620=EDGE_LOOP('',(#3457,#3458,#3459,#3460));
#621=EDGE_LOOP('',(#3461,#3462,#3463,#3464));
#622=EDGE_LOOP('',(#3465,#3466,#3467,#3468));
#623=EDGE_LOOP('',(#3469,#3470,#3471,#3472));
#624=EDGE_LOOP('',(#3473,#3474,#3475,#3476));
#625=EDGE_LOOP('',(#3477,#3478,#3479,#3480));
#626=EDGE_LOOP('',(#3481,#3482,#3483,#3484));
#627=EDGE_LOOP('',(#3485,#3486,#3487,#3488));
#628=EDGE_LOOP('',(#3489,#3490,#3491,#3492));
#629=EDGE_LOOP('',(#3493,#3494,#3495,#3496));
#630=EDGE_LOOP('',(#3497,#3498,#3499,#3500));
#631=EDGE_LOOP('',(#3501,#3502,#3503,#3504));
#632=EDGE_LOOP('',(#3505,#3506,#3507,#3508));
#633=EDGE_LOOP('',(#3509,#3510,#3511,#3512));
#634=EDGE_LOOP('',(#3513,#3514,#3515,#3516));
#635=EDGE_LOOP('',(#3517,#3518,#3519,#3520));
#636=EDGE_LOOP('',(#3521,#3522,#3523,#3524));
#637=EDGE_LOOP('',(#3525,#3526,#3527,#3528));
#638=EDGE_LOOP('',(#3529,#3530,#3531,#3532));
#639=EDGE_LOOP('',(#3533,#3534,#3535,#3536,#3537,#3538,#3539,#3540,#3541,
#3542,#3543,#3544,#3545,#3546,#3547,#3548,#3549,#3550,#3551,#3552,#3553));
#640=EDGE_LOOP('',(#3554,#3555,#3556,#3557,#3558,#3559,#3560,#3561,#3562,
#3563,#3564,#3565,#3566,#3567));
#641=EDGE_LOOP('',(#3568,#3569,#3570,#3571,#3572,#3573,#3574,#3575,#3576,
#3577,#3578,#3579,#3580,#3581,#3582,#3583,#3584,#3585,#3586,#3587,#3588));
#642=EDGE_LOOP('',(#3589,#3590,#3591,#3592,#3593,#3594,#3595,#3596,#3597,
#3598,#3599,#3600));
#643=EDGE_LOOP('',(#3601,#3602,#3603,#3604));
#644=EDGE_LOOP('',(#3605,#3606,#3607,#3608,#3609,#3610,#3611,#3612));
#645=EDGE_LOOP('',(#3613,#3614,#3615,#3616,#3617,#3618,#3619,#3620));
#646=EDGE_LOOP('',(#3621,#3622,#3623,#3624,#3625,#3626,#3627,#3628,#3629,
#3630,#3631,#3632,#3633,#3634,#3635,#3636,#3637,#3638,#3639,#3640,#3641,
#3642,#3643,#3644,#3645,#3646,#3647,#3648,#3649,#3650));
#647=EDGE_LOOP('',(#3651,#3652,#3653,#3654,#3655,#3656,#3657,#3658,#3659,
#3660));
#648=EDGE_LOOP('',(#3661,#3662,#3663,#3664,#3665,#3666,#3667,#3668,#3669,
#3670,#3671,#3672,#3673,#3674,#3675,#3676,#3677,#3678));
#649=EDGE_LOOP('',(#3679,#3680,#3681,#3682));
#650=EDGE_LOOP('',(#3683,#3684,#3685,#3686));
#651=EDGE_LOOP('',(#3687,#3688,#3689,#3690));
#652=EDGE_LOOP('',(#3691,#3692,#3693,#3694));
#653=EDGE_LOOP('',(#3695,#3696,#3697,#3698));
#654=EDGE_LOOP('',(#3699,#3700,#3701,#3702));
#655=EDGE_LOOP('',(#3703,#3704,#3705,#3706));
#656=EDGE_LOOP('',(#3707,#3708,#3709,#3710));
#657=EDGE_LOOP('',(#3711,#3712,#3713,#3714));
#658=EDGE_LOOP('',(#3715,#3716,#3717,#3718));
#659=EDGE_LOOP('',(#3719,#3720,#3721,#3722));
#660=EDGE_LOOP('',(#3723,#3724,#3725,#3726));
#661=EDGE_LOOP('',(#3727,#3728,#3729,#3730));
#662=EDGE_LOOP('',(#3731,#3732,#3733,#3734));
#663=EDGE_LOOP('',(#3735,#3736,#3737,#3738,#3739,#3740,#3741,#3742,#3743,
#3744,#3745,#3746,#3747,#3748,#3749,#3750,#3751,#3752,#3753,#3754,#3755));
#664=EDGE_LOOP('',(#3756,#3757,#3758,#3759,#3760,#3761,#3762,#3763));
#665=EDGE_LOOP('',(#3764,#3765,#3766,#3767,#3768,#3769,#3770,#3771));
#666=EDGE_LOOP('',(#3772,#3773,#3774,#3775));
#667=EDGE_LOOP('',(#3776,#3777,#3778,#3779,#3780,#3781,#3782,#3783,#3784,
#3785,#3786,#3787));
#668=EDGE_LOOP('',(#3788,#3789,#3790,#3791));
#669=EDGE_LOOP('',(#3792,#3793,#3794,#3795));
#670=EDGE_LOOP('',(#3796,#3797,#3798,#3799));
#671=EDGE_LOOP('',(#3800,#3801,#3802,#3803));
#672=EDGE_LOOP('',(#3804,#3805,#3806,#3807));
#673=EDGE_LOOP('',(#3808,#3809,#3810,#3811));
#674=EDGE_LOOP('',(#3812,#3813,#3814,#3815));
#675=EDGE_LOOP('',(#3816,#3817,#3818,#3819));
#676=EDGE_LOOP('',(#3820,#3821,#3822,#3823));
#677=EDGE_LOOP('',(#3824,#3825,#3826,#3827));
#678=EDGE_LOOP('',(#3828,#3829,#3830,#3831));
#679=EDGE_LOOP('',(#3832,#3833,#3834,#3835));
#680=EDGE_LOOP('',(#3836,#3837,#3838,#3839));
#681=EDGE_LOOP('',(#3840,#3841,#3842,#3843));
#682=EDGE_LOOP('',(#3844,#3845,#3846,#3847));
#683=EDGE_LOOP('',(#3848,#3849,#3850,#3851));
#684=EDGE_LOOP('',(#3852,#3853,#3854,#3855));
#685=EDGE_LOOP('',(#3856,#3857,#3858,#3859));
#686=EDGE_LOOP('',(#3860,#3861,#3862,#3863,#3864,#3865,#3866));
#687=EDGE_LOOP('',(#3867,#3868,#3869,#3870));
#688=EDGE_LOOP('',(#3871,#3872,#3873,#3874));
#689=EDGE_LOOP('',(#3875,#3876,#3877,#3878));
#690=EDGE_LOOP('',(#3879,#3880,#3881,#3882));
#691=EDGE_LOOP('',(#3883,#3884,#3885,#3886));
#692=EDGE_LOOP('',(#3887,#3888,#3889,#3890));
#693=EDGE_LOOP('',(#3891,#3892,#3893,#3894));
#694=EDGE_LOOP('',(#3895,#3896,#3897,#3898));
#695=EDGE_LOOP('',(#3899,#3900,#3901,#3902,#3903,#3904));
#696=EDGE_LOOP('',(#3905,#3906,#3907,#3908));
#697=EDGE_LOOP('',(#3909,#3910,#3911,#3912));
#698=EDGE_LOOP('',(#3913,#3914,#3915,#3916));
#699=EDGE_LOOP('',(#3917,#3918,#3919,#3920));
#700=EDGE_LOOP('',(#3921,#3922,#3923,#3924));
#701=EDGE_LOOP('',(#3925,#3926,#3927,#3928));
#702=EDGE_LOOP('',(#3929,#3930,#3931,#3932));
#703=EDGE_LOOP('',(#3933,#3934,#3935,#3936,#3937,#3938));
#704=EDGE_LOOP('',(#3939,#3940,#3941,#3942));
#705=EDGE_LOOP('',(#3943,#3944,#3945,#3946));
#706=EDGE_LOOP('',(#3947,#3948,#3949,#3950));
#707=EDGE_LOOP('',(#3951,#3952,#3953,#3954));
#708=EDGE_LOOP('',(#3955,#3956,#3957,#3958));
#709=EDGE_LOOP('',(#3959,#3960,#3961,#3962));
#710=EDGE_LOOP('',(#3963,#3964,#3965,#3966));
#711=EDGE_LOOP('',(#3967,#3968,#3969,#3970));
#712=EDGE_LOOP('',(#3971,#3972,#3973,#3974));
#713=EDGE_LOOP('',(#3975,#3976,#3977,#3978));
#714=EDGE_LOOP('',(#3979,#3980,#3981,#3982));
#715=EDGE_LOOP('',(#3983,#3984,#3985,#3986));
#716=EDGE_LOOP('',(#3987,#3988,#3989,#3990));
#717=EDGE_LOOP('',(#3991,#3992,#3993,#3994));
#718=EDGE_LOOP('',(#3995,#3996,#3997,#3998));
#719=EDGE_LOOP('',(#3999,#4000,#4001,#4002));
#720=EDGE_LOOP('',(#4003,#4004,#4005,#4006));
#721=EDGE_LOOP('',(#4007,#4008,#4009,#4010));
#722=EDGE_LOOP('',(#4011,#4012,#4013,#4014,#4015,#4016,#4017));
#723=EDGE_LOOP('',(#4018,#4019,#4020,#4021,#4022,#4023,#4024,#4025,#4026,
#4027,#4028,#4029,#4030,#4031,#4032,#4033,#4034,#4035,#4036,#4037,#4038,
#4039,#4040,#4041,#4042,#4043,#4044,#4045,#4046,#4047,#4048,#4049,#4050,
#4051,#4052,#4053,#4054,#4055,#4056,#4057,#4058,#4059));
#724=B_SPLINE_CURVE_WITH_KNOTS('',3,(#5495,#5496,#5497,#5498,#5499,#5500,
#5501,#5502,#5503,#5504,#5505,#5506),.UNSPECIFIED.,.F.,.F.,(4,2,2,2,2,4),
(-0.0902249358246104,-0.0775013431329789,-0.0569975829015966,-0.0389576993435014,
-0.0193500975281128,0.),.UNSPECIFIED.);
#725=B_SPLINE_CURVE_WITH_KNOTS('',3,(#5519,#5520,#5521,#5522,#5523,#5524,
#5525,#5526,#5527,#5528,#5529,#5530,#5531,#5532,#5533,#5534,#5535,#5536,
#5537,#5538,#5539,#5540),.UNSPECIFIED.,.F.,.F.,(4,3,3,3,3,3,3,4),(-0.0221600073413554,
-0.0182338748528604,-0.011585069733117,-0.0111185787656942,-0.00815849454745833,
-0.00630467645479884,-0.00299299854767147,0.),.UNSPECIFIED.);
#726=B_SPLINE_CURVE_WITH_KNOTS('',3,(#5542,#5543,#5544,#5545,#5546,#5547,
#5548,#5549,#5550,#5551,#5552,#5553,#5554,#5555,#5556,#5557,#5558,#5559,
#5560,#5561,#5562,#5563,#5564,#5565,#5566,#5567,#5568,#5569,#5570,#5571,
#5572,#5573),.UNSPECIFIED.,.F.,.F.,(4,2,2,2,2,2,2,2,2,2,2,2,2,2,2,4),(-0.0347262304692957,
-0.0347224627951636,-0.0347186951411822,-0.0347111598923332,-0.0346960893733215,
-0.0346659484039526,-0.0346056670001783,-0.0344851085084099,-0.0342440259540357,
-0.0337621359261588,-0.0328005454062706,-0.0308945255867625,-0.0272087811406483,
-0.0205740467173673,-0.012299998424809,0.),.UNSPECIFIED.);
#727=B_SPLINE_CURVE_WITH_KNOTS('',3,(#5576,#5577,#5578,#5579),
 .UNSPECIFIED.,.F.,.F.,(4,4),(-0.00919900406167679,0.),.UNSPECIFIED.);
#728=B_SPLINE_CURVE_WITH_KNOTS('',3,(#5581,#5582,#5583,#5584,#5585),
 .UNSPECIFIED.,.F.,.F.,(4,1,4),(-0.0440380227178295,-0.0218993128473331,
0.),.UNSPECIFIED.);
#729=B_SPLINE_CURVE_WITH_KNOTS('',3,(#5587,#5588,#5589,#5590,#5591),
 .UNSPECIFIED.,.F.,.F.,(4,1,4),(-0.0511758949174539,-0.0275035175598878,
0.),.UNSPECIFIED.);
#730=B_SPLINE_CURVE_WITH_KNOTS('',3,(#5595,#5596,#5597,#5598,#5599),
 .UNSPECIFIED.,.F.,.F.,(4,1,4),(-0.123398618401327,-0.0543206461321898,
0.),.UNSPECIFIED.);
#731=B_SPLINE_CURVE_WITH_KNOTS('',3,(#5601,#5602,#5603,#5604,#5605),
 .UNSPECIFIED.,.F.,.F.,(4,1,4),(-0.101472726447143,-0.0526318524859012,
0.),.UNSPECIFIED.);
#732=B_SPLINE_CURVE_WITH_KNOTS('',3,(#5607,#5608,#5609,#5610,#5611),
 .UNSPECIFIED.,.F.,.F.,(4,1,4),(-0.0948871571079994,-0.0469525510305401,
0.),.UNSPECIFIED.);
#733=B_SPLINE_CURVE_WITH_KNOTS('',3,(#5613,#5614,#5615,#5616,#5617),
 .UNSPECIFIED.,.F.,.F.,(4,1,4),(-0.108374400050769,-0.0580786073929953,
0.),.UNSPECIFIED.);
#734=B_SPLINE_CURVE_WITH_KNOTS('',3,(#5619,#5620,#5621,#5622,#5623),
 .UNSPECIFIED.,.F.,.F.,(4,1,4),(-0.0941469274283034,-0.0444158581561112,
0.),.UNSPECIFIED.);
#735=B_SPLINE_CURVE_WITH_KNOTS('',3,(#5625,#5626,#5627,#5628,#5629),
 .UNSPECIFIED.,.F.,.F.,(4,1,4),(-0.112788297830341,-0.0598660305070194,
0.),.UNSPECIFIED.);
#736=B_SPLINE_CURVE_WITH_KNOTS('',3,(#5631,#5632,#5633,#5634,#5635),
 .UNSPECIFIED.,.F.,.F.,(4,1,4),(-0.0747045051899591,-0.0352433767471126,
0.),.UNSPECIFIED.);
#737=B_SPLINE_CURVE_WITH_KNOTS('',3,(#5636,#5637,#5638,#5639),
 .UNSPECIFIED.,.F.,.F.,(4,4),(-0.0717051302189936,-0.0546384685881634),
 .UNSPECIFIED.);
#738=B_SPLINE_CURVE_WITH_KNOTS('',3,(#5644,#5645,#5646,#5647,#5648),
 .UNSPECIFIED.,.F.,.F.,(4,1,4),(-0.0475525230528428,-0.022166520125997,
0.),.UNSPECIFIED.);
#739=B_SPLINE_CURVE_WITH_KNOTS('',3,(#5650,#5651,#5652,#5653,#5654),
 .UNSPECIFIED.,.F.,.F.,(4,1,4),(-0.0415541662463257,-0.0209115566537968,
0.),.UNSPECIFIED.);
#740=B_SPLINE_CURVE_WITH_KNOTS('',3,(#5656,#5657,#5658,#5659,#5660),
 .UNSPECIFIED.,.F.,.F.,(4,1,4),(-0.0397617966615496,-0.0199694355606694,
0.),.UNSPECIFIED.);
#741=B_SPLINE_CURVE_WITH_KNOTS('',3,(#5661,#5662,#5663,#5664,#5665),
 .UNSPECIFIED.,.F.,.F.,(4,1,4),(-0.0486539919990454,-0.0265507314360795,
0.),.UNSPECIFIED.);
#742=B_SPLINE_CURVE_WITH_KNOTS('',3,(#5679,#5680,#5681,#5682,#5683),
 .UNSPECIFIED.,.F.,.F.,(4,1,4),(0.,0.0149934199921394,0.0289202731682671),
 .UNSPECIFIED.);
#743=B_SPLINE_CURVE_WITH_KNOTS('',3,(#5688,#5689,#5690,#5691,#5692,#5693,
#5694,#5695,#5696,#5697,#5698,#5699,#5700,#5701,#5702,#5703,#5704,#5705,
#5706,#5707,#5708,#5709,#5710,#5711,#5712,#5713,#5714,#5715,#5716,#5717,
#5718),.UNSPECIFIED.,.F.,.F.,(4,3,3,3,3,3,3,3,3,3,4),(-0.0790514386995476,
-0.0703896568692577,-0.0581699651416998,-0.0498396878682673,-0.0416396929359704,
-0.0396671699637154,-0.031480930293309,-0.0224191348331889,-0.0199623418806561,
-0.00826398935449734,0.),.UNSPECIFIED.);
#744=B_SPLINE_CURVE_WITH_KNOTS('',3,(#5722,#5723,#5724,#5725,#5726,#5727,
#5728,#5729,#5730,#5731,#5732,#5733,#5734,#5735,#5736,#5737,#5738,#5739,
#5740,#5741,#5742,#5743,#5744,#5745,#5746,#5747,#5748,#5749,#5750,#5751,
#5752,#5753,#5754,#5755,#5756,#5757,#5758,#5759,#5760,#5761,#5762,#5763,
#5764,#5765,#5766,#5767),.UNSPECIFIED.,.F.,.F.,(4,3,3,3,3,3,3,3,3,3,3,3,
3,3,3,4),(-0.151622111094956,-0.130843475047069,-0.114847286491669,-0.109750291840781,
-0.0963772301222465,-0.0841203489753112,-0.0725611788778785,-0.0600946244339771,
-0.0472543353194548,-0.0393269355127844,-0.0340154825421569,-0.0322032530434486,
-0.0256727755369231,-0.0203366348388981,-0.017752669077903,-0.0151837239768545),
 .UNSPECIFIED.);
#745=B_SPLINE_CURVE_WITH_KNOTS('',3,(#5771,#5772,#5773,#5774),
 .UNSPECIFIED.,.F.,.F.,(4,4),(-0.0149246353724366,0.),.UNSPECIFIED.);
#746=B_SPLINE_CURVE_WITH_KNOTS('',3,(#5776,#5777,#5778,#5779,#5780),
 .UNSPECIFIED.,.F.,.F.,(4,1,4),(-0.0537700286692113,-0.0271826494208848,
0.),.UNSPECIFIED.);
#747=B_SPLINE_CURVE_WITH_KNOTS('',3,(#5782,#5783,#5784,#5785,#5786),
 .UNSPECIFIED.,.F.,.F.,(4,1,4),(-0.071553125127178,-0.0354275303428929,
0.),.UNSPECIFIED.);
#748=B_SPLINE_CURVE_WITH_KNOTS('',3,(#5788,#5789,#5790,#5791,#5792),
 .UNSPECIFIED.,.F.,.F.,(4,1,4),(-0.101124642515732,-0.0584251521319529,
0.),.UNSPECIFIED.);
#749=B_SPLINE_CURVE_WITH_KNOTS('',3,(#5794,#5795,#5796,#5797,#5798),
 .UNSPECIFIED.,.F.,.F.,(4,1,4),(-0.0972381163106968,-0.0417762906199042,
0.),.UNSPECIFIED.);
#750=B_SPLINE_CURVE_WITH_KNOTS('',3,(#5800,#5801,#5802,#5803,#5804),
 .UNSPECIFIED.,.F.,.F.,(4,1,4),(-0.0724230664151805,-0.0367419093732063,
0.),.UNSPECIFIED.);
#751=B_SPLINE_CURVE_WITH_KNOTS('',3,(#5806,#5807,#5808,#5809,#5810),
 .UNSPECIFIED.,.F.,.F.,(4,1,4),(-0.052316087085473,-0.0253714158681577,
-0.00149309863799603),.UNSPECIFIED.);
#752=B_SPLINE_CURVE_WITH_KNOTS('',3,(#5814,#5815,#5816,#5817),
 .UNSPECIFIED.,.F.,.F.,(4,4),(-0.0249902289367626,0.),.UNSPECIFIED.);
#753=B_SPLINE_CURVE_WITH_KNOTS('',3,(#5819,#5820,#5821,#5822,#5823),
 .UNSPECIFIED.,.F.,.F.,(4,1,4),(-0.115735264949379,-0.0602953825264487,
0.),.UNSPECIFIED.);
#754=B_SPLINE_CURVE_WITH_KNOTS('',3,(#5825,#5826,#5827,#5828,#5829),
 .UNSPECIFIED.,.F.,.F.,(4,1,4),(-0.134062847868259,-0.0650155139368415,
0.),.UNSPECIFIED.);
#755=B_SPLINE_CURVE_WITH_KNOTS('',3,(#5831,#5832,#5833,#5834,#5835),
 .UNSPECIFIED.,.F.,.F.,(4,1,4),(-0.148971294563726,-0.0802100711124393,
0.),.UNSPECIFIED.);
#756=B_SPLINE_CURVE_WITH_KNOTS('',3,(#5837,#5838,#5839,#5840,#5841),
 .UNSPECIFIED.,.F.,.F.,(4,1,4),(-0.143541202157775,-0.0671435614452646,
0.),.UNSPECIFIED.);
#757=B_SPLINE_CURVE_WITH_KNOTS('',3,(#5843,#5844,#5845,#5846,#5847),
 .UNSPECIFIED.,.F.,.F.,(4,1,4),(-0.129823087410497,-0.0660730938501361,
0.),.UNSPECIFIED.);
#758=B_SPLINE_CURVE_WITH_KNOTS('',3,(#5849,#5850,#5851,#5852,#5853),
 .UNSPECIFIED.,.F.,.F.,(4,1,4),(-0.100623285497266,-0.0475628962519076,
0.),.UNSPECIFIED.);
#759=B_SPLINE_CURVE_WITH_KNOTS('',3,(#5854,#5855,#5856,#5857,#5858),
 .UNSPECIFIED.,.F.,.F.,(4,1,4),(-0.103621693499153,-0.0553802650835482,
-0.0499992590292444),.UNSPECIFIED.);
#760=B_SPLINE_CURVE_WITH_KNOTS('',3,(#5870,#5871,#5872,#5873,#5874),
 .UNSPECIFIED.,.F.,.F.,(4,1,4),(0.,0.0295412678353128,0.0656388029394721),
 .UNSPECIFIED.);
#761=B_SPLINE_CURVE_WITH_KNOTS('',3,(#5878,#5879,#5880,#5881,#5882,#5883,
#5884,#5885,#5886,#5887,#5888,#5889,#5890,#5891,#5892,#5893,#5894,#5895,
#5896,#5897,#5898,#5899,#5900,#5901,#5902,#5903,#5904,#5905,#5906,#5907,
#5908,#5909,#5910,#5911,#5912,#5913,#5914,#5915,#5916,#5917,#5918,#5919,
#5920,#5921,#5922,#5923),.UNSPECIFIED.,.F.,.F.,(4,3,3,3,3,3,3,3,3,3,3,3,
3,3,3,4),(-0.157164052232476,-0.138361940732801,-0.120451433352597,-0.119166410504505,
-0.10432586244965,-0.0908947644328888,-0.0858941635568949,-0.0724944174867415,
-0.0589896520650928,-0.0523777253398725,-0.0467562013344877,-0.0414582856978742,
-0.0364274269642754,-0.0361603700612607,-0.0331701298040067,-0.0258694084418621),
 .UNSPECIFIED.);
#762=B_SPLINE_CURVE_WITH_KNOTS('',3,(#5925,#5926,#5927,#5928),
 .UNSPECIFIED.,.F.,.F.,(4,4),(-0.00153162027578779,0.),.UNSPECIFIED.);
#763=B_SPLINE_CURVE_WITH_KNOTS('',3,(#5930,#5931,#5932,#5933,#5934,#5935,
#5936,#5937,#5938,#5939,#5940,#5941),.UNSPECIFIED.,.F.,.F.,(4,2,2,2,2,4),
(-0.0781495747163718,-0.0671378192502639,-0.0570023158302989,-0.0404979991930532,
-0.0196593375468576,0.),.UNSPECIFIED.);
#764=B_SPLINE_CURVE_WITH_KNOTS('',3,(#5956,#5957,#5958,#5959,#5960),
 .UNSPECIFIED.,.F.,.F.,(4,1,4),(0.,0.0253714158681577,0.052316087085473),
 .UNSPECIFIED.);
#765=B_SPLINE_CURVE_WITH_KNOTS('',3,(#5973,#5974,#5975,#5976,#5977),
 .UNSPECIFIED.,.F.,.F.,(4,1,4),(0.,0.0351820956699306,0.0760976899523556),
 .UNSPECIFIED.);
#766=B_SPLINE_CURVE_WITH_KNOTS('',3,(#5982,#5983,#5984,#5985),
 .UNSPECIFIED.,.F.,.F.,(4,4),(-0.0364642427352432,-0.019761121235861),
 .UNSPECIFIED.);
#767=B_SPLINE_CURVE_WITH_KNOTS('',3,(#6001,#6002,#6003,#6004,#6005,#6006,
#6007,#6008,#6009,#6010,#6011,#6012,#6013,#6014,#6015,#6016,#6017,#6018,
#6019,#6020,#6021,#6022),.UNSPECIFIED.,.F.,.F.,(4,3,3,3,3,3,3,4),(-0.0534064476553194,
-0.0385301653424287,-0.0278870054482831,-0.02114104855472,-0.0153607799812545,
-0.00739400678021076,-0.000938797556747511,0.),.UNSPECIFIED.);
#768=B_SPLINE_CURVE_WITH_KNOTS('',3,(#6023,#6024,#6025,#6026,#6027,#6028,
#6029,#6030,#6031,#6032,#6033,#6034,#6035,#6036,#6037,#6038,#6039,#6040,
#6041,#6042,#6043,#6044,#6045,#6046,#6047,#6048,#6049,#6050),
 .UNSPECIFIED.,.F.,.F.,(4,3,3,3,3,3,3,3,3,4),(-0.0316743218527342,-0.0275093877676249,
-0.022917635608969,-0.0179804386236915,-0.0154525603624084,-0.0141454839974029,
-0.0109042027752559,-0.00700034417457156,-0.00231088934944033,0.),
 .UNSPECIFIED.);
#769=B_SPLINE_CURVE_WITH_KNOTS('',3,(#6069,#6070,#6071,#6072,#6073),
 .UNSPECIFIED.,.F.,.F.,(4,1,4),(-0.0177541321793975,-0.0147524952414504,
0.),.UNSPECIFIED.);
#770=B_SPLINE_CURVE_WITH_KNOTS('',3,(#6075,#6076,#6077,#6078,#6079),
 .UNSPECIFIED.,.F.,.F.,(4,1,4),(-0.0341909415206615,-0.0177076915783626,
0.),.UNSPECIFIED.);
#771=B_SPLINE_CURVE_WITH_KNOTS('',3,(#6081,#6082,#6083,#6084),
 .UNSPECIFIED.,.F.,.F.,(4,4),(-0.0554474159724389,-0.0504712543836474),
 .UNSPECIFIED.);
#772=B_SPLINE_CURVE_WITH_KNOTS('',3,(#6092,#6093,#6094,#6095,#6096,#6097),
 .UNSPECIFIED.,.F.,.F.,(4,2,4),(-0.0124730463085961,-0.0124151938637879,
-0.00769974913808332),.UNSPECIFIED.);
#773=B_SPLINE_CURVE_WITH_KNOTS('',3,(#6099,#6100,#6101,#6102),
 .UNSPECIFIED.,.F.,.F.,(4,4),(-0.000892954824420674,0.),.UNSPECIFIED.);
#774=B_SPLINE_CURVE_WITH_KNOTS('',3,(#6104,#6105,#6106,#6107,#6108,#6109,
#6110,#6111,#6112,#6113,#6114,#6115,#6116,#6117,#6118,#6119,#6120,#6121,
#6122,#6123,#6124,#6125),.UNSPECIFIED.,.F.,.F.,(4,3,3,3,3,3,3,4),(-0.0396164576031366,
-0.0339241799313954,-0.0284018841154564,-0.0258359855015509,-0.02022246034872,
-0.01852094124006,-0.0102975994024151,0.),.UNSPECIFIED.);
#775=B_SPLINE_CURVE_WITH_KNOTS('',3,(#6147,#6148,#6149,#6150,#6151,#6152,
#6153),.UNSPECIFIED.,.F.,.F.,(4,3,4),(-0.00168824410859622,-0.000518859839581645,
0.),.UNSPECIFIED.);
#776=B_SPLINE_CURVE_WITH_KNOTS('',3,(#6154,#6155,#6156,#6157,#6158,#6159,
#6160,#6161,#6162,#6163,#6164,#6165,#6166,#6167,#6168,#6169,#6170,#6171,
#6172,#6173,#6174,#6175,#6176,#6177,#6178,#6179,#6180,#6181),
 .UNSPECIFIED.,.F.,.F.,(4,3,3,3,3,3,3,3,3,4),(-0.0188760282568047,-0.0168790576254402,
-0.0143124631726959,-0.0111214319124945,-0.00863032710919865,-0.00835472698851685,
-0.00610916901348472,-0.0035040457519118,-0.00181308670292327,-0.000898922490338883),
 .UNSPECIFIED.);
#777=B_SPLINE_CURVE_WITH_KNOTS('',3,(#6190,#6191,#6192,#6193,#6194,#6195),
 .UNSPECIFIED.,.F.,.F.,(4,2,4),(-0.00699183660260726,-0.00387018908496862,
-0.001501895551757),.UNSPECIFIED.);
#778=B_SPLINE_CURVE_WITH_KNOTS('',3,(#6197,#6198,#6199,#6200,#6201,#6202,
#6203,#6204,#6205,#6206,#6207,#6208,#6209,#6210,#6211,#6212,#6213,#6214,
#6215,#6216,#6217,#6218,#6219,#6220,#6221,#6222,#6223,#6224,#6225,#6226,
#6227,#6228,#6229,#6230,#6231,#6232,#6233,#6234,#6235,#6236),
 .UNSPECIFIED.,.F.,.F.,(4,3,3,3,3,3,3,3,3,3,3,3,3,4),(-0.0748689442213419,
-0.0679315516414261,-0.0617970107107819,-0.0562226622939222,-0.0556624697801377,
-0.0532473709266711,-0.0484087968834708,-0.0432089945981635,-0.0389020189593275,
-0.0322515484259761,-0.0250403345454907,-0.0192029577379267,-0.0101750593310173,
0.),.UNSPECIFIED.);
#779=B_SPLINE_CURVE_WITH_KNOTS('',3,(#6239,#6240,#6241,#6242,#6243,#6244,
#6245,#6246,#6247,#6248),.UNSPECIFIED.,.F.,.F.,(4,2,2,2,4),(-0.0353027189462206,
-0.0292912544287441,-0.0219026909226611,-0.0120600242488555,0.),
 .UNSPECIFIED.);
#780=B_SPLINE_CURVE_WITH_KNOTS('',3,(#6261,#6262,#6263,#6264,#6265),
 .UNSPECIFIED.,.F.,.F.,(4,1,4),(0.,0.0266465819738075,0.0554474159724389),
 .UNSPECIFIED.);
#781=B_SPLINE_CURVE_WITH_KNOTS('',3,(#6279,#6280,#6281,#6282,#6283),
 .UNSPECIFIED.,.F.,.F.,(4,1,4),(0.,0.0251182100909531,0.0370321881670259),
 .UNSPECIFIED.);
#782=B_SPLINE_CURVE_WITH_KNOTS('',3,(#6304,#6305,#6306,#6307,#6308),
 .UNSPECIFIED.,.F.,.F.,(4,1,4),(-0.0543993123287866,-0.0223679483532783,
0.),.UNSPECIFIED.);
#783=B_SPLINE_CURVE_WITH_KNOTS('',3,(#6310,#6311,#6312,#6313,#6314),
 .UNSPECIFIED.,.F.,.F.,(4,1,4),(-0.0456780920858933,-0.0224323297842313,
0.),.UNSPECIFIED.);
#784=B_SPLINE_CURVE_WITH_KNOTS('',3,(#6316,#6317,#6318,#6319,#6320),
 .UNSPECIFIED.,.F.,.F.,(4,1,4),(-0.0501575219697734,-0.0265260958849217,
0.),.UNSPECIFIED.);
#785=B_SPLINE_CURVE_WITH_KNOTS('',3,(#6322,#6323,#6324,#6325,#6326),
 .UNSPECIFIED.,.F.,.F.,(4,1,4),(-0.0437850401915727,-0.021845214865578,
0.),.UNSPECIFIED.);
#786=B_SPLINE_CURVE_WITH_KNOTS('',3,(#6328,#6329,#6330,#6331,#6332),
 .UNSPECIFIED.,.F.,.F.,(4,1,4),(-0.0484179021672236,-0.0253784443908818,
0.),.UNSPECIFIED.);
#787=B_SPLINE_CURVE_WITH_KNOTS('',3,(#6334,#6335,#6336,#6337,#6338),
 .UNSPECIFIED.,.F.,.F.,(4,1,4),(-0.0435820571839698,-0.0210593402088454,
0.),.UNSPECIFIED.);
#788=B_SPLINE_CURVE_WITH_KNOTS('',3,(#6340,#6341,#6342,#6343,#6344),
 .UNSPECIFIED.,.F.,.F.,(4,1,4),(-0.0447841438957718,-0.023395261851527,
0.),.UNSPECIFIED.);
#789=B_SPLINE_CURVE_WITH_KNOTS('',3,(#6346,#6347,#6348,#6349,#6350),
 .UNSPECIFIED.,.F.,.F.,(4,1,4),(-0.0932081080840441,-0.0483654994506744,
0.),.UNSPECIFIED.);
#790=B_SPLINE_CURVE_WITH_KNOTS('',3,(#6362,#6363,#6364,#6365,#6366),
 .UNSPECIFIED.,.F.,.F.,(4,1,4),(-0.0538887563250544,-0.0218158851294916,
0.),.UNSPECIFIED.);
#791=B_SPLINE_CURVE_WITH_KNOTS('',3,(#6368,#6369,#6370,#6371,#6372),
 .UNSPECIFIED.,.F.,.F.,(4,1,4),(-0.0310698257029231,-0.0150873239651534,
0.),.UNSPECIFIED.);
#792=B_SPLINE_CURVE_WITH_KNOTS('',3,(#6374,#6375,#6376,#6377,#6378),
 .UNSPECIFIED.,.F.,.F.,(4,1,4),(-0.030160078599749,-0.0152262837368308,
0.),.UNSPECIFIED.);
#793=B_SPLINE_CURVE_WITH_KNOTS('',3,(#6380,#6381,#6382,#6383,#6384),
 .UNSPECIFIED.,.F.,.F.,(4,1,4),(-0.0218049794919271,-0.00991858848447484,
0.),.UNSPECIFIED.);
#794=B_SPLINE_CURVE_WITH_KNOTS('',3,(#6386,#6387,#6388,#6389,#6390),
 .UNSPECIFIED.,.F.,.F.,(4,1,4),(-0.0201761916239141,-0.0106595502117098,
0.),.UNSPECIFIED.);
#795=B_SPLINE_CURVE_WITH_KNOTS('',3,(#6392,#6393,#6394,#6395,#6396),
 .UNSPECIFIED.,.F.,.F.,(4,1,4),(-0.0490534150614888,-0.0311413904144805,
0.),.UNSPECIFIED.);
#796=B_SPLINE_CURVE_WITH_KNOTS('',3,(#6404,#6405,#6406,#6407,#6408),
 .UNSPECIFIED.,.F.,.F.,(4,1,4),(-0.0540215258761606,-0.0222827017700384,
0.),.UNSPECIFIED.);
#797=B_SPLINE_CURVE_WITH_KNOTS('',3,(#6410,#6411,#6412,#6413,#6414),
 .UNSPECIFIED.,.F.,.F.,(4,1,4),(-0.0320366444814834,-0.015386096123414,
0.),.UNSPECIFIED.);
#798=B_SPLINE_CURVE_WITH_KNOTS('',3,(#6416,#6417,#6418,#6419,#6420),
 .UNSPECIFIED.,.F.,.F.,(4,1,4),(-0.0288338473007544,-0.0141487075299636,
0.),.UNSPECIFIED.);
#799=B_SPLINE_CURVE_WITH_KNOTS('',3,(#6422,#6423,#6424,#6425,#6426),
 .UNSPECIFIED.,.F.,.F.,(4,1,4),(-0.0339295390681975,-0.0163323509186849,
0.),.UNSPECIFIED.);
#800=B_SPLINE_CURVE_WITH_KNOTS('',3,(#6427,#6428,#6429,#6430,#6431),
 .UNSPECIFIED.,.F.,.F.,(4,1,4),(-0.0506182061685456,-0.0317875992463273,
0.),.UNSPECIFIED.);
#801=B_SPLINE_CURVE_WITH_KNOTS('',3,(#6464,#6465,#6466,#6467,#6468),
 .UNSPECIFIED.,.F.,.F.,(4,1,4),(0.,0.0553802650835482,0.103621693499153),
 .UNSPECIFIED.);
#802=B_SPLINE_CURVE_WITH_KNOTS('',3,(#6480,#6481,#6482,#6483,#6484),
 .UNSPECIFIED.,.F.,.F.,(4,1,4),(0.,0.0475628962519076,0.100623285497266),
 .UNSPECIFIED.);
#803=B_SPLINE_CURVE_WITH_KNOTS('',3,(#6497,#6498,#6499,#6500,#6501),
 .UNSPECIFIED.,.F.,.F.,(4,1,4),(0.,0.0660730938501361,0.129823087410497),
 .UNSPECIFIED.);
#804=B_SPLINE_CURVE_WITH_KNOTS('',3,(#6514,#6515,#6516,#6517,#6518),
 .UNSPECIFIED.,.F.,.F.,(4,1,4),(0.,0.0671435614452646,0.143541202157775),
 .UNSPECIFIED.);
#805=B_SPLINE_CURVE_WITH_KNOTS('',3,(#6531,#6532,#6533,#6534,#6535),
 .UNSPECIFIED.,.F.,.F.,(4,1,4),(0.,0.0802100711124393,0.148971294563726),
 .UNSPECIFIED.);
#806=B_SPLINE_CURVE_WITH_KNOTS('',3,(#6548,#6549,#6550,#6551,#6552),
 .UNSPECIFIED.,.F.,.F.,(4,1,4),(0.,0.0650155139368415,0.134062847868259),
 .UNSPECIFIED.);
#807=B_SPLINE_CURVE_WITH_KNOTS('',3,(#6564,#6565,#6566,#6567,#6568),
 .UNSPECIFIED.,.F.,.F.,(4,1,4),(0.,0.0602953825264487,0.115735264949379),
 .UNSPECIFIED.);
#808=B_SPLINE_CURVE_WITH_KNOTS('',3,(#6579,#6580,#6581,#6582,#6583),
 .UNSPECIFIED.,.F.,.F.,(4,1,4),(0.,0.0267598791786158,0.0520836773740209),
 .UNSPECIFIED.);
#809=B_SPLINE_CURVE_WITH_KNOTS('',3,(#6595,#6596,#6597,#6598,#6599),
 .UNSPECIFIED.,.F.,.F.,(4,1,4),(0.,0.0367419093732063,0.0724230664151805),
 .UNSPECIFIED.);
#810=B_SPLINE_CURVE_WITH_KNOTS('',3,(#6612,#6613,#6614,#6615,#6616),
 .UNSPECIFIED.,.F.,.F.,(4,1,4),(0.,0.0417762906199042,0.0972381163106968),
 .UNSPECIFIED.);
#811=B_SPLINE_CURVE_WITH_KNOTS('',3,(#6629,#6630,#6631,#6632,#6633),
 .UNSPECIFIED.,.F.,.F.,(4,1,4),(0.,0.0584251521319529,0.101124642515732),
 .UNSPECIFIED.);
#812=B_SPLINE_CURVE_WITH_KNOTS('',3,(#6646,#6647,#6648,#6649,#6650),
 .UNSPECIFIED.,.F.,.F.,(4,1,4),(0.,0.0354275303428929,0.071553125127178),
 .UNSPECIFIED.);
#813=B_SPLINE_CURVE_WITH_KNOTS('',3,(#6662,#6663,#6664,#6665,#6666),
 .UNSPECIFIED.,.F.,.F.,(4,1,4),(0.,0.0271826494208848,0.0537700286692113),
 .UNSPECIFIED.);
#814=B_SPLINE_CURVE_WITH_KNOTS('',3,(#6679,#6680,#6681,#6682,#6683),
 .UNSPECIFIED.,.F.,.F.,(4,1,4),(0.,0.0265507314360795,0.0486539919990454),
 .UNSPECIFIED.);
#815=B_SPLINE_CURVE_WITH_KNOTS('',3,(#6697,#6698,#6699,#6700,#6701),
 .UNSPECIFIED.,.F.,.F.,(4,1,4),(0.,0.0199694355606694,0.0397617966615496),
 .UNSPECIFIED.);
#816=B_SPLINE_CURVE_WITH_KNOTS('',3,(#6714,#6715,#6716,#6717,#6718),
 .UNSPECIFIED.,.F.,.F.,(4,1,4),(0.,0.0209115566537968,0.0415541662463257),
 .UNSPECIFIED.);
#817=B_SPLINE_CURVE_WITH_KNOTS('',3,(#6731,#6732,#6733,#6734,#6735),
 .UNSPECIFIED.,.F.,.F.,(4,1,4),(0.,0.022166520125997,0.0475525230528428),
 .UNSPECIFIED.);
#818=B_SPLINE_CURVE_WITH_KNOTS('',3,(#6751,#6752,#6753,#6754,#6755),
 .UNSPECIFIED.,.F.,.F.,(4,1,4),(0.,0.0372198618395284,0.0717051302189936),
 .UNSPECIFIED.);
#819=B_SPLINE_CURVE_WITH_KNOTS('',3,(#6767,#6768,#6769,#6770,#6771),
 .UNSPECIFIED.,.F.,.F.,(4,1,4),(0.,0.0352433767471126,0.0747045051899591),
 .UNSPECIFIED.);
#820=B_SPLINE_CURVE_WITH_KNOTS('',3,(#6784,#6785,#6786,#6787,#6788),
 .UNSPECIFIED.,.F.,.F.,(4,1,4),(0.,0.0598660305070194,0.112788297830341),
 .UNSPECIFIED.);
#821=B_SPLINE_CURVE_WITH_KNOTS('',3,(#6801,#6802,#6803,#6804,#6805),
 .UNSPECIFIED.,.F.,.F.,(4,1,4),(0.,0.0444158581561112,0.0941469274283034),
 .UNSPECIFIED.);
#822=B_SPLINE_CURVE_WITH_KNOTS('',3,(#6818,#6819,#6820,#6821,#6822),
 .UNSPECIFIED.,.F.,.F.,(4,1,4),(0.,0.0580786073929953,0.108374400050769),
 .UNSPECIFIED.);
#823=B_SPLINE_CURVE_WITH_KNOTS('',3,(#6835,#6836,#6837,#6838,#6839),
 .UNSPECIFIED.,.F.,.F.,(4,1,4),(0.,0.0469525510305401,0.0948871571079994),
 .UNSPECIFIED.);
#824=B_SPLINE_CURVE_WITH_KNOTS('',3,(#6852,#6853,#6854,#6855,#6856),
 .UNSPECIFIED.,.F.,.F.,(4,1,4),(0.,0.0526318524859012,0.101472726447143),
 .UNSPECIFIED.);
#825=B_SPLINE_CURVE_WITH_KNOTS('',3,(#6869,#6870,#6871,#6872,#6873),
 .UNSPECIFIED.,.F.,.F.,(4,1,4),(0.,0.0543206461321898,0.123398618401327),
 .UNSPECIFIED.);
#826=B_SPLINE_CURVE_WITH_KNOTS('',3,(#6890,#6891,#6892,#6893,#6894),
 .UNSPECIFIED.,.F.,.F.,(4,1,4),(0.,0.0275035175598878,0.0511758949174539),
 .UNSPECIFIED.);
#827=B_SPLINE_CURVE_WITH_KNOTS('',3,(#6906,#6907,#6908,#6909,#6910),
 .UNSPECIFIED.,.F.,.F.,(4,1,4),(0.,0.0218993128473331,0.0440380227178295),
 .UNSPECIFIED.);
#828=B_SPLINE_CURVE_WITH_KNOTS('',3,(#6921,#6922,#6923,#6924,#6925),
 .UNSPECIFIED.,.F.,.F.,(4,1,4),(0.,0.014988822746288,0.0332149464837821),
 .UNSPECIFIED.);
#829=B_SPLINE_CURVE_WITH_KNOTS('',3,(#6945,#6946,#6947,#6948,#6949),
 .UNSPECIFIED.,.F.,.F.,(4,1,4),(0.,0.0052710669098868,0.0107738017634367),
 .UNSPECIFIED.);
#830=B_SPLINE_CURVE_WITH_KNOTS('',3,(#6962,#6963,#6964,#6965,#6966),
 .UNSPECIFIED.,.F.,.F.,(4,1,4),(0.,0.00586898333803679,0.0122436517920191),
 .UNSPECIFIED.);
#831=B_SPLINE_CURVE_WITH_KNOTS('',3,(#6977,#6978,#6979,#6980,#6981),
 .UNSPECIFIED.,.F.,.F.,(4,1,4),(0.,0.0117736167767499,0.0284533089222823),
 .UNSPECIFIED.);
#832=B_SPLINE_CURVE_WITH_KNOTS('',3,(#6993,#6994,#6995,#6996,#6997),
 .UNSPECIFIED.,.F.,.F.,(4,1,4),(0.,0.0177076915783626,0.0341909415206615),
 .UNSPECIFIED.);
#833=B_SPLINE_CURVE_WITH_KNOTS('',3,(#7011,#7012,#7013,#7014,#7015),
 .UNSPECIFIED.,.F.,.F.,(4,1,4),(0.,0.0147524952414504,0.0274194960612036),
 .UNSPECIFIED.);
#834=B_SPLINE_CURVE_WITH_KNOTS('',3,(#7028,#7029,#7030,#7031,#7032),
 .UNSPECIFIED.,.F.,.F.,(4,1,4),(0.,0.0130339000623608,0.0285994804587519),
 .UNSPECIFIED.);
#835=B_SPLINE_CURVE_WITH_KNOTS('',3,(#7045,#7046,#7047,#7048,#7049),
 .UNSPECIFIED.,.F.,.F.,(4,1,4),(0.,0.0181414104032078,0.0484198312104524),
 .UNSPECIFIED.);
#836=B_SPLINE_CURVE_WITH_KNOTS('',3,(#7068,#7069,#7070,#7071,#7072),
 .UNSPECIFIED.,.F.,.F.,(4,1,4),(0.,0.0343638770574443,0.0629088261821332),
 .UNSPECIFIED.);
#837=B_SPLINE_CURVE_WITH_KNOTS('',3,(#7076,#7077,#7078,#7079,#7080),
 .UNSPECIFIED.,.F.,.F.,(4,1,4),(-0.0629088261821332,-0.0343638770574443,
0.),.UNSPECIFIED.);
#838=B_SPLINE_CURVE_WITH_KNOTS('',3,(#7093,#7094,#7095,#7096,#7097),
 .UNSPECIFIED.,.F.,.F.,(4,1,4),(0.,0.0255859637078304,0.050831287820449),
 .UNSPECIFIED.);
#839=B_SPLINE_CURVE_WITH_KNOTS('',3,(#7099,#7100,#7101,#7102,#7103),
 .UNSPECIFIED.,.F.,.F.,(4,1,4),(-0.050831287820449,-0.0255859637078304,
0.),.UNSPECIFIED.);
#840=B_SPLINE_CURVE_WITH_KNOTS('',3,(#7116,#7117,#7118,#7119,#7120),
 .UNSPECIFIED.,.F.,.F.,(4,1,4),(0.,0.0252154432501763,0.0507283028314077),
 .UNSPECIFIED.);
#841=B_SPLINE_CURVE_WITH_KNOTS('',3,(#7122,#7123,#7124,#7125,#7126),
 .UNSPECIFIED.,.F.,.F.,(4,1,4),(-0.0507283028314077,-0.0252154432501763,
0.),.UNSPECIFIED.);
#842=B_SPLINE_CURVE_WITH_KNOTS('',3,(#7139,#7140,#7141,#7142,#7143),
 .UNSPECIFIED.,.F.,.F.,(4,1,4),(0.,0.0286082559540679,0.0633311048472475),
 .UNSPECIFIED.);
#843=B_SPLINE_CURVE_WITH_KNOTS('',3,(#7145,#7146,#7147,#7148,#7149),
 .UNSPECIFIED.,.F.,.F.,(4,1,4),(-0.0633311048472475,-0.0286082559540679,
0.),.UNSPECIFIED.);
#844=B_SPLINE_CURVE_WITH_KNOTS('',3,(#7162,#7163,#7164,#7165,#7166),
 .UNSPECIFIED.,.F.,.F.,(4,1,4),(0.,0.033996869673274,0.0623907661398477),
 .UNSPECIFIED.);
#845=B_SPLINE_CURVE_WITH_KNOTS('',3,(#7168,#7169,#7170,#7171,#7172),
 .UNSPECIFIED.,.F.,.F.,(4,1,4),(-0.0623907661398477,-0.033996869673274,
0.),.UNSPECIFIED.);
#846=B_SPLINE_CURVE_WITH_KNOTS('',3,(#7185,#7186,#7187,#7188,#7189),
 .UNSPECIFIED.,.F.,.F.,(4,1,4),(0.,0.0255128595812314,0.0507283028314077),
 .UNSPECIFIED.);
#847=B_SPLINE_CURVE_WITH_KNOTS('',3,(#7191,#7192,#7193,#7194,#7195),
 .UNSPECIFIED.,.F.,.F.,(4,1,4),(-0.0507283028314077,-0.0255128595812314,
0.),.UNSPECIFIED.);
#848=B_SPLINE_CURVE_WITH_KNOTS('',3,(#7208,#7209,#7210,#7211,#7212),
 .UNSPECIFIED.,.F.,.F.,(4,1,4),(0.,0.0252453241126186,0.050831287820449),
 .UNSPECIFIED.);
#849=B_SPLINE_CURVE_WITH_KNOTS('',3,(#7214,#7215,#7216,#7217,#7218),
 .UNSPECIFIED.,.F.,.F.,(4,1,4),(-0.050831287820449,-0.0252453241126186,
0.),.UNSPECIFIED.);
#850=B_SPLINE_CURVE_WITH_KNOTS('',3,(#7230,#7231,#7232,#7233,#7234),
 .UNSPECIFIED.,.F.,.F.,(4,1,4),(0.,0.028544949124689,0.0629088261821332),
 .UNSPECIFIED.);
#851=B_SPLINE_CURVE_WITH_KNOTS('',3,(#7235,#7236,#7237,#7238,#7239),
 .UNSPECIFIED.,.F.,.F.,(4,1,4),(-0.0629088261821332,-0.028544949124689,
0.),.UNSPECIFIED.);
#852=B_SPLINE_CURVE_WITH_KNOTS('',3,(#7252,#7253,#7254,#7255,#7256),
 .UNSPECIFIED.,.F.,.F.,(4,1,4),(0.,0.0338930371465042,0.0687920193608688),
 .UNSPECIFIED.);
#853=B_SPLINE_CURVE_WITH_KNOTS('',3,(#7260,#7261,#7262,#7263,#7264),
 .UNSPECIFIED.,.F.,.F.,(4,1,4),(-0.0687920193608688,-0.0338930371465042,
0.),.UNSPECIFIED.);
#854=B_SPLINE_CURVE_WITH_KNOTS('',3,(#7277,#7278,#7279,#7280,#7281),
 .UNSPECIFIED.,.F.,.F.,(4,1,4),(0.,0.0347775219267131,0.0690549575118946),
 .UNSPECIFIED.);
#855=B_SPLINE_CURVE_WITH_KNOTS('',3,(#7283,#7284,#7285,#7286,#7287),
 .UNSPECIFIED.,.F.,.F.,(4,1,4),(-0.0690549575118946,-0.0347775219267131,
0.),.UNSPECIFIED.);
#856=B_SPLINE_CURVE_WITH_KNOTS('',3,(#7300,#7301,#7302,#7303,#7304),
 .UNSPECIFIED.,.F.,.F.,(4,1,4),(0.,0.0350412634091339,0.0715702435292926),
 .UNSPECIFIED.);
#857=B_SPLINE_CURVE_WITH_KNOTS('',3,(#7306,#7307,#7308,#7309,#7310),
 .UNSPECIFIED.,.F.,.F.,(4,1,4),(-0.0715702435292926,-0.0350412634091339,
0.),.UNSPECIFIED.);
#858=B_SPLINE_CURVE_WITH_KNOTS('',3,(#7323,#7324,#7325,#7326,#7327),
 .UNSPECIFIED.,.F.,.F.,(4,1,4),(0.,0.0543734268119843,0.105970313006067),
 .UNSPECIFIED.);
#859=B_SPLINE_CURVE_WITH_KNOTS('',3,(#7329,#7330,#7331,#7332,#7333),
 .UNSPECIFIED.,.F.,.F.,(4,1,4),(-0.105970313006067,-0.0543734268119843,
0.),.UNSPECIFIED.);
#860=B_SPLINE_CURVE_WITH_KNOTS('',3,(#7346,#7347,#7348,#7349,#7350),
 .UNSPECIFIED.,.F.,.F.,(4,1,4),(0.,0.051624895680264,0.105761333172474),
 .UNSPECIFIED.);
#861=B_SPLINE_CURVE_WITH_KNOTS('',3,(#7352,#7353,#7354,#7355,#7356),
 .UNSPECIFIED.,.F.,.F.,(4,1,4),(-0.105761333172474,-0.051624895680264,0.),
 .UNSPECIFIED.);
#862=B_SPLINE_CURVE_WITH_KNOTS('',3,(#7369,#7370,#7371,#7372,#7373),
 .UNSPECIFIED.,.F.,.F.,(4,1,4),(0.,0.0546331987545979,0.106817136176455),
 .UNSPECIFIED.);
#863=B_SPLINE_CURVE_WITH_KNOTS('',3,(#7375,#7376,#7377,#7378,#7379),
 .UNSPECIFIED.,.F.,.F.,(4,1,4),(-0.106817136176455,-0.0546331987545979,
0.),.UNSPECIFIED.);
#864=B_SPLINE_CURVE_WITH_KNOTS('',3,(#7392,#7393,#7394,#7395,#7396),
 .UNSPECIFIED.,.F.,.F.,(4,1,4),(0.,0.051775893166223,0.105360258995687),
 .UNSPECIFIED.);
#865=B_SPLINE_CURVE_WITH_KNOTS('',3,(#7398,#7399,#7400,#7401,#7402),
 .UNSPECIFIED.,.F.,.F.,(4,1,4),(-0.105360258995687,-0.051775893166223,0.),
 .UNSPECIFIED.);
#866=B_SPLINE_CURVE_WITH_KNOTS('',3,(#7415,#7416,#7417,#7418,#7419),
 .UNSPECIFIED.,.F.,.F.,(4,1,4),(0.,0.0350527963121785,0.0703581523368207),
 .UNSPECIFIED.);
#867=B_SPLINE_CURVE_WITH_KNOTS('',3,(#7421,#7422,#7423,#7424,#7425),
 .UNSPECIFIED.,.F.,.F.,(4,1,4),(-0.0703581523368207,-0.0350527963121785,
0.),.UNSPECIFIED.);
#868=B_SPLINE_CURVE_WITH_KNOTS('',3,(#7438,#7439,#7440,#7441,#7442),
 .UNSPECIFIED.,.F.,.F.,(4,1,4),(0.,0.0347188924808823,0.0690515069540343),
 .UNSPECIFIED.);
#869=B_SPLINE_CURVE_WITH_KNOTS('',3,(#7444,#7445,#7446,#7447,#7448),
 .UNSPECIFIED.,.F.,.F.,(4,1,4),(-0.0690515069540343,-0.0347188924808823,
0.),.UNSPECIFIED.);
#870=B_SPLINE_CURVE_WITH_KNOTS('',3,(#7460,#7461,#7462,#7463,#7464),
 .UNSPECIFIED.,.F.,.F.,(4,1,4),(0.,0.0367550878092612,0.078259588698987),
 .UNSPECIFIED.);
#871=B_SPLINE_CURVE_WITH_KNOTS('',3,(#7465,#7466,#7467,#7468,#7469),
 .UNSPECIFIED.,.F.,.F.,(4,1,4),(-0.078259588698987,-0.0367550878092612,
0.),.UNSPECIFIED.);
#872=B_SPLINE_CURVE_WITH_KNOTS('',3,(#7493,#7494,#7495,#7496,#7497),
 .UNSPECIFIED.,.F.,.F.,(4,1,4),(0.,0.0483654994506744,0.0932081080840441),
 .UNSPECIFIED.);
#873=B_SPLINE_CURVE_WITH_KNOTS('',3,(#7510,#7511,#7512,#7513,#7514),
 .UNSPECIFIED.,.F.,.F.,(4,1,4),(0.,0.023395261851527,0.0447841438957718),
 .UNSPECIFIED.);
#874=B_SPLINE_CURVE_WITH_KNOTS('',3,(#7527,#7528,#7529,#7530,#7531),
 .UNSPECIFIED.,.F.,.F.,(4,1,4),(0.,0.0210593402088454,0.0435820571839698),
 .UNSPECIFIED.);
#875=B_SPLINE_CURVE_WITH_KNOTS('',3,(#7544,#7545,#7546,#7547,#7548),
 .UNSPECIFIED.,.F.,.F.,(4,1,4),(0.,0.0253784443908818,0.0484179021672236),
 .UNSPECIFIED.);
#876=B_SPLINE_CURVE_WITH_KNOTS('',3,(#7561,#7562,#7563,#7564,#7565),
 .UNSPECIFIED.,.F.,.F.,(4,1,4),(0.,0.021845214865578,0.0437850401915727),
 .UNSPECIFIED.);
#877=B_SPLINE_CURVE_WITH_KNOTS('',3,(#7578,#7579,#7580,#7581,#7582),
 .UNSPECIFIED.,.F.,.F.,(4,1,4),(0.,0.0265260958849217,0.0501575219697734),
 .UNSPECIFIED.);
#878=B_SPLINE_CURVE_WITH_KNOTS('',3,(#7595,#7596,#7597,#7598,#7599),
 .UNSPECIFIED.,.F.,.F.,(4,1,4),(0.,0.0224323297842313,0.0456780920858933),
 .UNSPECIFIED.);
#879=B_SPLINE_CURVE_WITH_KNOTS('',3,(#7612,#7613,#7614,#7615,#7616),
 .UNSPECIFIED.,.F.,.F.,(4,1,4),(0.,0.0223679483532783,0.0543993123287866),
 .UNSPECIFIED.);
#880=B_SPLINE_CURVE_WITH_KNOTS('',3,(#7631,#7632,#7633,#7634,#7635),
 .UNSPECIFIED.,.F.,.F.,(4,1,4),(0.,0.0317875992463273,0.0506182061685456),
 .UNSPECIFIED.);
#881=B_SPLINE_CURVE_WITH_KNOTS('',3,(#7648,#7649,#7650,#7651,#7652),
 .UNSPECIFIED.,.F.,.F.,(4,1,4),(0.,0.0163323509186849,0.0339295390681975),
 .UNSPECIFIED.);
#882=B_SPLINE_CURVE_WITH_KNOTS('',3,(#7665,#7666,#7667,#7668,#7669),
 .UNSPECIFIED.,.F.,.F.,(4,1,4),(0.,0.0141487075299636,0.0288338473007544),
 .UNSPECIFIED.);
#883=B_SPLINE_CURVE_WITH_KNOTS('',3,(#7682,#7683,#7684,#7685,#7686),
 .UNSPECIFIED.,.F.,.F.,(4,1,4),(0.,0.015386096123414,0.0320366444814834),
 .UNSPECIFIED.);
#884=B_SPLINE_CURVE_WITH_KNOTS('',3,(#7699,#7700,#7701,#7702,#7703),
 .UNSPECIFIED.,.F.,.F.,(4,1,4),(0.,0.0222827017700384,0.0540215258761606),
 .UNSPECIFIED.);
#885=B_SPLINE_CURVE_WITH_KNOTS('',3,(#7718,#7719,#7720,#7721,#7722),
 .UNSPECIFIED.,.F.,.F.,(4,1,4),(0.,0.0311413904144805,0.0490534150614888),
 .UNSPECIFIED.);
#886=B_SPLINE_CURVE_WITH_KNOTS('',3,(#7735,#7736,#7737,#7738,#7739),
 .UNSPECIFIED.,.F.,.F.,(4,1,4),(0.,0.0106595502117098,0.0201761916239141),
 .UNSPECIFIED.);
#887=B_SPLINE_CURVE_WITH_KNOTS('',3,(#7752,#7753,#7754,#7755,#7756),
 .UNSPECIFIED.,.F.,.F.,(4,1,4),(0.,0.00991858848447484,0.0218049794919271),
 .UNSPECIFIED.);
#888=B_SPLINE_CURVE_WITH_KNOTS('',3,(#7769,#7770,#7771,#7772,#7773),
 .UNSPECIFIED.,.F.,.F.,(4,1,4),(0.,0.0152262837368308,0.030160078599749),
 .UNSPECIFIED.);
#889=B_SPLINE_CURVE_WITH_KNOTS('',3,(#7786,#7787,#7788,#7789,#7790),
 .UNSPECIFIED.,.F.,.F.,(4,1,4),(0.,0.0150873239651534,0.0310698257029231),
 .UNSPECIFIED.);
#890=B_SPLINE_CURVE_WITH_KNOTS('',3,(#7802,#7803,#7804,#7805,#7806),
 .UNSPECIFIED.,.F.,.F.,(4,1,4),(0.,0.0218158851294916,0.0538887563250544),
 .UNSPECIFIED.);
#891=B_SPLINE_CURVE_WITH_KNOTS('',3,(#8322,#8323,#8324,#8325,#8326,#8327,
#8328,#8329,#8330,#8331,#8332,#8333,#8334,#8335,#8336,#8337,#8338,#8339,
#8340,#8341,#8342,#8343,#8344,#8345,#8346,#8347,#8348,#8349,#8350,#8351,
#8352,#8353,#8354,#8355,#8356,#8357,#8358),.UNSPECIFIED.,.F.,.F.,(4,3,3,
3,3,3,3,3,3,3,3,3,4),(0.,0.133018203366789,0.266031206960464,0.399039471132314,
0.532043456060276,0.665085684492551,0.79811446358076,0.931131637184446,
1.06413904744914,1.19717856176211,1.33019372524867,1.46322801077475,1.57079634674369),
 .UNSPECIFIED.);
#892=B_SPLINE_CURVE_WITH_KNOTS('',3,(#8364,#8365,#8366,#8367,#8368,#8369,
#8370,#8371,#8372,#8373,#8374,#8375,#8376,#8377,#8378,#8379,#8380,#8381,
#8382,#8383,#8384,#8385,#8386,#8387,#8388,#8389,#8390,#8391,#8392,#8393,
#8394,#8395,#8396,#8397,#8398,#8399,#8400),.UNSPECIFIED.,.F.,.F.,(4,3,3,
3,3,3,3,3,3,3,3,3,4),(0.,0.133020150216817,0.266035100584412,0.399045311460829,
0.532051243030709,0.665095418664644,0.798126144757657,0.931145265196286,
1.06415462215304,1.19719608362794,1.33021319392002,1.46324942653151,1.57081933686716),
 .UNSPECIFIED.);
#893=B_SPLINE_CURVE_WITH_KNOTS('',3,(#8405,#8406,#8407,#8408,#8409,#8410,
#8411,#8412,#8413,#8414,#8415,#8416,#8417,#8418,#8419,#8420,#8421,#8422,
#8423,#8424,#8425,#8426,#8427,#8428,#8429,#8430,#8431,#8432,#8433,#8434,
#8435,#8436,#8437,#8438,#8439,#8440,#8441),.UNSPECIFIED.,.F.,.F.,(4,3,3,
3,3,3,3,3,3,3,3,3,4),(0.,0.133020152527638,0.266035105205974,0.399045318393022,
0.53205125227351,0.665095430218683,0.798126158622704,0.931145281372129,
1.06415464063953,1.19719610442562,1.33021321702848,1.46324945195106,1.57081936415529),
 .UNSPECIFIED.);
#894=B_SPLINE_CURVE_WITH_KNOTS('',3,(#8442,#8443,#8444,#8445,#8446,#8447,
#8448,#8449,#8450,#8451,#8452,#8453),.UNSPECIFIED.,.F.,.F.,(4,2,2,2,2,4),
(-0.157589509380929,-0.156274342231921,-0.1171865394025,-0.0781173184152238,
-0.0390566750706543,0.),.UNSPECIFIED.);
#895=B_SPLINE_CURVE_WITH_KNOTS('',3,(#8460,#8461,#8462,#8463,#8464,#8465,
#8466,#8467,#8468,#8469,#8470,#8471),.UNSPECIFIED.,.F.,.F.,(4,2,2,2,2,4),
(-0.15758882001139,-0.156263869049651,-0.117186748396068,-0.0781176740285469,
-0.039056913819499,0.),.UNSPECIFIED.);
#896=B_SPLINE_CURVE_WITH_KNOTS('',3,(#8475,#8476,#8477,#8478,#8479,#8480,
#8481,#8482,#8483,#8484,#8485,#8486),.UNSPECIFIED.,.F.,.F.,(4,2,2,2,2,4),
(-0.00132496680348909,0.,0.0390775878494595,0.0781471293190442,0.117208356530741,
0.156265737306884),.UNSPECIFIED.);
#897=B_SPLINE_CURVE_WITH_KNOTS('',3,(#8496,#8497,#8498,#8499,#8500,#8501,
#8502,#8503,#8504,#8505,#8506,#8507),.UNSPECIFIED.,.F.,.F.,(4,2,2,2,2,4),
(-0.157588820012055,-0.156263869059546,-0.117186748395878,-0.0781176740282468,
-0.0390569138192939,0.),.UNSPECIFIED.);
#898=B_SPLINE_CURVE_WITH_KNOTS('',3,(#8511,#8512,#8513,#8514,#8515,#8516,
#8517,#8518,#8519,#8520,#8521,#8522),.UNSPECIFIED.,.F.,.F.,(4,2,2,2,2,4),
(-0.00132496680328531,0.,0.0390775878477354,0.0781471293152093,0.117208356524816,
0.156265737298898),.UNSPECIFIED.);
#899=B_SPLINE_CURVE_WITH_KNOTS('',3,(#8534,#8535,#8536,#8537,#8538,#8539,
#8540,#8541,#8542,#8543,#8544,#8545),.UNSPECIFIED.,.F.,.F.,(4,2,2,2,2,4),
(-0.157588820011267,-0.156263869040909,-0.117186748396237,-0.0781176740288507,
-0.0390569138197004,0.),.UNSPECIFIED.);
#900=B_SPLINE_CURVE_WITH_KNOTS('',3,(#8549,#8550,#8551,#8552,#8553,#8554,
#8555,#8556,#8557,#8558,#8559,#8560),.UNSPECIFIED.,.F.,.F.,(4,2,2,2,2,4),
(-0.00132496680250618,0.,0.0390775878388805,0.0781471292950252,0.117208356493288,
0.156265737255997),.UNSPECIFIED.);
#901=B_SPLINE_CURVE_WITH_KNOTS('',3,(#8568,#8569,#8570,#8571,#8572,#8573,
#8574,#8575,#8576,#8577,#8578,#8579),.UNSPECIFIED.,.F.,.F.,(4,2,2,2,2,4),
(-0.00131505649090767,0.,0.0390884240085874,0.0781581291094788,0.117219252966649,
0.156276406884269),.UNSPECIFIED.);
#902=LINE('',#5493,#1280);
#903=LINE('',#5507,#1281);
#904=LINE('',#5593,#1282);
#905=LINE('',#5642,#1283);
#906=LINE('',#5677,#1284);
#907=LINE('',#5684,#1285);
#908=LINE('',#5720,#1286);
#909=LINE('',#5768,#1287);
#910=LINE('',#5812,#1288);
#911=LINE('',#5875,#1289);
#912=LINE('',#5942,#1290);
#913=LINE('',#5954,#1291);
#914=LINE('',#5961,#1292);
#915=LINE('',#5978,#1293);
#916=LINE('',#5987,#1294);
#917=LINE('',#5991,#1295);
#918=LINE('',#5995,#1296);
#919=LINE('',#5999,#1297);
#920=LINE('',#6053,#1298);
#921=LINE('',#6054,#1299);
#922=LINE('',#6057,#1300);
#923=LINE('',#6058,#1301);
#924=LINE('',#6061,#1302);
#925=LINE('',#6065,#1303);
#926=LINE('',#6066,#1304);
#927=LINE('',#6086,#1305);
#928=LINE('',#6089,#1306);
#929=LINE('',#6127,#1307);
#930=LINE('',#6131,#1308);
#931=LINE('',#6134,#1309);
#932=LINE('',#6184,#1310);
#933=LINE('',#6185,#1311);
#934=LINE('',#6187,#1312);
#935=LINE('',#6238,#1313);
#936=LINE('',#6260,#1314);
#937=LINE('',#6277,#1315);
#938=LINE('',#6284,#1316);
#939=LINE('',#6290,#1317);
#940=LINE('',#6293,#1318);
#941=LINE('',#6296,#1319);
#942=LINE('',#6298,#1320);
#943=LINE('',#6299,#1321);
#944=LINE('',#6302,#1322);
#945=LINE('',#6352,#1323);
#946=LINE('',#6354,#1324);
#947=LINE('',#6356,#1325);
#948=LINE('',#6358,#1326);
#949=LINE('',#6360,#1327);
#950=LINE('',#6398,#1328);
#951=LINE('',#6400,#1329);
#952=LINE('',#6402,#1330);
#953=LINE('',#6437,#1331);
#954=LINE('',#6440,#1332);
#955=LINE('',#6441,#1333);
#956=LINE('',#6446,#1334);
#957=LINE('',#6450,#1335);
#958=LINE('',#6451,#1336);
#959=LINE('',#6463,#1337);
#960=LINE('',#6485,#1338);
#961=LINE('',#6502,#1339);
#962=LINE('',#6519,#1340);
#963=LINE('',#6536,#1341);
#964=LINE('',#6553,#1342);
#965=LINE('',#6600,#1343);
#966=LINE('',#6617,#1344);
#967=LINE('',#6634,#1345);
#968=LINE('',#6651,#1346);
#969=LINE('',#6684,#1347);
#970=LINE('',#6685,#1348);
#971=LINE('',#6702,#1349);
#972=LINE('',#6719,#1350);
#973=LINE('',#6736,#1351);
#974=LINE('',#6738,#1352);
#975=LINE('',#6750,#1353);
#976=LINE('',#6772,#1354);
#977=LINE('',#6789,#1355);
#978=LINE('',#6806,#1356);
#979=LINE('',#6823,#1357);
#980=LINE('',#6840,#1358);
#981=LINE('',#6857,#1359);
#982=LINE('',#6874,#1360);
#983=LINE('',#6877,#1361);
#984=LINE('',#6878,#1362);
#985=LINE('',#6895,#1363);
#986=LINE('',#6929,#1364);
#987=LINE('',#6930,#1365);
#988=LINE('',#6932,#1366);
#989=LINE('',#6944,#1367);
#990=LINE('',#6961,#1368);
#991=LINE('',#6998,#1369);
#992=LINE('',#7010,#1370);
#993=LINE('',#7027,#1371);
#994=LINE('',#7044,#1372);
#995=LINE('',#7052,#1373);
#996=LINE('',#7053,#1374);
#997=LINE('',#7055,#1375);
#998=LINE('',#7074,#1376);
#999=LINE('',#7081,#1377);
#1000=LINE('',#7104,#1378);
#1001=LINE('',#7127,#1379);
#1002=LINE('',#7150,#1380);
#1003=LINE('',#7173,#1381);
#1004=LINE('',#7196,#1382);
#1005=LINE('',#7219,#1383);
#1006=LINE('',#7258,#1384);
#1007=LINE('',#7265,#1385);
#1008=LINE('',#7288,#1386);
#1009=LINE('',#7311,#1387);
#1010=LINE('',#7334,#1388);
#1011=LINE('',#7357,#1389);
#1012=LINE('',#7380,#1390);
#1013=LINE('',#7403,#1391);
#1014=LINE('',#7426,#1392);
#1015=LINE('',#7449,#1393);
#1016=LINE('',#7475,#1394);
#1017=LINE('',#7476,#1395);
#1018=LINE('',#7477,#1396);
#1019=LINE('',#7480,#1397);
#1020=LINE('',#7481,#1398);
#1021=LINE('',#7498,#1399);
#1022=LINE('',#7515,#1400);
#1023=LINE('',#7532,#1401);
#1024=LINE('',#7549,#1402);
#1025=LINE('',#7566,#1403);
#1026=LINE('',#7583,#1404);
#1027=LINE('',#7600,#1405);
#1028=LINE('',#7617,#1406);
#1029=LINE('',#7619,#1407);
#1030=LINE('',#7636,#1408);
#1031=LINE('',#7653,#1409);
#1032=LINE('',#7670,#1410);
#1033=LINE('',#7687,#1411);
#1034=LINE('',#7704,#1412);
#1035=LINE('',#7706,#1413);
#1036=LINE('',#7723,#1414);
#1037=LINE('',#7740,#1415);
#1038=LINE('',#7757,#1416);
#1039=LINE('',#7774,#1417);
#1040=LINE('',#7791,#1418);
#1041=LINE('',#7808,#1419);
#1042=LINE('',#7814,#1420);
#1043=LINE('',#7817,#1421);
#1044=LINE('',#7820,#1422);
#1045=LINE('',#7822,#1423);
#1046=LINE('',#7823,#1424);
#1047=LINE('',#7829,#1425);
#1048=LINE('',#7832,#1426);
#1049=LINE('',#7834,#1427);
#1050=LINE('',#7835,#1428);
#1051=LINE('',#7841,#1429);
#1052=LINE('',#7844,#1430);
#1053=LINE('',#7847,#1431);
#1054=LINE('',#7849,#1432);
#1055=LINE('',#7850,#1433);
#1056=LINE('',#7855,#1434);
#1057=LINE('',#7859,#1435);
#1058=LINE('',#7861,#1436);
#1059=LINE('',#7862,#1437);
#1060=LINE('',#7865,#1438);
#1061=LINE('',#7867,#1439);
#1062=LINE('',#7868,#1440);
#1063=LINE('',#7874,#1441);
#1064=LINE('',#7877,#1442);
#1065=LINE('',#7879,#1443);
#1066=LINE('',#7880,#1444);
#1067=LINE('',#7886,#1445);
#1068=LINE('',#7888,#1446);
#1069=LINE('',#7889,#1447);
#1070=LINE('',#7895,#1448);
#1071=LINE('',#7898,#1449);
#1072=LINE('',#7900,#1450);
#1073=LINE('',#7901,#1451);
#1074=LINE('',#7910,#1452);
#1075=LINE('',#7913,#1453);
#1076=LINE('',#7916,#1454);
#1077=LINE('',#7920,#1455);
#1078=LINE('',#7921,#1456);
#1079=LINE('',#7924,#1457);
#1080=LINE('',#7925,#1458);
#1081=LINE('',#7929,#1459);
#1082=LINE('',#7932,#1460);
#1083=LINE('',#7933,#1461);
#1084=LINE('',#7935,#1462);
#1085=LINE('',#7938,#1463);
#1086=LINE('',#7940,#1464);
#1087=LINE('',#7941,#1465);
#1088=LINE('',#7944,#1466);
#1089=LINE('',#7946,#1467);
#1090=LINE('',#7947,#1468);
#1091=LINE('',#7953,#1469);
#1092=LINE('',#7956,#1470);
#1093=LINE('',#7959,#1471);
#1094=LINE('',#7961,#1472);
#1095=LINE('',#7964,#1473);
#1096=LINE('',#7967,#1474);
#1097=LINE('',#7968,#1475);
#1098=LINE('',#7971,#1476);
#1099=LINE('',#7974,#1477);
#1100=LINE('',#7976,#1478);
#1101=LINE('',#7977,#1479);
#1102=LINE('',#7981,#1480);
#1103=LINE('',#7983,#1481);
#1104=LINE('',#7984,#1482);
#1105=LINE('',#7987,#1483);
#1106=LINE('',#7989,#1484);
#1107=LINE('',#7990,#1485);
#1108=LINE('',#7994,#1486);
#1109=LINE('',#7998,#1487);
#1110=LINE('',#8002,#1488);
#1111=LINE('',#8005,#1489);
#1112=LINE('',#8008,#1490);
#1113=LINE('',#8011,#1491);
#1114=LINE('',#8015,#1492);
#1115=LINE('',#8019,#1493);
#1116=LINE('',#8023,#1494);
#1117=LINE('',#8026,#1495);
#1118=LINE('',#8029,#1496);
#1119=LINE('',#8032,#1497);
#1120=LINE('',#8035,#1498);
#1121=LINE('',#8037,#1499);
#1122=LINE('',#8040,#1500);
#1123=LINE('',#8041,#1501);
#1124=LINE('',#8044,#1502);
#1125=LINE('',#8046,#1503);
#1126=LINE('',#8050,#1504);
#1127=LINE('',#8052,#1505);
#1128=LINE('',#8056,#1506);
#1129=LINE('',#8058,#1507);
#1130=LINE('',#8061,#1508);
#1131=LINE('',#8062,#1509);
#1132=LINE('',#8065,#1510);
#1133=LINE('',#8067,#1511);
#1134=LINE('',#8068,#1512);
#1135=LINE('',#8071,#1513);
#1136=LINE('',#8072,#1514);
#1137=LINE('',#8075,#1515);
#1138=LINE('',#8076,#1516);
#1139=LINE('',#8079,#1517);
#1140=LINE('',#8080,#1518);
#1141=LINE('',#8083,#1519);
#1142=LINE('',#8084,#1520);
#1143=LINE('',#8087,#1521);
#1144=LINE('',#8088,#1522);
#1145=LINE('',#8092,#1523);
#1146=LINE('',#8094,#1524);
#1147=LINE('',#8096,#1525);
#1148=LINE('',#8100,#1526);
#1149=LINE('',#8102,#1527);
#1150=LINE('',#8104,#1528);
#1151=LINE('',#8108,#1529);
#1152=LINE('',#8110,#1530);
#1153=LINE('',#8112,#1531);
#1154=LINE('',#8116,#1532);
#1155=LINE('',#8118,#1533);
#1156=LINE('',#8120,#1534);
#1157=LINE('',#8124,#1535);
#1158=LINE('',#8126,#1536);
#1159=LINE('',#8128,#1537);
#1160=LINE('',#8130,#1538);
#1161=LINE('',#8131,#1539);
#1162=LINE('',#8134,#1540);
#1163=LINE('',#8136,#1541);
#1164=LINE('',#8138,#1542);
#1165=LINE('',#8139,#1543);
#1166=LINE('',#8144,#1544);
#1167=LINE('',#8149,#1545);
#1168=LINE('',#8153,#1546);
#1169=LINE('',#8155,#1547);
#1170=LINE('',#8158,#1548);
#1171=LINE('',#8160,#1549);
#1172=LINE('',#8161,#1550);
#1173=LINE('',#8164,#1551);
#1174=LINE('',#8165,#1552);
#1175=LINE('',#8168,#1553);
#1176=LINE('',#8169,#1554);
#1177=LINE('',#8171,#1555);
#1178=LINE('',#8174,#1556);
#1179=LINE('',#8175,#1557);
#1180=LINE('',#8178,#1558);
#1181=LINE('',#8179,#1559);
#1182=LINE('',#8182,#1560);
#1183=LINE('',#8183,#1561);
#1184=LINE('',#8186,#1562);
#1185=LINE('',#8187,#1563);
#1186=LINE('',#8190,#1564);
#1187=LINE('',#8191,#1565);
#1188=LINE('',#8193,#1566);
#1189=LINE('',#8197,#1567);
#1190=LINE('',#8199,#1568);
#1191=LINE('',#8201,#1569);
#1192=LINE('',#8203,#1570);
#1193=LINE('',#8205,#1571);
#1194=LINE('',#8209,#1572);
#1195=LINE('',#8211,#1573);
#1196=LINE('',#8213,#1574);
#1197=LINE('',#8217,#1575);
#1198=LINE('',#8219,#1576);
#1199=LINE('',#8221,#1577);
#1200=LINE('',#8225,#1578);
#1201=LINE('',#8227,#1579);
#1202=LINE('',#8229,#1580);
#1203=LINE('',#8233,#1581);
#1204=LINE('',#8235,#1582);
#1205=LINE('',#8236,#1583);
#1206=LINE('',#8240,#1584);
#1207=LINE('',#8241,#1585);
#1208=LINE('',#8242,#1586);
#1209=LINE('',#8245,#1587);
#1210=LINE('',#8246,#1588);
#1211=LINE('',#8250,#1589);
#1212=LINE('',#8253,#1590);
#1213=LINE('',#8254,#1591);
#1214=LINE('',#8257,#1592);
#1215=LINE('',#8258,#1593);
#1216=LINE('',#8261,#1594);
#1217=LINE('',#8262,#1595);
#1218=LINE('',#8266,#1596);
#1219=LINE('',#8269,#1597);
#1220=LINE('',#8270,#1598);
#1221=LINE('',#8273,#1599);
#1222=LINE('',#8274,#1600);
#1223=LINE('',#8277,#1601);
#1224=LINE('',#8278,#1602);
#1225=LINE('',#8282,#1603);
#1226=LINE('',#8285,#1604);
#1227=LINE('',#8286,#1605);
#1228=LINE('',#8289,#1606);
#1229=LINE('',#8290,#1607);
#1230=LINE('',#8293,#1608);
#1231=LINE('',#8294,#1609);
#1232=LINE('',#8298,#1610);
#1233=LINE('',#8301,#1611);
#1234=LINE('',#8302,#1612);
#1235=LINE('',#8305,#1613);
#1236=LINE('',#8306,#1614);
#1237=LINE('',#8309,#1615);
#1238=LINE('',#8310,#1616);
#1239=LINE('',#8316,#1617);
#1240=LINE('',#8317,#1618);
#1241=LINE('',#8361,#1619);
#1242=LINE('',#8401,#1620);
#1243=LINE('',#8404,#1621);
#1244=LINE('',#8456,#1622);
#1245=LINE('',#8472,#1623);
#1246=LINE('',#8490,#1624);
#1247=LINE('',#8495,#1625);
#1248=LINE('',#8525,#1626);
#1249=LINE('',#8529,#1627);
#1250=LINE('',#8533,#1628);
#1251=LINE('',#8562,#1629);
#1252=LINE('',#8581,#1630);
#1253=LINE('',#8584,#1631);
#1254=LINE('',#8585,#1632);
#1255=LINE('',#8588,#1633);
#1256=LINE('',#8589,#1634);
#1257=LINE('',#8592,#1635);
#1258=LINE('',#8595,#1636);
#1259=LINE('',#8598,#1637);
#1260=LINE('',#8599,#1638);
#1261=LINE('',#8602,#1639);
#1262=LINE('',#8606,#1640);
#1263=LINE('',#8607,#1641);
#1264=LINE('',#8610,#1642);
#1265=LINE('',#8611,#1643);
#1266=LINE('',#8614,#1644);
#1267=LINE('',#8615,#1645);
#1268=LINE('',#8618,#1646);
#1269=LINE('',#8621,#1647);
#1270=LINE('',#8624,#1648);
#1271=LINE('',#8625,#1649);
#1272=LINE('',#8628,#1650);
#1273=LINE('',#8632,#1651);
#1274=LINE('',#8633,#1652);
#1275=LINE('',#8636,#1653);
#1276=LINE('',#8637,#1654);
#1277=LINE('',#8640,#1655);
#1278=LINE('',#8641,#1656);
#1279=LINE('',#8643,#1657);
#1280=VECTOR('',#4624,10.);
#1281=VECTOR('',#4625,10.);
#1282=VECTOR('',#4630,10.);
#1283=VECTOR('',#4631,10.);
#1284=VECTOR('',#4632,10.);
#1285=VECTOR('',#4633,10.);
#1286=VECTOR('',#4636,10.);
#1287=VECTOR('',#4637,10.);
#1288=VECTOR('',#4640,10.);
#1289=VECTOR('',#4641,10.);
#1290=VECTOR('',#4644,10.);
#1291=VECTOR('',#4645,10.);
#1292=VECTOR('',#4646,10.);
#1293=VECTOR('',#4647,10.);
#1294=VECTOR('',#4650,10.);
#1295=VECTOR('',#4653,10.);
#1296=VECTOR('',#4656,10.);
#1297=VECTOR('',#4659,10.);
#1298=VECTOR('',#4662,10.);
#1299=VECTOR('',#4663,10.);
#1300=VECTOR('',#4666,10.);
#1301=VECTOR('',#4667,10.);
#1302=VECTOR('',#4670,10.);
#1303=VECTOR('',#4673,10.);
#1304=VECTOR('',#4674,10.);
#1305=VECTOR('',#4677,10.);
#1306=VECTOR('',#4680,10.);
#1307=VECTOR('',#4683,10.);
#1308=VECTOR('',#4686,10.);
#1309=VECTOR('',#4689,10.);
#1310=VECTOR('',#4694,10.);
#1311=VECTOR('',#4695,10.);
#1312=VECTOR('',#4698,10.);
#1313=VECTOR('',#4701,10.);
#1314=VECTOR('',#4702,10.);
#1315=VECTOR('',#4703,10.);
#1316=VECTOR('',#4704,10.);
#1317=VECTOR('',#4709,10.);
#1318=VECTOR('',#4712,10.);
#1319=VECTOR('',#4715,10.);
#1320=VECTOR('',#4716,10.);
#1321=VECTOR('',#4717,10.);
#1322=VECTOR('',#4720,10.);
#1323=VECTOR('',#4721,10.);
#1324=VECTOR('',#4722,10.);
#1325=VECTOR('',#4723,10.);
#1326=VECTOR('',#4724,10.);
#1327=VECTOR('',#4725,10.);
#1328=VECTOR('',#4726,10.);
#1329=VECTOR('',#4727,10.);
#1330=VECTOR('',#4728,10.);
#1331=VECTOR('',#4735,10.);
#1332=VECTOR('',#4738,10.);
#1333=VECTOR('',#4739,10.);
#1334=VECTOR('',#4744,10.);
#1335=VECTOR('',#4749,10.);
#1336=VECTOR('',#4750,10.);
#1337=VECTOR('',#4751,10.);
#1338=VECTOR('',#4752,10.);
#1339=VECTOR('',#4753,10.);
#1340=VECTOR('',#4754,10.);
#1341=VECTOR('',#4755,10.);
#1342=VECTOR('',#4756,10.);
#1343=VECTOR('',#4757,10.);
#1344=VECTOR('',#4758,10.);
#1345=VECTOR('',#4759,10.);
#1346=VECTOR('',#4760,10.);
#1347=VECTOR('',#4761,10.);
#1348=VECTOR('',#4762,10.);
#1349=VECTOR('',#4763,10.);
#1350=VECTOR('',#4764,10.);
#1351=VECTOR('',#4765,10.);
#1352=VECTOR('',#4768,10.);
#1353=VECTOR('',#4769,10.);
#1354=VECTOR('',#4770,10.);
#1355=VECTOR('',#4771,10.);
#1356=VECTOR('',#4772,10.);
#1357=VECTOR('',#4773,10.);
#1358=VECTOR('',#4774,10.);
#1359=VECTOR('',#4775,10.);
#1360=VECTOR('',#4776,10.);
#1361=VECTOR('',#4779,10.);
#1362=VECTOR('',#4780,10.);
#1363=VECTOR('',#4781,10.);
#1364=VECTOR('',#4786,10.);
#1365=VECTOR('',#4787,10.);
#1366=VECTOR('',#4790,10.);
#1367=VECTOR('',#4791,10.);
#1368=VECTOR('',#4792,10.);
#1369=VECTOR('',#4793,10.);
#1370=VECTOR('',#4794,10.);
#1371=VECTOR('',#4795,10.);
#1372=VECTOR('',#4796,10.);
#1373=VECTOR('',#4799,10.);
#1374=VECTOR('',#4800,10.);
#1375=VECTOR('',#4803,10.);
#1376=VECTOR('',#4804,10.);
#1377=VECTOR('',#4805,10.);
#1378=VECTOR('',#4806,10.);
#1379=VECTOR('',#4807,10.);
#1380=VECTOR('',#4808,10.);
#1381=VECTOR('',#4809,10.);
#1382=VECTOR('',#4810,10.);
#1383=VECTOR('',#4811,10.);
#1384=VECTOR('',#4812,10.);
#1385=VECTOR('',#4813,10.);
#1386=VECTOR('',#4814,10.);
#1387=VECTOR('',#4815,10.);
#1388=VECTOR('',#4816,10.);
#1389=VECTOR('',#4817,10.);
#1390=VECTOR('',#4818,10.);
#1391=VECTOR('',#4819,10.);
#1392=VECTOR('',#4820,10.);
#1393=VECTOR('',#4821,10.);
#1394=VECTOR('',#4828,10.);
#1395=VECTOR('',#4829,10.);
#1396=VECTOR('',#4830,10.);
#1397=VECTOR('',#4833,10.);
#1398=VECTOR('',#4834,10.);
#1399=VECTOR('',#4835,10.);
#1400=VECTOR('',#4836,10.);
#1401=VECTOR('',#4837,10.);
#1402=VECTOR('',#4838,10.);
#1403=VECTOR('',#4839,10.);
#1404=VECTOR('',#4840,10.);
#1405=VECTOR('',#4841,10.);
#1406=VECTOR('',#4842,10.);
#1407=VECTOR('',#4845,10.);
#1408=VECTOR('',#4846,10.);
#1409=VECTOR('',#4847,10.);
#1410=VECTOR('',#4848,10.);
#1411=VECTOR('',#4849,10.);
#1412=VECTOR('',#4850,10.);
#1413=VECTOR('',#4853,10.);
#1414=VECTOR('',#4854,10.);
#1415=VECTOR('',#4855,10.);
#1416=VECTOR('',#4856,10.);
#1417=VECTOR('',#4857,10.);
#1418=VECTOR('',#4858,10.);
#1419=VECTOR('',#4861,10.);
#1420=VECTOR('',#4866,10.);
#1421=VECTOR('',#4869,10.);
#1422=VECTOR('',#4872,10.);
#1423=VECTOR('',#4873,10.);
#1424=VECTOR('',#4874,10.);
#1425=VECTOR('',#4879,10.);
#1426=VECTOR('',#4882,10.);
#1427=VECTOR('',#4885,10.);
#1428=VECTOR('',#4886,10.);
#1429=VECTOR('',#4891,10.);
#1430=VECTOR('',#4894,10.);
#1431=VECTOR('',#4897,10.);
#1432=VECTOR('',#4898,10.);
#1433=VECTOR('',#4899,10.);
#1434=VECTOR('',#4904,10.);
#1435=VECTOR('',#4909,10.);
#1436=VECTOR('',#4910,10.);
#1437=VECTOR('',#4911,10.);
#1438=VECTOR('',#4914,10.);
#1439=VECTOR('',#4915,10.);
#1440=VECTOR('',#4916,10.);
#1441=VECTOR('',#4923,10.);
#1442=VECTOR('',#4926,10.);
#1443=VECTOR('',#4927,10.);
#1444=VECTOR('',#4928,10.);
#1445=VECTOR('',#4937,10.);
#1446=VECTOR('',#4938,10.);
#1447=VECTOR('',#4939,10.);
#1448=VECTOR('',#4946,10.);
#1449=VECTOR('',#4949,10.);
#1450=VECTOR('',#4950,10.);
#1451=VECTOR('',#4951,10.);
#1452=VECTOR('',#4962,10.);
#1453=VECTOR('',#4965,10.);
#1454=VECTOR('',#4968,10.);
#1455=VECTOR('',#4971,10.);
#1456=VECTOR('',#4972,10.);
#1457=VECTOR('',#4975,10.);
#1458=VECTOR('',#4976,2.);
#1459=VECTOR('',#4981,10.);
#1460=VECTOR('',#4984,10.);
#1461=VECTOR('',#4985,10.);
#1462=VECTOR('',#4988,10.);
#1463=VECTOR('',#4991,10.);
#1464=VECTOR('',#4992,10.);
#1465=VECTOR('',#4993,10.);
#1466=VECTOR('',#4996,10.);
#1467=VECTOR('',#4997,10.);
#1468=VECTOR('',#4998,10.);
#1469=VECTOR('',#5003,10.);
#1470=VECTOR('',#5006,10.);
#1471=VECTOR('',#5009,10.);
#1472=VECTOR('',#5010,10.);
#1473=VECTOR('',#5013,10.);
#1474=VECTOR('',#5016,10.);
#1475=VECTOR('',#5017,10.);
#1476=VECTOR('',#5020,10.);
#1477=VECTOR('',#5023,10.);
#1478=VECTOR('',#5026,2.);
#1479=VECTOR('',#5027,10.);
#1480=VECTOR('',#5032,10.);
#1481=VECTOR('',#5033,10.);
#1482=VECTOR('',#5034,10.);
#1483=VECTOR('',#5037,10.);
#1484=VECTOR('',#5038,10.);
#1485=VECTOR('',#5039,10.);
#1486=VECTOR('',#5042,10.);
#1487=VECTOR('',#5045,10.);
#1488=VECTOR('',#5050,10.);
#1489=VECTOR('',#5053,10.);
#1490=VECTOR('',#5056,10.);
#1491=VECTOR('',#5059,10.);
#1492=VECTOR('',#5062,10.);
#1493=VECTOR('',#5065,10.);
#1494=VECTOR('',#5070,10.);
#1495=VECTOR('',#5073,10.);
#1496=VECTOR('',#5076,10.);
#1497=VECTOR('',#5079,10.);
#1498=VECTOR('',#5082,10.);
#1499=VECTOR('',#5083,10.);
#1500=VECTOR('',#5088,10.);
#1501=VECTOR('',#5089,10.);
#1502=VECTOR('',#5092,10.);
#1503=VECTOR('',#5093,10.);
#1504=VECTOR('',#5098,10.);
#1505=VECTOR('',#5099,10.);
#1506=VECTOR('',#5104,10.);
#1507=VECTOR('',#5105,10.);
#1508=VECTOR('',#5110,10.);
#1509=VECTOR('',#5111,10.);
#1510=VECTOR('',#5114,10.);
#1511=VECTOR('',#5115,10.);
#1512=VECTOR('',#5116,10.);
#1513=VECTOR('',#5119,10.);
#1514=VECTOR('',#5120,10.);
#1515=VECTOR('',#5123,10.);
#1516=VECTOR('',#5124,10.);
#1517=VECTOR('',#5127,10.);
#1518=VECTOR('',#5128,10.);
#1519=VECTOR('',#5131,10.);
#1520=VECTOR('',#5132,10.);
#1521=VECTOR('',#5135,10.);
#1522=VECTOR('',#5136,10.);
#1523=VECTOR('',#5139,10.);
#1524=VECTOR('',#5140,10.);
#1525=VECTOR('',#5141,10.);
#1526=VECTOR('',#5144,10.);
#1527=VECTOR('',#5145,10.);
#1528=VECTOR('',#5146,10.);
#1529=VECTOR('',#5149,10.);
#1530=VECTOR('',#5150,10.);
#1531=VECTOR('',#5151,10.);
#1532=VECTOR('',#5154,10.);
#1533=VECTOR('',#5155,10.);
#1534=VECTOR('',#5156,10.);
#1535=VECTOR('',#5159,10.);
#1536=VECTOR('',#5160,10.);
#1537=VECTOR('',#5161,10.);
#1538=VECTOR('',#5162,10.);
#1539=VECTOR('',#5163,10.);
#1540=VECTOR('',#5164,10.);
#1541=VECTOR('',#5165,10.);
#1542=VECTOR('',#5166,10.);
#1543=VECTOR('',#5167,10.);
#1544=VECTOR('',#5172,10.);
#1545=VECTOR('',#5177,10.);
#1546=VECTOR('',#5184,10.);
#1547=VECTOR('',#5187,10.);
#1548=VECTOR('',#5190,10.);
#1549=VECTOR('',#5191,10.);
#1550=VECTOR('',#5192,10.);
#1551=VECTOR('',#5195,10.);
#1552=VECTOR('',#5196,10.);
#1553=VECTOR('',#5199,10.);
#1554=VECTOR('',#5200,10.);
#1555=VECTOR('',#5203,10.);
#1556=VECTOR('',#5206,10.);
#1557=VECTOR('',#5207,10.);
#1558=VECTOR('',#5210,10.);
#1559=VECTOR('',#5211,10.);
#1560=VECTOR('',#5214,10.);
#1561=VECTOR('',#5215,10.);
#1562=VECTOR('',#5218,10.);
#1563=VECTOR('',#5219,10.);
#1564=VECTOR('',#5222,10.);
#1565=VECTOR('',#5223,10.);
#1566=VECTOR('',#5226,10.);
#1567=VECTOR('',#5229,10.);
#1568=VECTOR('',#5230,10.);
#1569=VECTOR('',#5231,10.);
#1570=VECTOR('',#5232,10.);
#1571=VECTOR('',#5233,10.);
#1572=VECTOR('',#5236,10.);
#1573=VECTOR('',#5237,10.);
#1574=VECTOR('',#5238,10.);
#1575=VECTOR('',#5241,10.);
#1576=VECTOR('',#5242,10.);
#1577=VECTOR('',#5243,10.);
#1578=VECTOR('',#5246,10.);
#1579=VECTOR('',#5247,10.);
#1580=VECTOR('',#5248,10.);
#1581=VECTOR('',#5251,10.);
#1582=VECTOR('',#5252,10.);
#1583=VECTOR('',#5253,10.);
#1584=VECTOR('',#5256,10.);
#1585=VECTOR('',#5257,10.);
#1586=VECTOR('',#5258,10.);
#1587=VECTOR('',#5261,10.);
#1588=VECTOR('',#5262,10.);
#1589=VECTOR('',#5267,10.);
#1590=VECTOR('',#5270,10.);
#1591=VECTOR('',#5271,10.);
#1592=VECTOR('',#5274,10.);
#1593=VECTOR('',#5275,10.);
#1594=VECTOR('',#5278,10.);
#1595=VECTOR('',#5279,10.);
#1596=VECTOR('',#5284,10.);
#1597=VECTOR('',#5287,10.);
#1598=VECTOR('',#5288,10.);
#1599=VECTOR('',#5291,10.);
#1600=VECTOR('',#5292,10.);
#1601=VECTOR('',#5295,10.);
#1602=VECTOR('',#5296,10.);
#1603=VECTOR('',#5301,10.);
#1604=VECTOR('',#5304,10.);
#1605=VECTOR('',#5305,10.);
#1606=VECTOR('',#5308,10.);
#1607=VECTOR('',#5309,10.);
#1608=VECTOR('',#5312,10.);
#1609=VECTOR('',#5313,10.);
#1610=VECTOR('',#5318,10.);
#1611=VECTOR('',#5321,10.);
#1612=VECTOR('',#5322,10.);
#1613=VECTOR('',#5325,10.);
#1614=VECTOR('',#5326,10.);
#1615=VECTOR('',#5329,10.);
#1616=VECTOR('',#5330,10.);
#1617=VECTOR('',#5337,10.);
#1618=VECTOR('',#5338,10.);
#1619=VECTOR('',#5347,10.);
#1620=VECTOR('',#5350,10.);
#1621=VECTOR('',#5353,10.);
#1622=VECTOR('',#5356,10.);
#1623=VECTOR('',#5361,10.);
#1624=VECTOR('',#5370,10.);
#1625=VECTOR('',#5377,10.);
#1626=VECTOR('',#5384,10.);
#1627=VECTOR('',#5389,10.);
#1628=VECTOR('',#5394,10.);
#1629=VECTOR('',#5401,10.);
#1630=VECTOR('',#5412,10.);
#1631=VECTOR('',#5415,10.);
#1632=VECTOR('',#5416,10.);
#1633=VECTOR('',#5419,10.);
#1634=VECTOR('',#5420,10.);
#1635=VECTOR('',#5423,10.);
#1636=VECTOR('',#5428,10.);
#1637=VECTOR('',#5431,10.);
#1638=VECTOR('',#5432,10.);
#1639=VECTOR('',#5435,10.);
#1640=VECTOR('',#5440,10.);
#1641=VECTOR('',#5441,10.);
#1642=VECTOR('',#5444,10.);
#1643=VECTOR('',#5445,10.);
#1644=VECTOR('',#5448,10.);
#1645=VECTOR('',#5449,10.);
#1646=VECTOR('',#5452,10.);
#1647=VECTOR('',#5457,10.);
#1648=VECTOR('',#5460,10.);
#1649=VECTOR('',#5461,10.);
#1650=VECTOR('',#5464,10.);
#1651=VECTOR('',#5469,10.);
#1652=VECTOR('',#5470,10.);
#1653=VECTOR('',#5473,10.);
#1654=VECTOR('',#5474,10.);
#1655=VECTOR('',#5477,10.);
#1656=VECTOR('',#5478,10.);
#1657=VECTOR('',#5481,10.);
#1658=CIRCLE('',#4373,0.500000000000009);
#1659=CIRCLE('',#4374,0.500000000000009);
#1660=CIRCLE('',#4381,0.5);
#1661=CIRCLE('',#4382,0.5);
#1662=CIRCLE('',#4388,0.499999999999995);
#1663=CIRCLE('',#4390,0.5);
#1664=CIRCLE('',#4391,0.5);
#1665=CIRCLE('',#4392,0.499999999999995);
#1666=CIRCLE('',#4397,0.5);
#1667=CIRCLE('',#4398,0.5);
#1668=CIRCLE('',#4402,0.5);
#1669=CIRCLE('',#4403,0.5);
#1670=CIRCLE('',#4406,0.5);
#1671=CIRCLE('',#4407,0.5);
#1672=CIRCLE('',#4424,0.25);
#1673=CIRCLE('',#4425,0.25);
#1674=CIRCLE('',#4428,0.25);
#1675=CIRCLE('',#4429,0.25);
#1676=CIRCLE('',#4432,0.25);
#1677=CIRCLE('',#4433,0.25);
#1678=CIRCLE('',#4436,0.25);
#1679=CIRCLE('',#4437,0.25);
#1680=CIRCLE('',#4441,0.0599993201538637);
#1681=CIRCLE('',#4442,0.0599993201538637);
#1682=CIRCLE('',#4445,0.0599993202038509);
#1683=CIRCLE('',#4446,0.0599993202038509);
#1684=CIRCLE('',#4449,0.059999320153846);
#1685=CIRCLE('',#4450,0.059999320153846);
#1686=CIRCLE('',#4453,0.0599993202038509);
#1687=CIRCLE('',#4454,0.0599993202038509);
#1688=CIRCLE('',#4456,1.);
#1689=CIRCLE('',#4457,1.);
#1690=CIRCLE('',#4459,2.);
#1691=CIRCLE('',#4462,2.);
#1692=CIRCLE('',#4468,1.);
#1693=CIRCLE('',#4469,1.);
#1694=CIRCLE('',#4471,2.);
#1695=CIRCLE('',#4474,2.);
#1696=CIRCLE('',#4510,2.50267615328063);
#1697=CIRCLE('',#4511,2.50255313155151);
#1698=CIRCLE('',#4512,2.50255313164488);
#1699=CIRCLE('',#4513,2.50255313155436);
#1700=CIRCLE('',#4533,2.00255313155436);
#1701=CIRCLE('',#4534,2.00255313164487);
#1702=CIRCLE('',#4535,2.00255313155152);
#1703=CIRCLE('',#4536,2.00267615328063);
#1704=CIRCLE('',#4540,2.00255313155436);
#1705=CIRCLE('',#4545,2.00255313164487);
#1706=CIRCLE('',#4550,2.00255313155152);
#1707=CIRCLE('',#4555,2.00267615328063);
#1708=CIRCLE('',#4560,1.);
#1709=CIRCLE('',#4561,1.);
#1710=CIRCLE('',#4563,1.);
#1711=CIRCLE('',#4565,1.);
#1712=CIRCLE('',#4572,3.50255313155436);
#1713=CIRCLE('',#4579,3.50255313164488);
#1714=CIRCLE('',#4586,3.50255313155151);
#1715=CIRCLE('',#4591,3.50267615328062);
#1716=CIRCLE('',#4596,3.50255313155436);
#1717=CIRCLE('',#4600,3.50255313164488);
#1718=CIRCLE('',#4605,3.50255313155151);
#1719=CIRCLE('',#4609,3.50267615328062);
#1720=VERTEX_POINT('',#5489);
#1721=VERTEX_POINT('',#5490);
#1722=VERTEX_POINT('',#5492);
#1723=VERTEX_POINT('',#5494);
#1724=VERTEX_POINT('',#5517);
#1725=VERTEX_POINT('',#5518);
#1726=VERTEX_POINT('',#5575);
#1727=VERTEX_POINT('',#5580);
#1728=VERTEX_POINT('',#5586);
#1729=VERTEX_POINT('',#5592);
#1730=VERTEX_POINT('',#5594);
#1731=VERTEX_POINT('',#5600);
#1732=VERTEX_POINT('',#5606);
#1733=VERTEX_POINT('',#5612);
#1734=VERTEX_POINT('',#5618);
#1735=VERTEX_POINT('',#5624);
#1736=VERTEX_POINT('',#5630);
#1737=VERTEX_POINT('',#5640);
#1738=VERTEX_POINT('',#5641);
#1739=VERTEX_POINT('',#5643);
#1740=VERTEX_POINT('',#5649);
#1741=VERTEX_POINT('',#5655);
#1742=VERTEX_POINT('',#5676);
#1743=VERTEX_POINT('',#5678);
#1744=VERTEX_POINT('',#5686);
#1745=VERTEX_POINT('',#5687);
#1746=VERTEX_POINT('',#5719);
#1747=VERTEX_POINT('',#5721);
#1748=VERTEX_POINT('',#5770);
#1749=VERTEX_POINT('',#5775);
#1750=VERTEX_POINT('',#5781);
#1751=VERTEX_POINT('',#5787);
#1752=VERTEX_POINT('',#5793);
#1753=VERTEX_POINT('',#5799);
#1754=VERTEX_POINT('',#5805);
#1755=VERTEX_POINT('',#5811);
#1756=VERTEX_POINT('',#5813);
#1757=VERTEX_POINT('',#5818);
#1758=VERTEX_POINT('',#5824);
#1759=VERTEX_POINT('',#5830);
#1760=VERTEX_POINT('',#5836);
#1761=VERTEX_POINT('',#5842);
#1762=VERTEX_POINT('',#5848);
#1763=VERTEX_POINT('',#5869);
#1764=VERTEX_POINT('',#5877);
#1765=VERTEX_POINT('',#5924);
#1766=VERTEX_POINT('',#5929);
#1767=VERTEX_POINT('',#5953);
#1768=VERTEX_POINT('',#5955);
#1769=VERTEX_POINT('',#5972);
#1770=VERTEX_POINT('',#5980);
#1771=VERTEX_POINT('',#5981);
#1772=VERTEX_POINT('',#5986);
#1773=VERTEX_POINT('',#5988);
#1774=VERTEX_POINT('',#5990);
#1775=VERTEX_POINT('',#5992);
#1776=VERTEX_POINT('',#5994);
#1777=VERTEX_POINT('',#5996);
#1778=VERTEX_POINT('',#5998);
#1779=VERTEX_POINT('',#6000);
#1780=VERTEX_POINT('',#6052);
#1781=VERTEX_POINT('',#6056);
#1782=VERTEX_POINT('',#6060);
#1783=VERTEX_POINT('',#6062);
#1784=VERTEX_POINT('',#6064);
#1785=VERTEX_POINT('',#6068);
#1786=VERTEX_POINT('',#6074);
#1787=VERTEX_POINT('',#6080);
#1788=VERTEX_POINT('',#6085);
#1789=VERTEX_POINT('',#6087);
#1790=VERTEX_POINT('',#6091);
#1791=VERTEX_POINT('',#6098);
#1792=VERTEX_POINT('',#6103);
#1793=VERTEX_POINT('',#6126);
#1794=VERTEX_POINT('',#6128);
#1795=VERTEX_POINT('',#6130);
#1796=VERTEX_POINT('',#6132);
#1797=VERTEX_POINT('',#6144);
#1798=VERTEX_POINT('',#6146);
#1799=VERTEX_POINT('',#6183);
#1800=VERTEX_POINT('',#6189);
#1801=VERTEX_POINT('',#6196);
#1802=VERTEX_POINT('',#6237);
#1803=VERTEX_POINT('',#6259);
#1804=VERTEX_POINT('',#6276);
#1805=VERTEX_POINT('',#6278);
#1806=VERTEX_POINT('',#6286);
#1807=VERTEX_POINT('',#6287);
#1808=VERTEX_POINT('',#6289);
#1809=VERTEX_POINT('',#6291);
#1810=VERTEX_POINT('',#6295);
#1811=VERTEX_POINT('',#6297);
#1812=VERTEX_POINT('',#6301);
#1813=VERTEX_POINT('',#6303);
#1814=VERTEX_POINT('',#6309);
#1815=VERTEX_POINT('',#6315);
#1816=VERTEX_POINT('',#6321);
#1817=VERTEX_POINT('',#6327);
#1818=VERTEX_POINT('',#6333);
#1819=VERTEX_POINT('',#6339);
#1820=VERTEX_POINT('',#6345);
#1821=VERTEX_POINT('',#6351);
#1822=VERTEX_POINT('',#6353);
#1823=VERTEX_POINT('',#6355);
#1824=VERTEX_POINT('',#6357);
#1825=VERTEX_POINT('',#6359);
#1826=VERTEX_POINT('',#6361);
#1827=VERTEX_POINT('',#6367);
#1828=VERTEX_POINT('',#6373);
#1829=VERTEX_POINT('',#6379);
#1830=VERTEX_POINT('',#6385);
#1831=VERTEX_POINT('',#6391);
#1832=VERTEX_POINT('',#6397);
#1833=VERTEX_POINT('',#6399);
#1834=VERTEX_POINT('',#6401);
#1835=VERTEX_POINT('',#6403);
#1836=VERTEX_POINT('',#6409);
#1837=VERTEX_POINT('',#6415);
#1838=VERTEX_POINT('',#6421);
#1839=VERTEX_POINT('',#6433);
#1840=VERTEX_POINT('',#6435);
#1841=VERTEX_POINT('',#6439);
#1842=VERTEX_POINT('',#6443);
#1843=VERTEX_POINT('',#6445);
#1844=VERTEX_POINT('',#6449);
#1845=VERTEX_POINT('',#6462);
#1846=VERTEX_POINT('',#6479);
#1847=VERTEX_POINT('',#6496);
#1848=VERTEX_POINT('',#6513);
#1849=VERTEX_POINT('',#6530);
#1850=VERTEX_POINT('',#6547);
#1851=VERTEX_POINT('',#6594);
#1852=VERTEX_POINT('',#6611);
#1853=VERTEX_POINT('',#6628);
#1854=VERTEX_POINT('',#6645);
#1855=VERTEX_POINT('',#6677);
#1856=VERTEX_POINT('',#6678);
#1857=VERTEX_POINT('',#6696);
#1858=VERTEX_POINT('',#6713);
#1859=VERTEX_POINT('',#6730);
#1860=VERTEX_POINT('',#6749);
#1861=VERTEX_POINT('',#6766);
#1862=VERTEX_POINT('',#6783);
#1863=VERTEX_POINT('',#6800);
#1864=VERTEX_POINT('',#6817);
#1865=VERTEX_POINT('',#6834);
#1866=VERTEX_POINT('',#6851);
#1867=VERTEX_POINT('',#6868);
#1868=VERTEX_POINT('',#6876);
#1869=VERTEX_POINT('',#6889);
#1870=VERTEX_POINT('',#6928);
#1871=VERTEX_POINT('',#6943);
#1872=VERTEX_POINT('',#6960);
#1873=VERTEX_POINT('',#6992);
#1874=VERTEX_POINT('',#7009);
#1875=VERTEX_POINT('',#7026);
#1876=VERTEX_POINT('',#7043);
#1877=VERTEX_POINT('',#7051);
#1878=VERTEX_POINT('',#7066);
#1879=VERTEX_POINT('',#7067);
#1880=VERTEX_POINT('',#7073);
#1881=VERTEX_POINT('',#7075);
#1882=VERTEX_POINT('',#7092);
#1883=VERTEX_POINT('',#7098);
#1884=VERTEX_POINT('',#7115);
#1885=VERTEX_POINT('',#7121);
#1886=VERTEX_POINT('',#7138);
#1887=VERTEX_POINT('',#7144);
#1888=VERTEX_POINT('',#7161);
#1889=VERTEX_POINT('',#7167);
#1890=VERTEX_POINT('',#7184);
#1891=VERTEX_POINT('',#7190);
#1892=VERTEX_POINT('',#7207);
#1893=VERTEX_POINT('',#7213);
#1894=VERTEX_POINT('',#7250);
#1895=VERTEX_POINT('',#7251);
#1896=VERTEX_POINT('',#7257);
#1897=VERTEX_POINT('',#7259);
#1898=VERTEX_POINT('',#7276);
#1899=VERTEX_POINT('',#7282);
#1900=VERTEX_POINT('',#7299);
#1901=VERTEX_POINT('',#7305);
#1902=VERTEX_POINT('',#7322);
#1903=VERTEX_POINT('',#7328);
#1904=VERTEX_POINT('',#7345);
#1905=VERTEX_POINT('',#7351);
#1906=VERTEX_POINT('',#7368);
#1907=VERTEX_POINT('',#7374);
#1908=VERTEX_POINT('',#7391);
#1909=VERTEX_POINT('',#7397);
#1910=VERTEX_POINT('',#7414);
#1911=VERTEX_POINT('',#7420);
#1912=VERTEX_POINT('',#7437);
#1913=VERTEX_POINT('',#7443);
#1914=VERTEX_POINT('',#7473);
#1915=VERTEX_POINT('',#7474);
#1916=VERTEX_POINT('',#7479);
#1917=VERTEX_POINT('',#7492);
#1918=VERTEX_POINT('',#7509);
#1919=VERTEX_POINT('',#7526);
#1920=VERTEX_POINT('',#7543);
#1921=VERTEX_POINT('',#7560);
#1922=VERTEX_POINT('',#7577);
#1923=VERTEX_POINT('',#7594);
#1924=VERTEX_POINT('',#7611);
#1925=VERTEX_POINT('',#7630);
#1926=VERTEX_POINT('',#7647);
#1927=VERTEX_POINT('',#7664);
#1928=VERTEX_POINT('',#7681);
#1929=VERTEX_POINT('',#7698);
#1930=VERTEX_POINT('',#7717);
#1931=VERTEX_POINT('',#7734);
#1932=VERTEX_POINT('',#7751);
#1933=VERTEX_POINT('',#7768);
#1934=VERTEX_POINT('',#7785);
#1935=VERTEX_POINT('',#7810);
#1936=VERTEX_POINT('',#7811);
#1937=VERTEX_POINT('',#7813);
#1938=VERTEX_POINT('',#7815);
#1939=VERTEX_POINT('',#7819);
#1940=VERTEX_POINT('',#7821);
#1941=VERTEX_POINT('',#7825);
#1942=VERTEX_POINT('',#7826);
#1943=VERTEX_POINT('',#7828);
#1944=VERTEX_POINT('',#7830);
#1945=VERTEX_POINT('',#7837);
#1946=VERTEX_POINT('',#7838);
#1947=VERTEX_POINT('',#7840);
#1948=VERTEX_POINT('',#7842);
#1949=VERTEX_POINT('',#7846);
#1950=VERTEX_POINT('',#7848);
#1951=VERTEX_POINT('',#7852);
#1952=VERTEX_POINT('',#7854);
#1953=VERTEX_POINT('',#7858);
#1954=VERTEX_POINT('',#7860);
#1955=VERTEX_POINT('',#7864);
#1956=VERTEX_POINT('',#7866);
#1957=VERTEX_POINT('',#7870);
#1958=VERTEX_POINT('',#7872);
#1959=VERTEX_POINT('',#7876);
#1960=VERTEX_POINT('',#7878);
#1961=VERTEX_POINT('',#7885);
#1962=VERTEX_POINT('',#7887);
#1963=VERTEX_POINT('',#7891);
#1964=VERTEX_POINT('',#7893);
#1965=VERTEX_POINT('',#7897);
#1966=VERTEX_POINT('',#7899);
#1967=VERTEX_POINT('',#7906);
#1968=VERTEX_POINT('',#7907);
#1969=VERTEX_POINT('',#7909);
#1970=VERTEX_POINT('',#7911);
#1971=VERTEX_POINT('',#7915);
#1972=VERTEX_POINT('',#7917);
#1973=VERTEX_POINT('',#7919);
#1974=VERTEX_POINT('',#7923);
#1975=VERTEX_POINT('',#7927);
#1976=VERTEX_POINT('',#7931);
#1977=VERTEX_POINT('',#7937);
#1978=VERTEX_POINT('',#7939);
#1979=VERTEX_POINT('',#7943);
#1980=VERTEX_POINT('',#7945);
#1981=VERTEX_POINT('',#7949);
#1982=VERTEX_POINT('',#7950);
#1983=VERTEX_POINT('',#7952);
#1984=VERTEX_POINT('',#7954);
#1985=VERTEX_POINT('',#7958);
#1986=VERTEX_POINT('',#7960);
#1987=VERTEX_POINT('',#7962);
#1988=VERTEX_POINT('',#7966);
#1989=VERTEX_POINT('',#7970);
#1990=VERTEX_POINT('',#7972);
#1991=VERTEX_POINT('',#7980);
#1992=VERTEX_POINT('',#7982);
#1993=VERTEX_POINT('',#7986);
#1994=VERTEX_POINT('',#7988);
#1995=VERTEX_POINT('',#7992);
#1996=VERTEX_POINT('',#7993);
#1997=VERTEX_POINT('',#7995);
#1998=VERTEX_POINT('',#7997);
#1999=VERTEX_POINT('',#8001);
#2000=VERTEX_POINT('',#8003);
#2001=VERTEX_POINT('',#8007);
#2002=VERTEX_POINT('',#8009);
#2003=VERTEX_POINT('',#8013);
#2004=VERTEX_POINT('',#8014);
#2005=VERTEX_POINT('',#8016);
#2006=VERTEX_POINT('',#8018);
#2007=VERTEX_POINT('',#8022);
#2008=VERTEX_POINT('',#8024);
#2009=VERTEX_POINT('',#8028);
#2010=VERTEX_POINT('',#8030);
#2011=VERTEX_POINT('',#8034);
#2012=VERTEX_POINT('',#8036);
#2013=VERTEX_POINT('',#8043);
#2014=VERTEX_POINT('',#8045);
#2015=VERTEX_POINT('',#8049);
#2016=VERTEX_POINT('',#8051);
#2017=VERTEX_POINT('',#8055);
#2018=VERTEX_POINT('',#8057);
#2019=VERTEX_POINT('',#8064);
#2020=VERTEX_POINT('',#8066);
#2021=VERTEX_POINT('',#8070);
#2022=VERTEX_POINT('',#8074);
#2023=VERTEX_POINT('',#8078);
#2024=VERTEX_POINT('',#8082);
#2025=VERTEX_POINT('',#8086);
#2026=VERTEX_POINT('',#8090);
#2027=VERTEX_POINT('',#8091);
#2028=VERTEX_POINT('',#8093);
#2029=VERTEX_POINT('',#8095);
#2030=VERTEX_POINT('',#8097);
#2031=VERTEX_POINT('',#8099);
#2032=VERTEX_POINT('',#8101);
#2033=VERTEX_POINT('',#8103);
#2034=VERTEX_POINT('',#8105);
#2035=VERTEX_POINT('',#8107);
#2036=VERTEX_POINT('',#8109);
#2037=VERTEX_POINT('',#8111);
#2038=VERTEX_POINT('',#8113);
#2039=VERTEX_POINT('',#8115);
#2040=VERTEX_POINT('',#8117);
#2041=VERTEX_POINT('',#8119);
#2042=VERTEX_POINT('',#8121);
#2043=VERTEX_POINT('',#8123);
#2044=VERTEX_POINT('',#8125);
#2045=VERTEX_POINT('',#8127);
#2046=VERTEX_POINT('',#8129);
#2047=VERTEX_POINT('',#8132);
#2048=VERTEX_POINT('',#8133);
#2049=VERTEX_POINT('',#8135);
#2050=VERTEX_POINT('',#8137);
#2051=VERTEX_POINT('',#8141);
#2052=VERTEX_POINT('',#8143);
#2053=VERTEX_POINT('',#8147);
#2054=VERTEX_POINT('',#8148);
#2055=VERTEX_POINT('',#8157);
#2056=VERTEX_POINT('',#8159);
#2057=VERTEX_POINT('',#8163);
#2058=VERTEX_POINT('',#8167);
#2059=VERTEX_POINT('',#8173);
#2060=VERTEX_POINT('',#8177);
#2061=VERTEX_POINT('',#8181);
#2062=VERTEX_POINT('',#8185);
#2063=VERTEX_POINT('',#8189);
#2064=VERTEX_POINT('',#8195);
#2065=VERTEX_POINT('',#8196);
#2066=VERTEX_POINT('',#8198);
#2067=VERTEX_POINT('',#8200);
#2068=VERTEX_POINT('',#8202);
#2069=VERTEX_POINT('',#8204);
#2070=VERTEX_POINT('',#8206);
#2071=VERTEX_POINT('',#8208);
#2072=VERTEX_POINT('',#8210);
#2073=VERTEX_POINT('',#8212);
#2074=VERTEX_POINT('',#8214);
#2075=VERTEX_POINT('',#8216);
#2076=VERTEX_POINT('',#8218);
#2077=VERTEX_POINT('',#8220);
#2078=VERTEX_POINT('',#8222);
#2079=VERTEX_POINT('',#8224);
#2080=VERTEX_POINT('',#8226);
#2081=VERTEX_POINT('',#8228);
#2082=VERTEX_POINT('',#8230);
#2083=VERTEX_POINT('',#8232);
#2084=VERTEX_POINT('',#8234);
#2085=VERTEX_POINT('',#8238);
#2086=VERTEX_POINT('',#8239);
#2087=VERTEX_POINT('',#8244);
#2088=VERTEX_POINT('',#8248);
#2089=VERTEX_POINT('',#8252);
#2090=VERTEX_POINT('',#8256);
#2091=VERTEX_POINT('',#8260);
#2092=VERTEX_POINT('',#8264);
#2093=VERTEX_POINT('',#8268);
#2094=VERTEX_POINT('',#8272);
#2095=VERTEX_POINT('',#8276);
#2096=VERTEX_POINT('',#8280);
#2097=VERTEX_POINT('',#8284);
#2098=VERTEX_POINT('',#8288);
#2099=VERTEX_POINT('',#8292);
#2100=VERTEX_POINT('',#8296);
#2101=VERTEX_POINT('',#8300);
#2102=VERTEX_POINT('',#8304);
#2103=VERTEX_POINT('',#8308);
#2104=VERTEX_POINT('',#8313);
#2105=VERTEX_POINT('',#8315);
#2106=VERTEX_POINT('',#8321);
#2107=VERTEX_POINT('',#8359);
#2108=VERTEX_POINT('',#8363);
#2109=VERTEX_POINT('',#8403);
#2110=VERTEX_POINT('',#8455);
#2111=VERTEX_POINT('',#8459);
#2112=VERTEX_POINT('',#8474);
#2113=VERTEX_POINT('',#8494);
#2114=VERTEX_POINT('',#8509);
#2115=VERTEX_POINT('',#8524);
#2116=VERTEX_POINT('',#8528);
#2117=VERTEX_POINT('',#8532);
#2118=VERTEX_POINT('',#8547);
#2119=VERTEX_POINT('',#8566);
#2120=VERTEX_POINT('',#8583);
#2121=VERTEX_POINT('',#8587);
#2122=VERTEX_POINT('',#8591);
#2123=VERTEX_POINT('',#8597);
#2124=VERTEX_POINT('',#8601);
#2125=VERTEX_POINT('',#8605);
#2126=VERTEX_POINT('',#8609);
#2127=VERTEX_POINT('',#8613);
#2128=VERTEX_POINT('',#8617);
#2129=VERTEX_POINT('',#8623);
#2130=VERTEX_POINT('',#8627);
#2131=VERTEX_POINT('',#8631);
#2132=VERTEX_POINT('',#8635);
#2133=VERTEX_POINT('',#8639);
#2134=EDGE_CURVE('',#1720,#1721,#1658,.T.);
#2135=EDGE_CURVE('',#1721,#1722,#902,.T.);
#2136=EDGE_CURVE('',#1722,#1723,#724,.T.);
#2137=EDGE_CURVE('',#1720,#1723,#903,.T.);
#2138=EDGE_CURVE('',#1724,#1725,#725,.T.);
#2139=EDGE_CURVE('',#1725,#1721,#1659,.T.);
#2140=EDGE_CURVE('',#1720,#1724,#726,.T.);
#2141=EDGE_CURVE('',#1725,#1726,#727,.T.);
#2142=EDGE_CURVE('',#1726,#1727,#728,.T.);
#2143=EDGE_CURVE('',#1727,#1728,#729,.T.);
#2144=EDGE_CURVE('',#1728,#1729,#904,.T.);
#2145=EDGE_CURVE('',#1729,#1730,#730,.T.);
#2146=EDGE_CURVE('',#1730,#1731,#731,.T.);
#2147=EDGE_CURVE('',#1731,#1732,#732,.T.);
#2148=EDGE_CURVE('',#1732,#1733,#733,.T.);
#2149=EDGE_CURVE('',#1733,#1734,#734,.T.);
#2150=EDGE_CURVE('',#1734,#1735,#735,.T.);
#2151=EDGE_CURVE('',#1735,#1736,#736,.T.);
#2152=EDGE_CURVE('',#1736,#1722,#737,.T.);
#2153=EDGE_CURVE('',#1737,#1738,#905,.T.);
#2154=EDGE_CURVE('',#1738,#1739,#738,.T.);
#2155=EDGE_CURVE('',#1739,#1740,#739,.T.);
#2156=EDGE_CURVE('',#1740,#1741,#740,.T.);
#2157=EDGE_CURVE('',#1741,#1737,#741,.T.);
#2158=EDGE_CURVE('',#1742,#1724,#906,.T.);
#2159=EDGE_CURVE('',#1743,#1742,#742,.T.);
#2160=EDGE_CURVE('',#1743,#1726,#907,.T.);
#2161=EDGE_CURVE('',#1744,#1745,#743,.T.);
#2162=EDGE_CURVE('',#1746,#1745,#908,.T.);
#2163=EDGE_CURVE('',#1746,#1747,#744,.T.);
#2164=EDGE_CURVE('',#1747,#1744,#909,.T.);
#2165=EDGE_CURVE('',#1747,#1748,#745,.T.);
#2166=EDGE_CURVE('',#1748,#1749,#746,.T.);
#2167=EDGE_CURVE('',#1749,#1750,#747,.T.);
#2168=EDGE_CURVE('',#1750,#1751,#748,.T.);
#2169=EDGE_CURVE('',#1751,#1752,#749,.T.);
#2170=EDGE_CURVE('',#1752,#1753,#750,.T.);
#2171=EDGE_CURVE('',#1753,#1754,#751,.T.);
#2172=EDGE_CURVE('',#1755,#1754,#910,.T.);
#2173=EDGE_CURVE('',#1755,#1756,#752,.T.);
#2174=EDGE_CURVE('',#1756,#1757,#753,.T.);
#2175=EDGE_CURVE('',#1757,#1758,#754,.T.);
#2176=EDGE_CURVE('',#1758,#1759,#755,.T.);
#2177=EDGE_CURVE('',#1759,#1760,#756,.T.);
#2178=EDGE_CURVE('',#1760,#1761,#757,.T.);
#2179=EDGE_CURVE('',#1761,#1762,#758,.T.);
#2180=EDGE_CURVE('',#1762,#1744,#759,.T.);
#2181=EDGE_CURVE('',#1763,#1746,#760,.T.);
#2182=EDGE_CURVE('',#1763,#1748,#911,.T.);
#2183=EDGE_CURVE('',#1764,#1755,#761,.T.);
#2184=EDGE_CURVE('',#1754,#1765,#762,.T.);
#2185=EDGE_CURVE('',#1765,#1766,#763,.T.);
#2186=EDGE_CURVE('',#1764,#1766,#912,.T.);
#2187=EDGE_CURVE('',#1767,#1753,#913,.T.);
#2188=EDGE_CURVE('',#1768,#1767,#764,.T.);
#2189=EDGE_CURVE('',#1768,#1765,#914,.T.);
#2190=EDGE_CURVE('',#1769,#1764,#765,.T.);
#2191=EDGE_CURVE('',#1769,#1756,#915,.T.);
#2192=EDGE_CURVE('',#1770,#1771,#766,.T.);
#2193=EDGE_CURVE('',#1771,#1772,#916,.T.);
#2194=EDGE_CURVE('',#1772,#1773,#23,.T.);
#2195=EDGE_CURVE('',#1773,#1774,#917,.T.);
#2196=EDGE_CURVE('',#1774,#1775,#1660,.T.);
#2197=EDGE_CURVE('',#1776,#1775,#918,.T.);
#2198=EDGE_CURVE('',#1776,#1777,#1661,.T.);
#2199=EDGE_CURVE('',#1777,#1778,#919,.T.);
#2200=EDGE_CURVE('',#1778,#1779,#767,.T.);
#2201=EDGE_CURVE('',#1779,#1770,#768,.T.);
#2202=EDGE_CURVE('',#1780,#1774,#920,.T.);
#2203=EDGE_CURVE('',#1775,#1780,#921,.T.);
#2204=EDGE_CURVE('',#1781,#1773,#922,.T.);
#2205=EDGE_CURVE('',#1780,#1781,#923,.T.);
#2206=EDGE_CURVE('',#1782,#1772,#924,.T.);
#2207=EDGE_CURVE('',#1783,#1782,#24,.T.);
#2208=EDGE_CURVE('',#1784,#1783,#925,.T.);
#2209=EDGE_CURVE('',#1781,#1784,#926,.T.);
#2210=EDGE_CURVE('',#1771,#1785,#769,.T.);
#2211=EDGE_CURVE('',#1785,#1786,#770,.T.);
#2212=EDGE_CURVE('',#1786,#1787,#771,.T.);
#2213=EDGE_CURVE('',#1788,#1787,#927,.T.);
#2214=EDGE_CURVE('',#1789,#1788,#1662,.T.);
#2215=EDGE_CURVE('',#1782,#1789,#928,.T.);
#2216=EDGE_CURVE('',#1789,#1790,#772,.T.);
#2217=EDGE_CURVE('',#1790,#1791,#773,.T.);
#2218=EDGE_CURVE('',#1791,#1792,#774,.T.);
#2219=EDGE_CURVE('',#1792,#1793,#929,.T.);
#2220=EDGE_CURVE('',#1793,#1794,#1663,.T.);
#2221=EDGE_CURVE('',#1795,#1794,#930,.T.);
#2222=EDGE_CURVE('',#1795,#1796,#1664,.T.);
#2223=EDGE_CURVE('',#1796,#1783,#931,.T.);
#2224=EDGE_CURVE('',#1797,#1788,#1665,.T.);
#2225=EDGE_CURVE('',#1797,#1798,#775,.T.);
#2226=EDGE_CURVE('',#1798,#1790,#776,.T.);
#2227=EDGE_CURVE('',#1799,#1796,#932,.T.);
#2228=EDGE_CURVE('',#1784,#1799,#933,.T.);
#2229=EDGE_CURVE('',#1799,#1795,#934,.T.);
#2230=EDGE_CURVE('',#1800,#1797,#777,.T.);
#2231=EDGE_CURVE('',#1787,#1801,#778,.T.);
#2232=EDGE_CURVE('',#1802,#1801,#935,.T.);
#2233=EDGE_CURVE('',#1802,#1800,#779,.T.);
#2234=EDGE_CURVE('',#1803,#1786,#936,.T.);
#2235=EDGE_CURVE('',#1801,#1803,#780,.T.);
#2236=EDGE_CURVE('',#1804,#1791,#937,.T.);
#2237=EDGE_CURVE('',#1805,#1804,#781,.T.);
#2238=EDGE_CURVE('',#1805,#1792,#938,.T.);
#2239=EDGE_CURVE('',#1806,#1807,#1666,.T.);
#2240=EDGE_CURVE('',#1807,#1808,#939,.T.);
#2241=EDGE_CURVE('',#1808,#1809,#1667,.T.);
#2242=EDGE_CURVE('',#1806,#1809,#940,.T.);
#2243=EDGE_CURVE('',#1810,#1808,#941,.T.);
#2244=EDGE_CURVE('',#1811,#1810,#942,.T.);
#2245=EDGE_CURVE('',#1809,#1811,#943,.T.);
#2246=EDGE_CURVE('',#1807,#1812,#944,.T.);
#2247=EDGE_CURVE('',#1812,#1813,#782,.T.);
#2248=EDGE_CURVE('',#1813,#1814,#783,.T.);
#2249=EDGE_CURVE('',#1814,#1815,#784,.T.);
#2250=EDGE_CURVE('',#1815,#1816,#785,.T.);
#2251=EDGE_CURVE('',#1816,#1817,#786,.T.);
#2252=EDGE_CURVE('',#1817,#1818,#787,.T.);
#2253=EDGE_CURVE('',#1818,#1819,#788,.T.);
#2254=EDGE_CURVE('',#1819,#1820,#789,.T.);
#2255=EDGE_CURVE('',#1820,#1821,#945,.T.);
#2256=EDGE_CURVE('',#1821,#1822,#946,.T.);
#2257=EDGE_CURVE('',#1822,#1823,#947,.T.);
#2258=EDGE_CURVE('',#1824,#1823,#948,.T.);
#2259=EDGE_CURVE('',#1824,#1825,#949,.T.);
#2260=EDGE_CURVE('',#1825,#1826,#790,.T.);
#2261=EDGE_CURVE('',#1826,#1827,#791,.T.);
#2262=EDGE_CURVE('',#1827,#1828,#792,.T.);
#2263=EDGE_CURVE('',#1828,#1829,#793,.T.);
#2264=EDGE_CURVE('',#1829,#1830,#794,.T.);
#2265=EDGE_CURVE('',#1830,#1831,#795,.T.);
#2266=EDGE_CURVE('',#1831,#1832,#950,.T.);
#2267=EDGE_CURVE('',#1833,#1832,#951,.T.);
#2268=EDGE_CURVE('',#1833,#1834,#952,.T.);
#2269=EDGE_CURVE('',#1834,#1835,#796,.T.);
#2270=EDGE_CURVE('',#1835,#1836,#797,.T.);
#2271=EDGE_CURVE('',#1836,#1837,#798,.T.);
#2272=EDGE_CURVE('',#1837,#1838,#799,.T.);
#2273=EDGE_CURVE('',#1838,#1810,#800,.T.);
#2274=EDGE_CURVE('',#1839,#1833,#1668,.T.);
#2275=EDGE_CURVE('',#1832,#1840,#1669,.T.);
#2276=EDGE_CURVE('',#1839,#1840,#953,.T.);
#2277=EDGE_CURVE('',#1841,#1831,#954,.T.);
#2278=EDGE_CURVE('',#1840,#1841,#955,.T.);
#2279=EDGE_CURVE('',#1823,#1842,#1670,.T.);
#2280=EDGE_CURVE('',#1843,#1842,#956,.T.);
#2281=EDGE_CURVE('',#1843,#1824,#1671,.T.);
#2282=EDGE_CURVE('',#1844,#1843,#957,.T.);
#2283=EDGE_CURVE('',#1844,#1825,#958,.T.);
#2284=EDGE_CURVE('',#1845,#1762,#959,.T.);
#2285=EDGE_CURVE('',#1745,#1845,#801,.T.);
#2286=EDGE_CURVE('',#1845,#1846,#802,.T.);
#2287=EDGE_CURVE('',#1846,#1761,#960,.T.);
#2288=EDGE_CURVE('',#1846,#1847,#803,.T.);
#2289=EDGE_CURVE('',#1847,#1760,#961,.T.);
#2290=EDGE_CURVE('',#1847,#1848,#804,.T.);
#2291=EDGE_CURVE('',#1848,#1759,#962,.T.);
#2292=EDGE_CURVE('',#1848,#1849,#805,.T.);
#2293=EDGE_CURVE('',#1849,#1758,#963,.T.);
#2294=EDGE_CURVE('',#1849,#1850,#806,.T.);
#2295=EDGE_CURVE('',#1850,#1757,#964,.T.);
#2296=EDGE_CURVE('',#1850,#1769,#807,.T.);
#2297=EDGE_CURVE('',#1766,#1768,#808,.T.);
#2298=EDGE_CURVE('',#1767,#1851,#809,.T.);
#2299=EDGE_CURVE('',#1851,#1752,#965,.T.);
#2300=EDGE_CURVE('',#1851,#1852,#810,.T.);
#2301=EDGE_CURVE('',#1852,#1751,#966,.T.);
#2302=EDGE_CURVE('',#1852,#1853,#811,.T.);
#2303=EDGE_CURVE('',#1853,#1750,#967,.T.);
#2304=EDGE_CURVE('',#1853,#1854,#812,.T.);
#2305=EDGE_CURVE('',#1854,#1749,#968,.T.);
#2306=EDGE_CURVE('',#1854,#1763,#813,.T.);
#2307=EDGE_CURVE('',#1855,#1856,#814,.T.);
#2308=EDGE_CURVE('',#1855,#1737,#969,.T.);
#2309=EDGE_CURVE('',#1856,#1741,#970,.T.);
#2310=EDGE_CURVE('',#1856,#1857,#815,.T.);
#2311=EDGE_CURVE('',#1857,#1740,#971,.T.);
#2312=EDGE_CURVE('',#1857,#1858,#816,.T.);
#2313=EDGE_CURVE('',#1858,#1739,#972,.T.);
#2314=EDGE_CURVE('',#1858,#1859,#817,.T.);
#2315=EDGE_CURVE('',#1859,#1738,#973,.T.);
#2316=EDGE_CURVE('',#1859,#1855,#974,.T.);
#2317=EDGE_CURVE('',#1860,#1736,#975,.T.);
#2318=EDGE_CURVE('',#1723,#1860,#818,.T.);
#2319=EDGE_CURVE('',#1860,#1861,#819,.T.);
#2320=EDGE_CURVE('',#1861,#1735,#976,.T.);
#2321=EDGE_CURVE('',#1861,#1862,#820,.T.);
#2322=EDGE_CURVE('',#1862,#1734,#977,.T.);
#2323=EDGE_CURVE('',#1862,#1863,#821,.T.);
#2324=EDGE_CURVE('',#1863,#1733,#978,.T.);
#2325=EDGE_CURVE('',#1863,#1864,#822,.T.);
#2326=EDGE_CURVE('',#1864,#1732,#979,.T.);
#2327=EDGE_CURVE('',#1864,#1865,#823,.T.);
#2328=EDGE_CURVE('',#1865,#1731,#980,.T.);
#2329=EDGE_CURVE('',#1865,#1866,#824,.T.);
#2330=EDGE_CURVE('',#1866,#1730,#981,.T.);
#2331=EDGE_CURVE('',#1866,#1867,#825,.T.);
#2332=EDGE_CURVE('',#1867,#1729,#982,.T.);
#2333=EDGE_CURVE('',#1867,#1868,#983,.T.);
#2334=EDGE_CURVE('',#1868,#1728,#984,.T.);
#2335=EDGE_CURVE('',#1868,#1869,#826,.T.);
#2336=EDGE_CURVE('',#1869,#1727,#985,.T.);
#2337=EDGE_CURVE('',#1869,#1743,#827,.T.);
#2338=EDGE_CURVE('',#1742,#1720,#828,.T.);
#2339=EDGE_CURVE('',#1870,#1793,#986,.T.);
#2340=EDGE_CURVE('',#1794,#1870,#987,.T.);
#2341=EDGE_CURVE('',#1870,#1805,#988,.T.);
#2342=EDGE_CURVE('',#1871,#1798,#989,.T.);
#2343=EDGE_CURVE('',#1804,#1871,#829,.T.);
#2344=EDGE_CURVE('',#1872,#1800,#990,.T.);
#2345=EDGE_CURVE('',#1871,#1872,#830,.T.);
#2346=EDGE_CURVE('',#1872,#1802,#831,.T.);
#2347=EDGE_CURVE('',#1803,#1873,#832,.T.);
#2348=EDGE_CURVE('',#1873,#1785,#991,.T.);
#2349=EDGE_CURVE('',#1874,#1770,#992,.T.);
#2350=EDGE_CURVE('',#1873,#1874,#833,.T.);
#2351=EDGE_CURVE('',#1875,#1779,#993,.T.);
#2352=EDGE_CURVE('',#1874,#1875,#834,.T.);
#2353=EDGE_CURVE('',#1876,#1778,#994,.T.);
#2354=EDGE_CURVE('',#1875,#1876,#835,.T.);
#2355=EDGE_CURVE('',#1877,#1777,#995,.T.);
#2356=EDGE_CURVE('',#1876,#1877,#996,.T.);
#2357=EDGE_CURVE('',#1877,#1776,#997,.T.);
#2358=EDGE_CURVE('',#1878,#1879,#836,.T.);
#2359=EDGE_CURVE('',#1878,#1880,#998,.T.);
#2360=EDGE_CURVE('',#1881,#1880,#837,.T.);
#2361=EDGE_CURVE('',#1879,#1881,#999,.T.);
#2362=EDGE_CURVE('',#1879,#1882,#838,.T.);
#2363=EDGE_CURVE('',#1883,#1881,#839,.T.);
#2364=EDGE_CURVE('',#1882,#1883,#1000,.T.);
#2365=EDGE_CURVE('',#1882,#1884,#840,.T.);
#2366=EDGE_CURVE('',#1885,#1883,#841,.T.);
#2367=EDGE_CURVE('',#1884,#1885,#1001,.T.);
#2368=EDGE_CURVE('',#1884,#1886,#842,.T.);
#2369=EDGE_CURVE('',#1887,#1885,#843,.T.);
#2370=EDGE_CURVE('',#1886,#1887,#1002,.T.);
#2371=EDGE_CURVE('',#1886,#1888,#844,.T.);
#2372=EDGE_CURVE('',#1889,#1887,#845,.T.);
#2373=EDGE_CURVE('',#1888,#1889,#1003,.T.);
#2374=EDGE_CURVE('',#1888,#1890,#846,.T.);
#2375=EDGE_CURVE('',#1891,#1889,#847,.T.);
#2376=EDGE_CURVE('',#1890,#1891,#1004,.T.);
#2377=EDGE_CURVE('',#1890,#1892,#848,.T.);
#2378=EDGE_CURVE('',#1893,#1891,#849,.T.);
#2379=EDGE_CURVE('',#1892,#1893,#1005,.T.);
#2380=EDGE_CURVE('',#1892,#1878,#850,.T.);
#2381=EDGE_CURVE('',#1880,#1893,#851,.T.);
#2382=EDGE_CURVE('',#1894,#1895,#852,.T.);
#2383=EDGE_CURVE('',#1894,#1896,#1006,.T.);
#2384=EDGE_CURVE('',#1897,#1896,#853,.T.);
#2385=EDGE_CURVE('',#1895,#1897,#1007,.T.);
#2386=EDGE_CURVE('',#1895,#1898,#854,.T.);
#2387=EDGE_CURVE('',#1899,#1897,#855,.T.);
#2388=EDGE_CURVE('',#1898,#1899,#1008,.T.);
#2389=EDGE_CURVE('',#1898,#1900,#856,.T.);
#2390=EDGE_CURVE('',#1901,#1899,#857,.T.);
#2391=EDGE_CURVE('',#1900,#1901,#1009,.T.);
#2392=EDGE_CURVE('',#1900,#1902,#858,.T.);
#2393=EDGE_CURVE('',#1903,#1901,#859,.T.);
#2394=EDGE_CURVE('',#1902,#1903,#1010,.T.);
#2395=EDGE_CURVE('',#1902,#1904,#860,.T.);
#2396=EDGE_CURVE('',#1905,#1903,#861,.T.);
#2397=EDGE_CURVE('',#1904,#1905,#1011,.T.);
#2398=EDGE_CURVE('',#1904,#1906,#862,.T.);
#2399=EDGE_CURVE('',#1907,#1905,#863,.T.);
#2400=EDGE_CURVE('',#1906,#1907,#1012,.T.);
#2401=EDGE_CURVE('',#1906,#1908,#864,.T.);
#2402=EDGE_CURVE('',#1909,#1907,#865,.T.);
#2403=EDGE_CURVE('',#1908,#1909,#1013,.T.);
#2404=EDGE_CURVE('',#1908,#1910,#866,.T.);
#2405=EDGE_CURVE('',#1911,#1909,#867,.T.);
#2406=EDGE_CURVE('',#1910,#1911,#1014,.T.);
#2407=EDGE_CURVE('',#1910,#1912,#868,.T.);
#2408=EDGE_CURVE('',#1913,#1911,#869,.T.);
#2409=EDGE_CURVE('',#1912,#1913,#1015,.T.);
#2410=EDGE_CURVE('',#1912,#1894,#870,.T.);
#2411=EDGE_CURVE('',#1896,#1913,#871,.T.);
#2412=EDGE_CURVE('',#1914,#1915,#1016,.T.);
#2413=EDGE_CURVE('',#1914,#1822,#1017,.T.);
#2414=EDGE_CURVE('',#1915,#1821,#1018,.T.);
#2415=EDGE_CURVE('',#1915,#1916,#1019,.T.);
#2416=EDGE_CURVE('',#1916,#1820,#1020,.T.);
#2417=EDGE_CURVE('',#1916,#1917,#872,.T.);
#2418=EDGE_CURVE('',#1917,#1819,#1021,.T.);
#2419=EDGE_CURVE('',#1917,#1918,#873,.T.);
#2420=EDGE_CURVE('',#1918,#1818,#1022,.T.);
#2421=EDGE_CURVE('',#1918,#1919,#874,.T.);
#2422=EDGE_CURVE('',#1919,#1817,#1023,.T.);
#2423=EDGE_CURVE('',#1919,#1920,#875,.T.);
#2424=EDGE_CURVE('',#1920,#1816,#1024,.T.);
#2425=EDGE_CURVE('',#1920,#1921,#876,.T.);
#2426=EDGE_CURVE('',#1921,#1815,#1025,.T.);
#2427=EDGE_CURVE('',#1921,#1922,#877,.T.);
#2428=EDGE_CURVE('',#1922,#1814,#1026,.T.);
#2429=EDGE_CURVE('',#1922,#1923,#878,.T.);
#2430=EDGE_CURVE('',#1923,#1813,#1027,.T.);
#2431=EDGE_CURVE('',#1923,#1924,#879,.T.);
#2432=EDGE_CURVE('',#1924,#1812,#1028,.T.);
#2433=EDGE_CURVE('',#1924,#1806,#1029,.T.);
#2434=EDGE_CURVE('',#1811,#1925,#880,.T.);
#2435=EDGE_CURVE('',#1925,#1838,#1030,.T.);
#2436=EDGE_CURVE('',#1925,#1926,#881,.T.);
#2437=EDGE_CURVE('',#1926,#1837,#1031,.T.);
#2438=EDGE_CURVE('',#1926,#1927,#882,.T.);
#2439=EDGE_CURVE('',#1927,#1836,#1032,.T.);
#2440=EDGE_CURVE('',#1927,#1928,#883,.T.);
#2441=EDGE_CURVE('',#1928,#1835,#1033,.T.);
#2442=EDGE_CURVE('',#1928,#1929,#884,.T.);
#2443=EDGE_CURVE('',#1929,#1834,#1034,.T.);
#2444=EDGE_CURVE('',#1929,#1839,#1035,.T.);
#2445=EDGE_CURVE('',#1841,#1930,#885,.T.);
#2446=EDGE_CURVE('',#1930,#1830,#1036,.T.);
#2447=EDGE_CURVE('',#1930,#1931,#886,.T.);
#2448=EDGE_CURVE('',#1931,#1829,#1037,.T.);
#2449=EDGE_CURVE('',#1931,#1932,#887,.T.);
#2450=EDGE_CURVE('',#1932,#1828,#1038,.T.);
#2451=EDGE_CURVE('',#1932,#1933,#888,.T.);
#2452=EDGE_CURVE('',#1933,#1827,#1039,.T.);
#2453=EDGE_CURVE('',#1933,#1934,#889,.T.);
#2454=EDGE_CURVE('',#1934,#1826,#1040,.T.);
#2455=EDGE_CURVE('',#1934,#1844,#890,.T.);
#2456=EDGE_CURVE('',#1842,#1914,#1041,.T.);
#2457=EDGE_CURVE('',#1935,#1936,#1672,.T.);
#2458=EDGE_CURVE('',#1936,#1937,#1042,.T.);
#2459=EDGE_CURVE('',#1937,#1938,#1673,.T.);
#2460=EDGE_CURVE('',#1938,#1935,#1043,.T.);
#2461=EDGE_CURVE('',#1939,#1936,#1044,.T.);
#2462=EDGE_CURVE('',#1939,#1940,#1045,.T.);
#2463=EDGE_CURVE('',#1937,#1940,#1046,.T.);
#2464=EDGE_CURVE('',#1941,#1942,#1674,.T.);
#2465=EDGE_CURVE('',#1942,#1943,#1047,.T.);
#2466=EDGE_CURVE('',#1943,#1944,#1675,.T.);
#2467=EDGE_CURVE('',#1944,#1941,#1048,.T.);
#2468=EDGE_CURVE('',#1943,#1938,#1049,.T.);
#2469=EDGE_CURVE('',#1935,#1942,#1050,.T.);
#2470=EDGE_CURVE('',#1945,#1946,#1676,.T.);
#2471=EDGE_CURVE('',#1946,#1947,#1051,.T.);
#2472=EDGE_CURVE('',#1947,#1948,#1677,.T.);
#2473=EDGE_CURVE('',#1948,#1945,#1052,.T.);
#2474=EDGE_CURVE('',#1949,#1946,#1053,.T.);
#2475=EDGE_CURVE('',#1950,#1949,#1054,.T.);
#2476=EDGE_CURVE('',#1947,#1950,#1055,.T.);
#2477=EDGE_CURVE('',#1949,#1951,#1678,.T.);
#2478=EDGE_CURVE('',#1951,#1952,#1056,.T.);
#2479=EDGE_CURVE('',#1952,#1950,#1679,.T.);
#2480=EDGE_CURVE('',#1953,#1951,#1057,.T.);
#2481=EDGE_CURVE('',#1953,#1954,#1058,.T.);
#2482=EDGE_CURVE('',#1952,#1954,#1059,.T.);
#2483=EDGE_CURVE('',#1955,#1944,#1060,.T.);
#2484=EDGE_CURVE('',#1956,#1955,#1061,.T.);
#2485=EDGE_CURVE('',#1941,#1956,#1062,.T.);
#2486=EDGE_CURVE('',#1940,#1957,#1680,.T.);
#2487=EDGE_CURVE('',#1958,#1939,#1681,.T.);
#2488=EDGE_CURVE('',#1958,#1957,#1063,.T.);
#2489=EDGE_CURVE('',#1957,#1959,#1064,.T.);
#2490=EDGE_CURVE('',#1960,#1958,#1065,.T.);
#2491=EDGE_CURVE('',#1960,#1959,#1066,.T.);
#2492=EDGE_CURVE('',#1959,#1955,#1682,.T.);
#2493=EDGE_CURVE('',#1956,#1960,#1683,.T.);
#2494=EDGE_CURVE('',#1961,#1948,#1067,.T.);
#2495=EDGE_CURVE('',#1962,#1961,#1068,.T.);
#2496=EDGE_CURVE('',#1945,#1962,#1069,.T.);
#2497=EDGE_CURVE('',#1954,#1963,#1684,.T.);
#2498=EDGE_CURVE('',#1964,#1953,#1685,.T.);
#2499=EDGE_CURVE('',#1964,#1963,#1070,.T.);
#2500=EDGE_CURVE('',#1963,#1965,#1071,.T.);
#2501=EDGE_CURVE('',#1966,#1964,#1072,.T.);
#2502=EDGE_CURVE('',#1966,#1965,#1073,.T.);
#2503=EDGE_CURVE('',#1965,#1961,#1686,.T.);
#2504=EDGE_CURVE('',#1962,#1966,#1687,.T.);
#2505=EDGE_CURVE('',#1967,#1968,#1688,.T.);
#2506=EDGE_CURVE('',#1968,#1969,#1074,.T.);
#2507=EDGE_CURVE('',#1969,#1970,#1689,.T.);
#2508=EDGE_CURVE('',#1970,#1967,#1075,.T.);
#2509=EDGE_CURVE('',#1971,#1969,#1076,.T.);
#2510=EDGE_CURVE('',#1972,#1971,#1690,.T.);
#2511=EDGE_CURVE('',#1973,#1972,#1077,.T.);
#2512=EDGE_CURVE('',#1973,#1970,#1078,.T.);
#2513=EDGE_CURVE('',#1968,#1974,#1079,.T.);
#2514=EDGE_CURVE('',#1971,#1974,#1080,.T.);
#2515=EDGE_CURVE('',#1974,#1975,#1691,.T.);
#2516=EDGE_CURVE('',#1972,#1975,#1081,.T.);
#2517=EDGE_CURVE('',#1973,#1976,#1082,.T.);
#2518=EDGE_CURVE('',#1967,#1976,#1083,.T.);
#2519=EDGE_CURVE('',#1975,#1976,#1084,.T.);
#2520=EDGE_CURVE('',#1976,#1977,#1085,.T.);
#2521=EDGE_CURVE('',#1977,#1978,#1086,.T.);
#2522=EDGE_CURVE('',#1975,#1978,#1087,.T.);
#2523=EDGE_CURVE('',#1979,#1972,#1088,.T.);
#2524=EDGE_CURVE('',#1980,#1979,#1089,.T.);
#2525=EDGE_CURVE('',#1980,#1973,#1090,.T.);
#2526=EDGE_CURVE('',#1981,#1982,#1692,.T.);
#2527=EDGE_CURVE('',#1982,#1983,#1091,.T.);
#2528=EDGE_CURVE('',#1983,#1984,#1693,.T.);
#2529=EDGE_CURVE('',#1984,#1981,#1092,.T.);
#2530=EDGE_CURVE('',#1985,#1981,#1093,.T.);
#2531=EDGE_CURVE('',#1986,#1985,#1094,.T.);
#2532=EDGE_CURVE('',#1987,#1986,#1694,.T.);
#2533=EDGE_CURVE('',#1982,#1987,#1095,.T.);
#2534=EDGE_CURVE('',#1984,#1988,#1096,.T.);
#2535=EDGE_CURVE('',#1988,#1985,#1097,.T.);
#2536=EDGE_CURVE('',#1989,#1983,#1098,.T.);
#2537=EDGE_CURVE('',#1990,#1989,#1695,.T.);
#2538=EDGE_CURVE('',#1988,#1990,#1099,.T.);
#2539=EDGE_CURVE('',#1989,#1987,#1100,.T.);
#2540=EDGE_CURVE('',#1990,#1986,#1101,.T.);
#2541=EDGE_CURVE('',#1991,#1990,#1102,.T.);
#2542=EDGE_CURVE('',#1992,#1991,#1103,.T.);
#2543=EDGE_CURVE('',#1992,#1988,#1104,.T.);
#2544=EDGE_CURVE('',#1985,#1993,#1105,.T.);
#2545=EDGE_CURVE('',#1993,#1994,#1106,.T.);
#2546=EDGE_CURVE('',#1986,#1994,#1107,.T.);
#2547=EDGE_CURVE('',#1995,#1996,#1108,.T.);
#2548=EDGE_CURVE('',#1996,#1997,#25,.T.);
#2549=EDGE_CURVE('',#1997,#1998,#1109,.T.);
#2550=EDGE_CURVE('',#1995,#1998,#26,.T.);
#2551=EDGE_CURVE('',#1996,#1999,#1110,.T.);
#2552=EDGE_CURVE('',#1999,#2000,#27,.T.);
#2553=EDGE_CURVE('',#2000,#1997,#1111,.T.);
#2554=EDGE_CURVE('',#1999,#2001,#1112,.T.);
#2555=EDGE_CURVE('',#2001,#2002,#28,.T.);
#2556=EDGE_CURVE('',#2002,#2000,#1113,.T.);
#2557=EDGE_CURVE('',#2003,#2004,#1114,.T.);
#2558=EDGE_CURVE('',#2004,#2005,#29,.T.);
#2559=EDGE_CURVE('',#2005,#2006,#1115,.T.);
#2560=EDGE_CURVE('',#2006,#2003,#30,.T.);
#2561=EDGE_CURVE('',#2001,#2007,#1116,.T.);
#2562=EDGE_CURVE('',#2007,#2008,#31,.T.);
#2563=EDGE_CURVE('',#2008,#2002,#1117,.T.);
#2564=EDGE_CURVE('',#2007,#2009,#1118,.T.);
#2565=EDGE_CURVE('',#2009,#2010,#32,.T.);
#2566=EDGE_CURVE('',#2010,#2008,#1119,.T.);
#2567=EDGE_CURVE('',#2011,#2010,#1120,.T.);
#2568=EDGE_CURVE('',#2009,#2012,#1121,.T.);
#2569=EDGE_CURVE('',#2012,#2011,#33,.T.);
#2570=EDGE_CURVE('',#2004,#2011,#1122,.T.);
#2571=EDGE_CURVE('',#2012,#2005,#1123,.T.);
#2572=EDGE_CURVE('',#2013,#2003,#1124,.T.);
#2573=EDGE_CURVE('',#2006,#2014,#1125,.T.);
#2574=EDGE_CURVE('',#2014,#2013,#34,.T.);
#2575=EDGE_CURVE('',#2015,#2013,#1126,.T.);
#2576=EDGE_CURVE('',#2014,#2016,#1127,.T.);
#2577=EDGE_CURVE('',#2016,#2015,#35,.T.);
#2578=EDGE_CURVE('',#2017,#2015,#1128,.T.);
#2579=EDGE_CURVE('',#2016,#2018,#1129,.T.);
#2580=EDGE_CURVE('',#2018,#2017,#36,.T.);
#2581=EDGE_CURVE('',#1998,#2017,#1130,.T.);
#2582=EDGE_CURVE('',#2018,#1995,#1131,.T.);
#2583=EDGE_CURVE('',#2019,#1995,#1132,.T.);
#2584=EDGE_CURVE('',#2020,#2019,#1133,.T.);
#2585=EDGE_CURVE('',#2020,#1996,#1134,.T.);
#2586=EDGE_CURVE('',#2021,#2018,#1135,.T.);
#2587=EDGE_CURVE('',#2019,#2021,#1136,.T.);
#2588=EDGE_CURVE('',#2022,#2016,#1137,.T.);
#2589=EDGE_CURVE('',#2021,#2022,#1138,.T.);
#2590=EDGE_CURVE('',#2023,#2014,#1139,.T.);
#2591=EDGE_CURVE('',#2022,#2023,#1140,.T.);
#2592=EDGE_CURVE('',#2024,#2006,#1141,.T.);
#2593=EDGE_CURVE('',#2023,#2024,#1142,.T.);
#2594=EDGE_CURVE('',#2025,#2005,#1143,.T.);
#2595=EDGE_CURVE('',#2024,#2025,#1144,.T.);
#2596=EDGE_CURVE('',#2026,#2027,#1145,.T.);
#2597=EDGE_CURVE('',#2028,#2026,#1146,.T.);
#2598=EDGE_CURVE('',#2029,#2028,#1147,.T.);
#2599=EDGE_CURVE('',#2030,#2029,#1696,.T.);
#2600=EDGE_CURVE('',#2031,#2030,#1148,.T.);
#2601=EDGE_CURVE('',#2032,#2031,#1149,.T.);
#2602=EDGE_CURVE('',#2033,#2032,#1150,.T.);
#2603=EDGE_CURVE('',#2034,#2033,#1697,.T.);
#2604=EDGE_CURVE('',#2035,#2034,#1151,.T.);
#2605=EDGE_CURVE('',#2036,#2035,#1152,.T.);
#2606=EDGE_CURVE('',#2037,#2036,#1153,.T.);
#2607=EDGE_CURVE('',#2038,#2037,#1698,.T.);
#2608=EDGE_CURVE('',#2039,#2038,#1154,.T.);
#2609=EDGE_CURVE('',#2040,#2039,#1155,.T.);
#2610=EDGE_CURVE('',#2041,#2040,#1156,.T.);
#2611=EDGE_CURVE('',#2042,#2041,#1699,.T.);
#2612=EDGE_CURVE('',#2043,#2042,#1157,.T.);
#2613=EDGE_CURVE('',#2044,#2043,#1158,.T.);
#2614=EDGE_CURVE('',#2044,#2045,#1159,.T.);
#2615=EDGE_CURVE('',#2045,#2046,#1160,.T.);
#2616=EDGE_CURVE('',#2046,#2027,#1161,.T.);
#2617=EDGE_CURVE('',#2047,#2048,#1162,.T.);
#2618=EDGE_CURVE('',#2049,#2047,#1163,.T.);
#2619=EDGE_CURVE('',#2050,#2049,#1164,.T.);
#2620=EDGE_CURVE('',#2048,#2050,#1165,.T.);
#2621=EDGE_CURVE('',#2049,#2051,#37,.T.);
#2622=EDGE_CURVE('',#2051,#2052,#1166,.T.);
#2623=EDGE_CURVE('',#2052,#2050,#38,.T.);
#2624=EDGE_CURVE('',#2053,#2054,#1167,.T.);
#2625=EDGE_CURVE('',#2054,#2047,#39,.T.);
#2626=EDGE_CURVE('',#2053,#2048,#40,.T.);
#2627=EDGE_CURVE('',#2054,#2051,#1168,.T.);
#2628=EDGE_CURVE('',#2052,#2053,#1169,.T.);
#2629=EDGE_CURVE('',#2055,#2054,#1170,.T.);
#2630=EDGE_CURVE('',#2056,#2055,#1171,.T.);
#2631=EDGE_CURVE('',#2056,#2051,#1172,.T.);
#2632=EDGE_CURVE('',#2057,#2053,#1173,.T.);
#2633=EDGE_CURVE('',#2055,#2057,#1174,.T.);
#2634=EDGE_CURVE('',#2058,#2052,#1175,.T.);
#2635=EDGE_CURVE('',#2057,#2058,#1176,.T.);
#2636=EDGE_CURVE('',#2058,#2056,#1177,.T.);
#2637=EDGE_CURVE('',#2059,#2020,#1178,.T.);
#2638=EDGE_CURVE('',#2059,#1999,#1179,.T.);
#2639=EDGE_CURVE('',#2060,#2059,#1180,.T.);
#2640=EDGE_CURVE('',#2060,#2001,#1181,.T.);
#2641=EDGE_CURVE('',#2061,#2060,#1182,.T.);
#2642=EDGE_CURVE('',#2061,#2007,#1183,.T.);
#2643=EDGE_CURVE('',#2062,#2061,#1184,.T.);
#2644=EDGE_CURVE('',#2062,#2009,#1185,.T.);
#2645=EDGE_CURVE('',#2063,#2062,#1186,.T.);
#2646=EDGE_CURVE('',#2063,#2012,#1187,.T.);
#2647=EDGE_CURVE('',#2025,#2063,#1188,.T.);
#2648=EDGE_CURVE('',#2064,#2065,#1189,.T.);
#2649=EDGE_CURVE('',#2066,#2064,#1190,.T.);
#2650=EDGE_CURVE('',#2067,#2066,#1191,.T.);
#2651=EDGE_CURVE('',#2068,#2067,#1192,.T.);
#2652=EDGE_CURVE('',#2069,#2068,#1193,.T.);
#2653=EDGE_CURVE('',#2070,#2069,#1700,.T.);
#2654=EDGE_CURVE('',#2071,#2070,#1194,.T.);
#2655=EDGE_CURVE('',#2072,#2071,#1195,.T.);
#2656=EDGE_CURVE('',#2073,#2072,#1196,.T.);
#2657=EDGE_CURVE('',#2074,#2073,#1701,.T.);
#2658=EDGE_CURVE('',#2075,#2074,#1197,.T.);
#2659=EDGE_CURVE('',#2076,#2075,#1198,.T.);
#2660=EDGE_CURVE('',#2077,#2076,#1199,.T.);
#2661=EDGE_CURVE('',#2078,#2077,#1702,.T.);
#2662=EDGE_CURVE('',#2079,#2078,#1200,.T.);
#2663=EDGE_CURVE('',#2080,#2079,#1201,.T.);
#2664=EDGE_CURVE('',#2081,#2080,#1202,.T.);
#2665=EDGE_CURVE('',#2082,#2081,#1703,.T.);
#2666=EDGE_CURVE('',#2083,#2082,#1203,.T.);
#2667=EDGE_CURVE('',#2084,#2083,#1204,.T.);
#2668=EDGE_CURVE('',#2065,#2084,#1205,.T.);
#2669=EDGE_CURVE('',#2085,#2086,#1206,.T.);
#2670=EDGE_CURVE('',#2085,#2068,#1207,.T.);
#2671=EDGE_CURVE('',#2086,#2067,#1208,.T.);
#2672=EDGE_CURVE('',#2087,#2085,#1209,.T.);
#2673=EDGE_CURVE('',#2087,#2069,#1210,.T.);
#2674=EDGE_CURVE('',#2088,#2087,#1704,.T.);
#2675=EDGE_CURVE('',#2088,#2070,#1211,.T.);
#2676=EDGE_CURVE('',#2089,#2088,#1212,.T.);
#2677=EDGE_CURVE('',#2089,#2071,#1213,.T.);
#2678=EDGE_CURVE('',#2090,#2089,#1214,.T.);
#2679=EDGE_CURVE('',#2090,#2072,#1215,.T.);
#2680=EDGE_CURVE('',#2091,#2090,#1216,.T.);
#2681=EDGE_CURVE('',#2091,#2073,#1217,.T.);
#2682=EDGE_CURVE('',#2092,#2091,#1705,.T.);
#2683=EDGE_CURVE('',#2092,#2074,#1218,.T.);
#2684=EDGE_CURVE('',#2093,#2092,#1219,.T.);
#2685=EDGE_CURVE('',#2093,#2075,#1220,.T.);
#2686=EDGE_CURVE('',#2094,#2093,#1221,.T.);
#2687=EDGE_CURVE('',#2094,#2076,#1222,.T.);
#2688=EDGE_CURVE('',#2095,#2094,#1223,.T.);
#2689=EDGE_CURVE('',#2095,#2077,#1224,.T.);
#2690=EDGE_CURVE('',#2096,#2095,#1706,.T.);
#2691=EDGE_CURVE('',#2096,#2078,#1225,.T.);
#2692=EDGE_CURVE('',#2097,#2096,#1226,.T.);
#2693=EDGE_CURVE('',#2097,#2079,#1227,.T.);
#2694=EDGE_CURVE('',#2098,#2097,#1228,.T.);
#2695=EDGE_CURVE('',#2098,#2080,#1229,.T.);
#2696=EDGE_CURVE('',#2099,#2098,#1230,.T.);
#2697=EDGE_CURVE('',#2099,#2081,#1231,.T.);
#2698=EDGE_CURVE('',#2100,#2099,#1707,.T.);
#2699=EDGE_CURVE('',#2100,#2082,#1232,.T.);
#2700=EDGE_CURVE('',#2101,#2100,#1233,.T.);
#2701=EDGE_CURVE('',#2101,#2083,#1234,.T.);
#2702=EDGE_CURVE('',#2102,#2101,#1235,.T.);
#2703=EDGE_CURVE('',#2102,#2084,#1236,.T.);
#2704=EDGE_CURVE('',#2103,#2102,#1237,.T.);
#2705=EDGE_CURVE('',#2065,#2103,#1238,.T.);
#2706=EDGE_CURVE('',#2066,#2045,#1708,.T.);
#2707=EDGE_CURVE('',#2104,#2044,#1709,.T.);
#2708=EDGE_CURVE('',#2105,#2104,#1239,.T.);
#2709=EDGE_CURVE('',#2105,#2086,#1240,.T.);
#2710=EDGE_CURVE('',#2064,#2046,#1710,.F.);
#2711=EDGE_CURVE('',#2106,#2026,#891,.T.);
#2712=EDGE_CURVE('',#2027,#2107,#1711,.T.);
#2713=EDGE_CURVE('',#2107,#2106,#1241,.T.);
#2714=EDGE_CURVE('',#2108,#2028,#892,.T.);
#2715=EDGE_CURVE('',#2106,#2108,#1242,.T.);
#2716=EDGE_CURVE('',#2109,#1991,#1243,.T.);
#2717=EDGE_CURVE('',#1991,#2031,#893,.T.);
#2718=EDGE_CURVE('',#2030,#2109,#894,.T.);
#2719=EDGE_CURVE('',#2110,#2104,#1244,.T.);
#2720=EDGE_CURVE('',#2043,#2110,#41,.T.);
#2721=EDGE_CURVE('',#2042,#2111,#895,.T.);
#2722=EDGE_CURVE('',#2111,#2110,#1245,.T.);
#2723=EDGE_CURVE('',#2041,#2112,#896,.T.);
#2724=EDGE_CURVE('',#2112,#2111,#1712,.T.);
#2725=EDGE_CURVE('',#2040,#1978,#42,.T.);
#2726=EDGE_CURVE('',#1978,#2112,#1246,.T.);
#2727=EDGE_CURVE('',#2039,#1979,#43,.T.);
#2728=EDGE_CURVE('',#2113,#1979,#1247,.T.);
#2729=EDGE_CURVE('',#2038,#2113,#897,.T.);
#2730=EDGE_CURVE('',#2114,#2113,#1713,.T.);
#2731=EDGE_CURVE('',#2037,#2114,#898,.T.);
#2732=EDGE_CURVE('',#2115,#2114,#1248,.T.);
#2733=EDGE_CURVE('',#2036,#2115,#44,.T.);
#2734=EDGE_CURVE('',#2116,#2115,#1249,.T.);
#2735=EDGE_CURVE('',#2035,#2116,#45,.T.);
#2736=EDGE_CURVE('',#2117,#2116,#1250,.T.);
#2737=EDGE_CURVE('',#2034,#2117,#899,.T.);
#2738=EDGE_CURVE('',#2118,#2117,#1714,.T.);
#2739=EDGE_CURVE('',#2033,#2118,#900,.T.);
#2740=EDGE_CURVE('',#1994,#2118,#1251,.T.);
#2741=EDGE_CURVE('',#2032,#1994,#46,.T.);
#2742=EDGE_CURVE('',#2119,#2109,#1715,.T.);
#2743=EDGE_CURVE('',#2029,#2119,#901,.T.);
#2744=EDGE_CURVE('',#2108,#2119,#1252,.T.);
#2745=EDGE_CURVE('',#2120,#2110,#1253,.T.);
#2746=EDGE_CURVE('',#2120,#2105,#1254,.T.);
#2747=EDGE_CURVE('',#2121,#2111,#1255,.T.);
#2748=EDGE_CURVE('',#2121,#2120,#1256,.T.);
#2749=EDGE_CURVE('',#2122,#2112,#1257,.T.);
#2750=EDGE_CURVE('',#2122,#2121,#1716,.T.);
#2751=EDGE_CURVE('',#1977,#2122,#1258,.T.);
#2752=EDGE_CURVE('',#2123,#2113,#1259,.T.);
#2753=EDGE_CURVE('',#2123,#1980,#1260,.T.);
#2754=EDGE_CURVE('',#2124,#2114,#1261,.T.);
#2755=EDGE_CURVE('',#2124,#2123,#1717,.T.);
#2756=EDGE_CURVE('',#2125,#2115,#1262,.T.);
#2757=EDGE_CURVE('',#2125,#2124,#1263,.T.);
#2758=EDGE_CURVE('',#2126,#2116,#1264,.T.);
#2759=EDGE_CURVE('',#2126,#2125,#1265,.T.);
#2760=EDGE_CURVE('',#2127,#2117,#1266,.T.);
#2761=EDGE_CURVE('',#2127,#2126,#1267,.T.);
#2762=EDGE_CURVE('',#2128,#2118,#1268,.T.);
#2763=EDGE_CURVE('',#2128,#2127,#1718,.T.);
#2764=EDGE_CURVE('',#1993,#2128,#1269,.T.);
#2765=EDGE_CURVE('',#2129,#2109,#1270,.T.);
#2766=EDGE_CURVE('',#2129,#1992,#1271,.T.);
#2767=EDGE_CURVE('',#2130,#2119,#1272,.T.);
#2768=EDGE_CURVE('',#2130,#2129,#1719,.T.);
#2769=EDGE_CURVE('',#2131,#2108,#1273,.T.);
#2770=EDGE_CURVE('',#2131,#2130,#1274,.T.);
#2771=EDGE_CURVE('',#2132,#2106,#1275,.T.);
#2772=EDGE_CURVE('',#2132,#2131,#1276,.T.);
#2773=EDGE_CURVE('',#2133,#2107,#1277,.T.);
#2774=EDGE_CURVE('',#2133,#2132,#1278,.T.);
#2775=EDGE_CURVE('',#2103,#2133,#1279,.T.);
#2776=ORIENTED_EDGE('',*,*,#2134,.T.);
#2777=ORIENTED_EDGE('',*,*,#2135,.T.);
#2778=ORIENTED_EDGE('',*,*,#2136,.T.);
#2779=ORIENTED_EDGE('',*,*,#2137,.F.);
#2780=ORIENTED_EDGE('',*,*,#2138,.T.);
#2781=ORIENTED_EDGE('',*,*,#2139,.T.);
#2782=ORIENTED_EDGE('',*,*,#2134,.F.);
#2783=ORIENTED_EDGE('',*,*,#2140,.T.);
#2784=ORIENTED_EDGE('',*,*,#2135,.F.);
#2785=ORIENTED_EDGE('',*,*,#2139,.F.);
#2786=ORIENTED_EDGE('',*,*,#2141,.T.);
#2787=ORIENTED_EDGE('',*,*,#2142,.T.);
#2788=ORIENTED_EDGE('',*,*,#2143,.T.);
#2789=ORIENTED_EDGE('',*,*,#2144,.T.);
#2790=ORIENTED_EDGE('',*,*,#2145,.T.);
#2791=ORIENTED_EDGE('',*,*,#2146,.T.);
#2792=ORIENTED_EDGE('',*,*,#2147,.T.);
#2793=ORIENTED_EDGE('',*,*,#2148,.T.);
#2794=ORIENTED_EDGE('',*,*,#2149,.T.);
#2795=ORIENTED_EDGE('',*,*,#2150,.T.);
#2796=ORIENTED_EDGE('',*,*,#2151,.T.);
#2797=ORIENTED_EDGE('',*,*,#2152,.T.);
#2798=ORIENTED_EDGE('',*,*,#2153,.T.);
#2799=ORIENTED_EDGE('',*,*,#2154,.T.);
#2800=ORIENTED_EDGE('',*,*,#2155,.T.);
#2801=ORIENTED_EDGE('',*,*,#2156,.T.);
#2802=ORIENTED_EDGE('',*,*,#2157,.T.);
#2803=ORIENTED_EDGE('',*,*,#2138,.F.);
#2804=ORIENTED_EDGE('',*,*,#2158,.F.);
#2805=ORIENTED_EDGE('',*,*,#2159,.F.);
#2806=ORIENTED_EDGE('',*,*,#2160,.T.);
#2807=ORIENTED_EDGE('',*,*,#2141,.F.);
#2808=ORIENTED_EDGE('',*,*,#2161,.T.);
#2809=ORIENTED_EDGE('',*,*,#2162,.F.);
#2810=ORIENTED_EDGE('',*,*,#2163,.T.);
#2811=ORIENTED_EDGE('',*,*,#2164,.T.);
#2812=ORIENTED_EDGE('',*,*,#2164,.F.);
#2813=ORIENTED_EDGE('',*,*,#2165,.T.);
#2814=ORIENTED_EDGE('',*,*,#2166,.T.);
#2815=ORIENTED_EDGE('',*,*,#2167,.T.);
#2816=ORIENTED_EDGE('',*,*,#2168,.T.);
#2817=ORIENTED_EDGE('',*,*,#2169,.T.);
#2818=ORIENTED_EDGE('',*,*,#2170,.T.);
#2819=ORIENTED_EDGE('',*,*,#2171,.T.);
#2820=ORIENTED_EDGE('',*,*,#2172,.F.);
#2821=ORIENTED_EDGE('',*,*,#2173,.T.);
#2822=ORIENTED_EDGE('',*,*,#2174,.T.);
#2823=ORIENTED_EDGE('',*,*,#2175,.T.);
#2824=ORIENTED_EDGE('',*,*,#2176,.T.);
#2825=ORIENTED_EDGE('',*,*,#2177,.T.);
#2826=ORIENTED_EDGE('',*,*,#2178,.T.);
#2827=ORIENTED_EDGE('',*,*,#2179,.T.);
#2828=ORIENTED_EDGE('',*,*,#2180,.T.);
#2829=ORIENTED_EDGE('',*,*,#2163,.F.);
#2830=ORIENTED_EDGE('',*,*,#2181,.F.);
#2831=ORIENTED_EDGE('',*,*,#2182,.T.);
#2832=ORIENTED_EDGE('',*,*,#2165,.F.);
#2833=ORIENTED_EDGE('',*,*,#2183,.T.);
#2834=ORIENTED_EDGE('',*,*,#2172,.T.);
#2835=ORIENTED_EDGE('',*,*,#2184,.T.);
#2836=ORIENTED_EDGE('',*,*,#2185,.T.);
#2837=ORIENTED_EDGE('',*,*,#2186,.F.);
#2838=ORIENTED_EDGE('',*,*,#2184,.F.);
#2839=ORIENTED_EDGE('',*,*,#2171,.F.);
#2840=ORIENTED_EDGE('',*,*,#2187,.F.);
#2841=ORIENTED_EDGE('',*,*,#2188,.F.);
#2842=ORIENTED_EDGE('',*,*,#2189,.T.);
#2843=ORIENTED_EDGE('',*,*,#2183,.F.);
#2844=ORIENTED_EDGE('',*,*,#2190,.F.);
#2845=ORIENTED_EDGE('',*,*,#2191,.T.);
#2846=ORIENTED_EDGE('',*,*,#2173,.F.);
#2847=ORIENTED_EDGE('',*,*,#2192,.T.);
#2848=ORIENTED_EDGE('',*,*,#2193,.T.);
#2849=ORIENTED_EDGE('',*,*,#2194,.T.);
#2850=ORIENTED_EDGE('',*,*,#2195,.T.);
#2851=ORIENTED_EDGE('',*,*,#2196,.T.);
#2852=ORIENTED_EDGE('',*,*,#2197,.F.);
#2853=ORIENTED_EDGE('',*,*,#2198,.T.);
#2854=ORIENTED_EDGE('',*,*,#2199,.T.);
#2855=ORIENTED_EDGE('',*,*,#2200,.T.);
#2856=ORIENTED_EDGE('',*,*,#2201,.T.);
#2857=ORIENTED_EDGE('',*,*,#2196,.F.);
#2858=ORIENTED_EDGE('',*,*,#2202,.F.);
#2859=ORIENTED_EDGE('',*,*,#2203,.F.);
#2860=ORIENTED_EDGE('',*,*,#2195,.F.);
#2861=ORIENTED_EDGE('',*,*,#2204,.F.);
#2862=ORIENTED_EDGE('',*,*,#2205,.F.);
#2863=ORIENTED_EDGE('',*,*,#2202,.T.);
#2864=ORIENTED_EDGE('',*,*,#2194,.F.);
#2865=ORIENTED_EDGE('',*,*,#2206,.F.);
#2866=ORIENTED_EDGE('',*,*,#2207,.F.);
#2867=ORIENTED_EDGE('',*,*,#2208,.F.);
#2868=ORIENTED_EDGE('',*,*,#2209,.F.);
#2869=ORIENTED_EDGE('',*,*,#2204,.T.);
#2870=ORIENTED_EDGE('',*,*,#2193,.F.);
#2871=ORIENTED_EDGE('',*,*,#2210,.T.);
#2872=ORIENTED_EDGE('',*,*,#2211,.T.);
#2873=ORIENTED_EDGE('',*,*,#2212,.T.);
#2874=ORIENTED_EDGE('',*,*,#2213,.F.);
#2875=ORIENTED_EDGE('',*,*,#2214,.F.);
#2876=ORIENTED_EDGE('',*,*,#2215,.F.);
#2877=ORIENTED_EDGE('',*,*,#2206,.T.);
#2878=ORIENTED_EDGE('',*,*,#2207,.T.);
#2879=ORIENTED_EDGE('',*,*,#2215,.T.);
#2880=ORIENTED_EDGE('',*,*,#2216,.T.);
#2881=ORIENTED_EDGE('',*,*,#2217,.T.);
#2882=ORIENTED_EDGE('',*,*,#2218,.T.);
#2883=ORIENTED_EDGE('',*,*,#2219,.T.);
#2884=ORIENTED_EDGE('',*,*,#2220,.T.);
#2885=ORIENTED_EDGE('',*,*,#2221,.F.);
#2886=ORIENTED_EDGE('',*,*,#2222,.T.);
#2887=ORIENTED_EDGE('',*,*,#2223,.T.);
#2888=ORIENTED_EDGE('',*,*,#2216,.F.);
#2889=ORIENTED_EDGE('',*,*,#2214,.T.);
#2890=ORIENTED_EDGE('',*,*,#2224,.F.);
#2891=ORIENTED_EDGE('',*,*,#2225,.T.);
#2892=ORIENTED_EDGE('',*,*,#2226,.T.);
#2893=ORIENTED_EDGE('',*,*,#2223,.F.);
#2894=ORIENTED_EDGE('',*,*,#2227,.F.);
#2895=ORIENTED_EDGE('',*,*,#2228,.F.);
#2896=ORIENTED_EDGE('',*,*,#2208,.T.);
#2897=ORIENTED_EDGE('',*,*,#2222,.F.);
#2898=ORIENTED_EDGE('',*,*,#2229,.F.);
#2899=ORIENTED_EDGE('',*,*,#2227,.T.);
#2900=ORIENTED_EDGE('',*,*,#2230,.T.);
#2901=ORIENTED_EDGE('',*,*,#2224,.T.);
#2902=ORIENTED_EDGE('',*,*,#2213,.T.);
#2903=ORIENTED_EDGE('',*,*,#2231,.T.);
#2904=ORIENTED_EDGE('',*,*,#2232,.F.);
#2905=ORIENTED_EDGE('',*,*,#2233,.T.);
#2906=ORIENTED_EDGE('',*,*,#2231,.F.);
#2907=ORIENTED_EDGE('',*,*,#2212,.F.);
#2908=ORIENTED_EDGE('',*,*,#2234,.F.);
#2909=ORIENTED_EDGE('',*,*,#2235,.F.);
#2910=ORIENTED_EDGE('',*,*,#2218,.F.);
#2911=ORIENTED_EDGE('',*,*,#2236,.F.);
#2912=ORIENTED_EDGE('',*,*,#2237,.F.);
#2913=ORIENTED_EDGE('',*,*,#2238,.T.);
#2914=ORIENTED_EDGE('',*,*,#2239,.T.);
#2915=ORIENTED_EDGE('',*,*,#2240,.T.);
#2916=ORIENTED_EDGE('',*,*,#2241,.T.);
#2917=ORIENTED_EDGE('',*,*,#2242,.F.);
#2918=ORIENTED_EDGE('',*,*,#2241,.F.);
#2919=ORIENTED_EDGE('',*,*,#2243,.F.);
#2920=ORIENTED_EDGE('',*,*,#2244,.F.);
#2921=ORIENTED_EDGE('',*,*,#2245,.F.);
#2922=ORIENTED_EDGE('',*,*,#2240,.F.);
#2923=ORIENTED_EDGE('',*,*,#2246,.T.);
#2924=ORIENTED_EDGE('',*,*,#2247,.T.);
#2925=ORIENTED_EDGE('',*,*,#2248,.T.);
#2926=ORIENTED_EDGE('',*,*,#2249,.T.);
#2927=ORIENTED_EDGE('',*,*,#2250,.T.);
#2928=ORIENTED_EDGE('',*,*,#2251,.T.);
#2929=ORIENTED_EDGE('',*,*,#2252,.T.);
#2930=ORIENTED_EDGE('',*,*,#2253,.T.);
#2931=ORIENTED_EDGE('',*,*,#2254,.T.);
#2932=ORIENTED_EDGE('',*,*,#2255,.T.);
#2933=ORIENTED_EDGE('',*,*,#2256,.T.);
#2934=ORIENTED_EDGE('',*,*,#2257,.T.);
#2935=ORIENTED_EDGE('',*,*,#2258,.F.);
#2936=ORIENTED_EDGE('',*,*,#2259,.T.);
#2937=ORIENTED_EDGE('',*,*,#2260,.T.);
#2938=ORIENTED_EDGE('',*,*,#2261,.T.);
#2939=ORIENTED_EDGE('',*,*,#2262,.T.);
#2940=ORIENTED_EDGE('',*,*,#2263,.T.);
#2941=ORIENTED_EDGE('',*,*,#2264,.T.);
#2942=ORIENTED_EDGE('',*,*,#2265,.T.);
#2943=ORIENTED_EDGE('',*,*,#2266,.T.);
#2944=ORIENTED_EDGE('',*,*,#2267,.F.);
#2945=ORIENTED_EDGE('',*,*,#2268,.T.);
#2946=ORIENTED_EDGE('',*,*,#2269,.T.);
#2947=ORIENTED_EDGE('',*,*,#2270,.T.);
#2948=ORIENTED_EDGE('',*,*,#2271,.T.);
#2949=ORIENTED_EDGE('',*,*,#2272,.T.);
#2950=ORIENTED_EDGE('',*,*,#2273,.T.);
#2951=ORIENTED_EDGE('',*,*,#2243,.T.);
#2952=ORIENTED_EDGE('',*,*,#2274,.T.);
#2953=ORIENTED_EDGE('',*,*,#2267,.T.);
#2954=ORIENTED_EDGE('',*,*,#2275,.T.);
#2955=ORIENTED_EDGE('',*,*,#2276,.F.);
#2956=ORIENTED_EDGE('',*,*,#2275,.F.);
#2957=ORIENTED_EDGE('',*,*,#2266,.F.);
#2958=ORIENTED_EDGE('',*,*,#2277,.F.);
#2959=ORIENTED_EDGE('',*,*,#2278,.F.);
#2960=ORIENTED_EDGE('',*,*,#2279,.T.);
#2961=ORIENTED_EDGE('',*,*,#2280,.F.);
#2962=ORIENTED_EDGE('',*,*,#2281,.T.);
#2963=ORIENTED_EDGE('',*,*,#2258,.T.);
#2964=ORIENTED_EDGE('',*,*,#2281,.F.);
#2965=ORIENTED_EDGE('',*,*,#2282,.F.);
#2966=ORIENTED_EDGE('',*,*,#2283,.T.);
#2967=ORIENTED_EDGE('',*,*,#2259,.F.);
#2968=ORIENTED_EDGE('',*,*,#2161,.F.);
#2969=ORIENTED_EDGE('',*,*,#2180,.F.);
#2970=ORIENTED_EDGE('',*,*,#2284,.F.);
#2971=ORIENTED_EDGE('',*,*,#2285,.F.);
#2972=ORIENTED_EDGE('',*,*,#2286,.F.);
#2973=ORIENTED_EDGE('',*,*,#2284,.T.);
#2974=ORIENTED_EDGE('',*,*,#2179,.F.);
#2975=ORIENTED_EDGE('',*,*,#2287,.F.);
#2976=ORIENTED_EDGE('',*,*,#2288,.F.);
#2977=ORIENTED_EDGE('',*,*,#2287,.T.);
#2978=ORIENTED_EDGE('',*,*,#2178,.F.);
#2979=ORIENTED_EDGE('',*,*,#2289,.F.);
#2980=ORIENTED_EDGE('',*,*,#2290,.F.);
#2981=ORIENTED_EDGE('',*,*,#2289,.T.);
#2982=ORIENTED_EDGE('',*,*,#2177,.F.);
#2983=ORIENTED_EDGE('',*,*,#2291,.F.);
#2984=ORIENTED_EDGE('',*,*,#2292,.F.);
#2985=ORIENTED_EDGE('',*,*,#2291,.T.);
#2986=ORIENTED_EDGE('',*,*,#2176,.F.);
#2987=ORIENTED_EDGE('',*,*,#2293,.F.);
#2988=ORIENTED_EDGE('',*,*,#2294,.F.);
#2989=ORIENTED_EDGE('',*,*,#2293,.T.);
#2990=ORIENTED_EDGE('',*,*,#2175,.F.);
#2991=ORIENTED_EDGE('',*,*,#2295,.F.);
#2992=ORIENTED_EDGE('',*,*,#2296,.F.);
#2993=ORIENTED_EDGE('',*,*,#2295,.T.);
#2994=ORIENTED_EDGE('',*,*,#2174,.F.);
#2995=ORIENTED_EDGE('',*,*,#2191,.F.);
#2996=ORIENTED_EDGE('',*,*,#2185,.F.);
#2997=ORIENTED_EDGE('',*,*,#2189,.F.);
#2998=ORIENTED_EDGE('',*,*,#2297,.F.);
#2999=ORIENTED_EDGE('',*,*,#2298,.F.);
#3000=ORIENTED_EDGE('',*,*,#2187,.T.);
#3001=ORIENTED_EDGE('',*,*,#2170,.F.);
#3002=ORIENTED_EDGE('',*,*,#2299,.F.);
#3003=ORIENTED_EDGE('',*,*,#2300,.F.);
#3004=ORIENTED_EDGE('',*,*,#2299,.T.);
#3005=ORIENTED_EDGE('',*,*,#2169,.F.);
#3006=ORIENTED_EDGE('',*,*,#2301,.F.);
#3007=ORIENTED_EDGE('',*,*,#2302,.F.);
#3008=ORIENTED_EDGE('',*,*,#2301,.T.);
#3009=ORIENTED_EDGE('',*,*,#2168,.F.);
#3010=ORIENTED_EDGE('',*,*,#2303,.F.);
#3011=ORIENTED_EDGE('',*,*,#2304,.F.);
#3012=ORIENTED_EDGE('',*,*,#2303,.T.);
#3013=ORIENTED_EDGE('',*,*,#2167,.F.);
#3014=ORIENTED_EDGE('',*,*,#2305,.F.);
#3015=ORIENTED_EDGE('',*,*,#2306,.F.);
#3016=ORIENTED_EDGE('',*,*,#2305,.T.);
#3017=ORIENTED_EDGE('',*,*,#2166,.F.);
#3018=ORIENTED_EDGE('',*,*,#2182,.F.);
#3019=ORIENTED_EDGE('',*,*,#2307,.F.);
#3020=ORIENTED_EDGE('',*,*,#2308,.T.);
#3021=ORIENTED_EDGE('',*,*,#2157,.F.);
#3022=ORIENTED_EDGE('',*,*,#2309,.F.);
#3023=ORIENTED_EDGE('',*,*,#2310,.F.);
#3024=ORIENTED_EDGE('',*,*,#2309,.T.);
#3025=ORIENTED_EDGE('',*,*,#2156,.F.);
#3026=ORIENTED_EDGE('',*,*,#2311,.F.);
#3027=ORIENTED_EDGE('',*,*,#2312,.F.);
#3028=ORIENTED_EDGE('',*,*,#2311,.T.);
#3029=ORIENTED_EDGE('',*,*,#2155,.F.);
#3030=ORIENTED_EDGE('',*,*,#2313,.F.);
#3031=ORIENTED_EDGE('',*,*,#2314,.F.);
#3032=ORIENTED_EDGE('',*,*,#2313,.T.);
#3033=ORIENTED_EDGE('',*,*,#2154,.F.);
#3034=ORIENTED_EDGE('',*,*,#2315,.F.);
#3035=ORIENTED_EDGE('',*,*,#2316,.F.);
#3036=ORIENTED_EDGE('',*,*,#2315,.T.);
#3037=ORIENTED_EDGE('',*,*,#2153,.F.);
#3038=ORIENTED_EDGE('',*,*,#2308,.F.);
#3039=ORIENTED_EDGE('',*,*,#2136,.F.);
#3040=ORIENTED_EDGE('',*,*,#2152,.F.);
#3041=ORIENTED_EDGE('',*,*,#2317,.F.);
#3042=ORIENTED_EDGE('',*,*,#2318,.F.);
#3043=ORIENTED_EDGE('',*,*,#2319,.F.);
#3044=ORIENTED_EDGE('',*,*,#2317,.T.);
#3045=ORIENTED_EDGE('',*,*,#2151,.F.);
#3046=ORIENTED_EDGE('',*,*,#2320,.F.);
#3047=ORIENTED_EDGE('',*,*,#2321,.F.);
#3048=ORIENTED_EDGE('',*,*,#2320,.T.);
#3049=ORIENTED_EDGE('',*,*,#2150,.F.);
#3050=ORIENTED_EDGE('',*,*,#2322,.F.);
#3051=ORIENTED_EDGE('',*,*,#2323,.F.);
#3052=ORIENTED_EDGE('',*,*,#2322,.T.);
#3053=ORIENTED_EDGE('',*,*,#2149,.F.);
#3054=ORIENTED_EDGE('',*,*,#2324,.F.);
#3055=ORIENTED_EDGE('',*,*,#2325,.F.);
#3056=ORIENTED_EDGE('',*,*,#2324,.T.);
#3057=ORIENTED_EDGE('',*,*,#2148,.F.);
#3058=ORIENTED_EDGE('',*,*,#2326,.F.);
#3059=ORIENTED_EDGE('',*,*,#2327,.F.);
#3060=ORIENTED_EDGE('',*,*,#2326,.T.);
#3061=ORIENTED_EDGE('',*,*,#2147,.F.);
#3062=ORIENTED_EDGE('',*,*,#2328,.F.);
#3063=ORIENTED_EDGE('',*,*,#2329,.F.);
#3064=ORIENTED_EDGE('',*,*,#2328,.T.);
#3065=ORIENTED_EDGE('',*,*,#2146,.F.);
#3066=ORIENTED_EDGE('',*,*,#2330,.F.);
#3067=ORIENTED_EDGE('',*,*,#2331,.F.);
#3068=ORIENTED_EDGE('',*,*,#2330,.T.);
#3069=ORIENTED_EDGE('',*,*,#2145,.F.);
#3070=ORIENTED_EDGE('',*,*,#2332,.F.);
#3071=ORIENTED_EDGE('',*,*,#2333,.F.);
#3072=ORIENTED_EDGE('',*,*,#2332,.T.);
#3073=ORIENTED_EDGE('',*,*,#2144,.F.);
#3074=ORIENTED_EDGE('',*,*,#2334,.F.);
#3075=ORIENTED_EDGE('',*,*,#2335,.F.);
#3076=ORIENTED_EDGE('',*,*,#2334,.T.);
#3077=ORIENTED_EDGE('',*,*,#2143,.F.);
#3078=ORIENTED_EDGE('',*,*,#2336,.F.);
#3079=ORIENTED_EDGE('',*,*,#2337,.F.);
#3080=ORIENTED_EDGE('',*,*,#2336,.T.);
#3081=ORIENTED_EDGE('',*,*,#2142,.F.);
#3082=ORIENTED_EDGE('',*,*,#2160,.F.);
#3083=ORIENTED_EDGE('',*,*,#2140,.F.);
#3084=ORIENTED_EDGE('',*,*,#2338,.F.);
#3085=ORIENTED_EDGE('',*,*,#2158,.T.);
#3086=ORIENTED_EDGE('',*,*,#2307,.T.);
#3087=ORIENTED_EDGE('',*,*,#2310,.T.);
#3088=ORIENTED_EDGE('',*,*,#2312,.T.);
#3089=ORIENTED_EDGE('',*,*,#2314,.T.);
#3090=ORIENTED_EDGE('',*,*,#2316,.T.);
#3091=ORIENTED_EDGE('',*,*,#2220,.F.);
#3092=ORIENTED_EDGE('',*,*,#2339,.F.);
#3093=ORIENTED_EDGE('',*,*,#2340,.F.);
#3094=ORIENTED_EDGE('',*,*,#2219,.F.);
#3095=ORIENTED_EDGE('',*,*,#2238,.F.);
#3096=ORIENTED_EDGE('',*,*,#2341,.F.);
#3097=ORIENTED_EDGE('',*,*,#2339,.T.);
#3098=ORIENTED_EDGE('',*,*,#2217,.F.);
#3099=ORIENTED_EDGE('',*,*,#2226,.F.);
#3100=ORIENTED_EDGE('',*,*,#2342,.F.);
#3101=ORIENTED_EDGE('',*,*,#2343,.F.);
#3102=ORIENTED_EDGE('',*,*,#2236,.T.);
#3103=ORIENTED_EDGE('',*,*,#2230,.F.);
#3104=ORIENTED_EDGE('',*,*,#2344,.F.);
#3105=ORIENTED_EDGE('',*,*,#2345,.F.);
#3106=ORIENTED_EDGE('',*,*,#2342,.T.);
#3107=ORIENTED_EDGE('',*,*,#2225,.F.);
#3108=ORIENTED_EDGE('',*,*,#2233,.F.);
#3109=ORIENTED_EDGE('',*,*,#2346,.F.);
#3110=ORIENTED_EDGE('',*,*,#2344,.T.);
#3111=ORIENTED_EDGE('',*,*,#2347,.F.);
#3112=ORIENTED_EDGE('',*,*,#2234,.T.);
#3113=ORIENTED_EDGE('',*,*,#2211,.F.);
#3114=ORIENTED_EDGE('',*,*,#2348,.F.);
#3115=ORIENTED_EDGE('',*,*,#2192,.F.);
#3116=ORIENTED_EDGE('',*,*,#2349,.F.);
#3117=ORIENTED_EDGE('',*,*,#2350,.F.);
#3118=ORIENTED_EDGE('',*,*,#2348,.T.);
#3119=ORIENTED_EDGE('',*,*,#2210,.F.);
#3120=ORIENTED_EDGE('',*,*,#2201,.F.);
#3121=ORIENTED_EDGE('',*,*,#2351,.F.);
#3122=ORIENTED_EDGE('',*,*,#2352,.F.);
#3123=ORIENTED_EDGE('',*,*,#2349,.T.);
#3124=ORIENTED_EDGE('',*,*,#2200,.F.);
#3125=ORIENTED_EDGE('',*,*,#2353,.F.);
#3126=ORIENTED_EDGE('',*,*,#2354,.F.);
#3127=ORIENTED_EDGE('',*,*,#2351,.T.);
#3128=ORIENTED_EDGE('',*,*,#2199,.F.);
#3129=ORIENTED_EDGE('',*,*,#2355,.F.);
#3130=ORIENTED_EDGE('',*,*,#2356,.F.);
#3131=ORIENTED_EDGE('',*,*,#2353,.T.);
#3132=ORIENTED_EDGE('',*,*,#2198,.F.);
#3133=ORIENTED_EDGE('',*,*,#2357,.F.);
#3134=ORIENTED_EDGE('',*,*,#2355,.T.);
#3135=ORIENTED_EDGE('',*,*,#2358,.F.);
#3136=ORIENTED_EDGE('',*,*,#2359,.T.);
#3137=ORIENTED_EDGE('',*,*,#2360,.F.);
#3138=ORIENTED_EDGE('',*,*,#2361,.F.);
#3139=ORIENTED_EDGE('',*,*,#2362,.F.);
#3140=ORIENTED_EDGE('',*,*,#2361,.T.);
#3141=ORIENTED_EDGE('',*,*,#2363,.F.);
#3142=ORIENTED_EDGE('',*,*,#2364,.F.);
#3143=ORIENTED_EDGE('',*,*,#2365,.F.);
#3144=ORIENTED_EDGE('',*,*,#2364,.T.);
#3145=ORIENTED_EDGE('',*,*,#2366,.F.);
#3146=ORIENTED_EDGE('',*,*,#2367,.F.);
#3147=ORIENTED_EDGE('',*,*,#2368,.F.);
#3148=ORIENTED_EDGE('',*,*,#2367,.T.);
#3149=ORIENTED_EDGE('',*,*,#2369,.F.);
#3150=ORIENTED_EDGE('',*,*,#2370,.F.);
#3151=ORIENTED_EDGE('',*,*,#2371,.F.);
#3152=ORIENTED_EDGE('',*,*,#2370,.T.);
#3153=ORIENTED_EDGE('',*,*,#2372,.F.);
#3154=ORIENTED_EDGE('',*,*,#2373,.F.);
#3155=ORIENTED_EDGE('',*,*,#2374,.F.);
#3156=ORIENTED_EDGE('',*,*,#2373,.T.);
#3157=ORIENTED_EDGE('',*,*,#2375,.F.);
#3158=ORIENTED_EDGE('',*,*,#2376,.F.);
#3159=ORIENTED_EDGE('',*,*,#2377,.F.);
#3160=ORIENTED_EDGE('',*,*,#2376,.T.);
#3161=ORIENTED_EDGE('',*,*,#2378,.F.);
#3162=ORIENTED_EDGE('',*,*,#2379,.F.);
#3163=ORIENTED_EDGE('',*,*,#2380,.F.);
#3164=ORIENTED_EDGE('',*,*,#2379,.T.);
#3165=ORIENTED_EDGE('',*,*,#2381,.F.);
#3166=ORIENTED_EDGE('',*,*,#2359,.F.);
#3167=ORIENTED_EDGE('',*,*,#2382,.F.);
#3168=ORIENTED_EDGE('',*,*,#2383,.T.);
#3169=ORIENTED_EDGE('',*,*,#2384,.F.);
#3170=ORIENTED_EDGE('',*,*,#2385,.F.);
#3171=ORIENTED_EDGE('',*,*,#2386,.F.);
#3172=ORIENTED_EDGE('',*,*,#2385,.T.);
#3173=ORIENTED_EDGE('',*,*,#2387,.F.);
#3174=ORIENTED_EDGE('',*,*,#2388,.F.);
#3175=ORIENTED_EDGE('',*,*,#2389,.F.);
#3176=ORIENTED_EDGE('',*,*,#2388,.T.);
#3177=ORIENTED_EDGE('',*,*,#2390,.F.);
#3178=ORIENTED_EDGE('',*,*,#2391,.F.);
#3179=ORIENTED_EDGE('',*,*,#2392,.F.);
#3180=ORIENTED_EDGE('',*,*,#2391,.T.);
#3181=ORIENTED_EDGE('',*,*,#2393,.F.);
#3182=ORIENTED_EDGE('',*,*,#2394,.F.);
#3183=ORIENTED_EDGE('',*,*,#2395,.F.);
#3184=ORIENTED_EDGE('',*,*,#2394,.T.);
#3185=ORIENTED_EDGE('',*,*,#2396,.F.);
#3186=ORIENTED_EDGE('',*,*,#2397,.F.);
#3187=ORIENTED_EDGE('',*,*,#2398,.F.);
#3188=ORIENTED_EDGE('',*,*,#2397,.T.);
#3189=ORIENTED_EDGE('',*,*,#2399,.F.);
#3190=ORIENTED_EDGE('',*,*,#2400,.F.);
#3191=ORIENTED_EDGE('',*,*,#2401,.F.);
#3192=ORIENTED_EDGE('',*,*,#2400,.T.);
#3193=ORIENTED_EDGE('',*,*,#2402,.F.);
#3194=ORIENTED_EDGE('',*,*,#2403,.F.);
#3195=ORIENTED_EDGE('',*,*,#2404,.F.);
#3196=ORIENTED_EDGE('',*,*,#2403,.T.);
#3197=ORIENTED_EDGE('',*,*,#2405,.F.);
#3198=ORIENTED_EDGE('',*,*,#2406,.F.);
#3199=ORIENTED_EDGE('',*,*,#2407,.F.);
#3200=ORIENTED_EDGE('',*,*,#2406,.T.);
#3201=ORIENTED_EDGE('',*,*,#2408,.F.);
#3202=ORIENTED_EDGE('',*,*,#2409,.F.);
#3203=ORIENTED_EDGE('',*,*,#2410,.F.);
#3204=ORIENTED_EDGE('',*,*,#2409,.T.);
#3205=ORIENTED_EDGE('',*,*,#2411,.F.);
#3206=ORIENTED_EDGE('',*,*,#2383,.F.);
#3207=ORIENTED_EDGE('',*,*,#2411,.T.);
#3208=ORIENTED_EDGE('',*,*,#2408,.T.);
#3209=ORIENTED_EDGE('',*,*,#2405,.T.);
#3210=ORIENTED_EDGE('',*,*,#2402,.T.);
#3211=ORIENTED_EDGE('',*,*,#2399,.T.);
#3212=ORIENTED_EDGE('',*,*,#2396,.T.);
#3213=ORIENTED_EDGE('',*,*,#2393,.T.);
#3214=ORIENTED_EDGE('',*,*,#2390,.T.);
#3215=ORIENTED_EDGE('',*,*,#2387,.T.);
#3216=ORIENTED_EDGE('',*,*,#2384,.T.);
#3217=ORIENTED_EDGE('',*,*,#2381,.T.);
#3218=ORIENTED_EDGE('',*,*,#2378,.T.);
#3219=ORIENTED_EDGE('',*,*,#2375,.T.);
#3220=ORIENTED_EDGE('',*,*,#2372,.T.);
#3221=ORIENTED_EDGE('',*,*,#2369,.T.);
#3222=ORIENTED_EDGE('',*,*,#2366,.T.);
#3223=ORIENTED_EDGE('',*,*,#2363,.T.);
#3224=ORIENTED_EDGE('',*,*,#2360,.T.);
#3225=ORIENTED_EDGE('',*,*,#2358,.T.);
#3226=ORIENTED_EDGE('',*,*,#2362,.T.);
#3227=ORIENTED_EDGE('',*,*,#2365,.T.);
#3228=ORIENTED_EDGE('',*,*,#2368,.T.);
#3229=ORIENTED_EDGE('',*,*,#2371,.T.);
#3230=ORIENTED_EDGE('',*,*,#2374,.T.);
#3231=ORIENTED_EDGE('',*,*,#2377,.T.);
#3232=ORIENTED_EDGE('',*,*,#2380,.T.);
#3233=ORIENTED_EDGE('',*,*,#2412,.F.);
#3234=ORIENTED_EDGE('',*,*,#2413,.T.);
#3235=ORIENTED_EDGE('',*,*,#2256,.F.);
#3236=ORIENTED_EDGE('',*,*,#2414,.F.);
#3237=ORIENTED_EDGE('',*,*,#2415,.F.);
#3238=ORIENTED_EDGE('',*,*,#2414,.T.);
#3239=ORIENTED_EDGE('',*,*,#2255,.F.);
#3240=ORIENTED_EDGE('',*,*,#2416,.F.);
#3241=ORIENTED_EDGE('',*,*,#2417,.F.);
#3242=ORIENTED_EDGE('',*,*,#2416,.T.);
#3243=ORIENTED_EDGE('',*,*,#2254,.F.);
#3244=ORIENTED_EDGE('',*,*,#2418,.F.);
#3245=ORIENTED_EDGE('',*,*,#2419,.F.);
#3246=ORIENTED_EDGE('',*,*,#2418,.T.);
#3247=ORIENTED_EDGE('',*,*,#2253,.F.);
#3248=ORIENTED_EDGE('',*,*,#2420,.F.);
#3249=ORIENTED_EDGE('',*,*,#2421,.F.);
#3250=ORIENTED_EDGE('',*,*,#2420,.T.);
#3251=ORIENTED_EDGE('',*,*,#2252,.F.);
#3252=ORIENTED_EDGE('',*,*,#2422,.F.);
#3253=ORIENTED_EDGE('',*,*,#2423,.F.);
#3254=ORIENTED_EDGE('',*,*,#2422,.T.);
#3255=ORIENTED_EDGE('',*,*,#2251,.F.);
#3256=ORIENTED_EDGE('',*,*,#2424,.F.);
#3257=ORIENTED_EDGE('',*,*,#2425,.F.);
#3258=ORIENTED_EDGE('',*,*,#2424,.T.);
#3259=ORIENTED_EDGE('',*,*,#2250,.F.);
#3260=ORIENTED_EDGE('',*,*,#2426,.F.);
#3261=ORIENTED_EDGE('',*,*,#2427,.F.);
#3262=ORIENTED_EDGE('',*,*,#2426,.T.);
#3263=ORIENTED_EDGE('',*,*,#2249,.F.);
#3264=ORIENTED_EDGE('',*,*,#2428,.F.);
#3265=ORIENTED_EDGE('',*,*,#2429,.F.);
#3266=ORIENTED_EDGE('',*,*,#2428,.T.);
#3267=ORIENTED_EDGE('',*,*,#2248,.F.);
#3268=ORIENTED_EDGE('',*,*,#2430,.F.);
#3269=ORIENTED_EDGE('',*,*,#2431,.F.);
#3270=ORIENTED_EDGE('',*,*,#2430,.T.);
#3271=ORIENTED_EDGE('',*,*,#2247,.F.);
#3272=ORIENTED_EDGE('',*,*,#2432,.F.);
#3273=ORIENTED_EDGE('',*,*,#2239,.F.);
#3274=ORIENTED_EDGE('',*,*,#2433,.F.);
#3275=ORIENTED_EDGE('',*,*,#2432,.T.);
#3276=ORIENTED_EDGE('',*,*,#2246,.F.);
#3277=ORIENTED_EDGE('',*,*,#2434,.F.);
#3278=ORIENTED_EDGE('',*,*,#2244,.T.);
#3279=ORIENTED_EDGE('',*,*,#2273,.F.);
#3280=ORIENTED_EDGE('',*,*,#2435,.F.);
#3281=ORIENTED_EDGE('',*,*,#2436,.F.);
#3282=ORIENTED_EDGE('',*,*,#2435,.T.);
#3283=ORIENTED_EDGE('',*,*,#2272,.F.);
#3284=ORIENTED_EDGE('',*,*,#2437,.F.);
#3285=ORIENTED_EDGE('',*,*,#2438,.F.);
#3286=ORIENTED_EDGE('',*,*,#2437,.T.);
#3287=ORIENTED_EDGE('',*,*,#2271,.F.);
#3288=ORIENTED_EDGE('',*,*,#2439,.F.);
#3289=ORIENTED_EDGE('',*,*,#2440,.F.);
#3290=ORIENTED_EDGE('',*,*,#2439,.T.);
#3291=ORIENTED_EDGE('',*,*,#2270,.F.);
#3292=ORIENTED_EDGE('',*,*,#2441,.F.);
#3293=ORIENTED_EDGE('',*,*,#2442,.F.);
#3294=ORIENTED_EDGE('',*,*,#2441,.T.);
#3295=ORIENTED_EDGE('',*,*,#2269,.F.);
#3296=ORIENTED_EDGE('',*,*,#2443,.F.);
#3297=ORIENTED_EDGE('',*,*,#2274,.F.);
#3298=ORIENTED_EDGE('',*,*,#2444,.F.);
#3299=ORIENTED_EDGE('',*,*,#2443,.T.);
#3300=ORIENTED_EDGE('',*,*,#2268,.F.);
#3301=ORIENTED_EDGE('',*,*,#2445,.F.);
#3302=ORIENTED_EDGE('',*,*,#2277,.T.);
#3303=ORIENTED_EDGE('',*,*,#2265,.F.);
#3304=ORIENTED_EDGE('',*,*,#2446,.F.);
#3305=ORIENTED_EDGE('',*,*,#2447,.F.);
#3306=ORIENTED_EDGE('',*,*,#2446,.T.);
#3307=ORIENTED_EDGE('',*,*,#2264,.F.);
#3308=ORIENTED_EDGE('',*,*,#2448,.F.);
#3309=ORIENTED_EDGE('',*,*,#2449,.F.);
#3310=ORIENTED_EDGE('',*,*,#2448,.T.);
#3311=ORIENTED_EDGE('',*,*,#2263,.F.);
#3312=ORIENTED_EDGE('',*,*,#2450,.F.);
#3313=ORIENTED_EDGE('',*,*,#2451,.F.);
#3314=ORIENTED_EDGE('',*,*,#2450,.T.);
#3315=ORIENTED_EDGE('',*,*,#2262,.F.);
#3316=ORIENTED_EDGE('',*,*,#2452,.F.);
#3317=ORIENTED_EDGE('',*,*,#2453,.F.);
#3318=ORIENTED_EDGE('',*,*,#2452,.T.);
#3319=ORIENTED_EDGE('',*,*,#2261,.F.);
#3320=ORIENTED_EDGE('',*,*,#2454,.F.);
#3321=ORIENTED_EDGE('',*,*,#2455,.F.);
#3322=ORIENTED_EDGE('',*,*,#2454,.T.);
#3323=ORIENTED_EDGE('',*,*,#2260,.F.);
#3324=ORIENTED_EDGE('',*,*,#2283,.F.);
#3325=ORIENTED_EDGE('',*,*,#2279,.F.);
#3326=ORIENTED_EDGE('',*,*,#2257,.F.);
#3327=ORIENTED_EDGE('',*,*,#2413,.F.);
#3328=ORIENTED_EDGE('',*,*,#2456,.F.);
#3329=ORIENTED_EDGE('',*,*,#2457,.T.);
#3330=ORIENTED_EDGE('',*,*,#2458,.T.);
#3331=ORIENTED_EDGE('',*,*,#2459,.T.);
#3332=ORIENTED_EDGE('',*,*,#2460,.T.);
#3333=ORIENTED_EDGE('',*,*,#2458,.F.);
#3334=ORIENTED_EDGE('',*,*,#2461,.F.);
#3335=ORIENTED_EDGE('',*,*,#2462,.T.);
#3336=ORIENTED_EDGE('',*,*,#2463,.F.);
#3337=ORIENTED_EDGE('',*,*,#2464,.T.);
#3338=ORIENTED_EDGE('',*,*,#2465,.T.);
#3339=ORIENTED_EDGE('',*,*,#2466,.T.);
#3340=ORIENTED_EDGE('',*,*,#2467,.T.);
#3341=ORIENTED_EDGE('',*,*,#2460,.F.);
#3342=ORIENTED_EDGE('',*,*,#2468,.F.);
#3343=ORIENTED_EDGE('',*,*,#2465,.F.);
#3344=ORIENTED_EDGE('',*,*,#2469,.F.);
#3345=ORIENTED_EDGE('',*,*,#2470,.T.);
#3346=ORIENTED_EDGE('',*,*,#2471,.T.);
#3347=ORIENTED_EDGE('',*,*,#2472,.T.);
#3348=ORIENTED_EDGE('',*,*,#2473,.T.);
#3349=ORIENTED_EDGE('',*,*,#2471,.F.);
#3350=ORIENTED_EDGE('',*,*,#2474,.F.);
#3351=ORIENTED_EDGE('',*,*,#2475,.F.);
#3352=ORIENTED_EDGE('',*,*,#2476,.F.);
#3353=ORIENTED_EDGE('',*,*,#2477,.T.);
#3354=ORIENTED_EDGE('',*,*,#2478,.T.);
#3355=ORIENTED_EDGE('',*,*,#2479,.T.);
#3356=ORIENTED_EDGE('',*,*,#2475,.T.);
#3357=ORIENTED_EDGE('',*,*,#2478,.F.);
#3358=ORIENTED_EDGE('',*,*,#2480,.F.);
#3359=ORIENTED_EDGE('',*,*,#2481,.T.);
#3360=ORIENTED_EDGE('',*,*,#2482,.F.);
#3361=ORIENTED_EDGE('',*,*,#2467,.F.);
#3362=ORIENTED_EDGE('',*,*,#2483,.F.);
#3363=ORIENTED_EDGE('',*,*,#2484,.F.);
#3364=ORIENTED_EDGE('',*,*,#2485,.F.);
#3365=ORIENTED_EDGE('',*,*,#2486,.F.);
#3366=ORIENTED_EDGE('',*,*,#2462,.F.);
#3367=ORIENTED_EDGE('',*,*,#2487,.F.);
#3368=ORIENTED_EDGE('',*,*,#2488,.T.);
#3369=ORIENTED_EDGE('',*,*,#2489,.F.);
#3370=ORIENTED_EDGE('',*,*,#2488,.F.);
#3371=ORIENTED_EDGE('',*,*,#2490,.F.);
#3372=ORIENTED_EDGE('',*,*,#2491,.T.);
#3373=ORIENTED_EDGE('',*,*,#2492,.F.);
#3374=ORIENTED_EDGE('',*,*,#2491,.F.);
#3375=ORIENTED_EDGE('',*,*,#2493,.F.);
#3376=ORIENTED_EDGE('',*,*,#2484,.T.);
#3377=ORIENTED_EDGE('',*,*,#2473,.F.);
#3378=ORIENTED_EDGE('',*,*,#2494,.F.);
#3379=ORIENTED_EDGE('',*,*,#2495,.F.);
#3380=ORIENTED_EDGE('',*,*,#2496,.F.);
#3381=ORIENTED_EDGE('',*,*,#2497,.F.);
#3382=ORIENTED_EDGE('',*,*,#2481,.F.);
#3383=ORIENTED_EDGE('',*,*,#2498,.F.);
#3384=ORIENTED_EDGE('',*,*,#2499,.T.);
#3385=ORIENTED_EDGE('',*,*,#2500,.F.);
#3386=ORIENTED_EDGE('',*,*,#2499,.F.);
#3387=ORIENTED_EDGE('',*,*,#2501,.F.);
#3388=ORIENTED_EDGE('',*,*,#2502,.T.);
#3389=ORIENTED_EDGE('',*,*,#2503,.F.);
#3390=ORIENTED_EDGE('',*,*,#2502,.F.);
#3391=ORIENTED_EDGE('',*,*,#2504,.F.);
#3392=ORIENTED_EDGE('',*,*,#2495,.T.);
#3393=ORIENTED_EDGE('',*,*,#2505,.T.);
#3394=ORIENTED_EDGE('',*,*,#2506,.T.);
#3395=ORIENTED_EDGE('',*,*,#2507,.T.);
#3396=ORIENTED_EDGE('',*,*,#2508,.T.);
#3397=ORIENTED_EDGE('',*,*,#2507,.F.);
#3398=ORIENTED_EDGE('',*,*,#2509,.F.);
#3399=ORIENTED_EDGE('',*,*,#2510,.F.);
#3400=ORIENTED_EDGE('',*,*,#2511,.F.);
#3401=ORIENTED_EDGE('',*,*,#2512,.T.);
#3402=ORIENTED_EDGE('',*,*,#2506,.F.);
#3403=ORIENTED_EDGE('',*,*,#2513,.T.);
#3404=ORIENTED_EDGE('',*,*,#2514,.F.);
#3405=ORIENTED_EDGE('',*,*,#2509,.T.);
#3406=ORIENTED_EDGE('',*,*,#2510,.T.);
#3407=ORIENTED_EDGE('',*,*,#2514,.T.);
#3408=ORIENTED_EDGE('',*,*,#2515,.T.);
#3409=ORIENTED_EDGE('',*,*,#2516,.F.);
#3410=ORIENTED_EDGE('',*,*,#2517,.T.);
#3411=ORIENTED_EDGE('',*,*,#2518,.F.);
#3412=ORIENTED_EDGE('',*,*,#2508,.F.);
#3413=ORIENTED_EDGE('',*,*,#2512,.F.);
#3414=ORIENTED_EDGE('',*,*,#2505,.F.);
#3415=ORIENTED_EDGE('',*,*,#2518,.T.);
#3416=ORIENTED_EDGE('',*,*,#2519,.F.);
#3417=ORIENTED_EDGE('',*,*,#2515,.F.);
#3418=ORIENTED_EDGE('',*,*,#2513,.F.);
#3419=ORIENTED_EDGE('',*,*,#2519,.T.);
#3420=ORIENTED_EDGE('',*,*,#2520,.T.);
#3421=ORIENTED_EDGE('',*,*,#2521,.T.);
#3422=ORIENTED_EDGE('',*,*,#2522,.F.);
#3423=ORIENTED_EDGE('',*,*,#2511,.T.);
#3424=ORIENTED_EDGE('',*,*,#2523,.F.);
#3425=ORIENTED_EDGE('',*,*,#2524,.F.);
#3426=ORIENTED_EDGE('',*,*,#2525,.T.);
#3427=ORIENTED_EDGE('',*,*,#2526,.T.);
#3428=ORIENTED_EDGE('',*,*,#2527,.T.);
#3429=ORIENTED_EDGE('',*,*,#2528,.T.);
#3430=ORIENTED_EDGE('',*,*,#2529,.T.);
#3431=ORIENTED_EDGE('',*,*,#2526,.F.);
#3432=ORIENTED_EDGE('',*,*,#2530,.F.);
#3433=ORIENTED_EDGE('',*,*,#2531,.F.);
#3434=ORIENTED_EDGE('',*,*,#2532,.F.);
#3435=ORIENTED_EDGE('',*,*,#2533,.F.);
#3436=ORIENTED_EDGE('',*,*,#2534,.T.);
#3437=ORIENTED_EDGE('',*,*,#2535,.T.);
#3438=ORIENTED_EDGE('',*,*,#2530,.T.);
#3439=ORIENTED_EDGE('',*,*,#2529,.F.);
#3440=ORIENTED_EDGE('',*,*,#2528,.F.);
#3441=ORIENTED_EDGE('',*,*,#2536,.F.);
#3442=ORIENTED_EDGE('',*,*,#2537,.F.);
#3443=ORIENTED_EDGE('',*,*,#2538,.F.);
#3444=ORIENTED_EDGE('',*,*,#2534,.F.);
#3445=ORIENTED_EDGE('',*,*,#2537,.T.);
#3446=ORIENTED_EDGE('',*,*,#2539,.T.);
#3447=ORIENTED_EDGE('',*,*,#2532,.T.);
#3448=ORIENTED_EDGE('',*,*,#2540,.F.);
#3449=ORIENTED_EDGE('',*,*,#2527,.F.);
#3450=ORIENTED_EDGE('',*,*,#2533,.T.);
#3451=ORIENTED_EDGE('',*,*,#2539,.F.);
#3452=ORIENTED_EDGE('',*,*,#2536,.T.);
#3453=ORIENTED_EDGE('',*,*,#2538,.T.);
#3454=ORIENTED_EDGE('',*,*,#2541,.F.);
#3455=ORIENTED_EDGE('',*,*,#2542,.F.);
#3456=ORIENTED_EDGE('',*,*,#2543,.T.);
#3457=ORIENTED_EDGE('',*,*,#2531,.T.);
#3458=ORIENTED_EDGE('',*,*,#2544,.T.);
#3459=ORIENTED_EDGE('',*,*,#2545,.T.);
#3460=ORIENTED_EDGE('',*,*,#2546,.F.);
#3461=ORIENTED_EDGE('',*,*,#2547,.T.);
#3462=ORIENTED_EDGE('',*,*,#2548,.T.);
#3463=ORIENTED_EDGE('',*,*,#2549,.T.);
#3464=ORIENTED_EDGE('',*,*,#2550,.F.);
#3465=ORIENTED_EDGE('',*,*,#2551,.T.);
#3466=ORIENTED_EDGE('',*,*,#2552,.T.);
#3467=ORIENTED_EDGE('',*,*,#2553,.T.);
#3468=ORIENTED_EDGE('',*,*,#2548,.F.);
#3469=ORIENTED_EDGE('',*,*,#2554,.T.);
#3470=ORIENTED_EDGE('',*,*,#2555,.T.);
#3471=ORIENTED_EDGE('',*,*,#2556,.T.);
#3472=ORIENTED_EDGE('',*,*,#2552,.F.);
#3473=ORIENTED_EDGE('',*,*,#2557,.T.);
#3474=ORIENTED_EDGE('',*,*,#2558,.T.);
#3475=ORIENTED_EDGE('',*,*,#2559,.T.);
#3476=ORIENTED_EDGE('',*,*,#2560,.T.);
#3477=ORIENTED_EDGE('',*,*,#2561,.T.);
#3478=ORIENTED_EDGE('',*,*,#2562,.T.);
#3479=ORIENTED_EDGE('',*,*,#2563,.T.);
#3480=ORIENTED_EDGE('',*,*,#2555,.F.);
#3481=ORIENTED_EDGE('',*,*,#2564,.T.);
#3482=ORIENTED_EDGE('',*,*,#2565,.T.);
#3483=ORIENTED_EDGE('',*,*,#2566,.T.);
#3484=ORIENTED_EDGE('',*,*,#2562,.F.);
#3485=ORIENTED_EDGE('',*,*,#2567,.T.);
#3486=ORIENTED_EDGE('',*,*,#2565,.F.);
#3487=ORIENTED_EDGE('',*,*,#2568,.T.);
#3488=ORIENTED_EDGE('',*,*,#2569,.T.);
#3489=ORIENTED_EDGE('',*,*,#2570,.T.);
#3490=ORIENTED_EDGE('',*,*,#2569,.F.);
#3491=ORIENTED_EDGE('',*,*,#2571,.T.);
#3492=ORIENTED_EDGE('',*,*,#2558,.F.);
#3493=ORIENTED_EDGE('',*,*,#2572,.T.);
#3494=ORIENTED_EDGE('',*,*,#2560,.F.);
#3495=ORIENTED_EDGE('',*,*,#2573,.T.);
#3496=ORIENTED_EDGE('',*,*,#2574,.T.);
#3497=ORIENTED_EDGE('',*,*,#2575,.T.);
#3498=ORIENTED_EDGE('',*,*,#2574,.F.);
#3499=ORIENTED_EDGE('',*,*,#2576,.T.);
#3500=ORIENTED_EDGE('',*,*,#2577,.T.);
#3501=ORIENTED_EDGE('',*,*,#2578,.T.);
#3502=ORIENTED_EDGE('',*,*,#2577,.F.);
#3503=ORIENTED_EDGE('',*,*,#2579,.T.);
#3504=ORIENTED_EDGE('',*,*,#2580,.T.);
#3505=ORIENTED_EDGE('',*,*,#2581,.T.);
#3506=ORIENTED_EDGE('',*,*,#2580,.F.);
#3507=ORIENTED_EDGE('',*,*,#2582,.T.);
#3508=ORIENTED_EDGE('',*,*,#2550,.T.);
#3509=ORIENTED_EDGE('',*,*,#2547,.F.);
#3510=ORIENTED_EDGE('',*,*,#2583,.F.);
#3511=ORIENTED_EDGE('',*,*,#2584,.F.);
#3512=ORIENTED_EDGE('',*,*,#2585,.T.);
#3513=ORIENTED_EDGE('',*,*,#2582,.F.);
#3514=ORIENTED_EDGE('',*,*,#2586,.F.);
#3515=ORIENTED_EDGE('',*,*,#2587,.F.);
#3516=ORIENTED_EDGE('',*,*,#2583,.T.);
#3517=ORIENTED_EDGE('',*,*,#2579,.F.);
#3518=ORIENTED_EDGE('',*,*,#2588,.F.);
#3519=ORIENTED_EDGE('',*,*,#2589,.F.);
#3520=ORIENTED_EDGE('',*,*,#2586,.T.);
#3521=ORIENTED_EDGE('',*,*,#2576,.F.);
#3522=ORIENTED_EDGE('',*,*,#2590,.F.);
#3523=ORIENTED_EDGE('',*,*,#2591,.F.);
#3524=ORIENTED_EDGE('',*,*,#2588,.T.);
#3525=ORIENTED_EDGE('',*,*,#2573,.F.);
#3526=ORIENTED_EDGE('',*,*,#2592,.F.);
#3527=ORIENTED_EDGE('',*,*,#2593,.F.);
#3528=ORIENTED_EDGE('',*,*,#2590,.T.);
#3529=ORIENTED_EDGE('',*,*,#2559,.F.);
#3530=ORIENTED_EDGE('',*,*,#2594,.F.);
#3531=ORIENTED_EDGE('',*,*,#2595,.F.);
#3532=ORIENTED_EDGE('',*,*,#2592,.T.);
#3533=ORIENTED_EDGE('',*,*,#2596,.F.);
#3534=ORIENTED_EDGE('',*,*,#2597,.F.);
#3535=ORIENTED_EDGE('',*,*,#2598,.F.);
#3536=ORIENTED_EDGE('',*,*,#2599,.F.);
#3537=ORIENTED_EDGE('',*,*,#2600,.F.);
#3538=ORIENTED_EDGE('',*,*,#2601,.F.);
#3539=ORIENTED_EDGE('',*,*,#2602,.F.);
#3540=ORIENTED_EDGE('',*,*,#2603,.F.);
#3541=ORIENTED_EDGE('',*,*,#2604,.F.);
#3542=ORIENTED_EDGE('',*,*,#2605,.F.);
#3543=ORIENTED_EDGE('',*,*,#2606,.F.);
#3544=ORIENTED_EDGE('',*,*,#2607,.F.);
#3545=ORIENTED_EDGE('',*,*,#2608,.F.);
#3546=ORIENTED_EDGE('',*,*,#2609,.F.);
#3547=ORIENTED_EDGE('',*,*,#2610,.F.);
#3548=ORIENTED_EDGE('',*,*,#2611,.F.);
#3549=ORIENTED_EDGE('',*,*,#2612,.F.);
#3550=ORIENTED_EDGE('',*,*,#2613,.F.);
#3551=ORIENTED_EDGE('',*,*,#2614,.T.);
#3552=ORIENTED_EDGE('',*,*,#2615,.T.);
#3553=ORIENTED_EDGE('',*,*,#2616,.T.);
#3554=ORIENTED_EDGE('',*,*,#2137,.T.);
#3555=ORIENTED_EDGE('',*,*,#2318,.T.);
#3556=ORIENTED_EDGE('',*,*,#2319,.T.);
#3557=ORIENTED_EDGE('',*,*,#2321,.T.);
#3558=ORIENTED_EDGE('',*,*,#2323,.T.);
#3559=ORIENTED_EDGE('',*,*,#2325,.T.);
#3560=ORIENTED_EDGE('',*,*,#2327,.T.);
#3561=ORIENTED_EDGE('',*,*,#2329,.T.);
#3562=ORIENTED_EDGE('',*,*,#2331,.T.);
#3563=ORIENTED_EDGE('',*,*,#2333,.T.);
#3564=ORIENTED_EDGE('',*,*,#2335,.T.);
#3565=ORIENTED_EDGE('',*,*,#2337,.T.);
#3566=ORIENTED_EDGE('',*,*,#2159,.T.);
#3567=ORIENTED_EDGE('',*,*,#2338,.T.);
#3568=ORIENTED_EDGE('',*,*,#2221,.T.);
#3569=ORIENTED_EDGE('',*,*,#2340,.T.);
#3570=ORIENTED_EDGE('',*,*,#2341,.T.);
#3571=ORIENTED_EDGE('',*,*,#2237,.T.);
#3572=ORIENTED_EDGE('',*,*,#2343,.T.);
#3573=ORIENTED_EDGE('',*,*,#2345,.T.);
#3574=ORIENTED_EDGE('',*,*,#2346,.T.);
#3575=ORIENTED_EDGE('',*,*,#2232,.T.);
#3576=ORIENTED_EDGE('',*,*,#2235,.T.);
#3577=ORIENTED_EDGE('',*,*,#2347,.T.);
#3578=ORIENTED_EDGE('',*,*,#2350,.T.);
#3579=ORIENTED_EDGE('',*,*,#2352,.T.);
#3580=ORIENTED_EDGE('',*,*,#2354,.T.);
#3581=ORIENTED_EDGE('',*,*,#2356,.T.);
#3582=ORIENTED_EDGE('',*,*,#2357,.T.);
#3583=ORIENTED_EDGE('',*,*,#2197,.T.);
#3584=ORIENTED_EDGE('',*,*,#2203,.T.);
#3585=ORIENTED_EDGE('',*,*,#2205,.T.);
#3586=ORIENTED_EDGE('',*,*,#2209,.T.);
#3587=ORIENTED_EDGE('',*,*,#2228,.T.);
#3588=ORIENTED_EDGE('',*,*,#2229,.T.);
#3589=ORIENTED_EDGE('',*,*,#2557,.F.);
#3590=ORIENTED_EDGE('',*,*,#2572,.F.);
#3591=ORIENTED_EDGE('',*,*,#2575,.F.);
#3592=ORIENTED_EDGE('',*,*,#2578,.F.);
#3593=ORIENTED_EDGE('',*,*,#2581,.F.);
#3594=ORIENTED_EDGE('',*,*,#2549,.F.);
#3595=ORIENTED_EDGE('',*,*,#2553,.F.);
#3596=ORIENTED_EDGE('',*,*,#2556,.F.);
#3597=ORIENTED_EDGE('',*,*,#2563,.F.);
#3598=ORIENTED_EDGE('',*,*,#2566,.F.);
#3599=ORIENTED_EDGE('',*,*,#2567,.F.);
#3600=ORIENTED_EDGE('',*,*,#2570,.F.);
#3601=ORIENTED_EDGE('',*,*,#2617,.F.);
#3602=ORIENTED_EDGE('',*,*,#2618,.F.);
#3603=ORIENTED_EDGE('',*,*,#2619,.F.);
#3604=ORIENTED_EDGE('',*,*,#2620,.F.);
#3605=ORIENTED_EDGE('',*,*,#2498,.T.);
#3606=ORIENTED_EDGE('',*,*,#2480,.T.);
#3607=ORIENTED_EDGE('',*,*,#2477,.F.);
#3608=ORIENTED_EDGE('',*,*,#2474,.T.);
#3609=ORIENTED_EDGE('',*,*,#2470,.F.);
#3610=ORIENTED_EDGE('',*,*,#2496,.T.);
#3611=ORIENTED_EDGE('',*,*,#2504,.T.);
#3612=ORIENTED_EDGE('',*,*,#2501,.T.);
#3613=ORIENTED_EDGE('',*,*,#2487,.T.);
#3614=ORIENTED_EDGE('',*,*,#2461,.T.);
#3615=ORIENTED_EDGE('',*,*,#2457,.F.);
#3616=ORIENTED_EDGE('',*,*,#2469,.T.);
#3617=ORIENTED_EDGE('',*,*,#2464,.F.);
#3618=ORIENTED_EDGE('',*,*,#2485,.T.);
#3619=ORIENTED_EDGE('',*,*,#2493,.T.);
#3620=ORIENTED_EDGE('',*,*,#2490,.T.);
#3621=ORIENTED_EDGE('',*,*,#2412,.T.);
#3622=ORIENTED_EDGE('',*,*,#2415,.T.);
#3623=ORIENTED_EDGE('',*,*,#2417,.T.);
#3624=ORIENTED_EDGE('',*,*,#2419,.T.);
#3625=ORIENTED_EDGE('',*,*,#2421,.T.);
#3626=ORIENTED_EDGE('',*,*,#2423,.T.);
#3627=ORIENTED_EDGE('',*,*,#2425,.T.);
#3628=ORIENTED_EDGE('',*,*,#2427,.T.);
#3629=ORIENTED_EDGE('',*,*,#2429,.T.);
#3630=ORIENTED_EDGE('',*,*,#2431,.T.);
#3631=ORIENTED_EDGE('',*,*,#2433,.T.);
#3632=ORIENTED_EDGE('',*,*,#2242,.T.);
#3633=ORIENTED_EDGE('',*,*,#2245,.T.);
#3634=ORIENTED_EDGE('',*,*,#2434,.T.);
#3635=ORIENTED_EDGE('',*,*,#2436,.T.);
#3636=ORIENTED_EDGE('',*,*,#2438,.T.);
#3637=ORIENTED_EDGE('',*,*,#2440,.T.);
#3638=ORIENTED_EDGE('',*,*,#2442,.T.);
#3639=ORIENTED_EDGE('',*,*,#2444,.T.);
#3640=ORIENTED_EDGE('',*,*,#2276,.T.);
#3641=ORIENTED_EDGE('',*,*,#2278,.T.);
#3642=ORIENTED_EDGE('',*,*,#2445,.T.);
#3643=ORIENTED_EDGE('',*,*,#2447,.T.);
#3644=ORIENTED_EDGE('',*,*,#2449,.T.);
#3645=ORIENTED_EDGE('',*,*,#2451,.T.);
#3646=ORIENTED_EDGE('',*,*,#2453,.T.);
#3647=ORIENTED_EDGE('',*,*,#2455,.T.);
#3648=ORIENTED_EDGE('',*,*,#2282,.T.);
#3649=ORIENTED_EDGE('',*,*,#2280,.T.);
#3650=ORIENTED_EDGE('',*,*,#2456,.T.);
#3651=ORIENTED_EDGE('',*,*,#2382,.T.);
#3652=ORIENTED_EDGE('',*,*,#2386,.T.);
#3653=ORIENTED_EDGE('',*,*,#2389,.T.);
#3654=ORIENTED_EDGE('',*,*,#2392,.T.);
#3655=ORIENTED_EDGE('',*,*,#2395,.T.);
#3656=ORIENTED_EDGE('',*,*,#2398,.T.);
#3657=ORIENTED_EDGE('',*,*,#2401,.T.);
#3658=ORIENTED_EDGE('',*,*,#2404,.T.);
#3659=ORIENTED_EDGE('',*,*,#2407,.T.);
#3660=ORIENTED_EDGE('',*,*,#2410,.T.);
#3661=ORIENTED_EDGE('',*,*,#2162,.T.);
#3662=ORIENTED_EDGE('',*,*,#2285,.T.);
#3663=ORIENTED_EDGE('',*,*,#2286,.T.);
#3664=ORIENTED_EDGE('',*,*,#2288,.T.);
#3665=ORIENTED_EDGE('',*,*,#2290,.T.);
#3666=ORIENTED_EDGE('',*,*,#2292,.T.);
#3667=ORIENTED_EDGE('',*,*,#2294,.T.);
#3668=ORIENTED_EDGE('',*,*,#2296,.T.);
#3669=ORIENTED_EDGE('',*,*,#2190,.T.);
#3670=ORIENTED_EDGE('',*,*,#2186,.T.);
#3671=ORIENTED_EDGE('',*,*,#2297,.T.);
#3672=ORIENTED_EDGE('',*,*,#2188,.T.);
#3673=ORIENTED_EDGE('',*,*,#2298,.T.);
#3674=ORIENTED_EDGE('',*,*,#2300,.T.);
#3675=ORIENTED_EDGE('',*,*,#2302,.T.);
#3676=ORIENTED_EDGE('',*,*,#2304,.T.);
#3677=ORIENTED_EDGE('',*,*,#2306,.T.);
#3678=ORIENTED_EDGE('',*,*,#2181,.T.);
#3679=ORIENTED_EDGE('',*,*,#2619,.T.);
#3680=ORIENTED_EDGE('',*,*,#2621,.T.);
#3681=ORIENTED_EDGE('',*,*,#2622,.T.);
#3682=ORIENTED_EDGE('',*,*,#2623,.T.);
#3683=ORIENTED_EDGE('',*,*,#2624,.T.);
#3684=ORIENTED_EDGE('',*,*,#2625,.T.);
#3685=ORIENTED_EDGE('',*,*,#2617,.T.);
#3686=ORIENTED_EDGE('',*,*,#2626,.F.);
#3687=ORIENTED_EDGE('',*,*,#2618,.T.);
#3688=ORIENTED_EDGE('',*,*,#2625,.F.);
#3689=ORIENTED_EDGE('',*,*,#2627,.T.);
#3690=ORIENTED_EDGE('',*,*,#2621,.F.);
#3691=ORIENTED_EDGE('',*,*,#2620,.T.);
#3692=ORIENTED_EDGE('',*,*,#2623,.F.);
#3693=ORIENTED_EDGE('',*,*,#2628,.T.);
#3694=ORIENTED_EDGE('',*,*,#2626,.T.);
#3695=ORIENTED_EDGE('',*,*,#2627,.F.);
#3696=ORIENTED_EDGE('',*,*,#2629,.F.);
#3697=ORIENTED_EDGE('',*,*,#2630,.F.);
#3698=ORIENTED_EDGE('',*,*,#2631,.T.);
#3699=ORIENTED_EDGE('',*,*,#2624,.F.);
#3700=ORIENTED_EDGE('',*,*,#2632,.F.);
#3701=ORIENTED_EDGE('',*,*,#2633,.F.);
#3702=ORIENTED_EDGE('',*,*,#2629,.T.);
#3703=ORIENTED_EDGE('',*,*,#2628,.F.);
#3704=ORIENTED_EDGE('',*,*,#2634,.F.);
#3705=ORIENTED_EDGE('',*,*,#2635,.F.);
#3706=ORIENTED_EDGE('',*,*,#2632,.T.);
#3707=ORIENTED_EDGE('',*,*,#2622,.F.);
#3708=ORIENTED_EDGE('',*,*,#2631,.F.);
#3709=ORIENTED_EDGE('',*,*,#2636,.F.);
#3710=ORIENTED_EDGE('',*,*,#2634,.T.);
#3711=ORIENTED_EDGE('',*,*,#2551,.F.);
#3712=ORIENTED_EDGE('',*,*,#2585,.F.);
#3713=ORIENTED_EDGE('',*,*,#2637,.F.);
#3714=ORIENTED_EDGE('',*,*,#2638,.T.);
#3715=ORIENTED_EDGE('',*,*,#2554,.F.);
#3716=ORIENTED_EDGE('',*,*,#2638,.F.);
#3717=ORIENTED_EDGE('',*,*,#2639,.F.);
#3718=ORIENTED_EDGE('',*,*,#2640,.T.);
#3719=ORIENTED_EDGE('',*,*,#2561,.F.);
#3720=ORIENTED_EDGE('',*,*,#2640,.F.);
#3721=ORIENTED_EDGE('',*,*,#2641,.F.);
#3722=ORIENTED_EDGE('',*,*,#2642,.T.);
#3723=ORIENTED_EDGE('',*,*,#2564,.F.);
#3724=ORIENTED_EDGE('',*,*,#2642,.F.);
#3725=ORIENTED_EDGE('',*,*,#2643,.F.);
#3726=ORIENTED_EDGE('',*,*,#2644,.T.);
#3727=ORIENTED_EDGE('',*,*,#2568,.F.);
#3728=ORIENTED_EDGE('',*,*,#2644,.F.);
#3729=ORIENTED_EDGE('',*,*,#2645,.F.);
#3730=ORIENTED_EDGE('',*,*,#2646,.T.);
#3731=ORIENTED_EDGE('',*,*,#2571,.F.);
#3732=ORIENTED_EDGE('',*,*,#2646,.F.);
#3733=ORIENTED_EDGE('',*,*,#2647,.F.);
#3734=ORIENTED_EDGE('',*,*,#2594,.T.);
#3735=ORIENTED_EDGE('',*,*,#2648,.F.);
#3736=ORIENTED_EDGE('',*,*,#2649,.F.);
#3737=ORIENTED_EDGE('',*,*,#2650,.F.);
#3738=ORIENTED_EDGE('',*,*,#2651,.F.);
#3739=ORIENTED_EDGE('',*,*,#2652,.F.);
#3740=ORIENTED_EDGE('',*,*,#2653,.F.);
#3741=ORIENTED_EDGE('',*,*,#2654,.F.);
#3742=ORIENTED_EDGE('',*,*,#2655,.F.);
#3743=ORIENTED_EDGE('',*,*,#2656,.F.);
#3744=ORIENTED_EDGE('',*,*,#2657,.F.);
#3745=ORIENTED_EDGE('',*,*,#2658,.F.);
#3746=ORIENTED_EDGE('',*,*,#2659,.F.);
#3747=ORIENTED_EDGE('',*,*,#2660,.F.);
#3748=ORIENTED_EDGE('',*,*,#2661,.F.);
#3749=ORIENTED_EDGE('',*,*,#2662,.F.);
#3750=ORIENTED_EDGE('',*,*,#2663,.F.);
#3751=ORIENTED_EDGE('',*,*,#2664,.F.);
#3752=ORIENTED_EDGE('',*,*,#2665,.F.);
#3753=ORIENTED_EDGE('',*,*,#2666,.F.);
#3754=ORIENTED_EDGE('',*,*,#2667,.F.);
#3755=ORIENTED_EDGE('',*,*,#2668,.F.);
#3756=ORIENTED_EDGE('',*,*,#2486,.T.);
#3757=ORIENTED_EDGE('',*,*,#2489,.T.);
#3758=ORIENTED_EDGE('',*,*,#2492,.T.);
#3759=ORIENTED_EDGE('',*,*,#2483,.T.);
#3760=ORIENTED_EDGE('',*,*,#2466,.F.);
#3761=ORIENTED_EDGE('',*,*,#2468,.T.);
#3762=ORIENTED_EDGE('',*,*,#2459,.F.);
#3763=ORIENTED_EDGE('',*,*,#2463,.T.);
#3764=ORIENTED_EDGE('',*,*,#2497,.T.);
#3765=ORIENTED_EDGE('',*,*,#2500,.T.);
#3766=ORIENTED_EDGE('',*,*,#2503,.T.);
#3767=ORIENTED_EDGE('',*,*,#2494,.T.);
#3768=ORIENTED_EDGE('',*,*,#2472,.F.);
#3769=ORIENTED_EDGE('',*,*,#2476,.T.);
#3770=ORIENTED_EDGE('',*,*,#2479,.F.);
#3771=ORIENTED_EDGE('',*,*,#2482,.T.);
#3772=ORIENTED_EDGE('',*,*,#2636,.T.);
#3773=ORIENTED_EDGE('',*,*,#2630,.T.);
#3774=ORIENTED_EDGE('',*,*,#2633,.T.);
#3775=ORIENTED_EDGE('',*,*,#2635,.T.);
#3776=ORIENTED_EDGE('',*,*,#2595,.T.);
#3777=ORIENTED_EDGE('',*,*,#2647,.T.);
#3778=ORIENTED_EDGE('',*,*,#2645,.T.);
#3779=ORIENTED_EDGE('',*,*,#2643,.T.);
#3780=ORIENTED_EDGE('',*,*,#2641,.T.);
#3781=ORIENTED_EDGE('',*,*,#2639,.T.);
#3782=ORIENTED_EDGE('',*,*,#2637,.T.);
#3783=ORIENTED_EDGE('',*,*,#2584,.T.);
#3784=ORIENTED_EDGE('',*,*,#2587,.T.);
#3785=ORIENTED_EDGE('',*,*,#2589,.T.);
#3786=ORIENTED_EDGE('',*,*,#2591,.T.);
#3787=ORIENTED_EDGE('',*,*,#2593,.T.);
#3788=ORIENTED_EDGE('',*,*,#2669,.F.);
#3789=ORIENTED_EDGE('',*,*,#2670,.T.);
#3790=ORIENTED_EDGE('',*,*,#2651,.T.);
#3791=ORIENTED_EDGE('',*,*,#2671,.F.);
#3792=ORIENTED_EDGE('',*,*,#2672,.F.);
#3793=ORIENTED_EDGE('',*,*,#2673,.T.);
#3794=ORIENTED_EDGE('',*,*,#2652,.T.);
#3795=ORIENTED_EDGE('',*,*,#2670,.F.);
#3796=ORIENTED_EDGE('',*,*,#2674,.F.);
#3797=ORIENTED_EDGE('',*,*,#2675,.T.);
#3798=ORIENTED_EDGE('',*,*,#2653,.T.);
#3799=ORIENTED_EDGE('',*,*,#2673,.F.);
#3800=ORIENTED_EDGE('',*,*,#2676,.F.);
#3801=ORIENTED_EDGE('',*,*,#2677,.T.);
#3802=ORIENTED_EDGE('',*,*,#2654,.T.);
#3803=ORIENTED_EDGE('',*,*,#2675,.F.);
#3804=ORIENTED_EDGE('',*,*,#2678,.F.);
#3805=ORIENTED_EDGE('',*,*,#2679,.T.);
#3806=ORIENTED_EDGE('',*,*,#2655,.T.);
#3807=ORIENTED_EDGE('',*,*,#2677,.F.);
#3808=ORIENTED_EDGE('',*,*,#2680,.F.);
#3809=ORIENTED_EDGE('',*,*,#2681,.T.);
#3810=ORIENTED_EDGE('',*,*,#2656,.T.);
#3811=ORIENTED_EDGE('',*,*,#2679,.F.);
#3812=ORIENTED_EDGE('',*,*,#2682,.F.);
#3813=ORIENTED_EDGE('',*,*,#2683,.T.);
#3814=ORIENTED_EDGE('',*,*,#2657,.T.);
#3815=ORIENTED_EDGE('',*,*,#2681,.F.);
#3816=ORIENTED_EDGE('',*,*,#2684,.F.);
#3817=ORIENTED_EDGE('',*,*,#2685,.T.);
#3818=ORIENTED_EDGE('',*,*,#2658,.T.);
#3819=ORIENTED_EDGE('',*,*,#2683,.F.);
#3820=ORIENTED_EDGE('',*,*,#2686,.F.);
#3821=ORIENTED_EDGE('',*,*,#2687,.T.);
#3822=ORIENTED_EDGE('',*,*,#2659,.T.);
#3823=ORIENTED_EDGE('',*,*,#2685,.F.);
#3824=ORIENTED_EDGE('',*,*,#2688,.F.);
#3825=ORIENTED_EDGE('',*,*,#2689,.T.);
#3826=ORIENTED_EDGE('',*,*,#2660,.T.);
#3827=ORIENTED_EDGE('',*,*,#2687,.F.);
#3828=ORIENTED_EDGE('',*,*,#2690,.F.);
#3829=ORIENTED_EDGE('',*,*,#2691,.T.);
#3830=ORIENTED_EDGE('',*,*,#2661,.T.);
#3831=ORIENTED_EDGE('',*,*,#2689,.F.);
#3832=ORIENTED_EDGE('',*,*,#2692,.F.);
#3833=ORIENTED_EDGE('',*,*,#2693,.T.);
#3834=ORIENTED_EDGE('',*,*,#2662,.T.);
#3835=ORIENTED_EDGE('',*,*,#2691,.F.);
#3836=ORIENTED_EDGE('',*,*,#2694,.F.);
#3837=ORIENTED_EDGE('',*,*,#2695,.T.);
#3838=ORIENTED_EDGE('',*,*,#2663,.T.);
#3839=ORIENTED_EDGE('',*,*,#2693,.F.);
#3840=ORIENTED_EDGE('',*,*,#2696,.F.);
#3841=ORIENTED_EDGE('',*,*,#2697,.T.);
#3842=ORIENTED_EDGE('',*,*,#2664,.T.);
#3843=ORIENTED_EDGE('',*,*,#2695,.F.);
#3844=ORIENTED_EDGE('',*,*,#2698,.F.);
#3845=ORIENTED_EDGE('',*,*,#2699,.T.);
#3846=ORIENTED_EDGE('',*,*,#2665,.T.);
#3847=ORIENTED_EDGE('',*,*,#2697,.F.);
#3848=ORIENTED_EDGE('',*,*,#2700,.F.);
#3849=ORIENTED_EDGE('',*,*,#2701,.T.);
#3850=ORIENTED_EDGE('',*,*,#2666,.T.);
#3851=ORIENTED_EDGE('',*,*,#2699,.F.);
#3852=ORIENTED_EDGE('',*,*,#2702,.F.);
#3853=ORIENTED_EDGE('',*,*,#2703,.T.);
#3854=ORIENTED_EDGE('',*,*,#2667,.T.);
#3855=ORIENTED_EDGE('',*,*,#2701,.F.);
#3856=ORIENTED_EDGE('',*,*,#2704,.F.);
#3857=ORIENTED_EDGE('',*,*,#2705,.F.);
#3858=ORIENTED_EDGE('',*,*,#2668,.T.);
#3859=ORIENTED_EDGE('',*,*,#2703,.F.);
#3860=ORIENTED_EDGE('',*,*,#2671,.T.);
#3861=ORIENTED_EDGE('',*,*,#2650,.T.);
#3862=ORIENTED_EDGE('',*,*,#2706,.T.);
#3863=ORIENTED_EDGE('',*,*,#2614,.F.);
#3864=ORIENTED_EDGE('',*,*,#2707,.F.);
#3865=ORIENTED_EDGE('',*,*,#2708,.F.);
#3866=ORIENTED_EDGE('',*,*,#2709,.T.);
#3867=ORIENTED_EDGE('',*,*,#2710,.T.);
#3868=ORIENTED_EDGE('',*,*,#2615,.F.);
#3869=ORIENTED_EDGE('',*,*,#2706,.F.);
#3870=ORIENTED_EDGE('',*,*,#2649,.T.);
#3871=ORIENTED_EDGE('',*,*,#2711,.T.);
#3872=ORIENTED_EDGE('',*,*,#2596,.T.);
#3873=ORIENTED_EDGE('',*,*,#2712,.T.);
#3874=ORIENTED_EDGE('',*,*,#2713,.T.);
#3875=ORIENTED_EDGE('',*,*,#2714,.T.);
#3876=ORIENTED_EDGE('',*,*,#2597,.T.);
#3877=ORIENTED_EDGE('',*,*,#2711,.F.);
#3878=ORIENTED_EDGE('',*,*,#2715,.T.);
#3879=ORIENTED_EDGE('',*,*,#2716,.T.);
#3880=ORIENTED_EDGE('',*,*,#2717,.T.);
#3881=ORIENTED_EDGE('',*,*,#2600,.T.);
#3882=ORIENTED_EDGE('',*,*,#2718,.T.);
#3883=ORIENTED_EDGE('',*,*,#2719,.T.);
#3884=ORIENTED_EDGE('',*,*,#2707,.T.);
#3885=ORIENTED_EDGE('',*,*,#2613,.T.);
#3886=ORIENTED_EDGE('',*,*,#2720,.T.);
#3887=ORIENTED_EDGE('',*,*,#2612,.T.);
#3888=ORIENTED_EDGE('',*,*,#2721,.T.);
#3889=ORIENTED_EDGE('',*,*,#2722,.T.);
#3890=ORIENTED_EDGE('',*,*,#2720,.F.);
#3891=ORIENTED_EDGE('',*,*,#2611,.T.);
#3892=ORIENTED_EDGE('',*,*,#2723,.T.);
#3893=ORIENTED_EDGE('',*,*,#2724,.T.);
#3894=ORIENTED_EDGE('',*,*,#2721,.F.);
#3895=ORIENTED_EDGE('',*,*,#2610,.T.);
#3896=ORIENTED_EDGE('',*,*,#2725,.T.);
#3897=ORIENTED_EDGE('',*,*,#2726,.T.);
#3898=ORIENTED_EDGE('',*,*,#2723,.F.);
#3899=ORIENTED_EDGE('',*,*,#2609,.T.);
#3900=ORIENTED_EDGE('',*,*,#2727,.T.);
#3901=ORIENTED_EDGE('',*,*,#2523,.T.);
#3902=ORIENTED_EDGE('',*,*,#2516,.T.);
#3903=ORIENTED_EDGE('',*,*,#2522,.T.);
#3904=ORIENTED_EDGE('',*,*,#2725,.F.);
#3905=ORIENTED_EDGE('',*,*,#2728,.T.);
#3906=ORIENTED_EDGE('',*,*,#2727,.F.);
#3907=ORIENTED_EDGE('',*,*,#2608,.T.);
#3908=ORIENTED_EDGE('',*,*,#2729,.T.);
#3909=ORIENTED_EDGE('',*,*,#2730,.T.);
#3910=ORIENTED_EDGE('',*,*,#2729,.F.);
#3911=ORIENTED_EDGE('',*,*,#2607,.T.);
#3912=ORIENTED_EDGE('',*,*,#2731,.T.);
#3913=ORIENTED_EDGE('',*,*,#2732,.T.);
#3914=ORIENTED_EDGE('',*,*,#2731,.F.);
#3915=ORIENTED_EDGE('',*,*,#2606,.T.);
#3916=ORIENTED_EDGE('',*,*,#2733,.T.);
#3917=ORIENTED_EDGE('',*,*,#2734,.T.);
#3918=ORIENTED_EDGE('',*,*,#2733,.F.);
#3919=ORIENTED_EDGE('',*,*,#2605,.T.);
#3920=ORIENTED_EDGE('',*,*,#2735,.T.);
#3921=ORIENTED_EDGE('',*,*,#2736,.T.);
#3922=ORIENTED_EDGE('',*,*,#2735,.F.);
#3923=ORIENTED_EDGE('',*,*,#2604,.T.);
#3924=ORIENTED_EDGE('',*,*,#2737,.T.);
#3925=ORIENTED_EDGE('',*,*,#2738,.T.);
#3926=ORIENTED_EDGE('',*,*,#2737,.F.);
#3927=ORIENTED_EDGE('',*,*,#2603,.T.);
#3928=ORIENTED_EDGE('',*,*,#2739,.T.);
#3929=ORIENTED_EDGE('',*,*,#2740,.T.);
#3930=ORIENTED_EDGE('',*,*,#2739,.F.);
#3931=ORIENTED_EDGE('',*,*,#2602,.T.);
#3932=ORIENTED_EDGE('',*,*,#2741,.T.);
#3933=ORIENTED_EDGE('',*,*,#2717,.F.);
#3934=ORIENTED_EDGE('',*,*,#2541,.T.);
#3935=ORIENTED_EDGE('',*,*,#2540,.T.);
#3936=ORIENTED_EDGE('',*,*,#2546,.T.);
#3937=ORIENTED_EDGE('',*,*,#2741,.F.);
#3938=ORIENTED_EDGE('',*,*,#2601,.T.);
#3939=ORIENTED_EDGE('',*,*,#2742,.T.);
#3940=ORIENTED_EDGE('',*,*,#2718,.F.);
#3941=ORIENTED_EDGE('',*,*,#2599,.T.);
#3942=ORIENTED_EDGE('',*,*,#2743,.T.);
#3943=ORIENTED_EDGE('',*,*,#2714,.F.);
#3944=ORIENTED_EDGE('',*,*,#2744,.T.);
#3945=ORIENTED_EDGE('',*,*,#2743,.F.);
#3946=ORIENTED_EDGE('',*,*,#2598,.T.);
#3947=ORIENTED_EDGE('',*,*,#2719,.F.);
#3948=ORIENTED_EDGE('',*,*,#2745,.F.);
#3949=ORIENTED_EDGE('',*,*,#2746,.T.);
#3950=ORIENTED_EDGE('',*,*,#2708,.T.);
#3951=ORIENTED_EDGE('',*,*,#2722,.F.);
#3952=ORIENTED_EDGE('',*,*,#2747,.F.);
#3953=ORIENTED_EDGE('',*,*,#2748,.T.);
#3954=ORIENTED_EDGE('',*,*,#2745,.T.);
#3955=ORIENTED_EDGE('',*,*,#2724,.F.);
#3956=ORIENTED_EDGE('',*,*,#2749,.F.);
#3957=ORIENTED_EDGE('',*,*,#2750,.T.);
#3958=ORIENTED_EDGE('',*,*,#2747,.T.);
#3959=ORIENTED_EDGE('',*,*,#2726,.F.);
#3960=ORIENTED_EDGE('',*,*,#2521,.F.);
#3961=ORIENTED_EDGE('',*,*,#2751,.T.);
#3962=ORIENTED_EDGE('',*,*,#2749,.T.);
#3963=ORIENTED_EDGE('',*,*,#2728,.F.);
#3964=ORIENTED_EDGE('',*,*,#2752,.F.);
#3965=ORIENTED_EDGE('',*,*,#2753,.T.);
#3966=ORIENTED_EDGE('',*,*,#2524,.T.);
#3967=ORIENTED_EDGE('',*,*,#2730,.F.);
#3968=ORIENTED_EDGE('',*,*,#2754,.F.);
#3969=ORIENTED_EDGE('',*,*,#2755,.T.);
#3970=ORIENTED_EDGE('',*,*,#2752,.T.);
#3971=ORIENTED_EDGE('',*,*,#2732,.F.);
#3972=ORIENTED_EDGE('',*,*,#2756,.F.);
#3973=ORIENTED_EDGE('',*,*,#2757,.T.);
#3974=ORIENTED_EDGE('',*,*,#2754,.T.);
#3975=ORIENTED_EDGE('',*,*,#2734,.F.);
#3976=ORIENTED_EDGE('',*,*,#2758,.F.);
#3977=ORIENTED_EDGE('',*,*,#2759,.T.);
#3978=ORIENTED_EDGE('',*,*,#2756,.T.);
#3979=ORIENTED_EDGE('',*,*,#2736,.F.);
#3980=ORIENTED_EDGE('',*,*,#2760,.F.);
#3981=ORIENTED_EDGE('',*,*,#2761,.T.);
#3982=ORIENTED_EDGE('',*,*,#2758,.T.);
#3983=ORIENTED_EDGE('',*,*,#2738,.F.);
#3984=ORIENTED_EDGE('',*,*,#2762,.F.);
#3985=ORIENTED_EDGE('',*,*,#2763,.T.);
#3986=ORIENTED_EDGE('',*,*,#2760,.T.);
#3987=ORIENTED_EDGE('',*,*,#2740,.F.);
#3988=ORIENTED_EDGE('',*,*,#2545,.F.);
#3989=ORIENTED_EDGE('',*,*,#2764,.T.);
#3990=ORIENTED_EDGE('',*,*,#2762,.T.);
#3991=ORIENTED_EDGE('',*,*,#2716,.F.);
#3992=ORIENTED_EDGE('',*,*,#2765,.F.);
#3993=ORIENTED_EDGE('',*,*,#2766,.T.);
#3994=ORIENTED_EDGE('',*,*,#2542,.T.);
#3995=ORIENTED_EDGE('',*,*,#2742,.F.);
#3996=ORIENTED_EDGE('',*,*,#2767,.F.);
#3997=ORIENTED_EDGE('',*,*,#2768,.T.);
#3998=ORIENTED_EDGE('',*,*,#2765,.T.);
#3999=ORIENTED_EDGE('',*,*,#2744,.F.);
#4000=ORIENTED_EDGE('',*,*,#2769,.F.);
#4001=ORIENTED_EDGE('',*,*,#2770,.T.);
#4002=ORIENTED_EDGE('',*,*,#2767,.T.);
#4003=ORIENTED_EDGE('',*,*,#2715,.F.);
#4004=ORIENTED_EDGE('',*,*,#2771,.F.);
#4005=ORIENTED_EDGE('',*,*,#2772,.T.);
#4006=ORIENTED_EDGE('',*,*,#2769,.T.);
#4007=ORIENTED_EDGE('',*,*,#2713,.F.);
#4008=ORIENTED_EDGE('',*,*,#2773,.F.);
#4009=ORIENTED_EDGE('',*,*,#2774,.T.);
#4010=ORIENTED_EDGE('',*,*,#2771,.T.);
#4011=ORIENTED_EDGE('',*,*,#2705,.T.);
#4012=ORIENTED_EDGE('',*,*,#2775,.T.);
#4013=ORIENTED_EDGE('',*,*,#2773,.T.);
#4014=ORIENTED_EDGE('',*,*,#2712,.F.);
#4015=ORIENTED_EDGE('',*,*,#2616,.F.);
#4016=ORIENTED_EDGE('',*,*,#2710,.F.);
#4017=ORIENTED_EDGE('',*,*,#2648,.T.);
#4018=ORIENTED_EDGE('',*,*,#2669,.T.);
#4019=ORIENTED_EDGE('',*,*,#2709,.F.);
#4020=ORIENTED_EDGE('',*,*,#2746,.F.);
#4021=ORIENTED_EDGE('',*,*,#2748,.F.);
#4022=ORIENTED_EDGE('',*,*,#2750,.F.);
#4023=ORIENTED_EDGE('',*,*,#2751,.F.);
#4024=ORIENTED_EDGE('',*,*,#2520,.F.);
#4025=ORIENTED_EDGE('',*,*,#2517,.F.);
#4026=ORIENTED_EDGE('',*,*,#2525,.F.);
#4027=ORIENTED_EDGE('',*,*,#2753,.F.);
#4028=ORIENTED_EDGE('',*,*,#2755,.F.);
#4029=ORIENTED_EDGE('',*,*,#2757,.F.);
#4030=ORIENTED_EDGE('',*,*,#2759,.F.);
#4031=ORIENTED_EDGE('',*,*,#2761,.F.);
#4032=ORIENTED_EDGE('',*,*,#2763,.F.);
#4033=ORIENTED_EDGE('',*,*,#2764,.F.);
#4034=ORIENTED_EDGE('',*,*,#2544,.F.);
#4035=ORIENTED_EDGE('',*,*,#2535,.F.);
#4036=ORIENTED_EDGE('',*,*,#2543,.F.);
#4037=ORIENTED_EDGE('',*,*,#2766,.F.);
#4038=ORIENTED_EDGE('',*,*,#2768,.F.);
#4039=ORIENTED_EDGE('',*,*,#2770,.F.);
#4040=ORIENTED_EDGE('',*,*,#2772,.F.);
#4041=ORIENTED_EDGE('',*,*,#2774,.F.);
#4042=ORIENTED_EDGE('',*,*,#2775,.F.);
#4043=ORIENTED_EDGE('',*,*,#2704,.T.);
#4044=ORIENTED_EDGE('',*,*,#2702,.T.);
#4045=ORIENTED_EDGE('',*,*,#2700,.T.);
#4046=ORIENTED_EDGE('',*,*,#2698,.T.);
#4047=ORIENTED_EDGE('',*,*,#2696,.T.);
#4048=ORIENTED_EDGE('',*,*,#2694,.T.);
#4049=ORIENTED_EDGE('',*,*,#2692,.T.);
#4050=ORIENTED_EDGE('',*,*,#2690,.T.);
#4051=ORIENTED_EDGE('',*,*,#2688,.T.);
#4052=ORIENTED_EDGE('',*,*,#2686,.T.);
#4053=ORIENTED_EDGE('',*,*,#2684,.T.);
#4054=ORIENTED_EDGE('',*,*,#2682,.T.);
#4055=ORIENTED_EDGE('',*,*,#2680,.T.);
#4056=ORIENTED_EDGE('',*,*,#2678,.T.);
#4057=ORIENTED_EDGE('',*,*,#2676,.T.);
#4058=ORIENTED_EDGE('',*,*,#2674,.T.);
#4059=ORIENTED_EDGE('',*,*,#2672,.T.);
#4060=CYLINDRICAL_SURFACE('',#4372,0.5);
#4061=CYLINDRICAL_SURFACE('',#4376,0.5);
#4062=CYLINDRICAL_SURFACE('',#4378,0.5);
#4063=CYLINDRICAL_SURFACE('',#4379,0.5);
#4064=CYLINDRICAL_SURFACE('',#4389,0.5);
#4065=CYLINDRICAL_SURFACE('',#4395,0.5);
#4066=CYLINDRICAL_SURFACE('',#4396,0.5);
#4067=CYLINDRICAL_SURFACE('',#4401,0.5);
#4068=CYLINDRICAL_SURFACE('',#4405,0.5);
#4069=CYLINDRICAL_SURFACE('',#4423,0.25);
#4070=CYLINDRICAL_SURFACE('',#4427,0.25);
#4071=CYLINDRICAL_SURFACE('',#4431,0.25);
#4072=CYLINDRICAL_SURFACE('',#4435,0.25);
#4073=CYLINDRICAL_SURFACE('',#4440,0.0599993201538637);
#4074=CYLINDRICAL_SURFACE('',#4444,0.0599993202038509);
#4075=CYLINDRICAL_SURFACE('',#4448,0.059999320153846);
#4076=CYLINDRICAL_SURFACE('',#4452,0.0599993202038509);
#4077=CYLINDRICAL_SURFACE('',#4455,1.);
#4078=CYLINDRICAL_SURFACE('',#4461,2.);
#4079=CYLINDRICAL_SURFACE('',#4467,1.);
#4080=CYLINDRICAL_SURFACE('',#4475,2.);
#4081=CYLINDRICAL_SURFACE('',#4479,0.5);
#4082=CYLINDRICAL_SURFACE('',#4482,0.5);
#4083=CYLINDRICAL_SURFACE('',#4484,0.5);
#4084=CYLINDRICAL_SURFACE('',#4486,0.5);
#4085=CYLINDRICAL_SURFACE('',#4489,0.5);
#4086=CYLINDRICAL_SURFACE('',#4491,0.5);
#4087=CYLINDRICAL_SURFACE('',#4493,0.5);
#4088=CYLINDRICAL_SURFACE('',#4495,0.5);
#4089=CYLINDRICAL_SURFACE('',#4496,0.5);
#4090=CYLINDRICAL_SURFACE('',#4498,0.5);
#4091=CYLINDRICAL_SURFACE('',#4500,0.5);
#4092=CYLINDRICAL_SURFACE('',#4502,0.5);
#4093=CYLINDRICAL_SURFACE('',#4514,0.5);
#4094=CYLINDRICAL_SURFACE('',#4517,0.5);
#4095=CYLINDRICAL_SURFACE('',#4520,0.5);
#4096=CYLINDRICAL_SURFACE('',#4521,0.5);
#4097=CYLINDRICAL_SURFACE('',#4539,2.00255313155436);
#4098=CYLINDRICAL_SURFACE('',#4544,2.00255313164487);
#4099=CYLINDRICAL_SURFACE('',#4549,2.00255313155152);
#4100=CYLINDRICAL_SURFACE('',#4554,2.00267615328063);
#4101=CYLINDRICAL_SURFACE('',#4562,1.);
#4102=CYLINDRICAL_SURFACE('',#4564,1.);
#4103=CYLINDRICAL_SURFACE('',#4566,1.);
#4104=CYLINDRICAL_SURFACE('',#4567,1.);
#4105=CYLINDRICAL_SURFACE('',#4568,1.);
#4106=CYLINDRICAL_SURFACE('',#4570,1.);
#4107=CYLINDRICAL_SURFACE('',#4573,1.);
#4108=CYLINDRICAL_SURFACE('',#4575,1.);
#4109=CYLINDRICAL_SURFACE('',#4577,1.);
#4110=CYLINDRICAL_SURFACE('',#4580,1.);
#4111=CYLINDRICAL_SURFACE('',#4582,1.);
#4112=CYLINDRICAL_SURFACE('',#4584,1.);
#4113=CYLINDRICAL_SURFACE('',#4587,1.);
#4114=CYLINDRICAL_SURFACE('',#4589,1.);
#4115=CYLINDRICAL_SURFACE('',#4592,1.);
#4116=CYLINDRICAL_SURFACE('',#4595,3.50255313155436);
#4117=CYLINDRICAL_SURFACE('',#4599,3.50255313164488);
#4118=CYLINDRICAL_SURFACE('',#4604,3.50255313155151);
#4119=CYLINDRICAL_SURFACE('',#4608,3.50267615328062);
#4120=ADVANCED_FACE('',(#235),#4060,.T.);
#4121=ADVANCED_FACE('',(#236),#233,.T.);
#4122=ADVANCED_FACE('',(#237,#125),#140,.T.);
#4123=ADVANCED_FACE('',(#238),#47,.T.);
#4124=ADVANCED_FACE('',(#239),#4061,.T.);
#4125=ADVANCED_FACE('',(#240),#141,.T.);
#4126=ADVANCED_FACE('',(#241),#48,.T.);
#4127=ADVANCED_FACE('',(#242),#4062,.T.);
#4128=ADVANCED_FACE('',(#243),#49,.T.);
#4129=ADVANCED_FACE('',(#244),#50,.T.);
#4130=ADVANCED_FACE('',(#245),#4063,.T.);
#4131=ADVANCED_FACE('',(#246),#142,.T.);
#4132=ADVANCED_FACE('',(#247),#143,.T.);
#4133=ADVANCED_FACE('',(#248),#144,.T.);
#4134=ADVANCED_FACE('',(#249),#145,.T.);
#4135=ADVANCED_FACE('',(#250),#4064,.T.);
#4136=ADVANCED_FACE('',(#251),#234,.T.);
#4137=ADVANCED_FACE('',(#252),#146,.T.);
#4138=ADVANCED_FACE('',(#253),#147,.T.);
#4139=ADVANCED_FACE('',(#254),#4065,.T.);
#4140=ADVANCED_FACE('',(#255),#51,.T.);
#4141=ADVANCED_FACE('',(#256),#52,.T.);
#4142=ADVANCED_FACE('',(#257),#4066,.T.);
#4143=ADVANCED_FACE('',(#258),#148,.T.);
#4144=ADVANCED_FACE('',(#259),#149,.T.);
#4145=ADVANCED_FACE('',(#260),#4067,.T.);
#4146=ADVANCED_FACE('',(#261),#150,.T.);
#4147=ADVANCED_FACE('',(#262),#4068,.T.);
#4148=ADVANCED_FACE('',(#263),#151,.T.);
#4149=ADVANCED_FACE('',(#264),#53,.T.);
#4150=ADVANCED_FACE('',(#265),#54,.T.);
#4151=ADVANCED_FACE('',(#266),#55,.T.);
#4152=ADVANCED_FACE('',(#267),#56,.T.);
#4153=ADVANCED_FACE('',(#268),#57,.T.);
#4154=ADVANCED_FACE('',(#269),#58,.T.);
#4155=ADVANCED_FACE('',(#270),#59,.T.);
#4156=ADVANCED_FACE('',(#271),#60,.T.);
#4157=ADVANCED_FACE('',(#272),#61,.T.);
#4158=ADVANCED_FACE('',(#273),#62,.T.);
#4159=ADVANCED_FACE('',(#274),#63,.T.);
#4160=ADVANCED_FACE('',(#275),#64,.T.);
#4161=ADVANCED_FACE('',(#276),#65,.T.);
#4162=ADVANCED_FACE('',(#277),#66,.T.);
#4163=ADVANCED_FACE('',(#278),#67,.T.);
#4164=ADVANCED_FACE('',(#279),#68,.T.);
#4165=ADVANCED_FACE('',(#280),#69,.T.);
#4166=ADVANCED_FACE('',(#281),#152,.T.);
#4167=ADVANCED_FACE('',(#282),#70,.T.);
#4168=ADVANCED_FACE('',(#283),#71,.T.);
#4169=ADVANCED_FACE('',(#284),#72,.T.);
#4170=ADVANCED_FACE('',(#285),#73,.T.);
#4171=ADVANCED_FACE('',(#286),#74,.T.);
#4172=ADVANCED_FACE('',(#287),#75,.T.);
#4173=ADVANCED_FACE('',(#288),#76,.T.);
#4174=ADVANCED_FACE('',(#289),#77,.T.);
#4175=ADVANCED_FACE('',(#290),#153,.T.);
#4176=ADVANCED_FACE('',(#291),#78,.T.);
#4177=ADVANCED_FACE('',(#292),#79,.T.);
#4178=ADVANCED_FACE('',(#293),#80,.T.);
#4179=ADVANCED_FACE('',(#294),#154,.T.);
#4180=ADVANCED_FACE('',(#295),#155,.T.);
#4181=ADVANCED_FACE('',(#296),#156,.T.);
#4182=ADVANCED_FACE('',(#297),#81,.T.);
#4183=ADVANCED_FACE('',(#298),#82,.T.);
#4184=ADVANCED_FACE('',(#299),#83,.T.);
#4185=ADVANCED_FACE('',(#300),#84,.T.);
#4186=ADVANCED_FACE('',(#301),#85,.T.);
#4187=ADVANCED_FACE('',(#302),#86,.T.);
#4188=ADVANCED_FACE('',(#303),#87,.T.);
#4189=ADVANCED_FACE('',(#304),#157,.T.);
#4190=ADVANCED_FACE('',(#305),#158,.T.);
#4191=ADVANCED_FACE('',(#306),#88,.T.);
#4192=ADVANCED_FACE('',(#307),#89,.T.);
#4193=ADVANCED_FACE('',(#308),#90,.T.);
#4194=ADVANCED_FACE('',(#309),#91,.T.);
#4195=ADVANCED_FACE('',(#310),#92,.T.);
#4196=ADVANCED_FACE('',(#311),#93,.T.);
#4197=ADVANCED_FACE('',(#312),#94,.T.);
#4198=ADVANCED_FACE('',(#313),#95,.T.);
#4199=ADVANCED_FACE('',(#314),#96,.T.);
#4200=ADVANCED_FACE('',(#315),#97,.T.);
#4201=ADVANCED_FACE('',(#316),#98,.T.);
#4202=ADVANCED_FACE('',(#317),#99,.T.);
#4203=ADVANCED_FACE('',(#318),#100,.T.);
#4204=ADVANCED_FACE('',(#319),#101,.T.);
#4205=ADVANCED_FACE('',(#320),#102,.T.);
#4206=ADVANCED_FACE('',(#321),#103,.T.);
#4207=ADVANCED_FACE('',(#322),#104,.T.);
#4208=ADVANCED_FACE('',(#323),#105,.T.);
#4209=ADVANCED_FACE('',(#324,#126),#159,.T.);
#4210=ADVANCED_FACE('',(#325),#160,.T.);
#4211=ADVANCED_FACE('',(#326),#161,.T.);
#4212=ADVANCED_FACE('',(#327),#162,.T.);
#4213=ADVANCED_FACE('',(#328),#106,.T.);
#4214=ADVANCED_FACE('',(#329),#107,.T.);
#4215=ADVANCED_FACE('',(#330),#108,.T.);
#4216=ADVANCED_FACE('',(#331),#109,.T.);
#4217=ADVANCED_FACE('',(#332),#110,.T.);
#4218=ADVANCED_FACE('',(#333),#111,.T.);
#4219=ADVANCED_FACE('',(#334),#112,.T.);
#4220=ADVANCED_FACE('',(#335),#113,.T.);
#4221=ADVANCED_FACE('',(#336),#163,.T.);
#4222=ADVANCED_FACE('',(#337),#114,.T.);
#4223=ADVANCED_FACE('',(#338),#115,.T.);
#4224=ADVANCED_FACE('',(#339),#116,.T.);
#4225=ADVANCED_FACE('',(#340),#117,.T.);
#4226=ADVANCED_FACE('',(#341),#118,.T.);
#4227=ADVANCED_FACE('',(#342),#164,.T.);
#4228=ADVANCED_FACE('',(#343),#119,.T.);
#4229=ADVANCED_FACE('',(#344),#120,.T.);
#4230=ADVANCED_FACE('',(#345),#121,.T.);
#4231=ADVANCED_FACE('',(#346),#122,.T.);
#4232=ADVANCED_FACE('',(#347),#123,.T.);
#4233=ADVANCED_FACE('',(#348),#124,.T.);
#4234=ADVANCED_FACE('',(#349),#165,.T.);
#4235=ADVANCED_FACE('',(#350),#4069,.F.);
#4236=ADVANCED_FACE('',(#351),#166,.F.);
#4237=ADVANCED_FACE('',(#352),#4070,.F.);
#4238=ADVANCED_FACE('',(#353),#167,.F.);
#4239=ADVANCED_FACE('',(#354),#4071,.F.);
#4240=ADVANCED_FACE('',(#355),#168,.F.);
#4241=ADVANCED_FACE('',(#356),#4072,.F.);
#4242=ADVANCED_FACE('',(#357),#169,.F.);
#4243=ADVANCED_FACE('',(#358),#170,.F.);
#4244=ADVANCED_FACE('',(#359),#4073,.F.);
#4245=ADVANCED_FACE('',(#360),#171,.F.);
#4246=ADVANCED_FACE('',(#361),#4074,.F.);
#4247=ADVANCED_FACE('',(#362),#172,.F.);
#4248=ADVANCED_FACE('',(#363),#4075,.F.);
#4249=ADVANCED_FACE('',(#364),#173,.F.);
#4250=ADVANCED_FACE('',(#365),#4076,.F.);
#4251=ADVANCED_FACE('',(#366),#4077,.T.);
#4252=ADVANCED_FACE('',(#367),#174,.T.);
#4253=ADVANCED_FACE('',(#368),#175,.T.);
#4254=ADVANCED_FACE('',(#369),#4078,.T.);
#4255=ADVANCED_FACE('',(#370),#176,.F.);
#4256=ADVANCED_FACE('',(#371),#177,.T.);
#4257=ADVANCED_FACE('',(#372),#178,.T.);
#4258=ADVANCED_FACE('',(#373),#179,.T.);
#4259=ADVANCED_FACE('',(#374),#4079,.T.);
#4260=ADVANCED_FACE('',(#375),#180,.T.);
#4261=ADVANCED_FACE('',(#376),#181,.F.);
#4262=ADVANCED_FACE('',(#377),#182,.T.);
#4263=ADVANCED_FACE('',(#378),#4080,.T.);
#4264=ADVANCED_FACE('',(#379),#183,.T.);
#4265=ADVANCED_FACE('',(#380),#184,.T.);
#4266=ADVANCED_FACE('',(#381),#185,.T.);
#4267=ADVANCED_FACE('',(#382),#4081,.T.);
#4268=ADVANCED_FACE('',(#383),#4082,.T.);
#4269=ADVANCED_FACE('',(#384),#4083,.T.);
#4270=ADVANCED_FACE('',(#385),#4084,.T.);
#4271=ADVANCED_FACE('',(#386),#4085,.T.);
#4272=ADVANCED_FACE('',(#387),#4086,.T.);
#4273=ADVANCED_FACE('',(#388),#4087,.T.);
#4274=ADVANCED_FACE('',(#389),#4088,.T.);
#4275=ADVANCED_FACE('',(#390),#4089,.T.);
#4276=ADVANCED_FACE('',(#391),#4090,.T.);
#4277=ADVANCED_FACE('',(#392),#4091,.T.);
#4278=ADVANCED_FACE('',(#393),#4092,.T.);
#4279=ADVANCED_FACE('',(#394),#186,.F.);
#4280=ADVANCED_FACE('',(#395),#187,.F.);
#4281=ADVANCED_FACE('',(#396),#188,.F.);
#4282=ADVANCED_FACE('',(#397),#189,.F.);
#4283=ADVANCED_FACE('',(#398),#190,.F.);
#4284=ADVANCED_FACE('',(#399),#191,.F.);
#4285=ADVANCED_FACE('',(#400,#127,#128,#129,#130,#131,#132,#133,#134,#135),
#192,.T.);
#4286=ADVANCED_FACE('',(#401),#4093,.T.);
#4287=ADVANCED_FACE('',(#402),#4094,.T.);
#4288=ADVANCED_FACE('',(#403),#4095,.T.);
#4289=ADVANCED_FACE('',(#404),#4096,.T.);
#4290=ADVANCED_FACE('',(#405),#193,.F.);
#4291=ADVANCED_FACE('',(#406),#194,.F.);
#4292=ADVANCED_FACE('',(#407),#195,.F.);
#4293=ADVANCED_FACE('',(#408),#196,.F.);
#4294=ADVANCED_FACE('',(#409),#197,.F.);
#4295=ADVANCED_FACE('',(#410),#198,.F.);
#4296=ADVANCED_FACE('',(#411),#199,.F.);
#4297=ADVANCED_FACE('',(#412),#200,.F.);
#4298=ADVANCED_FACE('',(#413),#201,.F.);
#4299=ADVANCED_FACE('',(#414),#202,.F.);
#4300=ADVANCED_FACE('',(#415,#136,#137,#138,#139),#203,.F.);
#4301=ADVANCED_FACE('',(#416),#204,.F.);
#4302=ADVANCED_FACE('',(#417),#205,.F.);
#4303=ADVANCED_FACE('',(#418),#4097,.F.);
#4304=ADVANCED_FACE('',(#419),#206,.F.);
#4305=ADVANCED_FACE('',(#420),#207,.F.);
#4306=ADVANCED_FACE('',(#421),#208,.F.);
#4307=ADVANCED_FACE('',(#422),#4098,.F.);
#4308=ADVANCED_FACE('',(#423),#209,.F.);
#4309=ADVANCED_FACE('',(#424),#210,.F.);
#4310=ADVANCED_FACE('',(#425),#211,.F.);
#4311=ADVANCED_FACE('',(#426),#4099,.F.);
#4312=ADVANCED_FACE('',(#427),#212,.F.);
#4313=ADVANCED_FACE('',(#428),#213,.F.);
#4314=ADVANCED_FACE('',(#429),#214,.F.);
#4315=ADVANCED_FACE('',(#430),#4100,.F.);
#4316=ADVANCED_FACE('',(#431),#215,.F.);
#4317=ADVANCED_FACE('',(#432),#216,.F.);
#4318=ADVANCED_FACE('',(#433),#217,.F.);
#4319=ADVANCED_FACE('',(#434),#218,.T.);
#4320=ADVANCED_FACE('',(#435),#4101,.T.);
#4321=ADVANCED_FACE('',(#436),#4102,.T.);
#4322=ADVANCED_FACE('',(#437),#4103,.T.);
#4323=ADVANCED_FACE('',(#438),#4104,.T.);
#4324=ADVANCED_FACE('',(#439),#4105,.T.);
#4325=ADVANCED_FACE('',(#440),#4106,.T.);
#4326=ADVANCED_FACE('',(#441),#19,.T.);
#4327=ADVANCED_FACE('',(#442),#4107,.T.);
#4328=ADVANCED_FACE('',(#443),#4108,.T.);
#4329=ADVANCED_FACE('',(#444),#4109,.T.);
#4330=ADVANCED_FACE('',(#445),#20,.T.);
#4331=ADVANCED_FACE('',(#446),#4110,.T.);
#4332=ADVANCED_FACE('',(#447),#4111,.T.);
#4333=ADVANCED_FACE('',(#448),#4112,.T.);
#4334=ADVANCED_FACE('',(#449),#21,.T.);
#4335=ADVANCED_FACE('',(#450),#4113,.T.);
#4336=ADVANCED_FACE('',(#451),#4114,.T.);
#4337=ADVANCED_FACE('',(#452),#22,.T.);
#4338=ADVANCED_FACE('',(#453),#4115,.T.);
#4339=ADVANCED_FACE('',(#454),#219,.T.);
#4340=ADVANCED_FACE('',(#455),#220,.T.);
#4341=ADVANCED_FACE('',(#456),#4116,.T.);
#4342=ADVANCED_FACE('',(#457),#221,.T.);
#4343=ADVANCED_FACE('',(#458),#222,.T.);
#4344=ADVANCED_FACE('',(#459),#4117,.T.);
#4345=ADVANCED_FACE('',(#460),#223,.T.);
#4346=ADVANCED_FACE('',(#461),#224,.T.);
#4347=ADVANCED_FACE('',(#462),#225,.T.);
#4348=ADVANCED_FACE('',(#463),#4118,.T.);
#4349=ADVANCED_FACE('',(#464),#226,.T.);
#4350=ADVANCED_FACE('',(#465),#227,.T.);
#4351=ADVANCED_FACE('',(#466),#4119,.T.);
#4352=ADVANCED_FACE('',(#467),#228,.T.);
#4353=ADVANCED_FACE('',(#468),#229,.T.);
#4354=ADVANCED_FACE('',(#469),#230,.T.);
#4355=ADVANCED_FACE('',(#470),#231,.T.);
#4356=ADVANCED_FACE('',(#471),#232,.F.);
#4357=CLOSED_SHELL('',(#4120,#4121,#4122,#4123,#4124,#4125,#4126,#4127,
#4128,#4129,#4130,#4131,#4132,#4133,#4134,#4135,#4136,#4137,#4138,#4139,
#4140,#4141,#4142,#4143,#4144,#4145,#4146,#4147,#4148,#4149,#4150,#4151,
#4152,#4153,#4154,#4155,#4156,#4157,#4158,#4159,#4160,#4161,#4162,#4163,
#4164,#4165,#4166,#4167,#4168,#4169,#4170,#4171,#4172,#4173,#4174,#4175,
#4176,#4177,#4178,#4179,#4180,#4181,#4182,#4183,#4184,#4185,#4186,#4187,
#4188,#4189,#4190,#4191,#4192,#4193,#4194,#4195,#4196,#4197,#4198,#4199,
#4200,#4201,#4202,#4203,#4204,#4205,#4206,#4207,#4208,#4209,#4210,#4211,
#4212,#4213,#4214,#4215,#4216,#4217,#4218,#4219,#4220,#4221,#4222,#4223,
#4224,#4225,#4226,#4227,#4228,#4229,#4230,#4231,#4232,#4233,#4234,#4235,
#4236,#4237,#4238,#4239,#4240,#4241,#4242,#4243,#4244,#4245,#4246,#4247,
#4248,#4249,#4250,#4251,#4252,#4253,#4254,#4255,#4256,#4257,#4258,#4259,
#4260,#4261,#4262,#4263,#4264,#4265,#4266,#4267,#4268,#4269,#4270,#4271,
#4272,#4273,#4274,#4275,#4276,#4277,#4278,#4279,#4280,#4281,#4282,#4283,
#4284,#4285,#4286,#4287,#4288,#4289,#4290,#4291,#4292,#4293,#4294,#4295,
#4296,#4297,#4298,#4299,#4300,#4301,#4302,#4303,#4304,#4305,#4306,#4307,
#4308,#4309,#4310,#4311,#4312,#4313,#4314,#4315,#4316,#4317,#4318,#4319,
#4320,#4321,#4322,#4323,#4324,#4325,#4326,#4327,#4328,#4329,#4330,#4331,
#4332,#4333,#4334,#4335,#4336,#4337,#4338,#4339,#4340,#4341,#4342,#4343,
#4344,#4345,#4346,#4347,#4348,#4349,#4350,#4351,#4352,#4353,#4354,#4355,
#4356));
#4358=DERIVED_UNIT_ELEMENT(#4360,1.);
#4359=DERIVED_UNIT_ELEMENT(#8653,-3.);
#4360=(
MASS_UNIT()
NAMED_UNIT(*)
SI_UNIT(.KILO.,.GRAM.)
);
#4361=DERIVED_UNIT((#4358,#4359));
#4362=MEASURE_REPRESENTATION_ITEM('density measure',
POSITIVE_RATIO_MEASURE(7850.),#4361);
#4363=PROPERTY_DEFINITION_REPRESENTATION(#4368,#4365);
#4364=PROPERTY_DEFINITION_REPRESENTATION(#4369,#4366);
#4365=REPRESENTATION('material name',(#4367),#8650);
#4366=REPRESENTATION('density',(#4362),#8650);
#4367=DESCRIPTIVE_REPRESENTATION_ITEM('Steel','Steel');
#4368=PROPERTY_DEFINITION('material property','material name',#8665);
#4369=PROPERTY_DEFINITION('material property','density of part',#8665);
#4370=AXIS2_PLACEMENT_3D('',#5486,#4616,#4617);
#4371=AXIS2_PLACEMENT_3D('',#5487,#4618,#4619);
#4372=AXIS2_PLACEMENT_3D('',#5488,#4620,#4621);
#4373=AXIS2_PLACEMENT_3D('',#5491,#4622,#4623);
#4374=AXIS2_PLACEMENT_3D('',#5541,#4626,#4627);
#4375=AXIS2_PLACEMENT_3D('',#5574,#4628,#4629);
#4376=AXIS2_PLACEMENT_3D('',#5685,#4634,#4635);
#4377=AXIS2_PLACEMENT_3D('',#5769,#4638,#4639);
#4378=AXIS2_PLACEMENT_3D('',#5876,#4642,#4643);
#4379=AXIS2_PLACEMENT_3D('',#5979,#4648,#4649);
#4380=AXIS2_PLACEMENT_3D('',#5989,#4651,#4652);
#4381=AXIS2_PLACEMENT_3D('',#5993,#4654,#4655);
#4382=AXIS2_PLACEMENT_3D('',#5997,#4657,#4658);
#4383=AXIS2_PLACEMENT_3D('',#6051,#4660,#4661);
#4384=AXIS2_PLACEMENT_3D('',#6055,#4664,#4665);
#4385=AXIS2_PLACEMENT_3D('',#6059,#4668,#4669);
#4386=AXIS2_PLACEMENT_3D('',#6063,#4671,#4672);
#4387=AXIS2_PLACEMENT_3D('',#6067,#4675,#4676);
#4388=AXIS2_PLACEMENT_3D('',#6088,#4678,#4679);
#4389=AXIS2_PLACEMENT_3D('',#6090,#4681,#4682);
#4390=AXIS2_PLACEMENT_3D('',#6129,#4684,#4685);
#4391=AXIS2_PLACEMENT_3D('',#6133,#4687,#4688);
#4392=AXIS2_PLACEMENT_3D('',#6145,#4690,#4691);
#4393=AXIS2_PLACEMENT_3D('',#6182,#4692,#4693);
#4394=AXIS2_PLACEMENT_3D('',#6186,#4696,#4697);
#4395=AXIS2_PLACEMENT_3D('',#6188,#4699,#4700);
#4396=AXIS2_PLACEMENT_3D('',#6285,#4705,#4706);
#4397=AXIS2_PLACEMENT_3D('',#6288,#4707,#4708);
#4398=AXIS2_PLACEMENT_3D('',#6292,#4710,#4711);
#4399=AXIS2_PLACEMENT_3D('',#6294,#4713,#4714);
#4400=AXIS2_PLACEMENT_3D('',#6300,#4718,#4719);
#4401=AXIS2_PLACEMENT_3D('',#6432,#4729,#4730);
#4402=AXIS2_PLACEMENT_3D('',#6434,#4731,#4732);
#4403=AXIS2_PLACEMENT_3D('',#6436,#4733,#4734);
#4404=AXIS2_PLACEMENT_3D('',#6438,#4736,#4737);
#4405=AXIS2_PLACEMENT_3D('',#6442,#4740,#4741);
#4406=AXIS2_PLACEMENT_3D('',#6444,#4742,#4743);
#4407=AXIS2_PLACEMENT_3D('',#6447,#4745,#4746);
#4408=AXIS2_PLACEMENT_3D('',#6448,#4747,#4748);
#4409=AXIS2_PLACEMENT_3D('',#6737,#4766,#4767);
#4410=AXIS2_PLACEMENT_3D('',#6875,#4777,#4778);
#4411=AXIS2_PLACEMENT_3D('',#6926,#4782,#4783);
#4412=AXIS2_PLACEMENT_3D('',#6927,#4784,#4785);
#4413=AXIS2_PLACEMENT_3D('',#6931,#4788,#4789);
#4414=AXIS2_PLACEMENT_3D('',#7050,#4797,#4798);
#4415=AXIS2_PLACEMENT_3D('',#7054,#4801,#4802);
#4416=AXIS2_PLACEMENT_3D('',#7470,#4822,#4823);
#4417=AXIS2_PLACEMENT_3D('',#7471,#4824,#4825);
#4418=AXIS2_PLACEMENT_3D('',#7472,#4826,#4827);
#4419=AXIS2_PLACEMENT_3D('',#7478,#4831,#4832);
#4420=AXIS2_PLACEMENT_3D('',#7618,#4843,#4844);
#4421=AXIS2_PLACEMENT_3D('',#7705,#4851,#4852);
#4422=AXIS2_PLACEMENT_3D('',#7807,#4859,#4860);
#4423=AXIS2_PLACEMENT_3D('',#7809,#4862,#4863);
#4424=AXIS2_PLACEMENT_3D('',#7812,#4864,#4865);
#4425=AXIS2_PLACEMENT_3D('',#7816,#4867,#4868);
#4426=AXIS2_PLACEMENT_3D('',#7818,#4870,#4871);
#4427=AXIS2_PLACEMENT_3D('',#7824,#4875,#4876);
#4428=AXIS2_PLACEMENT_3D('',#7827,#4877,#4878);
#4429=AXIS2_PLACEMENT_3D('',#7831,#4880,#4881);
#4430=AXIS2_PLACEMENT_3D('',#7833,#4883,#4884);
#4431=AXIS2_PLACEMENT_3D('',#7836,#4887,#4888);
#4432=AXIS2_PLACEMENT_3D('',#7839,#4889,#4890);
#4433=AXIS2_PLACEMENT_3D('',#7843,#4892,#4893);
#4434=AXIS2_PLACEMENT_3D('',#7845,#4895,#4896);
#4435=AXIS2_PLACEMENT_3D('',#7851,#4900,#4901);
#4436=AXIS2_PLACEMENT_3D('',#7853,#4902,#4903);
#4437=AXIS2_PLACEMENT_3D('',#7856,#4905,#4906);
#4438=AXIS2_PLACEMENT_3D('',#7857,#4907,#4908);
#4439=AXIS2_PLACEMENT_3D('',#7863,#4912,#4913);
#4440=AXIS2_PLACEMENT_3D('',#7869,#4917,#4918);
#4441=AXIS2_PLACEMENT_3D('',#7871,#4919,#4920);
#4442=AXIS2_PLACEMENT_3D('',#7873,#4921,#4922);
#4443=AXIS2_PLACEMENT_3D('',#7875,#4924,#4925);
#4444=AXIS2_PLACEMENT_3D('',#7881,#4929,#4930);
#4445=AXIS2_PLACEMENT_3D('',#7882,#4931,#4932);
#4446=AXIS2_PLACEMENT_3D('',#7883,#4933,#4934);
#4447=AXIS2_PLACEMENT_3D('',#7884,#4935,#4936);
#4448=AXIS2_PLACEMENT_3D('',#7890,#4940,#4941);
#4449=AXIS2_PLACEMENT_3D('',#7892,#4942,#4943);
#4450=AXIS2_PLACEMENT_3D('',#7894,#4944,#4945);
#4451=AXIS2_PLACEMENT_3D('',#7896,#4947,#4948);
#4452=AXIS2_PLACEMENT_3D('',#7902,#4952,#4953);
#4453=AXIS2_PLACEMENT_3D('',#7903,#4954,#4955);
#4454=AXIS2_PLACEMENT_3D('',#7904,#4956,#4957);
#4455=AXIS2_PLACEMENT_3D('',#7905,#4958,#4959);
#4456=AXIS2_PLACEMENT_3D('',#7908,#4960,#4961);
#4457=AXIS2_PLACEMENT_3D('',#7912,#4963,#4964);
#4458=AXIS2_PLACEMENT_3D('',#7914,#4966,#4967);
#4459=AXIS2_PLACEMENT_3D('',#7918,#4969,#4970);
#4460=AXIS2_PLACEMENT_3D('',#7922,#4973,#4974);
#4461=AXIS2_PLACEMENT_3D('',#7926,#4977,#4978);
#4462=AXIS2_PLACEMENT_3D('',#7928,#4979,#4980);
#4463=AXIS2_PLACEMENT_3D('',#7930,#4982,#4983);
#4464=AXIS2_PLACEMENT_3D('',#7934,#4986,#4987);
#4465=AXIS2_PLACEMENT_3D('',#7936,#4989,#4990);
#4466=AXIS2_PLACEMENT_3D('',#7942,#4994,#4995);
#4467=AXIS2_PLACEMENT_3D('',#7948,#4999,#5000);
#4468=AXIS2_PLACEMENT_3D('',#7951,#5001,#5002);
#4469=AXIS2_PLACEMENT_3D('',#7955,#5004,#5005);
#4470=AXIS2_PLACEMENT_3D('',#7957,#5007,#5008);
#4471=AXIS2_PLACEMENT_3D('',#7963,#5011,#5012);
#4472=AXIS2_PLACEMENT_3D('',#7965,#5014,#5015);
#4473=AXIS2_PLACEMENT_3D('',#7969,#5018,#5019);
#4474=AXIS2_PLACEMENT_3D('',#7973,#5021,#5022);
#4475=AXIS2_PLACEMENT_3D('',#7975,#5024,#5025);
#4476=AXIS2_PLACEMENT_3D('',#7978,#5028,#5029);
#4477=AXIS2_PLACEMENT_3D('',#7979,#5030,#5031);
#4478=AXIS2_PLACEMENT_3D('',#7985,#5035,#5036);
#4479=AXIS2_PLACEMENT_3D('',#7991,#5040,#5041);
#4480=AXIS2_PLACEMENT_3D('',#7996,#5043,#5044);
#4481=AXIS2_PLACEMENT_3D('',#7999,#5046,#5047);
#4482=AXIS2_PLACEMENT_3D('',#8000,#5048,#5049);
#4483=AXIS2_PLACEMENT_3D('',#8004,#5051,#5052);
#4484=AXIS2_PLACEMENT_3D('',#8006,#5054,#5055);
#4485=AXIS2_PLACEMENT_3D('',#8010,#5057,#5058);
#4486=AXIS2_PLACEMENT_3D('',#8012,#5060,#5061);
#4487=AXIS2_PLACEMENT_3D('',#8017,#5063,#5064);
#4488=AXIS2_PLACEMENT_3D('',#8020,#5066,#5067);
#4489=AXIS2_PLACEMENT_3D('',#8021,#5068,#5069);
#4490=AXIS2_PLACEMENT_3D('',#8025,#5071,#5072);
#4491=AXIS2_PLACEMENT_3D('',#8027,#5074,#5075);
#4492=AXIS2_PLACEMENT_3D('',#8031,#5077,#5078);
#4493=AXIS2_PLACEMENT_3D('',#8033,#5080,#5081);
#4494=AXIS2_PLACEMENT_3D('',#8038,#5084,#5085);
#4495=AXIS2_PLACEMENT_3D('',#8039,#5086,#5087);
#4496=AXIS2_PLACEMENT_3D('',#8042,#5090,#5091);
#4497=AXIS2_PLACEMENT_3D('',#8047,#5094,#5095);
#4498=AXIS2_PLACEMENT_3D('',#8048,#5096,#5097);
#4499=AXIS2_PLACEMENT_3D('',#8053,#5100,#5101);
#4500=AXIS2_PLACEMENT_3D('',#8054,#5102,#5103);
#4501=AXIS2_PLACEMENT_3D('',#8059,#5106,#5107);
#4502=AXIS2_PLACEMENT_3D('',#8060,#5108,#5109);
#4503=AXIS2_PLACEMENT_3D('',#8063,#5112,#5113);
#4504=AXIS2_PLACEMENT_3D('',#8069,#5117,#5118);
#4505=AXIS2_PLACEMENT_3D('',#8073,#5121,#5122);
#4506=AXIS2_PLACEMENT_3D('',#8077,#5125,#5126);
#4507=AXIS2_PLACEMENT_3D('',#8081,#5129,#5130);
#4508=AXIS2_PLACEMENT_3D('',#8085,#5133,#5134);
#4509=AXIS2_PLACEMENT_3D('',#8089,#5137,#5138);
#4510=AXIS2_PLACEMENT_3D('',#8098,#5142,#5143);
#4511=AXIS2_PLACEMENT_3D('',#8106,#5147,#5148);
#4512=AXIS2_PLACEMENT_3D('',#8114,#5152,#5153);
#4513=AXIS2_PLACEMENT_3D('',#8122,#5157,#5158);
#4514=AXIS2_PLACEMENT_3D('',#8140,#5168,#5169);
#4515=AXIS2_PLACEMENT_3D('',#8142,#5170,#5171);
#4516=AXIS2_PLACEMENT_3D('',#8145,#5173,#5174);
#4517=AXIS2_PLACEMENT_3D('',#8146,#5175,#5176);
#4518=AXIS2_PLACEMENT_3D('',#8150,#5178,#5179);
#4519=AXIS2_PLACEMENT_3D('',#8151,#5180,#5181);
#4520=AXIS2_PLACEMENT_3D('',#8152,#5182,#5183);
#4521=AXIS2_PLACEMENT_3D('',#8154,#5185,#5186);
#4522=AXIS2_PLACEMENT_3D('',#8156,#5188,#5189);
#4523=AXIS2_PLACEMENT_3D('',#8162,#5193,#5194);
#4524=AXIS2_PLACEMENT_3D('',#8166,#5197,#5198);
#4525=AXIS2_PLACEMENT_3D('',#8170,#5201,#5202);
#4526=AXIS2_PLACEMENT_3D('',#8172,#5204,#5205);
#4527=AXIS2_PLACEMENT_3D('',#8176,#5208,#5209);
#4528=AXIS2_PLACEMENT_3D('',#8180,#5212,#5213);
#4529=AXIS2_PLACEMENT_3D('',#8184,#5216,#5217);
#4530=AXIS2_PLACEMENT_3D('',#8188,#5220,#5221);
#4531=AXIS2_PLACEMENT_3D('',#8192,#5224,#5225);
#4532=AXIS2_PLACEMENT_3D('',#8194,#5227,#5228);
#4533=AXIS2_PLACEMENT_3D('',#8207,#5234,#5235);
#4534=AXIS2_PLACEMENT_3D('',#8215,#5239,#5240);
#4535=AXIS2_PLACEMENT_3D('',#8223,#5244,#5245);
#4536=AXIS2_PLACEMENT_3D('',#8231,#5249,#5250);
#4537=AXIS2_PLACEMENT_3D('',#8237,#5254,#5255);
#4538=AXIS2_PLACEMENT_3D('',#8243,#5259,#5260);
#4539=AXIS2_PLACEMENT_3D('',#8247,#5263,#5264);
#4540=AXIS2_PLACEMENT_3D('',#8249,#5265,#5266);
#4541=AXIS2_PLACEMENT_3D('',#8251,#5268,#5269);
#4542=AXIS2_PLACEMENT_3D('',#8255,#5272,#5273);
#4543=AXIS2_PLACEMENT_3D('',#8259,#5276,#5277);
#4544=AXIS2_PLACEMENT_3D('',#8263,#5280,#5281);
#4545=AXIS2_PLACEMENT_3D('',#8265,#5282,#5283);
#4546=AXIS2_PLACEMENT_3D('',#8267,#5285,#5286);
#4547=AXIS2_PLACEMENT_3D('',#8271,#5289,#5290);
#4548=AXIS2_PLACEMENT_3D('',#8275,#5293,#5294);
#4549=AXIS2_PLACEMENT_3D('',#8279,#5297,#5298);
#4550=AXIS2_PLACEMENT_3D('',#8281,#5299,#5300);
#4551=AXIS2_PLACEMENT_3D('',#8283,#5302,#5303);
#4552=AXIS2_PLACEMENT_3D('',#8287,#5306,#5307);
#4553=AXIS2_PLACEMENT_3D('',#8291,#5310,#5311);
#4554=AXIS2_PLACEMENT_3D('',#8295,#5314,#5315);
#4555=AXIS2_PLACEMENT_3D('',#8297,#5316,#5317);
#4556=AXIS2_PLACEMENT_3D('',#8299,#5319,#5320);
#4557=AXIS2_PLACEMENT_3D('',#8303,#5323,#5324);
#4558=AXIS2_PLACEMENT_3D('',#8307,#5327,#5328);
#4559=AXIS2_PLACEMENT_3D('',#8311,#5331,#5332);
#4560=AXIS2_PLACEMENT_3D('',#8312,#5333,#5334);
#4561=AXIS2_PLACEMENT_3D('',#8314,#5335,#5336);
#4562=AXIS2_PLACEMENT_3D('',#8318,#5339,#5340);
#4563=AXIS2_PLACEMENT_3D('',#8319,#5341,#5342);
#4564=AXIS2_PLACEMENT_3D('',#8320,#5343,#5344);
#4565=AXIS2_PLACEMENT_3D('',#8360,#5345,#5346);
#4566=AXIS2_PLACEMENT_3D('',#8362,#5348,#5349);
#4567=AXIS2_PLACEMENT_3D('',#8402,#5351,#5352);
#4568=AXIS2_PLACEMENT_3D('',#8454,#5354,#5355);
#4569=AXIS2_PLACEMENT_3D('',#8457,#5357,#5358);
#4570=AXIS2_PLACEMENT_3D('',#8458,#5359,#5360);
#4571=AXIS2_PLACEMENT_3D('',#8473,#5362,#5363);
#4572=AXIS2_PLACEMENT_3D('',#8487,#5364,#5365);
#4573=AXIS2_PLACEMENT_3D('',#8488,#5366,#5367);
#4574=AXIS2_PLACEMENT_3D('',#8489,#5368,#5369);
#4575=AXIS2_PLACEMENT_3D('',#8491,#5371,#5372);
#4576=AXIS2_PLACEMENT_3D('',#8492,#5373,#5374);
#4577=AXIS2_PLACEMENT_3D('',#8493,#5375,#5376);
#4578=AXIS2_PLACEMENT_3D('',#8508,#5378,#5379);
#4579=AXIS2_PLACEMENT_3D('',#8510,#5380,#5381);
#4580=AXIS2_PLACEMENT_3D('',#8523,#5382,#5383);
#4581=AXIS2_PLACEMENT_3D('',#8526,#5385,#5386);
#4582=AXIS2_PLACEMENT_3D('',#8527,#5387,#5388);
#4583=AXIS2_PLACEMENT_3D('',#8530,#5390,#5391);
#4584=AXIS2_PLACEMENT_3D('',#8531,#5392,#5393);
#4585=AXIS2_PLACEMENT_3D('',#8546,#5395,#5396);
#4586=AXIS2_PLACEMENT_3D('',#8548,#5397,#5398);
#4587=AXIS2_PLACEMENT_3D('',#8561,#5399,#5400);
#4588=AXIS2_PLACEMENT_3D('',#8563,#5402,#5403);
#4589=AXIS2_PLACEMENT_3D('',#8564,#5404,#5405);
#4590=AXIS2_PLACEMENT_3D('',#8565,#5406,#5407);
#4591=AXIS2_PLACEMENT_3D('',#8567,#5408,#5409);
#4592=AXIS2_PLACEMENT_3D('',#8580,#5410,#5411);
#4593=AXIS2_PLACEMENT_3D('',#8582,#5413,#5414);
#4594=AXIS2_PLACEMENT_3D('',#8586,#5417,#5418);
#4595=AXIS2_PLACEMENT_3D('',#8590,#5421,#5422);
#4596=AXIS2_PLACEMENT_3D('',#8593,#5424,#5425);
#4597=AXIS2_PLACEMENT_3D('',#8594,#5426,#5427);
#4598=AXIS2_PLACEMENT_3D('',#8596,#5429,#5430);
#4599=AXIS2_PLACEMENT_3D('',#8600,#5433,#5434);
#4600=AXIS2_PLACEMENT_3D('',#8603,#5436,#5437);
#4601=AXIS2_PLACEMENT_3D('',#8604,#5438,#5439);
#4602=AXIS2_PLACEMENT_3D('',#8608,#5442,#5443);
#4603=AXIS2_PLACEMENT_3D('',#8612,#5446,#5447);
#4604=AXIS2_PLACEMENT_3D('',#8616,#5450,#5451);
#4605=AXIS2_PLACEMENT_3D('',#8619,#5453,#5454);
#4606=AXIS2_PLACEMENT_3D('',#8620,#5455,#5456);
#4607=AXIS2_PLACEMENT_3D('',#8622,#5458,#5459);
#4608=AXIS2_PLACEMENT_3D('',#8626,#5462,#5463);
#4609=AXIS2_PLACEMENT_3D('',#8629,#5465,#5466);
#4610=AXIS2_PLACEMENT_3D('',#8630,#5467,#5468);
#4611=AXIS2_PLACEMENT_3D('',#8634,#5471,#5472);
#4612=AXIS2_PLACEMENT_3D('',#8638,#5475,#5476);
#4613=AXIS2_PLACEMENT_3D('',#8642,#5479,#5480);
#4614=AXIS2_PLACEMENT_3D('',#8644,#5482,#5483);
#4615=AXIS2_PLACEMENT_3D('',#8645,#5484,#5485);
#4616=DIRECTION('axis',(0.,0.,1.));
#4617=DIRECTION('refdir',(1.,0.,0.));
#4618=DIRECTION('axis',(0.,0.,1.));
#4619=DIRECTION('refdir',(1.,0.,0.));
#4620=DIRECTION('center_axis',(-0.814406044016444,-0.580295438091224,0.));
#4621=DIRECTION('ref_axis',(-0.410330839365941,0.575872036363353,0.707106781186524));
#4622=DIRECTION('center_axis',(0.814406044016444,0.580295438091224,0.));
#4623=DIRECTION('ref_axis',(-0.580295438091224,0.814406044016444,0.));
#4624=DIRECTION('',(0.814406044016444,0.580295438091224,0.));
#4625=DIRECTION('',(0.814406044016444,0.580295438091224,0.));
#4626=DIRECTION('center_axis',(0.,0.,1.));
#4627=DIRECTION('ref_axis',(-0.580295438091224,0.814406044016444,0.));
#4628=DIRECTION('center_axis',(0.,0.,1.));
#4629=DIRECTION('ref_axis',(-1.,0.,0.));
#4630=DIRECTION('',(0.707106781186547,0.707106781186547,0.));
#4631=DIRECTION('',(-0.707106781186547,-0.707106781186547,0.));
#4632=DIRECTION('',(0.,0.,1.));
#4633=DIRECTION('',(0.,0.,1.));
#4634=DIRECTION('center_axis',(-0.887754531448926,-0.460317164455007,0.));
#4635=DIRECTION('ref_axis',(-0.325493388482683,0.627737249216617,0.707106781186559));
#4636=DIRECTION('',(0.887754531448926,0.460317164455008,0.));
#4637=DIRECTION('',(0.887754531448926,0.460317164455008,0.));
#4638=DIRECTION('center_axis',(0.,0.,1.));
#4639=DIRECTION('ref_axis',(-1.,0.,0.));
#4640=DIRECTION('',(-0.523442451384907,-0.8520610307297,0.));
#4641=DIRECTION('',(0.,0.,1.));
#4642=DIRECTION('center_axis',(0.523442451384907,0.8520610307297,0.));
#4643=DIRECTION('ref_axis',(0.6024981328138,-0.370129706935176,0.707106781186523));
#4644=DIRECTION('',(-0.523442451384907,-0.8520610307297,0.));
#4645=DIRECTION('',(0.,0.,1.));
#4646=DIRECTION('',(0.,0.,1.));
#4647=DIRECTION('',(0.,0.,1.));
#4648=DIRECTION('center_axis',(0.707106781186548,-0.707106781186548,0.));
#4649=DIRECTION('ref_axis',(-0.500000000000012,-0.500000000000012,0.707106781186531));
#4650=DIRECTION('',(-0.707106781186548,0.707106781186548,0.));
#4651=DIRECTION('center_axis',(0.966736761570474,-0.255773403285472,0.));
#4652=DIRECTION('ref_axis',(-0.255773403285472,-0.966736761570474,-3.59897623219609E-16));
#4653=DIRECTION('',(0.707106781186548,-0.707106781186548,0.));
#4654=DIRECTION('center_axis',(0.707106781186548,-0.707106781186548,0.));
#4655=DIRECTION('ref_axis',(-0.500000000000012,-0.500000000000012,0.707106781186531));
#4656=DIRECTION('',(-0.707106781186547,0.707106781186547,0.));
#4657=DIRECTION('center_axis',(-0.707106781186548,0.707106781186548,0.));
#4658=DIRECTION('ref_axis',(-0.500000000000012,-0.500000000000012,0.707106781186531));
#4659=DIRECTION('',(0.707106781186548,-0.707106781186548,0.));
#4660=DIRECTION('center_axis',(-0.707106781186548,0.707106781186548,0.));
#4661=DIRECTION('ref_axis',(-0.707106781186548,-0.707106781186548,0.));
#4662=DIRECTION('',(0.,0.,1.));
#4663=DIRECTION('',(0.707106781186548,0.707106781186548,0.));
#4664=DIRECTION('center_axis',(-0.707106781186548,-0.707106781186548,0.));
#4665=DIRECTION('ref_axis',(0.707106781186548,-0.707106781186548,0.));
#4666=DIRECTION('',(0.,0.,1.));
#4667=DIRECTION('',(-0.707106781186547,0.707106781186547,0.));
#4668=DIRECTION('center_axis',(-0.966736761570474,0.255773403285472,0.));
#4669=DIRECTION('ref_axis',(-0.255773403285472,-0.966736761570474,0.));
#4670=DIRECTION('',(-0.255773403285472,-0.966736761570474,0.));
#4671=DIRECTION('center_axis',(0.966736761570474,-0.255773403285472,0.));
#4672=DIRECTION('ref_axis',(0.255773403285472,0.966736761570474,-3.59897623219609E-16));
#4673=DIRECTION('',(0.,0.,1.));
#4674=DIRECTION('',(0.255773403285472,0.966736761570474,0.));
#4675=DIRECTION('center_axis',(0.,0.,1.));
#4676=DIRECTION('ref_axis',(-1.,0.,0.));
#4677=DIRECTION('',(0.780239315065196,-0.625481103812572,0.));
#4678=DIRECTION('center_axis',(0.,0.,1.));
#4679=DIRECTION('ref_axis',(0.625481103812581,0.780239315065189,0.));
#4680=DIRECTION('',(0.707106781186548,-0.707106781186548,0.));
#4681=DIRECTION('center_axis',(-0.707106781186548,0.707106781186548,0.));
#4682=DIRECTION('ref_axis',(0.500000000000012,0.500000000000012,0.707106781186531));
#4683=DIRECTION('',(-0.707106781186548,0.707106781186548,0.));
#4684=DIRECTION('center_axis',(-0.707106781186548,0.707106781186548,0.));
#4685=DIRECTION('ref_axis',(0.500000000000012,0.500000000000012,0.707106781186531));
#4686=DIRECTION('',(0.707106781186548,-0.707106781186548,0.));
#4687=DIRECTION('center_axis',(0.707106781186548,-0.707106781186548,0.));
#4688=DIRECTION('ref_axis',(0.500000000000012,0.500000000000012,0.707106781186531));
#4689=DIRECTION('',(-0.707106781186548,0.707106781186548,0.));
#4690=DIRECTION('center_axis',(0.780239315065189,-0.625481103812581,0.));
#4691=DIRECTION('ref_axis',(0.625481103812581,0.780239315065189,0.));
#4692=DIRECTION('center_axis',(0.707106781186548,0.707106781186548,0.));
#4693=DIRECTION('ref_axis',(-0.707106781186548,0.707106781186548,0.));
#4694=DIRECTION('',(0.,0.,1.));
#4695=DIRECTION('',(0.707106781186548,-0.707106781186548,0.));
#4696=DIRECTION('center_axis',(-0.707106781186548,0.707106781186548,0.));
#4697=DIRECTION('ref_axis',(-0.707106781186548,-0.707106781186548,0.));
#4698=DIRECTION('',(0.707106781186548,0.707106781186548,0.));
#4699=DIRECTION('center_axis',(-0.780239315065196,0.625481103812572,0.));
#4700=DIRECTION('ref_axis',(0.442281930009915,0.551712510630957,0.707106781186542));
#4701=DIRECTION('',(0.780239315065196,-0.625481103812572,0.));
#4702=DIRECTION('',(0.,0.,1.));
#4703=DIRECTION('',(0.,0.,1.));
#4704=DIRECTION('',(0.,0.,1.));
#4705=DIRECTION('center_axis',(0.707106781186548,0.707106781186548,0.));
#4706=DIRECTION('ref_axis',(0.500000000000012,-0.500000000000012,0.707106781186531));
#4707=DIRECTION('center_axis',(-0.707106781186548,-0.707106781186548,0.));
#4708=DIRECTION('ref_axis',(0.500000000000012,-0.500000000000012,0.707106781186531));
#4709=DIRECTION('',(-0.707106781186548,-0.707106781186548,0.));
#4710=DIRECTION('center_axis',(0.707106781186548,0.707106781186548,0.));
#4711=DIRECTION('ref_axis',(0.500000000000012,-0.500000000000012,0.707106781186531));
#4712=DIRECTION('',(-0.707106781186548,-0.707106781186548,0.));
#4713=DIRECTION('center_axis',(-0.707106781186548,-0.707106781186548,0.));
#4714=DIRECTION('ref_axis',(0.707106781186548,-0.707106781186548,0.));
#4715=DIRECTION('',(0.707106781186548,-0.707106781186548,0.));
#4716=DIRECTION('',(0.,0.,1.));
#4717=DIRECTION('',(-0.707106781186548,0.707106781186548,0.));
#4718=DIRECTION('center_axis',(0.,0.,1.));
#4719=DIRECTION('ref_axis',(-1.,0.,0.));
#4720=DIRECTION('',(-0.707106781186548,0.707106781186548,0.));
#4721=DIRECTION('',(-0.707106781186547,0.707106781186547,0.));
#4722=DIRECTION('',(-0.707106781186547,-0.707106781186547,0.));
#4723=DIRECTION('',(0.707106781186547,-0.707106781186547,0.));
#4724=DIRECTION('',(-0.707106781186548,-0.707106781186548,0.));
#4725=DIRECTION('',(-0.707106781186548,0.707106781186548,0.));
#4726=DIRECTION('',(0.707106781186548,-0.707106781186548,0.));
#4727=DIRECTION('',(-0.707106781186548,-0.707106781186548,0.));
#4728=DIRECTION('',(-0.707106781186548,0.707106781186548,0.));
#4729=DIRECTION('center_axis',(0.707106781186548,0.707106781186548,0.));
#4730=DIRECTION('ref_axis',(0.499999999999987,-0.499999999999987,0.707106781186566));
#4731=DIRECTION('center_axis',(-0.707106781186548,-0.707106781186548,0.));
#4732=DIRECTION('ref_axis',(0.499999999999987,-0.499999999999987,0.707106781186566));
#4733=DIRECTION('center_axis',(0.707106781186548,0.707106781186548,0.));
#4734=DIRECTION('ref_axis',(0.499999999999987,-0.499999999999987,0.707106781186566));
#4735=DIRECTION('',(-0.707106781186548,-0.707106781186548,0.));
#4736=DIRECTION('center_axis',(-0.707106781186548,-0.707106781186548,0.));
#4737=DIRECTION('ref_axis',(0.707106781186548,-0.707106781186548,0.));
#4738=DIRECTION('',(0.,0.,1.));
#4739=DIRECTION('',(-0.707106781186548,0.707106781186548,0.));
#4740=DIRECTION('center_axis',(0.707106781186548,0.707106781186548,0.));
#4741=DIRECTION('ref_axis',(0.499999999999974,-0.500000000000024,0.707106781186549));
#4742=DIRECTION('center_axis',(0.707106781186548,0.707106781186548,0.));
#4743=DIRECTION('ref_axis',(0.499999999999974,-0.500000000000024,0.707106781186549));
#4744=DIRECTION('',(-0.707106781186548,-0.707106781186548,0.));
#4745=DIRECTION('center_axis',(-0.707106781186548,-0.707106781186548,0.));
#4746=DIRECTION('ref_axis',(0.499999999999974,-0.500000000000024,0.707106781186549));
#4747=DIRECTION('center_axis',(0.707106781186548,0.707106781186548,0.));
#4748=DIRECTION('ref_axis',(-0.707106781186548,0.707106781186548,0.));
#4749=DIRECTION('',(0.707106781186548,-0.707106781186548,0.));
#4750=DIRECTION('',(0.,0.,1.));
#4751=DIRECTION('',(0.,0.,1.));
#4752=DIRECTION('',(0.,0.,1.));
#4753=DIRECTION('',(0.,0.,1.));
#4754=DIRECTION('',(0.,0.,1.));
#4755=DIRECTION('',(0.,0.,1.));
#4756=DIRECTION('',(0.,0.,1.));
#4757=DIRECTION('',(0.,0.,1.));
#4758=DIRECTION('',(0.,0.,1.));
#4759=DIRECTION('',(0.,0.,1.));
#4760=DIRECTION('',(0.,0.,1.));
#4761=DIRECTION('',(0.,0.,1.));
#4762=DIRECTION('',(0.,0.,1.));
#4763=DIRECTION('',(0.,0.,1.));
#4764=DIRECTION('',(0.,0.,1.));
#4765=DIRECTION('',(0.,0.,1.));
#4766=DIRECTION('center_axis',(-0.707106781186548,0.707106781186548,0.));
#4767=DIRECTION('ref_axis',(-0.707106781186548,-0.707106781186548,0.));
#4768=DIRECTION('',(0.707106781186548,0.707106781186548,0.));
#4769=DIRECTION('',(0.,0.,1.));
#4770=DIRECTION('',(0.,0.,1.));
#4771=DIRECTION('',(0.,0.,1.));
#4772=DIRECTION('',(0.,0.,1.));
#4773=DIRECTION('',(0.,0.,1.));
#4774=DIRECTION('',(0.,0.,1.));
#4775=DIRECTION('',(0.,0.,1.));
#4776=DIRECTION('',(0.,0.,1.));
#4777=DIRECTION('center_axis',(0.707106781186548,-0.707106781186548,0.));
#4778=DIRECTION('ref_axis',(0.707106781186548,0.707106781186548,0.));
#4779=DIRECTION('',(-0.707106781186548,-0.707106781186548,0.));
#4780=DIRECTION('',(0.,0.,1.));
#4781=DIRECTION('',(0.,0.,1.));
#4782=DIRECTION('center_axis',(0.,0.,1.));
#4783=DIRECTION('ref_axis',(-1.,0.,0.));
#4784=DIRECTION('center_axis',(0.707106781186548,-0.707106781186548,0.));
#4785=DIRECTION('ref_axis',(0.707106781186548,0.707106781186548,0.));
#4786=DIRECTION('',(0.,0.,1.));
#4787=DIRECTION('',(-0.707106781186548,-0.707106781186548,0.));
#4788=DIRECTION('center_axis',(0.707106781186548,0.707106781186548,0.));
#4789=DIRECTION('ref_axis',(-0.707106781186548,0.707106781186548,0.));
#4790=DIRECTION('',(0.707106781186548,-0.707106781186548,0.));
#4791=DIRECTION('',(0.,0.,1.));
#4792=DIRECTION('',(0.,0.,1.));
#4793=DIRECTION('',(0.,0.,1.));
#4794=DIRECTION('',(0.,0.,1.));
#4795=DIRECTION('',(0.,0.,1.));
#4796=DIRECTION('',(0.,0.,1.));
#4797=DIRECTION('center_axis',(-0.707106781186548,-0.707106781186548,0.));
#4798=DIRECTION('ref_axis',(0.707106781186548,-0.707106781186548,0.));
#4799=DIRECTION('',(0.,0.,1.));
#4800=DIRECTION('',(-0.707106781186548,0.707106781186548,0.));
#4801=DIRECTION('center_axis',(0.707106781186548,-0.707106781186548,0.));
#4802=DIRECTION('ref_axis',(0.707106781186548,0.707106781186548,0.));
#4803=DIRECTION('',(-0.707106781186548,-0.707106781186548,0.));
#4804=DIRECTION('',(0.,0.,1.));
#4805=DIRECTION('',(0.,0.,1.));
#4806=DIRECTION('',(0.,0.,1.));
#4807=DIRECTION('',(0.,0.,1.));
#4808=DIRECTION('',(0.,0.,1.));
#4809=DIRECTION('',(0.,0.,1.));
#4810=DIRECTION('',(0.,0.,1.));
#4811=DIRECTION('',(0.,0.,1.));
#4812=DIRECTION('',(0.,0.,1.));
#4813=DIRECTION('',(0.,0.,1.));
#4814=DIRECTION('',(0.,0.,1.));
#4815=DIRECTION('',(0.,0.,1.));
#4816=DIRECTION('',(0.,0.,1.));
#4817=DIRECTION('',(0.,0.,1.));
#4818=DIRECTION('',(0.,0.,1.));
#4819=DIRECTION('',(0.,0.,1.));
#4820=DIRECTION('',(0.,0.,1.));
#4821=DIRECTION('',(0.,0.,1.));
#4822=DIRECTION('center_axis',(0.,0.,1.));
#4823=DIRECTION('ref_axis',(-1.,0.,0.));
#4824=DIRECTION('center_axis',(0.,0.,1.));
#4825=DIRECTION('ref_axis',(-1.,0.,0.));
#4826=DIRECTION('center_axis',(-0.707106781186548,0.707106781186548,0.));
#4827=DIRECTION('ref_axis',(-0.707106781186548,-0.707106781186548,0.));
#4828=DIRECTION('',(0.707106781186548,0.707106781186548,0.));
#4829=DIRECTION('',(0.,0.,1.));
#4830=DIRECTION('',(0.,0.,1.));
#4831=DIRECTION('center_axis',(0.707106781186548,0.707106781186548,0.));
#4832=DIRECTION('ref_axis',(-0.707106781186548,0.707106781186548,0.));
#4833=DIRECTION('',(0.707106781186548,-0.707106781186548,0.));
#4834=DIRECTION('',(0.,0.,1.));
#4835=DIRECTION('',(0.,0.,1.));
#4836=DIRECTION('',(0.,0.,1.));
#4837=DIRECTION('',(0.,0.,1.));
#4838=DIRECTION('',(0.,0.,1.));
#4839=DIRECTION('',(0.,0.,1.));
#4840=DIRECTION('',(0.,0.,1.));
#4841=DIRECTION('',(0.,0.,1.));
#4842=DIRECTION('',(0.,0.,1.));
#4843=DIRECTION('center_axis',(0.707106781186548,0.707106781186548,0.));
#4844=DIRECTION('ref_axis',(-0.707106781186548,0.707106781186548,0.));
#4845=DIRECTION('',(0.707106781186548,-0.707106781186548,0.));
#4846=DIRECTION('',(0.,0.,1.));
#4847=DIRECTION('',(0.,0.,1.));
#4848=DIRECTION('',(0.,0.,1.));
#4849=DIRECTION('',(0.,0.,1.));
#4850=DIRECTION('',(0.,0.,1.));
#4851=DIRECTION('center_axis',(0.707106781186548,0.707106781186548,0.));
#4852=DIRECTION('ref_axis',(-0.707106781186548,0.707106781186548,0.));
#4853=DIRECTION('',(0.707106781186548,-0.707106781186548,0.));
#4854=DIRECTION('',(0.,0.,1.));
#4855=DIRECTION('',(0.,0.,1.));
#4856=DIRECTION('',(0.,0.,1.));
#4857=DIRECTION('',(0.,0.,1.));
#4858=DIRECTION('',(0.,0.,1.));
#4859=DIRECTION('center_axis',(-0.707106781186548,-0.707106781186548,0.));
#4860=DIRECTION('ref_axis',(0.707106781186548,-0.707106781186548,0.));
#4861=DIRECTION('',(-0.707106781186548,0.707106781186548,0.));
#4862=DIRECTION('center_axis',(0.,0.,-1.));
#4863=DIRECTION('ref_axis',(-0.707106781186548,0.707106781186548,0.));
#4864=DIRECTION('center_axis',(0.,0.,1.));
#4865=DIRECTION('ref_axis',(-0.707106781186548,0.707106781186548,0.));
#4866=DIRECTION('',(0.,0.,-1.));
#4867=DIRECTION('center_axis',(0.,0.,-1.));
#4868=DIRECTION('ref_axis',(-0.707106781186548,0.707106781186548,0.));
#4869=DIRECTION('',(0.,0.,1.));
#4870=DIRECTION('center_axis',(-1.,0.,0.));
#4871=DIRECTION('ref_axis',(0.,1.,0.));
#4872=DIRECTION('',(0.,1.,0.));
#4873=DIRECTION('',(0.,0.,-1.));
#4874=DIRECTION('',(0.,-1.,0.));
#4875=DIRECTION('center_axis',(0.,0.,-1.));
#4876=DIRECTION('ref_axis',(0.707106781186598,0.707106781186497,0.));
#4877=DIRECTION('center_axis',(0.,0.,1.));
#4878=DIRECTION('ref_axis',(0.707106781186598,0.707106781186497,0.));
#4879=DIRECTION('',(0.,0.,-1.));
#4880=DIRECTION('center_axis',(0.,0.,-1.));
#4881=DIRECTION('ref_axis',(0.707106781186598,0.707106781186497,0.));
#4882=DIRECTION('',(0.,0.,1.));
#4883=DIRECTION('center_axis',(0.,1.,0.));
#4884=DIRECTION('ref_axis',(1.,0.,0.));
#4885=DIRECTION('',(-1.,0.,0.));
#4886=DIRECTION('',(1.,0.,0.));
#4887=DIRECTION('center_axis',(0.,0.,-1.));
#4888=DIRECTION('ref_axis',(0.707106781186598,0.707106781186497,0.));
#4889=DIRECTION('center_axis',(0.,0.,1.));
#4890=DIRECTION('ref_axis',(0.707106781186598,0.707106781186497,0.));
#4891=DIRECTION('',(0.,0.,-1.));
#4892=DIRECTION('center_axis',(0.,0.,-1.));
#4893=DIRECTION('ref_axis',(0.707106781186598,0.707106781186497,0.));
#4894=DIRECTION('',(0.,0.,1.));
#4895=DIRECTION('center_axis',(0.,1.,0.));
#4896=DIRECTION('ref_axis',(1.,0.,0.));
#4897=DIRECTION('',(1.,0.,0.));
#4898=DIRECTION('',(0.,0.,1.));
#4899=DIRECTION('',(-1.,0.,0.));
#4900=DIRECTION('center_axis',(0.,0.,-1.));
#4901=DIRECTION('ref_axis',(-0.707106781186548,0.707106781186548,0.));
#4902=DIRECTION('center_axis',(0.,0.,1.));
#4903=DIRECTION('ref_axis',(-0.707106781186548,0.707106781186548,0.));
#4904=DIRECTION('',(0.,0.,-1.));
#4905=DIRECTION('center_axis',(0.,0.,-1.));
#4906=DIRECTION('ref_axis',(-0.707106781186548,0.707106781186548,0.));
#4907=DIRECTION('center_axis',(-1.,0.,0.));
#4908=DIRECTION('ref_axis',(0.,1.,0.));
#4909=DIRECTION('',(0.,1.,0.));
#4910=DIRECTION('',(0.,0.,-1.));
#4911=DIRECTION('',(0.,-1.,0.));
#4912=DIRECTION('center_axis',(1.,-7.34770296901166E-14,0.));
#4913=DIRECTION('ref_axis',(-7.34770296901166E-14,-1.,0.));
#4914=DIRECTION('',(7.34770296901166E-14,1.,0.));
#4915=DIRECTION('',(0.,0.,-1.));
#4916=DIRECTION('',(-7.34770296901166E-14,-1.,0.));
#4917=DIRECTION('center_axis',(0.,0.,-1.));
#4918=DIRECTION('ref_axis',(-0.999999999935814,1.13301284283372E-5,0.));
#4919=DIRECTION('center_axis',(0.,0.,1.));
#4920=DIRECTION('ref_axis',(-0.999999999935814,1.13301284283372E-5,0.));
#4921=DIRECTION('center_axis',(0.,0.,-1.));
#4922=DIRECTION('ref_axis',(-0.999999999935814,1.13301284283372E-5,0.));
#4923=DIRECTION('',(0.,0.,-1.));
#4924=DIRECTION('center_axis',(-1.49188230207599E-11,-1.,0.));
#4925=DIRECTION('ref_axis',(-1.,1.49188230207599E-11,0.));
#4926=DIRECTION('',(1.,-1.49188230207599E-11,0.));
#4927=DIRECTION('',(-1.,1.49188230207599E-11,0.));
#4928=DIRECTION('',(0.,0.,-1.));
#4929=DIRECTION('center_axis',(0.,0.,-1.));
#4930=DIRECTION('ref_axis',(-1.13307945602599E-5,-0.999999999935807,0.));
#4931=DIRECTION('center_axis',(0.,0.,1.));
#4932=DIRECTION('ref_axis',(-1.13307945602599E-5,-0.999999999935807,0.));
#4933=DIRECTION('center_axis',(0.,0.,-1.));
#4934=DIRECTION('ref_axis',(-1.13307945602599E-5,-0.999999999935807,0.));
#4935=DIRECTION('center_axis',(1.,-7.04982311891659E-14,0.));
#4936=DIRECTION('ref_axis',(-7.04982311891659E-14,-1.,0.));
#4937=DIRECTION('',(7.04982311891659E-14,1.,0.));
#4938=DIRECTION('',(0.,0.,-1.));
#4939=DIRECTION('',(-7.04982311891659E-14,-1.,0.));
#4940=DIRECTION('center_axis',(0.,0.,-1.));
#4941=DIRECTION('ref_axis',(-0.999999999935814,1.13301281322778E-5,0.));
#4942=DIRECTION('center_axis',(0.,0.,1.));
#4943=DIRECTION('ref_axis',(-0.999999999935814,1.13301281322778E-5,0.));
#4944=DIRECTION('center_axis',(0.,0.,-1.));
#4945=DIRECTION('ref_axis',(-0.999999999935814,1.13301281322778E-5,0.));
#4946=DIRECTION('',(0.,0.,-1.));
#4947=DIRECTION('center_axis',(-1.49381312472753E-11,-1.,0.));
#4948=DIRECTION('ref_axis',(-1.,1.49381312472753E-11,0.));
#4949=DIRECTION('',(1.,-1.49381312472753E-11,0.));
#4950=DIRECTION('',(-1.,1.49381312472753E-11,0.));
#4951=DIRECTION('',(0.,0.,-1.));
#4952=DIRECTION('center_axis',(0.,0.,-1.));
#4953=DIRECTION('ref_axis',(-1.13307942641971E-5,-0.999999999935807,0.));
#4954=DIRECTION('center_axis',(0.,0.,1.));
#4955=DIRECTION('ref_axis',(-1.13307942641971E-5,-0.999999999935807,0.));
#4956=DIRECTION('center_axis',(0.,0.,-1.));
#4957=DIRECTION('ref_axis',(-1.13307942641971E-5,-0.999999999935807,0.));
#4958=DIRECTION('center_axis',(0.,1.,1.07182860283108E-17));
#4959=DIRECTION('ref_axis',(0.707106781186553,0.,-0.707106781186543));
#4960=DIRECTION('center_axis',(0.,-1.,0.));
#4961=DIRECTION('ref_axis',(0.707106781186553,0.,-0.707106781186543));
#4962=DIRECTION('',(0.,-1.,-1.07182860283108E-17));
#4963=DIRECTION('center_axis',(0.,1.,0.));
#4964=DIRECTION('ref_axis',(0.707106781186553,0.,-0.707106781186543));
#4965=DIRECTION('',(0.,1.,1.07182860283108E-17));
#4966=DIRECTION('center_axis',(0.,-1.,0.));
#4967=DIRECTION('ref_axis',(0.,0.,-1.));
#4968=DIRECTION('',(0.,0.,-1.));
#4969=DIRECTION('center_axis',(0.,1.,0.));
#4970=DIRECTION('ref_axis',(0.499999999999989,0.,0.866025403784445));
#4971=DIRECTION('',(0.,0.,1.));
#4972=DIRECTION('',(0.,0.,-1.));
#4973=DIRECTION('center_axis',(1.,0.,0.));
#4974=DIRECTION('ref_axis',(0.,0.,-1.));
#4975=DIRECTION('',(0.,0.,1.));
#4976=DIRECTION('',(0.,1.,0.));
#4977=DIRECTION('center_axis',(0.,1.,0.));
#4978=DIRECTION('ref_axis',(0.499999999999989,0.,0.866025403784445));
#4979=DIRECTION('center_axis',(0.,-1.,0.));
#4980=DIRECTION('ref_axis',(0.499999999999989,0.,0.866025403784445));
#4981=DIRECTION('',(0.,1.,0.));
#4982=DIRECTION('center_axis',(1.,0.,0.));
#4983=DIRECTION('ref_axis',(0.,1.,0.));
#4984=DIRECTION('',(0.,1.,0.));
#4985=DIRECTION('',(0.,0.,1.));
#4986=DIRECTION('center_axis',(0.,1.,0.));
#4987=DIRECTION('ref_axis',(0.,0.,1.));
#4988=DIRECTION('',(0.,0.,-1.));
#4989=DIRECTION('center_axis',(1.,0.,0.));
#4990=DIRECTION('ref_axis',(0.,1.,0.));
#4991=DIRECTION('',(0.,1.,0.));
#4992=DIRECTION('',(0.,0.,1.));
#4993=DIRECTION('',(0.,1.,0.));
#4994=DIRECTION('center_axis',(1.,0.,0.));
#4995=DIRECTION('ref_axis',(0.,1.,0.));
#4996=DIRECTION('',(0.,1.,0.));
#4997=DIRECTION('',(0.,0.,1.));
#4998=DIRECTION('',(0.,1.,0.));
#4999=DIRECTION('center_axis',(0.,-1.,0.));
#5000=DIRECTION('ref_axis',(-0.70710678118654,0.,-0.707106781186555));
#5001=DIRECTION('center_axis',(0.,1.,0.));
#5002=DIRECTION('ref_axis',(-0.70710678118654,0.,-0.707106781186555));
#5003=DIRECTION('',(0.,1.,0.));
#5004=DIRECTION('center_axis',(0.,-1.,0.));
#5005=DIRECTION('ref_axis',(-0.70710678118654,0.,-0.707106781186555));
#5006=DIRECTION('',(0.,-1.,0.));
#5007=DIRECTION('center_axis',(0.,-1.,0.));
#5008=DIRECTION('ref_axis',(0.,0.,1.));
#5009=DIRECTION('',(0.,0.,-1.));
#5010=DIRECTION('',(0.,0.,-1.));
#5011=DIRECTION('center_axis',(0.,1.,0.));
#5012=DIRECTION('ref_axis',(-0.499999999999998,0.,0.86602540378444));
#5013=DIRECTION('',(0.,0.,1.));
#5014=DIRECTION('center_axis',(-1.,0.,0.));
#5015=DIRECTION('ref_axis',(0.,-1.,0.));
#5016=DIRECTION('',(0.,0.,1.));
#5017=DIRECTION('',(0.,-1.,0.));
#5018=DIRECTION('center_axis',(0.,1.,0.));
#5019=DIRECTION('ref_axis',(0.,0.,-1.));
#5020=DIRECTION('',(0.,0.,-1.));
#5021=DIRECTION('center_axis',(0.,-1.,0.));
#5022=DIRECTION('ref_axis',(-0.499999999999998,0.,0.86602540378444));
#5023=DIRECTION('',(0.,0.,1.));
#5024=DIRECTION('center_axis',(0.,-1.,0.));
#5025=DIRECTION('ref_axis',(-0.499999999999998,0.,0.86602540378444));
#5026=DIRECTION('',(0.,-1.,0.));
#5027=DIRECTION('',(0.,-1.,0.));
#5028=DIRECTION('center_axis',(-1.,0.,0.));
#5029=DIRECTION('ref_axis',(0.,0.,1.));
#5030=DIRECTION('center_axis',(-1.,0.,0.));
#5031=DIRECTION('ref_axis',(0.,-1.,0.));
#5032=DIRECTION('',(0.,-1.,0.));
#5033=DIRECTION('',(0.,0.,1.));
#5034=DIRECTION('',(0.,-1.,0.));
#5035=DIRECTION('center_axis',(-1.,0.,0.));
#5036=DIRECTION('ref_axis',(0.,-1.,0.));
#5037=DIRECTION('',(0.,-1.,0.));
#5038=DIRECTION('',(0.,0.,1.));
#5039=DIRECTION('',(0.,-1.,0.));
#5040=DIRECTION('center_axis',(-0.635467715529769,-0.772127439299613,0.));
#5041=DIRECTION('ref_axis',(-0.545976548268963,0.449343530876231,0.707106781186541));
#5042=DIRECTION('',(-0.635467715529769,-0.772127439299612,0.));
#5043=DIRECTION('center_axis',(0.904286380393342,0.426926389715029,0.));
#5044=DIRECTION('ref_axis',(-0.426926389715029,0.904286380393342,0.));
#5045=DIRECTION('',(0.635467715529769,0.772127439299612,0.));
#5046=DIRECTION('center_axis',(0.337544486475772,0.941309576945761,0.));
#5047=DIRECTION('ref_axis',(-0.941309576945761,0.337544486475772,0.));
#5048=DIRECTION('center_axis',(-1.,0.,0.));
#5049=DIRECTION('ref_axis',(0.,0.707106781186552,0.707106781186543));
#5050=DIRECTION('',(-1.,0.,0.));
#5051=DIRECTION('center_axis',(0.911788589251505,-0.410659918315325,0.));
#5052=DIRECTION('ref_axis',(0.410659918315325,0.911788589251505,0.));
#5053=DIRECTION('',(1.,0.,0.));
#5054=DIRECTION('center_axis',(-0.662716862978519,0.748870055165722,0.));
#5055=DIRECTION('ref_axis',(0.529531094235225,0.468611587818791,0.707106781186545));
#5056=DIRECTION('',(-0.662716862978519,0.748870055165722,0.));
#5057=DIRECTION('center_axis',(0.354351481465993,-0.935112307470529,0.));
#5058=DIRECTION('ref_axis',(0.935112307470528,0.354351481465993,0.));
#5059=DIRECTION('',(0.662716862978519,-0.748870055165722,0.));
#5060=DIRECTION('center_axis',(1.,0.,0.));
#5061=DIRECTION('ref_axis',(0.,-0.707106781186552,0.707106781186543));
#5062=DIRECTION('',(-1.,0.,0.));
#5063=DIRECTION('center_axis',(0.951079445564437,-0.308946416429844,0.));
#5064=DIRECTION('ref_axis',(-0.308946416429844,-0.951079445564437,0.));
#5065=DIRECTION('',(1.,0.,0.));
#5066=DIRECTION('center_axis',(-0.947134565000111,-0.320836587349465,0.));
#5067=DIRECTION('ref_axis',(-0.320836587349465,0.947134565000111,0.));
#5068=DIRECTION('center_axis',(0.,1.,0.));
#5069=DIRECTION('ref_axis',(0.707106781186552,0.,0.707106781186543));
#5070=DIRECTION('',(0.,1.,0.));
#5071=DIRECTION('center_axis',(-0.197358002286665,-0.980331484210018,0.));
#5072=DIRECTION('ref_axis',(0.980331484210018,-0.197358002286665,0.));
#5073=DIRECTION('',(0.,-1.,0.));
#5074=DIRECTION('center_axis',(0.386952526604836,0.922099637866827,0.));
#5075=DIRECTION('ref_axis',(0.652022906865273,-0.273616755559585,0.707106781186552));
#5076=DIRECTION('',(0.386952526604836,0.922099637866827,0.));
#5077=DIRECTION('center_axis',(-0.197358002286665,-0.980331484210018,0.));
#5078=DIRECTION('ref_axis',(-0.980331484210018,0.197358002286665,0.));
#5079=DIRECTION('',(-0.386952526604836,-0.922099637866827,0.));
#5080=DIRECTION('center_axis',(0.,1.,0.));
#5081=DIRECTION('ref_axis',(0.707106781186552,0.,0.707106781186543));
#5082=DIRECTION('',(0.,-1.,0.));
#5083=DIRECTION('',(0.,1.,0.));
#5084=DIRECTION('center_axis',(-0.890972831486583,-0.454056619324926,0.));
#5085=DIRECTION('ref_axis',(0.454056619324926,-0.890972831486583,0.));
#5086=DIRECTION('center_axis',(0.809104223550307,-0.587665172894442,0.));
#5087=DIRECTION('ref_axis',(-0.415542028820808,-0.572123083159109,0.707106781186549));
#5088=DIRECTION('',(-0.809104223550307,0.587665172894442,0.));
#5089=DIRECTION('',(0.809104223550307,-0.587665172894442,0.));
#5090=DIRECTION('center_axis',(0.79412776843589,0.607750843190722,0.));
#5091=DIRECTION('ref_axis',(0.42974474249202,-0.561533130189556,0.707106781186538));
#5092=DIRECTION('',(-0.79412776843589,-0.607750843190722,0.));
#5093=DIRECTION('',(0.79412776843589,0.607750843190722,0.));
#5094=DIRECTION('center_axis',(-0.896591000175309,0.442859547040186,0.));
#5095=DIRECTION('ref_axis',(-0.442859547040186,-0.896591000175309,0.));
#5096=DIRECTION('center_axis',(0.,-1.,0.));
#5097=DIRECTION('ref_axis',(-0.707106781186552,0.,0.707106781186543));
#5098=DIRECTION('',(0.,1.,0.));
#5099=DIRECTION('',(0.,-1.,0.));
#5100=DIRECTION('center_axis',(-0.241051948398,0.970512214335053,0.));
#5101=DIRECTION('ref_axis',(0.970512214335053,0.241051948398,0.));
#5102=DIRECTION('center_axis',(0.467887720419029,-0.883787916347064,0.));
#5103=DIRECTION('ref_axis',(-0.624932428779759,-0.330846579942187,0.70710678118654));
#5104=DIRECTION('',(-0.467887720419028,0.883787916347064,0.));
#5105=DIRECTION('',(0.467887720419028,-0.883787916347064,0.));
#5106=DIRECTION('center_axis',(-0.241051948398,0.970512214335053,0.));
#5107=DIRECTION('ref_axis',(-0.970512214335053,-0.241051948398,0.));
#5108=DIRECTION('center_axis',(0.,-1.,0.));
#5109=DIRECTION('ref_axis',(-0.707106781186552,0.,0.707106781186543));
#5110=DIRECTION('',(0.,1.,0.));
#5111=DIRECTION('',(0.,-1.,0.));
#5112=DIRECTION('center_axis',(0.772127439299613,-0.635467715529769,0.));
#5113=DIRECTION('ref_axis',(0.635467715529769,0.772127439299612,0.));
#5114=DIRECTION('',(0.,0.,1.));
#5115=DIRECTION('',(0.635467715529769,0.772127439299612,0.));
#5116=DIRECTION('',(0.,0.,1.));
#5117=DIRECTION('center_axis',(1.,0.,0.));
#5118=DIRECTION('ref_axis',(0.,1.,0.));
#5119=DIRECTION('',(0.,0.,1.));
#5120=DIRECTION('',(0.,1.,0.));
#5121=DIRECTION('center_axis',(0.883787916347064,0.467887720419029,0.));
#5122=DIRECTION('ref_axis',(-0.467887720419028,0.883787916347064,0.));
#5123=DIRECTION('',(0.,0.,1.));
#5124=DIRECTION('',(-0.467887720419028,0.883787916347064,0.));
#5125=DIRECTION('center_axis',(1.,0.,0.));
#5126=DIRECTION('ref_axis',(0.,1.,0.));
#5127=DIRECTION('',(0.,0.,1.));
#5128=DIRECTION('',(0.,1.,0.));
#5129=DIRECTION('center_axis',(-0.607750843190722,0.79412776843589,0.));
#5130=DIRECTION('ref_axis',(-0.79412776843589,-0.607750843190722,0.));
#5131=DIRECTION('',(0.,0.,1.));
#5132=DIRECTION('',(-0.79412776843589,-0.607750843190722,0.));
#5133=DIRECTION('center_axis',(0.,1.,0.));
#5134=DIRECTION('ref_axis',(-1.,0.,0.));
#5135=DIRECTION('',(0.,0.,1.));
#5136=DIRECTION('',(-1.,0.,0.));
#5137=DIRECTION('center_axis',(0.,0.,1.));
#5138=DIRECTION('ref_axis',(-1.,0.,0.));
#5139=DIRECTION('',(1.,0.,0.));
#5140=DIRECTION('',(0.999999874658051,-0.000500683414536488,0.));
#5141=DIRECTION('',(0.999863800520421,0.0165039513105022,0.));
#5142=DIRECTION('center_axis',(0.,0.,-1.));
#5143=DIRECTION('ref_axis',(-0.706929139320888,0.707284378435597,0.));
#5144=DIRECTION('',(0.0170146446145133,0.999855240456658,0.));
#5145=DIRECTION('',(0.,1.,0.));
#5146=DIRECTION('',(-0.0178326823272723,0.999840985077635,0.));
#5147=DIRECTION('center_axis',(0.,0.,-1.));
#5148=DIRECTION('ref_axis',(-0.707106781232816,-0.707106781140279,0.));
#5149=DIRECTION('',(-0.999840985065901,0.0178326829851312,0.));
#5150=DIRECTION('',(-1.,0.,0.));
#5151=DIRECTION('',(-0.999840985077634,-0.0178326823273219,0.));
#5152=DIRECTION('center_axis',(0.,0.,-1.));
#5153=DIRECTION('ref_axis',(0.70710678093051,-0.707106781442585,0.));
#5154=DIRECTION('',(-0.0178326824078252,-0.999840985076198,0.));
#5155=DIRECTION('',(0.,-1.,0.));
#5156=DIRECTION('',(0.017832682327375,-0.999840985077633,0.));
#5157=DIRECTION('center_axis',(0.,0.,-1.));
#5158=DIRECTION('ref_axis',(0.707106781195892,0.707106781177203,0.));
#5159=DIRECTION('',(0.999840985078244,-0.0178326822930782,0.));
#5160=DIRECTION('',(1.,0.,0.));
#5161=DIRECTION('',(0.,-1.,0.));
#5162=DIRECTION('',(-1.,0.,0.));
#5163=DIRECTION('',(0.,1.,0.));
#5164=DIRECTION('',(0.,-1.,0.));
#5165=DIRECTION('',(-1.,0.,0.));
#5166=DIRECTION('',(0.,1.,0.));
#5167=DIRECTION('',(1.,0.,0.));
#5168=DIRECTION('center_axis',(0.,-1.,0.));
#5169=DIRECTION('ref_axis',(-0.707106781186552,0.,0.707106781186543));
#5170=DIRECTION('center_axis',(0.707106781186548,-0.707106781186548,0.));
#5171=DIRECTION('ref_axis',(0.707106781186547,0.707106781186547,0.));
#5172=DIRECTION('',(0.,-1.,0.));
#5173=DIRECTION('center_axis',(0.707106781186548,0.707106781186548,0.));
#5174=DIRECTION('ref_axis',(-0.707106781186547,0.707106781186547,0.));
#5175=DIRECTION('center_axis',(0.,1.,0.));
#5176=DIRECTION('ref_axis',(0.707106781186552,0.,0.707106781186543));
#5177=DIRECTION('',(0.,1.,0.));
#5178=DIRECTION('center_axis',(-0.707106781186548,-0.707106781186548,0.));
#5179=DIRECTION('ref_axis',(0.707106781186547,-0.707106781186547,0.));
#5180=DIRECTION('center_axis',(0.707106781186548,-0.707106781186548,0.));
#5181=DIRECTION('ref_axis',(0.707106781186547,0.707106781186547,0.));
#5182=DIRECTION('center_axis',(1.,0.,0.));
#5183=DIRECTION('ref_axis',(0.,-0.707106781186552,0.707106781186543));
#5184=DIRECTION('',(1.,0.,0.));
#5185=DIRECTION('center_axis',(-1.,0.,0.));
#5186=DIRECTION('ref_axis',(0.,0.707106781186552,0.707106781186543));
#5187=DIRECTION('',(-1.,0.,0.));
#5188=DIRECTION('center_axis',(0.,1.,0.));
#5189=DIRECTION('ref_axis',(-1.,0.,0.));
#5190=DIRECTION('',(0.,0.,1.));
#5191=DIRECTION('',(-1.,0.,0.));
#5192=DIRECTION('',(0.,0.,1.));
#5193=DIRECTION('center_axis',(-1.,0.,0.));
#5194=DIRECTION('ref_axis',(0.,-1.,0.));
#5195=DIRECTION('',(0.,0.,1.));
#5196=DIRECTION('',(0.,-1.,0.));
#5197=DIRECTION('center_axis',(0.,-1.,0.));
#5198=DIRECTION('ref_axis',(1.,0.,0.));
#5199=DIRECTION('',(0.,0.,1.));
#5200=DIRECTION('',(1.,0.,0.));
#5201=DIRECTION('center_axis',(1.,0.,0.));
#5202=DIRECTION('ref_axis',(0.,1.,0.));
#5203=DIRECTION('',(0.,1.,0.));
#5204=DIRECTION('center_axis',(0.,-1.,0.));
#5205=DIRECTION('ref_axis',(1.,0.,0.));
#5206=DIRECTION('',(1.,0.,0.));
#5207=DIRECTION('',(0.,0.,1.));
#5208=DIRECTION('center_axis',(-0.748870055165722,-0.662716862978519,0.));
#5209=DIRECTION('ref_axis',(0.662716862978519,-0.748870055165722,0.));
#5210=DIRECTION('',(0.662716862978519,-0.748870055165722,0.));
#5211=DIRECTION('',(0.,0.,1.));
#5212=DIRECTION('center_axis',(-1.,0.,0.));
#5213=DIRECTION('ref_axis',(0.,-1.,0.));
#5214=DIRECTION('',(0.,-1.,0.));
#5215=DIRECTION('',(0.,0.,1.));
#5216=DIRECTION('center_axis',(-0.922099637866827,0.386952526604836,0.));
#5217=DIRECTION('ref_axis',(-0.386952526604836,-0.922099637866827,0.));
#5218=DIRECTION('',(-0.386952526604836,-0.922099637866827,0.));
#5219=DIRECTION('',(0.,0.,1.));
#5220=DIRECTION('center_axis',(-1.,0.,0.));
#5221=DIRECTION('ref_axis',(0.,-1.,0.));
#5222=DIRECTION('',(0.,-1.,0.));
#5223=DIRECTION('',(0.,0.,1.));
#5224=DIRECTION('center_axis',(0.587665172894442,0.809104223550307,0.));
#5225=DIRECTION('ref_axis',(-0.809104223550307,0.587665172894442,0.));
#5226=DIRECTION('',(-0.809104223550307,0.587665172894442,0.));
#5227=DIRECTION('center_axis',(0.,0.,1.));
#5228=DIRECTION('ref_axis',(-1.,0.,0.));
#5229=DIRECTION('',(0.,1.,0.));
#5230=DIRECTION('',(-1.,0.,0.));
#5231=DIRECTION('',(0.,-1.,0.));
#5232=DIRECTION('',(-1.,0.,0.));
#5233=DIRECTION('',(-0.999840985078244,0.017832682293107,0.));
#5234=DIRECTION('center_axis',(0.,0.,1.));
#5235=DIRECTION('ref_axis',(0.997452136243499,0.0713388807262973,0.));
#5236=DIRECTION('',(-0.0178326823275754,0.999840985077629,0.));
#5237=DIRECTION('',(0.,1.,0.));
#5238=DIRECTION('',(0.0178326824077173,0.9998409850762,0.));
#5239=DIRECTION('center_axis',(0.,0.,1.));
#5240=DIRECTION('ref_axis',(0.0713388807280582,-0.997452136243373,0.));
#5241=DIRECTION('',(0.999840985077631,0.0178326823274533,0.));
#5242=DIRECTION('',(1.,0.,0.));
#5243=DIRECTION('',(0.999840985065899,-0.0178326829852453,0.));
#5244=DIRECTION('center_axis',(0.,0.,1.));
#5245=DIRECTION('ref_axis',(-0.997452136239921,-0.0713388807763215,0.));
#5246=DIRECTION('',(0.017832682327329,-0.999840985077634,0.));
#5247=DIRECTION('',(0.,-1.,0.));
#5248=DIRECTION('',(-0.017014644614616,-0.999855240456657,0.));
#5249=DIRECTION('center_axis',(0.,0.,1.));
#5250=DIRECTION('ref_axis',(-0.0708638103407438,0.997486000094232,0.));
#5251=DIRECTION('',(-0.999863800520429,-0.0165039513100412,0.));
#5252=DIRECTION('',(-0.999999874658047,0.000500683422596697,0.));
#5253=DIRECTION('',(-1.,0.,0.));
#5254=DIRECTION('center_axis',(0.,1.,0.));
#5255=DIRECTION('ref_axis',(-1.,0.,0.));
#5256=DIRECTION('',(-1.,0.,0.));
#5257=DIRECTION('',(0.,0.,1.));
#5258=DIRECTION('',(0.,0.,1.));
#5259=DIRECTION('center_axis',(0.017832682293107,0.999840985078244,0.));
#5260=DIRECTION('ref_axis',(-0.999840985078244,0.017832682293107,0.));
#5261=DIRECTION('',(-0.999840985078244,0.017832682293107,0.));
#5262=DIRECTION('',(0.,0.,1.));
#5263=DIRECTION('center_axis',(0.,0.,1.));
#5264=DIRECTION('ref_axis',(0.997452136243499,0.0713388807262973,0.));
#5265=DIRECTION('center_axis',(0.,0.,1.));
#5266=DIRECTION('ref_axis',(0.997452136243499,0.0713388807262973,0.));
#5267=DIRECTION('',(0.,0.,1.));
#5268=DIRECTION('center_axis',(0.999840985077629,0.0178326823275754,0.));
#5269=DIRECTION('ref_axis',(-0.0178326823275754,0.999840985077629,0.));
#5270=DIRECTION('',(-0.0178326823275754,0.999840985077629,0.));
#5271=DIRECTION('',(0.,0.,1.));
#5272=DIRECTION('center_axis',(1.,0.,0.));
#5273=DIRECTION('ref_axis',(0.,1.,0.));
#5274=DIRECTION('',(0.,1.,0.));
#5275=DIRECTION('',(0.,0.,1.));
#5276=DIRECTION('center_axis',(0.9998409850762,-0.0178326824077173,0.));
#5277=DIRECTION('ref_axis',(0.0178326824077173,0.9998409850762,0.));
#5278=DIRECTION('',(0.0178326824077173,0.9998409850762,0.));
#5279=DIRECTION('',(0.,0.,1.));
#5280=DIRECTION('center_axis',(0.,0.,1.));
#5281=DIRECTION('ref_axis',(0.0713388807280582,-0.997452136243373,0.));
#5282=DIRECTION('center_axis',(0.,0.,1.));
#5283=DIRECTION('ref_axis',(0.0713388807280582,-0.997452136243373,0.));
#5284=DIRECTION('',(0.,0.,1.));
#5285=DIRECTION('center_axis',(0.0178326823274533,-0.999840985077631,0.));
#5286=DIRECTION('ref_axis',(0.999840985077631,0.0178326823274533,0.));
#5287=DIRECTION('',(0.999840985077631,0.0178326823274533,0.));
#5288=DIRECTION('',(0.,0.,1.));
#5289=DIRECTION('center_axis',(0.,-1.,0.));
#5290=DIRECTION('ref_axis',(1.,0.,0.));
#5291=DIRECTION('',(1.,0.,0.));
#5292=DIRECTION('',(0.,0.,1.));
#5293=DIRECTION('center_axis',(-0.0178326829852453,-0.999840985065899,0.));
#5294=DIRECTION('ref_axis',(0.999840985065899,-0.0178326829852453,0.));
#5295=DIRECTION('',(0.999840985065899,-0.0178326829852453,0.));
#5296=DIRECTION('',(0.,0.,1.));
#5297=DIRECTION('center_axis',(0.,0.,1.));
#5298=DIRECTION('ref_axis',(-0.997452136239921,-0.0713388807763215,0.));
#5299=DIRECTION('center_axis',(0.,0.,1.));
#5300=DIRECTION('ref_axis',(-0.997452136239921,-0.0713388807763215,0.));
#5301=DIRECTION('',(0.,0.,1.));
#5302=DIRECTION('center_axis',(-0.999840985077634,-0.017832682327329,0.));
#5303=DIRECTION('ref_axis',(0.017832682327329,-0.999840985077634,0.));
#5304=DIRECTION('',(0.017832682327329,-0.999840985077634,0.));
#5305=DIRECTION('',(0.,0.,1.));
#5306=DIRECTION('center_axis',(-1.,0.,0.));
#5307=DIRECTION('ref_axis',(0.,-1.,0.));
#5308=DIRECTION('',(0.,-1.,0.));
#5309=DIRECTION('',(0.,0.,1.));
#5310=DIRECTION('center_axis',(-0.999855240456657,0.017014644614616,0.));
#5311=DIRECTION('ref_axis',(-0.017014644614616,-0.999855240456657,0.));
#5312=DIRECTION('',(-0.017014644614616,-0.999855240456657,0.));
#5313=DIRECTION('',(0.,0.,1.));
#5314=DIRECTION('center_axis',(0.,0.,1.));
#5315=DIRECTION('ref_axis',(-0.0708638103407438,0.997486000094232,0.));
#5316=DIRECTION('center_axis',(0.,0.,1.));
#5317=DIRECTION('ref_axis',(-0.0708638103407438,0.997486000094232,0.));
#5318=DIRECTION('',(0.,0.,1.));
#5319=DIRECTION('center_axis',(-0.0165039513100412,0.999863800520429,0.));
#5320=DIRECTION('ref_axis',(-0.999863800520429,-0.0165039513100412,0.));
#5321=DIRECTION('',(-0.999863800520429,-0.0165039513100412,0.));
#5322=DIRECTION('',(0.,0.,1.));
#5323=DIRECTION('center_axis',(0.000500683422596698,0.999999874658047,0.));
#5324=DIRECTION('ref_axis',(-0.999999874658047,0.000500683422596698,0.));
#5325=DIRECTION('',(-0.999999874658047,0.000500683422596698,0.));
#5326=DIRECTION('',(0.,0.,1.));
#5327=DIRECTION('center_axis',(0.,1.,0.));
#5328=DIRECTION('ref_axis',(-1.,0.,0.));
#5329=DIRECTION('',(-1.,0.,0.));
#5330=DIRECTION('',(0.,0.,-1.));
#5331=DIRECTION('center_axis',(-1.,0.,0.));
#5332=DIRECTION('ref_axis',(0.,-1.,0.));
#5333=DIRECTION('center_axis',(1.,0.,0.));
#5334=DIRECTION('ref_axis',(0.,0.70710678118654,-0.707106781186555));
#5335=DIRECTION('center_axis',(1.,0.,0.));
#5336=DIRECTION('ref_axis',(0.,0.707106781186553,0.707106781186542));
#5337=DIRECTION('',(0.,0.,1.));
#5338=DIRECTION('',(0.,-1.,0.));
#5339=DIRECTION('center_axis',(-1.,0.,0.));
#5340=DIRECTION('ref_axis',(0.,0.70710678118654,-0.707106781186555));
#5341=DIRECTION('center_axis',(-1.,0.,0.));
#5342=DIRECTION('ref_axis',(0.,0.70710678118654,-0.707106781186555));
#5343=DIRECTION('center_axis',(-1.,0.,0.));
#5344=DIRECTION('ref_axis',(0.,0.707106781186553,0.707106781186542));
#5345=DIRECTION('center_axis',(-1.,0.,0.));
#5346=DIRECTION('ref_axis',(0.,0.707106781186553,0.707106781186542));
#5347=DIRECTION('',(-1.,0.,0.));
#5348=DIRECTION('center_axis',(-0.999999874658051,0.000500683414536488,
0.));
#5349=DIRECTION('ref_axis',(0.000354036637656256,0.707106692556414,0.707106781186539));
#5350=DIRECTION('',(-0.999999874658051,0.000500683414536488,0.));
#5351=DIRECTION('center_axis',(-0.0170146446145133,-0.999855240456658,0.));
#5352=DIRECTION('ref_axis',(-0.707004420731816,0.0120311705864009,0.707106781186541));
#5353=DIRECTION('',(-0.0170146446145133,-0.999855240456658,0.));
#5354=DIRECTION('center_axis',(-1.,0.,0.));
#5355=DIRECTION('ref_axis',(0.,0.707106781186553,0.707106781186542));
#5356=DIRECTION('',(-1.,0.,0.));
#5357=DIRECTION('center_axis',(-0.999960245479348,0.00891669562570436,0.));
#5358=DIRECTION('ref_axis',(0.00891669562570436,0.999960245479348,0.));
#5359=DIRECTION('center_axis',(-0.999840985078244,0.0178326822930782,0.));
#5360=DIRECTION('ref_axis',(0.012609610576174,0.706994340657067,0.707106781186545));
#5361=DIRECTION('',(-0.999840985078244,0.0178326822930782,0.));
#5362=DIRECTION('center_axis',(0.,0.,1.));
#5363=DIRECTION('ref_axis',(1.,0.,0.));
#5364=DIRECTION('center_axis',(0.,0.,1.));
#5365=DIRECTION('ref_axis',(0.707106781195892,0.707106781177203,0.));
#5366=DIRECTION('center_axis',(-0.017832682327375,0.999840985077633,0.));
#5367=DIRECTION('ref_axis',(0.706994340656625,0.0126096106004164,0.707106781186555));
#5368=DIRECTION('center_axis',(-0.00891669564165399,0.999960245479206,0.));
#5369=DIRECTION('ref_axis',(0.999960245479206,0.00891669564165399,0.));
#5370=DIRECTION('',(-0.017832682327375,0.999840985077633,0.));
#5371=DIRECTION('center_axis',(0.,1.,0.));
#5372=DIRECTION('ref_axis',(0.707106781186553,0.,0.707106781186542));
#5373=DIRECTION('center_axis',(0.00891669568172382,0.999960245478849,0.));
#5374=DIRECTION('ref_axis',(0.999960245478849,-0.00891669568172382,0.));
#5375=DIRECTION('center_axis',(0.0178326824078252,0.999840985076198,0.));
#5376=DIRECTION('ref_axis',(0.706994340655615,-0.0126096106573165,0.70710678118655));
#5377=DIRECTION('',(0.0178326824078252,0.999840985076198,0.));
#5378=DIRECTION('center_axis',(0.,0.,1.));
#5379=DIRECTION('ref_axis',(1.,0.,0.));
#5380=DIRECTION('center_axis',(0.,0.,1.));
#5381=DIRECTION('ref_axis',(0.70710678093051,-0.707106781442585,0.));
#5382=DIRECTION('center_axis',(0.999840985077634,0.0178326823273219,0.));
#5383=DIRECTION('ref_axis',(0.0126096106003911,-0.706994340656638,0.707106781186543));
#5384=DIRECTION('',(0.999840985077634,0.0178326823273219,0.));
#5385=DIRECTION('center_axis',(0.999960245479195,0.00891669564295073,0.));
#5386=DIRECTION('ref_axis',(0.00891669564295073,-0.999960245479195,0.));
#5387=DIRECTION('center_axis',(1.,0.,0.));
#5388=DIRECTION('ref_axis',(0.,-0.70710678118654,0.707106781186555));
#5389=DIRECTION('',(1.,0.,0.));
#5390=DIRECTION('center_axis',(0.999960245476264,-0.00891669597162636,0.));
#5391=DIRECTION('ref_axis',(-0.00891669597162636,-0.999960245476264,0.));
#5392=DIRECTION('center_axis',(0.999840985065901,-0.0178326829851312,0.));
#5393=DIRECTION('ref_axis',(-0.0126096110655406,-0.706994340648332,0.707106781186552));
#5394=DIRECTION('',(0.999840985065901,-0.0178326829851312,0.));
#5395=DIRECTION('center_axis',(0.,0.,1.));
#5396=DIRECTION('ref_axis',(1.,0.,0.));
#5397=DIRECTION('center_axis',(0.,0.,1.));
#5398=DIRECTION('ref_axis',(-0.707106781232816,-0.707106781140279,0.));
#5399=DIRECTION('center_axis',(0.0178326823272723,-0.999840985077635,0.));
#5400=DIRECTION('ref_axis',(-0.706994340656638,-0.0126096106003408,0.707106781186543));
#5401=DIRECTION('',(0.0178326823272723,-0.999840985077635,0.));
#5402=DIRECTION('center_axis',(0.00891669564261327,-0.999960245479198,0.));
#5403=DIRECTION('ref_axis',(-0.999960245479198,-0.00891669564261327,0.));
#5404=DIRECTION('center_axis',(0.,-1.,0.));
#5405=DIRECTION('ref_axis',(-0.707106781186553,0.,0.707106781186542));
#5406=DIRECTION('center_axis',(0.,0.,1.));
#5407=DIRECTION('ref_axis',(1.,0.,0.));
#5408=DIRECTION('center_axis',(0.,0.,1.));
#5409=DIRECTION('ref_axis',(-0.706929139320888,0.707284378435597,0.));
#5410=DIRECTION('center_axis',(-0.999863800520421,-0.0165039513105022,0.));
#5411=DIRECTION('ref_axis',(-0.01167005588801,0.707010473610952,0.707106781186539));
#5412=DIRECTION('',(-0.999863800520421,-0.0165039513105022,0.));
#5413=DIRECTION('center_axis',(0.,1.,0.));
#5414=DIRECTION('ref_axis',(-1.,0.,0.));
#5415=DIRECTION('',(0.,0.,1.));
#5416=DIRECTION('',(-1.,0.,0.));
#5417=DIRECTION('center_axis',(0.0178326822930782,0.999840985078244,0.));
#5418=DIRECTION('ref_axis',(-0.999840985078244,0.0178326822930782,0.));
#5419=DIRECTION('',(0.,0.,1.));
#5420=DIRECTION('',(-0.999840985078244,0.0178326822930782,0.));
#5421=DIRECTION('center_axis',(0.,0.,1.));
#5422=DIRECTION('ref_axis',(0.99829901753418,0.0583015573573316,0.));
#5423=DIRECTION('',(0.,0.,1.));
#5424=DIRECTION('center_axis',(0.,0.,1.));
#5425=DIRECTION('ref_axis',(0.99829901753418,0.0583015573573316,0.));
#5426=DIRECTION('center_axis',(0.999840985077633,0.017832682327375,0.));
#5427=DIRECTION('ref_axis',(-0.017832682327375,0.999840985077633,0.));
#5428=DIRECTION('',(-0.017832682327375,0.999840985077633,0.));
#5429=DIRECTION('center_axis',(0.999840985076198,-0.0178326824078252,0.));
#5430=DIRECTION('ref_axis',(0.0178326824078252,0.999840985076198,0.));
#5431=DIRECTION('',(0.,0.,1.));
#5432=DIRECTION('',(0.0178326824078252,0.999840985076198,0.));
#5433=DIRECTION('center_axis',(0.,0.,1.));
#5434=DIRECTION('ref_axis',(0.0583015573590505,-0.99829901753408,0.));
#5435=DIRECTION('',(0.,0.,1.));
#5436=DIRECTION('center_axis',(0.,0.,1.));
#5437=DIRECTION('ref_axis',(0.0583015573590505,-0.99829901753408,0.));
#5438=DIRECTION('center_axis',(0.0178326823273219,-0.999840985077634,0.));
#5439=DIRECTION('ref_axis',(0.999840985077634,0.0178326823273219,0.));
#5440=DIRECTION('',(0.,0.,1.));
#5441=DIRECTION('',(0.999840985077634,0.0178326823273219,0.));
#5442=DIRECTION('center_axis',(0.,-1.,0.));
#5443=DIRECTION('ref_axis',(1.,0.,0.));
#5444=DIRECTION('',(0.,0.,1.));
#5445=DIRECTION('',(1.,0.,0.));
#5446=DIRECTION('center_axis',(-0.0178326829851312,-0.999840985065901,0.));
#5447=DIRECTION('ref_axis',(0.999840985065901,-0.0178326829851312,0.));
#5448=DIRECTION('',(0.,0.,1.));
#5449=DIRECTION('',(0.999840985065901,-0.0178326829851312,0.));
#5450=DIRECTION('center_axis',(0.,0.,1.));
#5451=DIRECTION('ref_axis',(-0.99829901753197,-0.0583015573951777,0.));
#5452=DIRECTION('',(0.,0.,1.));
#5453=DIRECTION('center_axis',(0.,0.,1.));
#5454=DIRECTION('ref_axis',(-0.99829901753197,-0.0583015573951777,0.));
#5455=DIRECTION('center_axis',(-0.999840985077635,-0.0178326823272723,0.));
#5456=DIRECTION('ref_axis',(0.0178326823272723,-0.999840985077635,0.));
#5457=DIRECTION('',(0.0178326823272723,-0.999840985077635,0.));
#5458=DIRECTION('center_axis',(-0.999855240456658,0.0170146446145133,0.));
#5459=DIRECTION('ref_axis',(-0.0170146446145133,-0.999855240456658,0.));
#5460=DIRECTION('',(0.,0.,1.));
#5461=DIRECTION('',(-0.0170146446145133,-0.999855240456658,0.));
#5462=DIRECTION('center_axis',(0.,0.,1.));
#5463=DIRECTION('ref_axis',(-0.0576189404125512,0.998338648808978,0.));
#5464=DIRECTION('',(0.,0.,1.));
#5465=DIRECTION('center_axis',(0.,0.,1.));
#5466=DIRECTION('ref_axis',(-0.0576189404125512,0.998338648808978,0.));
#5467=DIRECTION('center_axis',(-0.0165039513105022,0.999863800520421,0.));
#5468=DIRECTION('ref_axis',(-0.999863800520421,-0.0165039513105022,0.));
#5469=DIRECTION('',(0.,0.,1.));
#5470=DIRECTION('',(-0.999863800520421,-0.0165039513105022,0.));
#5471=DIRECTION('center_axis',(0.000500683414536488,0.999999874658051,0.));
#5472=DIRECTION('ref_axis',(-0.999999874658051,0.000500683414536488,0.));
#5473=DIRECTION('',(0.,0.,1.));
#5474=DIRECTION('',(-0.999999874658051,0.000500683414536488,0.));
#5475=DIRECTION('center_axis',(0.,1.,0.));
#5476=DIRECTION('ref_axis',(-1.,0.,0.));
#5477=DIRECTION('',(0.,0.,1.));
#5478=DIRECTION('',(-1.,0.,0.));
#5479=DIRECTION('center_axis',(1.,0.,0.));
#5480=DIRECTION('ref_axis',(0.,1.,0.));
#5481=DIRECTION('',(0.,1.,0.));
#5482=DIRECTION('center_axis',(0.,0.,1.));
#5483=DIRECTION('ref_axis',(-1.,0.,0.));
#5484=DIRECTION('',(0.,0.,1.));
#5485=DIRECTION('',(1.,0.,0.));
#5486=CARTESIAN_POINT('',(0.,0.,0.));
#5487=CARTESIAN_POINT('',(0.,0.,0.));
#5488=CARTESIAN_POINT('Origin',(152.213001262557,-102.246212402239,5.56));
#5489=CARTESIAN_POINT('',(154.309092026139,-100.138723244291,5.56));
#5490=CARTESIAN_POINT('',(154.599239745185,-100.545926266299,6.06));
#5491=CARTESIAN_POINT('Origin',(154.599239745185,-100.545926266299,5.56));
#5492=CARTESIAN_POINT('',(154.99559403811,-100.263508681432,6.06));
#5493=CARTESIAN_POINT('',(152.213001262557,-102.246212402239,6.06));
#5494=CARTESIAN_POINT('',(154.873603543346,-99.7364872090947,5.56));
#5495=CARTESIAN_POINT('Ctrl Pts',(154.99559403811,-100.263508681432,6.06));
#5496=CARTESIAN_POINT('Ctrl Pts',(154.996477871782,-100.234129968957,6.06));
#5497=CARTESIAN_POINT('Ctrl Pts',(154.996516797247,-100.204643872755,6.05835807393257));
#5498=CARTESIAN_POINT('Ctrl Pts',(154.993270961226,-100.128712482266,6.04911098449826));
#5499=CARTESIAN_POINT('Ctrl Pts',(154.986771139224,-100.071964641898,6.03764845781335));
#5500=CARTESIAN_POINT('Ctrl Pts',(154.958803084233,-99.9588914729404,5.98495291275506));
#5501=CARTESIAN_POINT('Ctrl Pts',(154.942560569584,-99.9119391683577,5.95106468466413));
#5502=CARTESIAN_POINT('Ctrl Pts',(154.911563448152,-99.8285596124435,5.86284205873278));
#5503=CARTESIAN_POINT('Ctrl Pts',(154.897467594929,-99.794480736159,5.80816384057068));
#5504=CARTESIAN_POINT('Ctrl Pts',(154.878522938206,-99.748318932847,5.6883017616596));
#5505=CARTESIAN_POINT('Ctrl Pts',(154.873603543346,-99.7364872090947,5.62450032509371));
#5506=CARTESIAN_POINT('Ctrl Pts',(154.873603543346,-99.7364872090947,5.56));
#5507=CARTESIAN_POINT('',(151.37635555082,-102.228410090619,5.56));
#5508=CARTESIAN_POINT('Ctrl Pts',(154.309092026139,-100.138723244291,5.56));
#5509=CARTESIAN_POINT('Ctrl Pts',(154.309092026139,-100.138723244291,5.56));
#5510=CARTESIAN_POINT('Ctrl Pts',(154.309092026139,-100.138723244291,5.56));
#5511=CARTESIAN_POINT('Ctrl Pts',(154.309092026139,-100.138723244291,6.06000000000001));
#5512=CARTESIAN_POINT('Ctrl Pts',(154.309092026139,-100.138723244291,6.06000000000001));
#5513=CARTESIAN_POINT('Ctrl Pts',(154.309092026139,-100.138723244291,6.06000000000001));
#5514=CARTESIAN_POINT('Ctrl Pts',(154.321867516153,-100.638560004499,6.06));
#5515=CARTESIAN_POINT('Ctrl Pts',(154.474717301851,-100.634653267207,6.06));
#5516=CARTESIAN_POINT('Ctrl Pts',(154.599239745185,-100.545926266299,6.06));
#5517=CARTESIAN_POINT('',(154.391956102059,-100.456368868652,6.02958588365533));
#5518=CARTESIAN_POINT('',(154.321867516153,-100.638560004499,6.06));
#5519=CARTESIAN_POINT('Ctrl Pts',(154.391956102059,-100.456368868652,6.02958588365533));
#5520=CARTESIAN_POINT('Ctrl Pts',(154.389279185616,-100.468805026177,6.03373931650262));
#5521=CARTESIAN_POINT('Ctrl Pts',(154.386691090935,-100.480801955253,6.03733458236997));
#5522=CARTESIAN_POINT('Ctrl Pts',(154.383992815457,-100.492420874075,6.04045236955653));
#5523=CARTESIAN_POINT('Ctrl Pts',(154.379423354831,-100.512097216422,6.04573226254768));
#5524=CARTESIAN_POINT('Ctrl Pts',(154.374547963182,-100.530694526888,6.04964281555041));
#5525=CARTESIAN_POINT('Ctrl Pts',(154.368554567816,-100.548587651513,6.05257590262754));
#5526=CARTESIAN_POINT('Ctrl Pts',(154.368134061461,-100.549843062202,6.05278169278133));
#5527=CARTESIAN_POINT('Ctrl Pts',(154.367708018368,-100.551094989762,6.05298267120903));
#5528=CARTESIAN_POINT('Ctrl Pts',(154.367276131015,-100.552343550076,6.05317897325664));
#5529=CARTESIAN_POINT('Ctrl Pts',(154.364535621496,-100.560266197972,6.05442459350162));
#5530=CARTESIAN_POINT('Ctrl Pts',(154.361594657681,-100.567962776932,6.05549043280132));
#5531=CARTESIAN_POINT('Ctrl Pts',(154.358340495843,-100.575556746465,6.05638393014171));
#5532=CARTESIAN_POINT('Ctrl Pts',(154.356302505149,-100.58031263754,6.05694350257723));
#5533=CARTESIAN_POINT('Ctrl Pts',(154.35414105911,-100.585027975265,6.05743547961562));
#5534=CARTESIAN_POINT('Ctrl Pts',(154.351818815285,-100.589728240837,6.05786168852756));
#5535=CARTESIAN_POINT('Ctrl Pts',(154.347670337289,-100.598124839031,6.05862307209754));
#5536=CARTESIAN_POINT('Ctrl Pts',(154.343010562851,-100.606474267403,6.05917457259224));
#5537=CARTESIAN_POINT('Ctrl Pts',(154.337742319601,-100.614979892044,6.05952660708708));
#5538=CARTESIAN_POINT('Ctrl Pts',(154.332981033982,-100.622667029173,6.0598447656645));
#5539=CARTESIAN_POINT('Ctrl Pts',(154.327720465702,-100.630480600884,6.06));
#5540=CARTESIAN_POINT('Ctrl Pts',(154.321867516153,-100.638560004499,6.06));
#5541=CARTESIAN_POINT('Origin',(154.309092026139,-100.138723244291,6.06));
#5542=CARTESIAN_POINT('Ctrl Pts',(154.309092026139,-100.138723244291,5.56));
#5543=CARTESIAN_POINT('Ctrl Pts',(154.309092026139,-100.138723244291,5.56002533407391));
#5544=CARTESIAN_POINT('Ctrl Pts',(154.30909202702,-100.138723246003,5.56005066822144));
#5545=CARTESIAN_POINT('Ctrl Pts',(154.309092030546,-100.138723252851,5.56010133623318));
#5546=CARTESIAN_POINT('Ctrl Pts',(154.30909203319,-100.138723257986,5.56012667017095));
#5547=CARTESIAN_POINT('Ctrl Pts',(154.309092043766,-100.138723278529,5.56020267301939));
#5548=CARTESIAN_POINT('Ctrl Pts',(154.309092054341,-100.138723299072,5.56025334107888));
#5549=CARTESIAN_POINT('Ctrl Pts',(154.309092096645,-100.138723381244,5.56040534538753));
#5550=CARTESIAN_POINT('Ctrl Pts',(154.309092138948,-100.138723463415,5.56050668169118));
#5551=CARTESIAN_POINT('Ctrl Pts',(154.309092308161,-100.138723792101,5.56081069003514));
#5552=CARTESIAN_POINT('Ctrl Pts',(154.309092477374,-100.138724120785,5.56101336188475));
#5553=CARTESIAN_POINT('Ctrl Pts',(154.309093154221,-100.138725435515,5.56162137299352));
#5554=CARTESIAN_POINT('Ctrl Pts',(154.309093831063,-100.138726750236,5.56202671118503));
#5555=CARTESIAN_POINT('Ctrl Pts',(154.309096538357,-100.138732008973,5.563242690147));
#5556=CARTESIAN_POINT('Ctrl Pts',(154.309099245572,-100.138737267556,5.56405332233649));
#5557=CARTESIAN_POINT('Ctrl Pts',(154.309110073234,-100.138758299568,5.56648493347033));
#5558=CARTESIAN_POINT('Ctrl Pts',(154.309120899638,-100.138779329133,5.56810584411548));
#5559=CARTESIAN_POINT('Ctrl Pts',(154.309164186134,-100.138863410272,5.57296629538074));
#5560=CARTESIAN_POINT('Ctrl Pts',(154.309207452514,-100.138947452312,5.57620529049635));
#5561=CARTESIAN_POINT('Ctrl Pts',(154.309380213448,-100.139283029709,5.58590411911162));
#5562=CARTESIAN_POINT('Ctrl Pts',(154.309552655049,-100.139617985199,5.59235961598694));
#5563=CARTESIAN_POINT('Ctrl Pts',(154.310237629669,-100.140948554871,5.61158367652246));
#5564=CARTESIAN_POINT('Ctrl Pts',(154.310917651483,-100.14226940712,5.62431839872775));
#5565=CARTESIAN_POINT('Ctrl Pts',(154.313566127101,-100.14741705236,5.6614698945051));
#5566=CARTESIAN_POINT('Ctrl Pts',(154.316144254407,-100.152423314758,5.68563986470476));
#5567=CARTESIAN_POINT('Ctrl Pts',(154.325560809034,-100.170880023225,5.75186855810274));
#5568=CARTESIAN_POINT('Ctrl Pts',(154.334208187589,-100.187723032025,5.79238228343736));
#5569=CARTESIAN_POINT('Ctrl Pts',(154.356724790794,-100.236716555971,5.87647258796244));
#5570=CARTESIAN_POINT('Ctrl Pts',(154.370256268653,-100.269427330373,5.91450356025257));
#5571=CARTESIAN_POINT('Ctrl Pts',(154.391289621762,-100.359793859182,5.99032740577933));
#5572=CARTESIAN_POINT('Ctrl Pts',(154.3912193436,-100.417744983833,6.0158508089225));
#5573=CARTESIAN_POINT('Ctrl Pts',(154.391956102059,-100.456368868652,6.02958588365533));
#5574=CARTESIAN_POINT('Origin',(149.203577474883,-104.266389815337,6.06));
#5575=CARTESIAN_POINT('',(154.262480983434,-100.710140101158,6.06));
#5576=CARTESIAN_POINT('Ctrl Pts',(154.321867516153,-100.638560004499,6.06));
#5577=CARTESIAN_POINT('Ctrl Pts',(154.303912987852,-100.663344411003,6.06));
#5578=CARTESIAN_POINT('Ctrl Pts',(154.283196985643,-100.686742256081,6.06));
#5579=CARTESIAN_POINT('Ctrl Pts',(154.262480983434,-100.710140101158,6.06));
#5580=CARTESIAN_POINT('',(153.86283445061,-100.869826080796,6.06));
#5581=CARTESIAN_POINT('Ctrl Pts',(154.262480983434,-100.710140101158,6.06));
#5582=CARTESIAN_POINT('Ctrl Pts',(154.20417793386,-100.758663986859,6.06));
#5583=CARTESIAN_POINT('Ctrl Pts',(154.08820229496,-100.855187045037,6.06));
#5584=CARTESIAN_POINT('Ctrl Pts',(153.937684319608,-100.864964118736,6.06));
#5585=CARTESIAN_POINT('Ctrl Pts',(153.86283445061,-100.869826080796,6.06));
#5586=CARTESIAN_POINT('',(153.409671535421,-100.651444714048,6.06));
#5587=CARTESIAN_POINT('Ctrl Pts',(153.86283445061,-100.869826080796,6.06));
#5588=CARTESIAN_POINT('Ctrl Pts',(153.783536514181,-100.856434816811,6.06));
#5589=CARTESIAN_POINT('Ctrl Pts',(153.612107054413,-100.827485045179,6.06));
#5590=CARTESIAN_POINT('Ctrl Pts',(153.480435775722,-100.712982137702,6.06));
#5591=CARTESIAN_POINT('Ctrl Pts',(153.409671535421,-100.651444714048,6.06));
#5592=CARTESIAN_POINT('',(154.625011315585,-99.4361049338836,6.06));
#5593=CARTESIAN_POINT('',(154.625011315585,-99.4361049338836,6.06));
#5594=CARTESIAN_POINT('',(153.571083849974,-98.8344772160039,6.06));
#5595=CARTESIAN_POINT('Ctrl Pts',(154.625011315585,-99.4361049338836,6.06));
#5596=CARTESIAN_POINT('Ctrl Pts',(154.457183177192,-99.2706226172487,6.06));
#5597=CARTESIAN_POINT('Ctrl Pts',(154.157380508898,-98.9750104478145,6.06));
#5598=CARTESIAN_POINT('Ctrl Pts',(153.750287907685,-98.8774317936916,6.06));
#5599=CARTESIAN_POINT('Ctrl Pts',(153.571083849974,-98.8344772160039,6.06));
#5600=CARTESIAN_POINT('',(152.655263177563,-99.2099550600178,6.06));
#5601=CARTESIAN_POINT('Ctrl Pts',(153.571083849974,-98.8344772160039,6.06));
#5602=CARTESIAN_POINT('Ctrl Pts',(153.403901704826,-98.8441199542153,6.06));
#5603=CARTESIAN_POINT('Ctrl Pts',(153.056560907958,-98.8641538900842,6.06));
#5604=CARTESIAN_POINT('Ctrl Pts',(152.79231973419,-99.0918524293795,6.06));
#5605=CARTESIAN_POINT('Ctrl Pts',(152.655263177563,-99.2099550600178,6.06));
#5606=CARTESIAN_POINT('',(152.310859362019,-100.070533015148,6.06));
#5607=CARTESIAN_POINT('Ctrl Pts',(152.655263177563,-99.2099550600178,6.06));
#5608=CARTESIAN_POINT('Ctrl Pts',(152.549817354886,-99.3360037953642,6.06));
#5609=CARTESIAN_POINT('Ctrl Pts',(152.341086019394,-99.5855188562526,6.06));
#5610=CARTESIAN_POINT('Ctrl Pts',(152.320865154413,-99.9099809924113,6.06));
#5611=CARTESIAN_POINT('Ctrl Pts',(152.310859362019,-100.070533015148,6.06));
#5612=CARTESIAN_POINT('',(152.786464631104,-101.022606720774,6.06));
#5613=CARTESIAN_POINT('Ctrl Pts',(152.310859362019,-100.070533015148,6.06));
#5614=CARTESIAN_POINT('Ctrl Pts',(152.340538173743,-100.238990734743,6.06));
#5615=CARTESIAN_POINT('Ctrl Pts',(152.404488322352,-100.601973468094,6.06));
#5616=CARTESIAN_POINT('Ctrl Pts',(152.653185861257,-100.875839810918,6.06));
#5617=CARTESIAN_POINT('Ctrl Pts',(152.786464631104,-101.022606720774,6.06));
#5618=CARTESIAN_POINT('',(153.599568376071,-101.473180133591,6.06));
#5619=CARTESIAN_POINT('Ctrl Pts',(152.786464631104,-101.022606720774,6.06));
#5620=CARTESIAN_POINT('Ctrl Pts',(152.911191124678,-101.135945148003,6.06));
#5621=CARTESIAN_POINT('Ctrl Pts',(153.147313458477,-101.350508495208,6.06));
#5622=CARTESIAN_POINT('Ctrl Pts',(153.45459950737,-101.433858131892,6.06));
#5623=CARTESIAN_POINT('Ctrl Pts',(153.599568376071,-101.473180133591,6.06));
#5624=CARTESIAN_POINT('',(154.61983231084,-101.077849438055,6.06));
#5625=CARTESIAN_POINT('Ctrl Pts',(153.599568376071,-101.473180133591,6.06));
#5626=CARTESIAN_POINT('Ctrl Pts',(153.781915188683,-101.472919577959,6.06));
#5627=CARTESIAN_POINT('Ctrl Pts',(154.170533962017,-101.472364280015,6.06));
#5628=CARTESIAN_POINT('Ctrl Pts',(154.464042943053,-101.214643214334,6.06));
#5629=CARTESIAN_POINT('Ctrl Pts',(154.61983231084,-101.077849438055,6.06));
#5630=CARTESIAN_POINT('',(154.984088977906,-100.435652849672,6.06));
#5631=CARTESIAN_POINT('Ctrl Pts',(154.61983231084,-101.077849438055,6.06));
#5632=CARTESIAN_POINT('Ctrl Pts',(154.709814477419,-100.979136562227,6.06));
#5633=CARTESIAN_POINT('Ctrl Pts',(154.880161183036,-100.792261608681,6.06));
#5634=CARTESIAN_POINT('Ctrl Pts',(154.950775317247,-100.549962435484,6.06));
#5635=CARTESIAN_POINT('Ctrl Pts',(154.984088977906,-100.435652849672,6.06));
#5636=CARTESIAN_POINT('Ctrl Pts',(154.984088977906,-100.435652849672,6.06));
#5637=CARTESIAN_POINT('Ctrl Pts',(154.988983206752,-100.378110778216,6.06));
#5638=CARTESIAN_POINT('Ctrl Pts',(154.993877435598,-100.32056870676,6.06));
#5639=CARTESIAN_POINT('Ctrl Pts',(154.99559403811,-100.263508681432,6.06));
#5640=CARTESIAN_POINT('',(153.846434268917,-99.6208227697893,6.06));
#5641=CARTESIAN_POINT('',(153.121373604615,-100.345883434092,6.06));
#5642=CARTESIAN_POINT('',(153.121373604615,-100.345883434092,6.06));
#5643=CARTESIAN_POINT('',(152.909034410069,-99.9298367195754,6.06));
#5644=CARTESIAN_POINT('Ctrl Pts',(153.121373604615,-100.345883434092,6.06));
#5645=CARTESIAN_POINT('Ctrl Pts',(153.062695687441,-100.282171677009,6.06));
#5646=CARTESIAN_POINT('Ctrl Pts',(152.952781455684,-100.162828162941,6.06));
#5647=CARTESIAN_POINT('Ctrl Pts',(152.922943375581,-100.003914177944,6.06));
#5648=CARTESIAN_POINT('Ctrl Pts',(152.909034410069,-99.9298367195754,6.06));
#5649=CARTESIAN_POINT('',(153.055772877845,-99.551769373189,6.06));
#5650=CARTESIAN_POINT('Ctrl Pts',(152.909034410069,-99.9298367195754,6.06));
#5651=CARTESIAN_POINT('Ctrl Pts',(152.912297138437,-99.859103870606,6.06));
#5652=CARTESIAN_POINT('Ctrl Pts',(152.918865104392,-99.7167166132211,6.06));
#5653=CARTESIAN_POINT('Ctrl Pts',(153.009940467236,-99.6069885140982,6.06));
#5654=CARTESIAN_POINT('Ctrl Pts',(153.055772877845,-99.551769373189,6.06));
#5655=CARTESIAN_POINT('',(153.417440042538,-99.409346742701,6.06));
#5656=CARTESIAN_POINT('Ctrl Pts',(153.055772877845,-99.551769373189,6.06));
#5657=CARTESIAN_POINT('Ctrl Pts',(153.108115492279,-99.5087235953866,6.06));
#5658=CARTESIAN_POINT('Ctrl Pts',(153.213269009904,-99.4222469261608,6.06));
#5659=CARTESIAN_POINT('Ctrl Pts',(153.349181275259,-99.4136595514735,6.06));
#5660=CARTESIAN_POINT('Ctrl Pts',(153.417440042538,-99.409346742701,6.06));
#5661=CARTESIAN_POINT('Ctrl Pts',(153.417440042538,-99.409346742701,6.06));
#5662=CARTESIAN_POINT('Ctrl Pts',(153.491353940626,-99.4224015236233,6.06));
#5663=CARTESIAN_POINT('Ctrl Pts',(153.654054199077,-99.4511378815346,6.06));
#5664=CARTESIAN_POINT('Ctrl Pts',(153.778515242895,-99.5609161882473,6.06));
#5665=CARTESIAN_POINT('Ctrl Pts',(153.846434268917,-99.6208227697893,6.06));
#5666=CARTESIAN_POINT('Ctrl Pts',(154.391956102059,-100.456368868652,5.56));
#5667=CARTESIAN_POINT('Ctrl Pts',(154.391956102059,-100.456368868652,6.06));
#5668=CARTESIAN_POINT('Ctrl Pts',(154.382015783031,-100.502548634028,5.56));
#5669=CARTESIAN_POINT('Ctrl Pts',(154.382015783031,-100.502548634028,6.06));
#5670=CARTESIAN_POINT('Ctrl Pts',(154.361373880797,-100.598444771701,5.56));
#5671=CARTESIAN_POINT('Ctrl Pts',(154.361373880797,-100.598444771701,6.06));
#5672=CARTESIAN_POINT('Ctrl Pts',(154.296245912723,-100.672004046885,5.56));
#5673=CARTESIAN_POINT('Ctrl Pts',(154.296245912723,-100.672004046885,6.06));
#5674=CARTESIAN_POINT('Ctrl Pts',(154.262480983434,-100.710140101158,5.56));
#5675=CARTESIAN_POINT('Ctrl Pts',(154.262480983434,-100.710140101158,6.06));
#5676=CARTESIAN_POINT('',(154.391956102059,-100.456368868652,5.56));
#5677=CARTESIAN_POINT('',(154.391956102059,-100.456368868652,5.56));
#5678=CARTESIAN_POINT('',(154.262480983434,-100.710140101158,5.56));
#5679=CARTESIAN_POINT('Ctrl Pts',(154.262480983434,-100.710140101158,5.56));
#5680=CARTESIAN_POINT('Ctrl Pts',(154.296245912723,-100.672004046885,5.56));
#5681=CARTESIAN_POINT('Ctrl Pts',(154.361373880797,-100.598444771701,5.56));
#5682=CARTESIAN_POINT('Ctrl Pts',(154.382015783031,-100.502548634028,5.56));
#5683=CARTESIAN_POINT('Ctrl Pts',(154.391956102059,-100.456368868652,5.56));
#5684=CARTESIAN_POINT('',(154.262480983434,-100.710140101158,5.56));
#5685=CARTESIAN_POINT('Origin',(148.559217884026,-106.956680829846,5.56));
#5686=CARTESIAN_POINT('',(146.918774803363,-107.807280945745,6.06));
#5687=CARTESIAN_POINT('',(146.721850496155,-107.346171092974,5.56));
#5688=CARTESIAN_POINT('Ctrl Pts',(146.918774803363,-107.807280945745,6.06));
#5689=CARTESIAN_POINT('Ctrl Pts',(146.911370967274,-107.779449988531,6.06000035584604));
#5690=CARTESIAN_POINT('Ctrl Pts',(146.902925462063,-107.75199616077,6.05762967323312));
#5691=CARTESIAN_POINT('Ctrl Pts',(146.893742690404,-107.725092633735,6.0528104673703));
#5692=CARTESIAN_POINT('Ctrl Pts',(146.880788001892,-107.687138209346,6.0460117236853));
#5693=CARTESIAN_POINT('Ctrl Pts',(146.866535525717,-107.650745670277,6.0344183511002));
#5694=CARTESIAN_POINT('Ctrl Pts',(146.852020840666,-107.616399772581,6.01817738680075));
#5695=CARTESIAN_POINT('Ctrl Pts',(146.842126045141,-107.592985855325,6.00710577068975));
#5696=CARTESIAN_POINT('Ctrl Pts',(146.832187322288,-107.57070343232,5.99396031551436));
#5697=CARTESIAN_POINT('Ctrl Pts',(146.82250708468,-107.549684335374,5.97889616195543));
#5698=CARTESIAN_POINT('Ctrl Pts',(146.812978242274,-107.528993969042,5.96406760597967));
#5699=CARTESIAN_POINT('Ctrl Pts',(146.803699973828,-107.509527696917,5.94737989772479));
#5700=CARTESIAN_POINT('Ctrl Pts',(146.794910535638,-107.491422589854,5.92898101209705));
#5701=CARTESIAN_POINT('Ctrl Pts',(146.79279622107,-107.487067375016,5.92455512831734));
#5702=CARTESIAN_POINT('Ctrl Pts',(146.790709960782,-107.482790976532,5.92003022702773));
#5703=CARTESIAN_POINT('Ctrl Pts',(146.788654633347,-107.478595401198,5.91540836797358));
#5704=CARTESIAN_POINT('Ctrl Pts',(146.78012474385,-107.461183190683,5.89622702181322));
#5705=CARTESIAN_POINT('Ctrl Pts',(146.772201319637,-107.445303853533,5.87553392335676));
#5706=CARTESIAN_POINT('Ctrl Pts',(146.765039953261,-107.431059521963,5.85355417561971));
#5707=CARTESIAN_POINT('Ctrl Pts',(146.757112645983,-107.415291693956,5.82922359329163));
#5708=CARTESIAN_POINT('Ctrl Pts',(146.750118680692,-107.401527417778,5.80331641728448));
#5709=CARTESIAN_POINT('Ctrl Pts',(146.744205737027,-107.389919528916,5.77613797846616));
#5710=CARTESIAN_POINT('Ctrl Pts',(146.742602646515,-107.38677245065,5.76876948320012));
#5711=CARTESIAN_POINT('Ctrl Pts',(146.741078715118,-107.383783942296,5.76130754554205));
#5712=CARTESIAN_POINT('Ctrl Pts',(146.739636290398,-107.380957183944,5.75375825011417));
#5713=CARTESIAN_POINT('Ctrl Pts',(146.732767989654,-107.36749719104,5.71781125704402));
#5714=CARTESIAN_POINT('Ctrl Pts',(146.72783648362,-107.357867772511,5.68030666785004));
#5715=CARTESIAN_POINT('Ctrl Pts',(146.724936231402,-107.35220047639,5.64202347099805));
#5716=CARTESIAN_POINT('Ctrl Pts',(146.722887425521,-107.348196966092,5.61497932691593));
#5717=CARTESIAN_POINT('Ctrl Pts',(146.721850496155,-107.346171092974,5.58754663118166));
#5718=CARTESIAN_POINT('Ctrl Pts',(146.721850496155,-107.346171092974,5.56));
#5719=CARTESIAN_POINT('',(146.069295898283,-107.684532736315,5.56));
#5720=CARTESIAN_POINT('',(147.864257877153,-106.753811710234,5.56));
#5721=CARTESIAN_POINT('',(146.252992852473,-108.152501216577,6.06));
#5722=CARTESIAN_POINT('Ctrl Pts',(146.069295898283,-107.684532736315,5.56));
#5723=CARTESIAN_POINT('Ctrl Pts',(146.069295898283,-107.684532736315,5.59731103776554));
#5724=CARTESIAN_POINT('Ctrl Pts',(146.071411619893,-107.688139949759,5.63450330600801));
#5725=CARTESIAN_POINT('Ctrl Pts',(146.075599151087,-107.695288652922,5.67088328969747));
#5726=CARTESIAN_POINT('Ctrl Pts',(146.078822872721,-107.700791997966,5.69888999222586));
#5727=CARTESIAN_POINT('Ctrl Pts',(146.083259703459,-107.708365317531,5.72627602401764));
#5728=CARTESIAN_POINT('Ctrl Pts',(146.088832149744,-107.717931449634,5.75274268474716));
#5729=CARTESIAN_POINT('Ctrl Pts',(146.090607743274,-107.720979583506,5.76117597044507));
#5730=CARTESIAN_POINT('Ctrl Pts',(146.092498301515,-107.724230148896,5.769515912197));
#5731=CARTESIAN_POINT('Ctrl Pts',(146.094500122085,-107.727681009717,5.77775284663125));
#5732=CARTESIAN_POINT('Ctrl Pts',(146.099752328897,-107.736735085284,5.79936421570371));
#5733=CARTESIAN_POINT('Ctrl Pts',(146.105736499333,-107.747102835733,5.82012768008778));
#5734=CARTESIAN_POINT('Ctrl Pts',(146.11234071601,-107.758723256338,5.83990208949259));
#5735=CARTESIAN_POINT('Ctrl Pts',(146.118393712743,-107.769373780296,5.85802603081035));
#5736=CARTESIAN_POINT('Ctrl Pts',(146.124967845631,-107.781076510399,5.87531912966329));
#5737=CARTESIAN_POINT('Ctrl Pts',(146.131936380166,-107.793796702066,5.89167271117496));
#5738=CARTESIAN_POINT('Ctrl Pts',(146.138508237644,-107.805792809182,5.90709538094955));
#5739=CARTESIAN_POINT('Ctrl Pts',(146.145431033536,-107.818693790362,5.92168245124604));
#5740=CARTESIAN_POINT('Ctrl Pts',(146.152557655315,-107.8324828014,5.93534276943641));
#5741=CARTESIAN_POINT('Ctrl Pts',(146.160243710427,-107.847354237273,5.95007541018879));
#5742=CARTESIAN_POINT('Ctrl Pts',(146.168112611173,-107.863153873592,5.96361707249109));
#5743=CARTESIAN_POINT('Ctrl Pts',(146.175922368,-107.879844143635,5.97590169273001));
#5744=CARTESIAN_POINT('Ctrl Pts',(146.183966253423,-107.897034771062,5.98855459343642));
#5745=CARTESIAN_POINT('Ctrl Pts',(146.19194740158,-107.915170231459,5.99987395263116));
#5746=CARTESIAN_POINT('Ctrl Pts',(146.199547176985,-107.93422581676,6.00978758523843));
#5747=CARTESIAN_POINT('Ctrl Pts',(146.204239163088,-107.945990446192,6.01590811169334));
#5748=CARTESIAN_POINT('Ctrl Pts',(146.208784691042,-107.958106123382,6.02149282572669));
#5749=CARTESIAN_POINT('Ctrl Pts',(146.213099386726,-107.970569863868,6.02652474039292));
#5750=CARTESIAN_POINT('Ctrl Pts',(146.215990284595,-107.978920719513,6.0298961835841));
#5751=CARTESIAN_POINT('Ctrl Pts',(146.21909186585,-107.98832411458,6.03340242000626));
#5752=CARTESIAN_POINT('Ctrl Pts',(146.222264752427,-107.998819831948,6.03682165549101));
#5753=CARTESIAN_POINT('Ctrl Pts',(146.223347318475,-108.00240089512,6.03798827401193));
#5754=CARTESIAN_POINT('Ctrl Pts',(146.224437772756,-108.006109242622,6.03914476453402));
#5755=CARTESIAN_POINT('Ctrl Pts',(146.225529208091,-108.009946867794,6.04028231758919));
#5756=CARTESIAN_POINT('Ctrl Pts',(146.229462260672,-108.023775979878,6.0443815581349));
#5757=CARTESIAN_POINT('Ctrl Pts',(146.23340374697,-108.039285143266,6.04823488348104));
#5758=CARTESIAN_POINT('Ctrl Pts',(146.237145889078,-108.056532848588,6.05143005857669));
#5759=CARTESIAN_POINT('Ctrl Pts',(146.24020364355,-108.070626179776,6.05404087897201));
#5760=CARTESIAN_POINT('Ctrl Pts',(146.243127713086,-108.085880467927,6.05621226935084));
#5761=CARTESIAN_POINT('Ctrl Pts',(146.245840393305,-108.10231688012,6.05771932843787));
#5762=CARTESIAN_POINT('Ctrl Pts',(146.24715397801,-108.110276026766,6.05844910475021));
#5763=CARTESIAN_POINT('Ctrl Pts',(146.248418625902,-108.118512176034,6.05902310394102));
#5764=CARTESIAN_POINT('Ctrl Pts',(146.249629919795,-108.127026403704,6.05941578898155));
#5765=CARTESIAN_POINT('Ctrl Pts',(146.250834172934,-108.135491141671,6.05980619150545));
#5766=CARTESIAN_POINT('Ctrl Pts',(146.251951274033,-108.143987189366,6.05999988672416));
#5767=CARTESIAN_POINT('Ctrl Pts',(146.252992852473,-108.152501216577,6.06));
#5768=CARTESIAN_POINT('',(148.559217884026,-106.956680829846,6.06));
#5769=CARTESIAN_POINT('Origin',(149.203577474883,-104.266389815337,6.06));
#5770=CARTESIAN_POINT('',(146.266098078594,-108.302560635887,6.06));
#5771=CARTESIAN_POINT('Ctrl Pts',(146.252992852473,-108.152501216577,6.06));
#5772=CARTESIAN_POINT('Ctrl Pts',(146.25904986296,-108.202012180072,6.06));
#5773=CARTESIAN_POINT('Ctrl Pts',(146.262573970777,-108.252286407979,6.06));
#5774=CARTESIAN_POINT('Ctrl Pts',(146.266098078594,-108.302560635887,6.06));
#5775=CARTESIAN_POINT('',(146.045127209473,-108.782481742259,6.06));
#5776=CARTESIAN_POINT('Ctrl Pts',(146.266098078594,-108.302560635887,6.06));
#5777=CARTESIAN_POINT('Ctrl Pts',(146.252205606309,-108.391977644923,6.06));
#5778=CARTESIAN_POINT('Ctrl Pts',(146.224109620389,-108.572813638364,6.06));
#5779=CARTESIAN_POINT('Ctrl Pts',(146.105226717521,-108.712078456075,6.06));
#5780=CARTESIAN_POINT('Ctrl Pts',(146.045127209473,-108.782481742259,6.06));
#5781=CARTESIAN_POINT('',(145.3925726116,-109.02762130019,6.06));
#5782=CARTESIAN_POINT('Ctrl Pts',(146.045127209473,-108.782481742259,6.06));
#5783=CARTESIAN_POINT('Ctrl Pts',(145.949507216937,-108.861798347222,6.06));
#5784=CARTESIAN_POINT('Ctrl Pts',(145.760114922319,-109.01889890137,6.06));
#5785=CARTESIAN_POINT('Ctrl Pts',(145.514287292709,-109.02473280556,6.06));
#5786=CARTESIAN_POINT('Ctrl Pts',(145.3925726116,-109.02762130019,6.06));
#5787=CARTESIAN_POINT('',(144.536310493757,-108.516626165348,6.06));
#5788=CARTESIAN_POINT('Ctrl Pts',(145.3925726116,-109.02762130019,6.06));
#5789=CARTESIAN_POINT('Ctrl Pts',(145.253538508239,-108.988687916695,6.06));
#5790=CARTESIAN_POINT('Ctrl Pts',(144.924265866491,-108.896482495684,6.06));
#5791=CARTESIAN_POINT('Ctrl Pts',(144.67837493027,-108.655724833179,6.06));
#5792=CARTESIAN_POINT('Ctrl Pts',(144.536310493757,-108.516626165348,6.06));
#5793=CARTESIAN_POINT('',(144.057252554843,-107.687122238687,6.06));
#5794=CARTESIAN_POINT('Ctrl Pts',(144.536310493757,-108.516626165348,6.06));
#5795=CARTESIAN_POINT('Ctrl Pts',(144.404925597424,-108.380879499756,6.06));
#5796=CARTESIAN_POINT('Ctrl Pts',(144.174575808682,-108.14288246498,6.06));
#5797=CARTESIAN_POINT('Ctrl Pts',(144.092510269904,-107.824086256209,6.06));
#5798=CARTESIAN_POINT('Ctrl Pts',(144.057252554843,-107.687122238687,6.06));
#5799=CARTESIAN_POINT('',(144.311886954807,-107.028525468612,6.06));
#5800=CARTESIAN_POINT('Ctrl Pts',(144.057252554843,-107.687122238687,6.06));
#5801=CARTESIAN_POINT('Ctrl Pts',(144.061845279574,-107.564714273369,6.06));
#5802=CARTESIAN_POINT('Ctrl Pts',(144.071167264504,-107.316259320196,6.06));
#5803=CARTESIAN_POINT('Ctrl Pts',(144.23086736971,-107.125368719134,6.06));
#5804=CARTESIAN_POINT('Ctrl Pts',(144.311886954807,-107.028525468612,6.06));
#5805=CARTESIAN_POINT('',(144.757088678808,-106.799474563731,6.06));
#5806=CARTESIAN_POINT('Ctrl Pts',(144.311886954807,-107.028525468612,6.06));
#5807=CARTESIAN_POINT('Ctrl Pts',(144.38062287717,-106.968089152125,6.06));
#5808=CARTESIAN_POINT('Ctrl Pts',(144.510272445354,-106.854094285019,6.06));
#5809=CARTESIAN_POINT('Ctrl Pts',(144.677858432633,-106.816260663654,6.06));
#5810=CARTESIAN_POINT('Ctrl Pts',(144.757088678808,-106.799474563731,6.06));
#5811=CARTESIAN_POINT('',(145.1796574673,-106.111615952868,6.06));
#5812=CARTESIAN_POINT('',(145.974565800461,-104.817662029382,6.06));
#5813=CARTESIAN_POINT('',(144.929914854379,-106.085946605019,6.06));
#5814=CARTESIAN_POINT('Ctrl Pts',(145.1796574673,-106.111615952868,6.06));
#5815=CARTESIAN_POINT('Ctrl Pts',(145.09779704472,-106.098009257692,6.06));
#5816=CARTESIAN_POINT('Ctrl Pts',(145.013855949549,-106.091977931355,6.06));
#5817=CARTESIAN_POINT('Ctrl Pts',(144.929914854379,-106.085946605019,6.06));
#5818=CARTESIAN_POINT('',(143.901019245035,-106.565867711391,6.06));
#5819=CARTESIAN_POINT('Ctrl Pts',(144.929914854379,-106.085946605019,6.06));
#5820=CARTESIAN_POINT('Ctrl Pts',(144.742944812888,-106.112876361718,6.06));
#5821=CARTESIAN_POINT('Ctrl Pts',(144.352629640058,-106.169094419736,6.06));
#5822=CARTESIAN_POINT('Ctrl Pts',(144.055708339868,-106.429961846477,6.06));
#5823=CARTESIAN_POINT('Ctrl Pts',(143.901019245035,-106.565867711391,6.06));
#5824=CARTESIAN_POINT('',(143.392613612566,-107.773438984438,6.06));
#5825=CARTESIAN_POINT('Ctrl Pts',(143.901019245035,-106.565867711391,6.06));
#5826=CARTESIAN_POINT('Ctrl Pts',(143.746826958237,-106.745524444308,6.06));
#5827=CARTESIAN_POINT('Ctrl Pts',(143.447445998678,-107.094347373193,6.06));
#5828=CARTESIAN_POINT('Ctrl Pts',(143.410520911637,-107.551659531789,6.06));
#5829=CARTESIAN_POINT('Ctrl Pts',(143.392613612566,-107.773438984438,6.06));
#5830=CARTESIAN_POINT('',(144.047757712811,-109.081137682555,6.06));
#5831=CARTESIAN_POINT('Ctrl Pts',(143.392613612566,-107.773438984438,6.06));
#5832=CARTESIAN_POINT('Ctrl Pts',(143.432953716434,-108.003809250859,6.06));
#5833=CARTESIAN_POINT('Ctrl Pts',(143.520350612452,-108.502906781346,6.06));
#5834=CARTESIAN_POINT('Ctrl Pts',(143.863173067806,-108.878765462769,6.06));
#5835=CARTESIAN_POINT('Ctrl Pts',(144.047757712811,-109.081137682555,6.06));
#5836=CARTESIAN_POINT('',(145.314024372968,-109.69830241467,6.06));
#5837=CARTESIAN_POINT('Ctrl Pts',(144.047757712811,-109.081137682555,6.06));
#5838=CARTESIAN_POINT('Ctrl Pts',(144.24169474181,-109.255724336879,6.06));
#5839=CARTESIAN_POINT('Ctrl Pts',(144.606077123593,-109.583749888568,6.06));
#5840=CARTESIAN_POINT('Ctrl Pts',(145.088407205283,-109.661795434082,6.06));
#5841=CARTESIAN_POINT('Ctrl Pts',(145.314024372968,-109.69830241467,6.06));
#5842=CARTESIAN_POINT('',(146.487068947714,-109.21406547101,6.06));
#5843=CARTESIAN_POINT('Ctrl Pts',(145.314024372968,-109.69830241467,6.06));
#5844=CARTESIAN_POINT('Ctrl Pts',(145.531586138125,-109.681624818227,6.06));
#5845=CARTESIAN_POINT('Ctrl Pts',(145.974637791589,-109.647661880511,6.06));
#5846=CARTESIAN_POINT('Ctrl Pts',(146.314232950338,-109.360311590121,6.06));
#5847=CARTESIAN_POINT('Ctrl Pts',(146.487068947714,-109.21406547101,6.06));
#5848=CARTESIAN_POINT('',(146.958358379511,-108.340540004017,6.06));
#5849=CARTESIAN_POINT('Ctrl Pts',(146.487068947714,-109.21406547101,6.06));
#5850=CARTESIAN_POINT('Ctrl Pts',(146.60782052614,-109.080534219163,6.06));
#5851=CARTESIAN_POINT('Ctrl Pts',(146.836812825726,-108.827306652072,6.06));
#5852=CARTESIAN_POINT('Ctrl Pts',(146.91934624966,-108.496776107188,6.06));
#5853=CARTESIAN_POINT('Ctrl Pts',(146.958358379511,-108.340540004017,6.06));
#5854=CARTESIAN_POINT('Ctrl Pts',(146.958358379511,-108.340540004017,6.06));
#5855=CARTESIAN_POINT('Ctrl Pts',(146.96133324641,-108.177273675156,6.06));
#5856=CARTESIAN_POINT('Ctrl Pts',(146.964639939653,-107.995796088193,6.06));
#5857=CARTESIAN_POINT('Ctrl Pts',(146.923326295732,-107.82438996705,6.06));
#5858=CARTESIAN_POINT('Ctrl Pts',(146.918774803363,-107.807280945745,6.06));
#5859=CARTESIAN_POINT('Ctrl Pts',(146.069295898283,-107.684532736315,5.56));
#5860=CARTESIAN_POINT('Ctrl Pts',(146.069295898283,-107.684532736315,6.06));
#5861=CARTESIAN_POINT('Ctrl Pts',(146.13114987285,-107.790058153815,5.56));
#5862=CARTESIAN_POINT('Ctrl Pts',(146.13114987285,-107.790058153815,6.06));
#5863=CARTESIAN_POINT('Ctrl Pts',(146.243623503969,-107.981942781515,5.56));
#5864=CARTESIAN_POINT('Ctrl Pts',(146.243623503969,-107.981942781515,6.06));
#5865=CARTESIAN_POINT('Ctrl Pts',(146.259122590731,-108.203049700124,5.56));
#5866=CARTESIAN_POINT('Ctrl Pts',(146.259122590731,-108.203049700124,6.06));
#5867=CARTESIAN_POINT('Ctrl Pts',(146.266098078594,-108.302560635887,5.56));
#5868=CARTESIAN_POINT('Ctrl Pts',(146.266098078594,-108.302560635887,6.06));
#5869=CARTESIAN_POINT('',(146.266098078594,-108.302560635887,5.56));
#5870=CARTESIAN_POINT('Ctrl Pts',(146.266098078594,-108.302560635887,5.56));
#5871=CARTESIAN_POINT('Ctrl Pts',(146.259122590731,-108.203049700124,5.56));
#5872=CARTESIAN_POINT('Ctrl Pts',(146.243623503969,-107.981942781515,5.56));
#5873=CARTESIAN_POINT('Ctrl Pts',(146.13114987285,-107.790058153815,5.56));
#5874=CARTESIAN_POINT('Ctrl Pts',(146.069295898283,-107.684532736315,5.56));
#5875=CARTESIAN_POINT('',(146.266098078594,-108.302560635887,5.56));
#5876=CARTESIAN_POINT('Origin',(145.974565800461,-104.817662029382,5.56));
#5877=CARTESIAN_POINT('',(145.654975518681,-106.29310679482,5.56));
#5878=CARTESIAN_POINT('Ctrl Pts',(145.654975518681,-106.29310679482,5.56));
#5879=CARTESIAN_POINT('Ctrl Pts',(145.654975518681,-106.29310679482,5.59442659589794));
#5880=CARTESIAN_POINT('Ctrl Pts',(145.651803176094,-106.291477946597,5.62875955593162));
#5881=CARTESIAN_POINT('Ctrl Pts',(145.645509299925,-106.288248532288,5.66245130524263));
#5882=CARTESIAN_POINT('Ctrl Pts',(145.639513882038,-106.285172258178,5.69454537748007));
#5883=CARTESIAN_POINT('Ctrl Pts',(145.630718189518,-106.280657103422,5.72589192907781));
#5884=CARTESIAN_POINT('Ctrl Pts',(145.619241973377,-106.27479522844,5.75603481218793));
#5885=CARTESIAN_POINT('Ctrl Pts',(145.618418590787,-106.274374657256,5.75819746970967));
#5886=CARTESIAN_POINT('Ctrl Pts',(145.617581403614,-106.273947176557,5.76035393121139));
#5887=CARTESIAN_POINT('Ctrl Pts',(145.61673045276,-106.273512832483,5.76250402822622));
#5888=CARTESIAN_POINT('Ctrl Pts',(145.606902941087,-106.268496653888,5.78733519610669));
#5889=CARTESIAN_POINT('Ctrl Pts',(145.595303701239,-106.262593355409,5.81116772413398));
#5890=CARTESIAN_POINT('Ctrl Pts',(145.582037901985,-106.255921743985,5.83377883096717));
#5891=CARTESIAN_POINT('Ctrl Pts',(145.570031994293,-106.249883754914,5.85424249518101));
#5892=CARTESIAN_POINT('Ctrl Pts',(145.556661152888,-106.243216089947,5.87370572501113));
#5893=CARTESIAN_POINT('Ctrl Pts',(145.541991704107,-106.236049174749,5.89200337617199));
#5894=CARTESIAN_POINT('Ctrl Pts',(145.536530046516,-106.233380823854,5.89881586836804));
#5895=CARTESIAN_POINT('Ctrl Pts',(145.53088824672,-106.230643745059,5.9054667897403));
#5896=CARTESIAN_POINT('Ctrl Pts',(145.525069222337,-106.227846509929,5.91194761722824));
#5897=CARTESIAN_POINT('Ctrl Pts',(145.509476406384,-106.22035096262,5.9293138187741));
#5898=CARTESIAN_POINT('Ctrl Pts',(145.492733762747,-106.212478502675,5.94532039296348));
#5899=CARTESIAN_POINT('Ctrl Pts',(145.474921507917,-106.204437290538,5.95987218163922));
#5900=CARTESIAN_POINT('Ctrl Pts',(145.456969651079,-106.196333056095,5.9745380187008));
#5901=CARTESIAN_POINT('Ctrl Pts',(145.43793136464,-106.18805736564,5.98772617737706));
#5902=CARTESIAN_POINT('Ctrl Pts',(145.41787454169,-106.179875100569,5.99933924454827));
#5903=CARTESIAN_POINT('Ctrl Pts',(145.408054730716,-106.175869067484,6.0050249967101));
#5904=CARTESIAN_POINT('Ctrl Pts',(145.397990551541,-106.171886219832,6.01033318731922));
#5905=CARTESIAN_POINT('Ctrl Pts',(145.387688774777,-106.16796200373,6.0152523838966));
#5906=CARTESIAN_POINT('Ctrl Pts',(145.378930104607,-106.164625597272,6.01943473237022));
#5907=CARTESIAN_POINT('Ctrl Pts',(145.368870712184,-106.160897477258,6.023892870393));
#5908=CARTESIAN_POINT('Ctrl Pts',(145.357482857074,-106.156896402948,6.02831469664389));
#5909=CARTESIAN_POINT('Ctrl Pts',(145.34675055466,-106.153125654281,6.03248197626674));
#5910=CARTESIAN_POINT('Ctrl Pts',(145.334838433077,-106.149112117933,6.03661700442963));
#5911=CARTESIAN_POINT('Ctrl Pts',(145.321711201257,-106.144999149592,6.04045853581607));
#5912=CARTESIAN_POINT('Ctrl Pts',(145.309245685876,-106.141093507427,6.04410642359901));
#5913=CARTESIAN_POINT('Ctrl Pts',(145.29568456642,-106.137097872349,6.04748965796597));
#5914=CARTESIAN_POINT('Ctrl Pts',(145.280985062901,-106.133180729076,6.0503845421199));
#5915=CARTESIAN_POINT('Ctrl Pts',(145.280204757968,-106.132972792378,6.05053821345867));
#5916=CARTESIAN_POINT('Ctrl Pts',(145.279421241916,-106.132765088818,6.05069050868236));
#5917=CARTESIAN_POINT('Ctrl Pts',(145.27863450721,-106.132557647724,6.05084139432951));
#5918=CARTESIAN_POINT('Ctrl Pts',(145.269825426592,-106.130234926601,6.05253086324523));
#5919=CARTESIAN_POINT('Ctrl Pts',(145.260612745673,-106.127945358048,6.05404360910532));
#5920=CARTESIAN_POINT('Ctrl Pts',(145.250991389827,-106.125710091069,6.0553326585472));
#5921=CARTESIAN_POINT('Ctrl Pts',(145.22750042308,-106.120252587666,6.05847992989461));
#5922=CARTESIAN_POINT('Ctrl Pts',(145.203636477465,-106.115601701679,6.06000094320145));
#5923=CARTESIAN_POINT('Ctrl Pts',(145.1796574673,-106.111615952868,6.06));
#5924=CARTESIAN_POINT('',(144.771955209656,-106.796333422544,6.05987847903535));
#5925=CARTESIAN_POINT('Ctrl Pts',(144.757088678808,-106.799474563731,6.06));
#5926=CARTESIAN_POINT('Ctrl Pts',(144.762005475752,-106.798432867551,6.0599999865312));
#5927=CARTESIAN_POINT('Ctrl Pts',(144.766960723722,-106.797387268541,6.05996015669824));
#5928=CARTESIAN_POINT('Ctrl Pts',(144.771955209656,-106.796333422544,6.05987847903535));
#5929=CARTESIAN_POINT('',(145.270002832635,-106.919766368967,5.56));
#5930=CARTESIAN_POINT('Ctrl Pts',(144.771955209656,-106.796333422544,6.05987847903535));
#5931=CARTESIAN_POINT('Ctrl Pts',(144.814162462108,-106.795691505856,6.05909285304968));
#5932=CARTESIAN_POINT('Ctrl Pts',(144.857159295253,-106.795059610934,6.05448187749156));
#5933=CARTESIAN_POINT('Ctrl Pts',(144.93674351861,-106.798538249423,6.03738681465011));
#5934=CARTESIAN_POINT('Ctrl Pts',(144.97376118202,-106.802313029018,6.0255624656252));
#5935=CARTESIAN_POINT('Ctrl Pts',(145.065367210482,-106.820978975779,5.9826471298426));
#5936=CARTESIAN_POINT('Ctrl Pts',(145.107585248307,-106.83895449126,5.94785307791276));
#5937=CARTESIAN_POINT('Ctrl Pts',(145.179495373268,-106.871166925364,5.8695921348184));
#5938=CARTESIAN_POINT('Ctrl Pts',(145.213166974679,-106.889230591824,5.81511184675743));
#5939=CARTESIAN_POINT('Ctrl Pts',(145.258683887701,-106.913572992514,5.6904213020339));
#5940=CARTESIAN_POINT('Ctrl Pts',(145.270002832635,-106.919766368967,5.62553112515619));
#5941=CARTESIAN_POINT('Ctrl Pts',(145.270002832635,-106.919766368967,5.56));
#5942=CARTESIAN_POINT('',(145.872138477503,-105.939608346156,5.56));
#5943=CARTESIAN_POINT('Ctrl Pts',(144.311886954807,-107.028525468612,5.56));
#5944=CARTESIAN_POINT('Ctrl Pts',(144.311886954807,-107.028525468612,6.06));
#5945=CARTESIAN_POINT('Ctrl Pts',(144.38062287717,-106.968089152125,5.56));
#5946=CARTESIAN_POINT('Ctrl Pts',(144.38062287717,-106.968089152125,6.06));
#5947=CARTESIAN_POINT('Ctrl Pts',(144.514081343641,-106.850745296972,5.56));
#5948=CARTESIAN_POINT('Ctrl Pts',(144.514081343641,-106.850745296972,6.06));
#5949=CARTESIAN_POINT('Ctrl Pts',(144.687737995208,-106.814103414393,5.56));
#5950=CARTESIAN_POINT('Ctrl Pts',(144.687737995208,-106.814103414393,6.06));
#5951=CARTESIAN_POINT('Ctrl Pts',(144.771955209656,-106.796333422544,5.56));
#5952=CARTESIAN_POINT('Ctrl Pts',(144.771955209656,-106.796333422544,6.06));
#5953=CARTESIAN_POINT('',(144.311886954807,-107.028525468612,5.56));
#5954=CARTESIAN_POINT('',(144.311886954807,-107.028525468612,5.56));
#5955=CARTESIAN_POINT('',(144.771955209656,-106.796333422544,5.56));
#5956=CARTESIAN_POINT('Ctrl Pts',(144.771955209656,-106.796333422544,5.56));
#5957=CARTESIAN_POINT('Ctrl Pts',(144.687737995208,-106.814103414393,5.56));
#5958=CARTESIAN_POINT('Ctrl Pts',(144.514081343641,-106.850745296972,5.56));
#5959=CARTESIAN_POINT('Ctrl Pts',(144.38062287717,-106.968089152125,5.56));
#5960=CARTESIAN_POINT('Ctrl Pts',(144.311886954807,-107.028525468612,5.56));
#5961=CARTESIAN_POINT('',(144.771955209656,-106.796333422544,5.56));
#5962=CARTESIAN_POINT('Ctrl Pts',(145.654975518681,-106.29310679482,5.56));
#5963=CARTESIAN_POINT('Ctrl Pts',(145.654975518681,-106.29310679482,6.06));
#5964=CARTESIAN_POINT('Ctrl Pts',(145.532145921616,-106.230060887393,5.56));
#5965=CARTESIAN_POINT('Ctrl Pts',(145.532145921616,-106.230060887393,6.06));
#5966=CARTESIAN_POINT('Ctrl Pts',(145.303698828072,-106.112803689979,5.56));
#5967=CARTESIAN_POINT('Ctrl Pts',(145.303698828072,-106.112803689979,6.06));
#5968=CARTESIAN_POINT('Ctrl Pts',(145.048089987884,-106.094437711712,5.56));
#5969=CARTESIAN_POINT('Ctrl Pts',(145.048089987884,-106.094437711712,6.06));
#5970=CARTESIAN_POINT('Ctrl Pts',(144.929914854379,-106.085946605019,5.56));
#5971=CARTESIAN_POINT('Ctrl Pts',(144.929914854379,-106.085946605019,6.06));
#5972=CARTESIAN_POINT('',(144.929914854379,-106.085946605019,5.56));
#5973=CARTESIAN_POINT('Ctrl Pts',(144.929914854379,-106.085946605019,5.56));
#5974=CARTESIAN_POINT('Ctrl Pts',(145.048089987884,-106.094437711712,5.56));
#5975=CARTESIAN_POINT('Ctrl Pts',(145.303698828072,-106.112803689979,5.56));
#5976=CARTESIAN_POINT('Ctrl Pts',(145.532145921616,-106.230060887393,5.56));
#5977=CARTESIAN_POINT('Ctrl Pts',(145.654975518681,-106.29310679482,5.56));
#5978=CARTESIAN_POINT('',(144.929914854379,-106.085946605019,5.56));
#5979=CARTESIAN_POINT('Origin',(151.547288458024,-101.161736343836,5.56));
#5980=CARTESIAN_POINT('',(152.836528343639,-102.54523411581,6.05553781432857));
#5981=CARTESIAN_POINT('',(152.933545347852,-102.547993233664,6.06));
#5982=CARTESIAN_POINT('Ctrl Pts',(152.836528343639,-102.54523411581,6.05553781432857));
#5983=CARTESIAN_POINT('Ctrl Pts',(152.849423189194,-102.546077010438,6.05668403504883));
#5984=CARTESIAN_POINT('Ctrl Pts',(152.887777794519,-102.550125275036,6.06));
#5985=CARTESIAN_POINT('Ctrl Pts',(152.933545347852,-102.547993233664,6.06));
#5986=CARTESIAN_POINT('',(150.726459785802,-100.340907671613,6.06));
#5987=CARTESIAN_POINT('',(151.547288458024,-101.161736343836,6.06));
#5988=CARTESIAN_POINT('',(150.671704360221,-100.547864619148,6.0244925369468));
#5989=CARTESIAN_POINT('Origin',(150.726459785802,-100.340907671613,5.56));
#5990=CARTESIAN_POINT('',(151.035961027287,-100.912121286214,6.0244925369468));
#5991=CARTESIAN_POINT('',(151.416432271467,-101.292592530394,6.0244925369468));
#5992=CARTESIAN_POINT('',(150.813263823251,-101.13481849025,5.56));
#5993=CARTESIAN_POINT('Origin',(151.166817213845,-100.781265099656,5.56));
#5994=CARTESIAN_POINT('',(151.199962844213,-101.521517511211,5.56));
#5995=CARTESIAN_POINT('',(151.815317720142,-102.13687238714,5.56));
#5996=CARTESIAN_POINT('',(151.422660048249,-101.298820307175,6.0244925369468));
#5997=CARTESIAN_POINT('Origin',(151.553516234806,-101.167964120618,5.56));
#5998=CARTESIAN_POINT('',(152.221953113897,-102.098113372823,6.0244925369468));
#5999=CARTESIAN_POINT('',(151.416432271467,-101.292592530394,6.0244925369468));
#6000=CARTESIAN_POINT('',(152.579304441303,-102.424390671759,6.03265524115337));
#6001=CARTESIAN_POINT('Ctrl Pts',(152.221953113897,-102.098113372823,6.0244925369468));
#6002=CARTESIAN_POINT('Ctrl Pts',(152.254641993368,-102.13110323881,6.02440774344748));
#6003=CARTESIAN_POINT('Ctrl Pts',(152.287737779566,-102.164511778945,6.02432172004013));
#6004=CARTESIAN_POINT('Ctrl Pts',(152.321502464504,-102.197600009936,6.02451250865622));
#6005=CARTESIAN_POINT('Ctrl Pts',(152.345659235195,-102.221272815119,6.02464900739322));
#6006=CARTESIAN_POINT('Ctrl Pts',(152.370159978036,-102.244779894163,6.02492719551032));
#6007=CARTESIAN_POINT('Ctrl Pts',(152.395105507104,-102.267845192041,6.02544889435082));
#6008=CARTESIAN_POINT('Ctrl Pts',(152.410916738492,-102.282464675988,6.02577956286697));
#6009=CARTESIAN_POINT('Ctrl Pts',(152.425640317398,-102.295742087172,6.02617613493716));
#6010=CARTESIAN_POINT('Ctrl Pts',(152.439902896916,-102.308294648725,6.02663474375017));
#6011=CARTESIAN_POINT('Ctrl Pts',(152.452123778471,-102.31905030255,6.0270277023995));
#6012=CARTESIAN_POINT('Ctrl Pts',(152.464005472717,-102.329274588146,6.02746620785196));
#6013=CARTESIAN_POINT('Ctrl Pts',(152.475924153794,-102.339375927469,6.02794782753201));
#6014=CARTESIAN_POINT('Ctrl Pts',(152.492351319383,-102.353298304672,6.02861162969125));
#6015=CARTESIAN_POINT('Ctrl Pts',(152.508849991654,-102.366985740238,6.02935733290278));
#6016=CARTESIAN_POINT('Ctrl Pts',(152.526474415771,-102.381430209767,6.03017856819011));
#6017=CARTESIAN_POINT('Ctrl Pts',(152.54075489574,-102.393134079149,6.03084398760994));
#6018=CARTESIAN_POINT('Ctrl Pts',(152.555778090863,-102.40533092347,6.03155899623625));
#6019=CARTESIAN_POINT('Ctrl Pts',(152.572099584751,-102.418554283516,6.03232020599217));
#6020=CARTESIAN_POINT('Ctrl Pts',(152.574473261274,-102.420477390525,6.03243091067025));
#6021=CARTESIAN_POINT('Ctrl Pts',(152.576874336824,-102.422422276817,6.03254259253121));
#6022=CARTESIAN_POINT('Ctrl Pts',(152.579304441303,-102.424390671759,6.03265524115336));
#6023=CARTESIAN_POINT('Ctrl Pts',(152.579304441303,-102.424390671759,6.03265524115337));
#6024=CARTESIAN_POINT('Ctrl Pts',(152.587800857107,-102.430230354621,6.03330343505319));
#6025=CARTESIAN_POINT('Ctrl Pts',(152.596950401242,-102.436525310007,6.03398960915164));
#6026=CARTESIAN_POINT('Ctrl Pts',(152.606627933036,-102.443063659424,6.03472907688709));
#6027=CARTESIAN_POINT('Ctrl Pts',(152.617297208131,-102.450272052026,6.03554432449991));
#6028=CARTESIAN_POINT('Ctrl Pts',(152.628608744225,-102.457775158854,6.03642434838802));
#6029=CARTESIAN_POINT('Ctrl Pts',(152.640424841413,-102.46522352328,6.03738966884799));
#6030=CARTESIAN_POINT('Ctrl Pts',(152.653129882407,-102.473232240022,6.03842761190329));
#6031=CARTESIAN_POINT('Ctrl Pts',(152.666420595199,-102.481172560795,6.0395641682852));
#6032=CARTESIAN_POINT('Ctrl Pts',(152.68013657506,-102.488586541719,6.04082484677337));
#6033=CARTESIAN_POINT('Ctrl Pts',(152.68715924955,-102.492382550115,6.041470322689));
#6034=CARTESIAN_POINT('Ctrl Pts',(152.694293348072,-102.496040709415,6.04214833733001));
#6035=CARTESIAN_POINT('Ctrl Pts',(152.701514671003,-102.499505386559,6.04286231456259));
#6036=CARTESIAN_POINT('Ctrl Pts',(152.705248561465,-102.501296848465,6.0432314869156));
#6037=CARTESIAN_POINT('Ctrl Pts',(152.70896197899,-102.503015813419,6.04360434498369));
#6038=CARTESIAN_POINT('Ctrl Pts',(152.712663813487,-102.504665245307,6.04397970061411));
#6039=CARTESIAN_POINT('Ctrl Pts',(152.721843603563,-102.508755497989,6.04491050556866));
#6040=CARTESIAN_POINT('Ctrl Pts',(152.730950333883,-102.512422166939,6.04585666898915));
#6041=CARTESIAN_POINT('Ctrl Pts',(152.740069183064,-102.515820549997,6.0468000724888));
#6042=CARTESIAN_POINT('Ctrl Pts',(152.751052092404,-102.519913624931,6.04793632498082));
#6043=CARTESIAN_POINT('Ctrl Pts',(152.762052999002,-102.52361660604,6.04906857386659));
#6044=CARTESIAN_POINT('Ctrl Pts',(152.773252123842,-102.527132207567,6.05016516346778));
#6045=CARTESIAN_POINT('Ctrl Pts',(152.786704913861,-102.531355274084,6.05148242618718));
#6046=CARTESIAN_POINT('Ctrl Pts',(152.800446160466,-102.535302639015,6.0527482337172));
#6047=CARTESIAN_POINT('Ctrl Pts',(152.814807716698,-102.539283134918,6.05390771586873));
#6048=CARTESIAN_POINT('Ctrl Pts',(152.821884865018,-102.541244660496,6.05447909037915));
#6049=CARTESIAN_POINT('Ctrl Pts',(152.829112675248,-102.543214169808,6.05502464522914));
#6050=CARTESIAN_POINT('Ctrl Pts',(152.836528343639,-102.54523411581,6.05553781432857));
#6051=CARTESIAN_POINT('Origin',(151.035961027287,-100.912121286214,5.56));
#6052=CARTESIAN_POINT('',(151.035961027287,-100.912121286214,5.56));
#6053=CARTESIAN_POINT('',(151.035961027287,-100.912121286214,5.56));
#6054=CARTESIAN_POINT('',(149.153826616753,-102.794255696748,5.56));
#6055=CARTESIAN_POINT('Origin',(150.671704360221,-100.547864619148,5.56));
#6056=CARTESIAN_POINT('',(150.671704360221,-100.547864619148,5.56));
#6057=CARTESIAN_POINT('',(150.671704360221,-100.547864619148,5.56));
#6058=CARTESIAN_POINT('',(151.855886590644,-101.732046849571,5.56));
#6059=CARTESIAN_POINT('Origin',(150.875411880192,-99.7779192470549,5.56));
#6060=CARTESIAN_POINT('',(150.866165581413,-99.8128671221002,6.06));
#6061=CARTESIAN_POINT('',(150.671704360221,-100.547864619148,6.06));
#6062=CARTESIAN_POINT('',(150.875411880192,-99.7779192470549,6.05902248195848));
#6063=CARTESIAN_POINT('Origin',(150.866165581413,-99.8128671221002,5.56));
#6064=CARTESIAN_POINT('',(150.875411880192,-99.7779192470549,5.56));
#6065=CARTESIAN_POINT('',(150.875411880192,-99.7779192470549,5.56));
#6066=CARTESIAN_POINT('',(149.969703589403,-103.201189566476,5.56));
#6067=CARTESIAN_POINT('Origin',(149.203577474883,-104.266389815337,6.06));
#6068=CARTESIAN_POINT('',(153.104973422922,-102.504665245307,6.06));
#6069=CARTESIAN_POINT('Ctrl Pts',(152.933545347852,-102.547993233664,6.06));
#6070=CARTESIAN_POINT('Ctrl Pts',(152.943483536826,-102.547530271838,6.06));
#6071=CARTESIAN_POINT('Ctrl Pts',(153.001977117178,-102.542729352277,6.06));
#6072=CARTESIAN_POINT('Ctrl Pts',(153.05823056982,-102.521939893633,6.06));
#6073=CARTESIAN_POINT('Ctrl Pts',(153.104973422922,-102.504665245307,6.06));
#6074=CARTESIAN_POINT('',(153.385502846611,-102.312178902284,6.06));
#6075=CARTESIAN_POINT('Ctrl Pts',(153.104973422922,-102.504665245307,6.06));
#6076=CARTESIAN_POINT('Ctrl Pts',(153.154721217105,-102.480587598775,6.06));
#6077=CARTESIAN_POINT('Ctrl Pts',(153.257912270304,-102.430643721966,6.06));
#6078=CARTESIAN_POINT('Ctrl Pts',(153.341969241993,-102.3525988202,6.06));
#6079=CARTESIAN_POINT('Ctrl Pts',(153.385502846611,-102.312178902284,6.06));
#6080=CARTESIAN_POINT('',(153.419529765469,-102.275427440173,6.06));
#6081=CARTESIAN_POINT('Ctrl Pts',(153.385502846611,-102.312178902284,6.06));
#6082=CARTESIAN_POINT('Ctrl Pts',(153.39686681226,-102.299943057046,6.06));
#6083=CARTESIAN_POINT('Ctrl Pts',(153.408230777909,-102.287707211808,6.06));
#6084=CARTESIAN_POINT('Ctrl Pts',(153.419529765469,-102.275427440173,6.06));
#6085=CARTESIAN_POINT('',(152.965729529974,-101.911637168744,6.06));
#6086=CARTESIAN_POINT('',(152.604056045843,-101.621700574027,6.06));
#6087=CARTESIAN_POINT('',(152.891747139729,-101.838448680416,6.06));
#6088=CARTESIAN_POINT('Origin',(153.27847008188,-101.521517511211,6.06));
#6089=CARTESIAN_POINT('',(152.074511141067,-101.021212681755,6.06));
#6090=CARTESIAN_POINT('Origin',(152.074511141067,-101.021212681755,5.56));
#6091=CARTESIAN_POINT('',(152.927092675348,-101.806514912252,6.05773160201187));
#6092=CARTESIAN_POINT('Ctrl Pts',(152.891747139729,-101.838448680416,6.06));
#6093=CARTESIAN_POINT('Ctrl Pts',(152.89189007009,-101.838319225244,6.06));
#6094=CARTESIAN_POINT('Ctrl Pts',(152.892033002176,-101.838189772224,6.0599998887093));
#6095=CARTESIAN_POINT('Ctrl Pts',(152.90382621709,-101.827509012291,6.05998152396251));
#6096=CARTESIAN_POINT('Ctrl Pts',(152.9154773868,-101.816981633729,6.05922403513696));
#6097=CARTESIAN_POINT('Ctrl Pts',(152.927092675357,-101.806514912263,6.05773160201187));
#6098=CARTESIAN_POINT('',(152.919392419559,-101.802910102357,6.0579998996497));
#6099=CARTESIAN_POINT('Ctrl Pts',(152.927092675341,-101.806514912249,6.05773160201187));
#6100=CARTESIAN_POINT('Ctrl Pts',(152.924643247374,-101.805380635782,6.05782024896154));
#6101=CARTESIAN_POINT('Ctrl Pts',(152.922082378247,-101.804176202616,6.05790957345815));
#6102=CARTESIAN_POINT('Ctrl Pts',(152.919392419559,-101.802910102357,6.0579998996497));
#6103=CARTESIAN_POINT('',(152.648357837903,-101.550865204766,6.05902248195848));
#6104=CARTESIAN_POINT('Ctrl Pts',(152.919392419559,-101.802910102357,6.0579998996497));
#6105=CARTESIAN_POINT('Ctrl Pts',(152.905230857217,-101.791238256959,6.05815784136983));
#6106=CARTESIAN_POINT('Ctrl Pts',(152.892193428545,-101.780485319107,6.05829387574804));
#6107=CARTESIAN_POINT('Ctrl Pts',(152.879720289163,-101.770070039842,6.05841078995719));
#6108=CARTESIAN_POINT('Ctrl Pts',(152.86761962061,-101.759965779926,6.05852421289354));
#6109=CARTESIAN_POINT('Ctrl Pts',(152.856046097188,-101.750183666359,6.05861964053747));
#6110=CARTESIAN_POINT('Ctrl Pts',(152.84448448977,-101.740197456385,6.05869961775356));
#6111=CARTESIAN_POINT('Ctrl Pts',(152.839112464541,-101.735557429269,6.05873677864366));
#6112=CARTESIAN_POINT('Ctrl Pts',(152.833743292504,-101.730873029514,6.05877060388618));
#6113=CARTESIAN_POINT('Ctrl Pts',(152.828328252792,-101.726088198639,6.05880134876544));
#6114=CARTESIAN_POINT('Ctrl Pts',(152.8164815409,-101.71562022133,6.05886861064091));
#6115=CARTESIAN_POINT('Ctrl Pts',(152.804413104273,-101.704673977087,6.05892112923019));
#6116=CARTESIAN_POINT('Ctrl Pts',(152.79156479869,-101.69271541361,6.05896157761781));
#6117=CARTESIAN_POINT('Ctrl Pts',(152.787670340775,-101.68909064598,6.0589738379538));
#6118=CARTESIAN_POINT('Ctrl Pts',(152.783704493345,-101.685372581695,6.05898498932733));
#6119=CARTESIAN_POINT('Ctrl Pts',(152.779652292496,-101.681545708734,6.0589951061801));
#6120=CARTESIAN_POINT('Ctrl Pts',(152.760068243977,-101.663050656652,6.05904400033484));
#6121=CARTESIAN_POINT('Ctrl Pts',(152.740497060944,-101.643923536904,6.05906307221826));
#6122=CARTESIAN_POINT('Ctrl Pts',(152.721016476904,-101.624500819947,6.05906552480079));
#6123=CARTESIAN_POINT('Ctrl Pts',(152.696622106035,-101.600178912568,6.05906859602329));
#6124=CARTESIAN_POINT('Ctrl Pts',(152.672366990387,-101.575396581286,6.05904560642747));
#6125=CARTESIAN_POINT('Ctrl Pts',(152.648357837903,-101.550865204766,6.05902248195848));
#6126=CARTESIAN_POINT('',(151.90948649428,-100.811993861144,6.05902248195848));
#6127=CARTESIAN_POINT('',(152.096608227979,-100.999115594843,6.05902248195848));
#6128=CARTESIAN_POINT('',(152.240942797962,-100.480537557462,5.56));
#6129=CARTESIAN_POINT('Origin',(151.887389407368,-100.834090948056,5.56));
#6130=CARTESIAN_POINT('',(151.854243777,-100.093838536501,5.56));
#6131=CARTESIAN_POINT('',(153.049647184371,-101.289241943872,5.56));
#6132=CARTESIAN_POINT('',(151.522787473319,-100.425294840182,6.05902248195848));
#6133=CARTESIAN_POINT('Origin',(151.500690386407,-100.447391927094,5.56));
#6134=CARTESIAN_POINT('',(152.096608227979,-100.999115594843,6.05902248195848));
#6135=CARTESIAN_POINT('Ctrl Pts',(152.985399386192,-101.75922313781,6.04472407041548));
#6136=CARTESIAN_POINT('Ctrl Pts',(153.010881379153,-101.790640254482,6.04472407041548));
#6137=CARTESIAN_POINT('Ctrl Pts',(153.042443647713,-101.815942238369,6.04472407041548));
#6138=CARTESIAN_POINT('Ctrl Pts',(152.938510806534,-101.79725382246,6.06));
#6139=CARTESIAN_POINT('Ctrl Pts',(152.968069680856,-101.833697384967,6.06));
#6140=CARTESIAN_POINT('Ctrl Pts',(153.0046816182,-101.863047450441,6.06));
#6141=CARTESIAN_POINT('Ctrl Pts',(152.89014454775,-101.836483032407,6.06));
#6142=CARTESIAN_POINT('Ctrl Pts',(152.923908785092,-101.87811144764,6.06));
#6143=CARTESIAN_POINT('Ctrl Pts',(152.965729529974,-101.911637168744,6.06));
#6144=CARTESIAN_POINT('',(153.042443647713,-101.815942238369,6.04472407041548));
#6145=CARTESIAN_POINT('Origin',(152.965729529974,-101.911637168744,5.56));
#6146=CARTESIAN_POINT('',(153.023835681917,-101.821036618965,6.04844506270108));
#6147=CARTESIAN_POINT('Ctrl Pts',(153.042443647628,-101.815942238393,6.04472407041548));
#6148=CARTESIAN_POINT('Ctrl Pts',(153.037651897068,-101.817333849063,6.04575734502215));
#6149=CARTESIAN_POINT('Ctrl Pts',(153.033140200617,-101.818554669763,6.04666612280208));
#6150=CARTESIAN_POINT('Ctrl Pts',(153.029040508829,-101.81965117196,6.04745845423164));
#6151=CARTESIAN_POINT('Ctrl Pts',(153.027221461421,-101.820137693772,6.04781001442389));
#6152=CARTESIAN_POINT('Ctrl Pts',(153.02548319609,-101.820599124406,6.04813864950229));
#6153=CARTESIAN_POINT('Ctrl Pts',(153.023835681917,-101.821036618965,6.04844506270108));
#6154=CARTESIAN_POINT('Ctrl Pts',(153.023835681917,-101.821036618965,6.04844506270108));
#6155=CARTESIAN_POINT('Ctrl Pts',(153.018962809177,-101.821486464835,6.04921062766368));
#6156=CARTESIAN_POINT('Ctrl Pts',(153.014459097969,-101.821897229971,6.04988716072165));
#6157=CARTESIAN_POINT('Ctrl Pts',(153.010269165512,-101.822219325836,6.05048888173556));
#6158=CARTESIAN_POINT('Ctrl Pts',(153.004884080107,-101.822633297603,6.05126224003747));
#6159=CARTESIAN_POINT('Ctrl Pts',(153.000016973641,-101.822902699352,6.05191201991102));
#6160=CARTESIAN_POINT('Ctrl Pts',(152.995534598328,-101.823010485675,6.05246841058776));
#6161=CARTESIAN_POINT('Ctrl Pts',(152.989961688385,-101.823144495753,6.0531601677294));
#6162=CARTESIAN_POINT('Ctrl Pts',(152.984982316916,-101.823035279066,6.05370756574134));
#6163=CARTESIAN_POINT('Ctrl Pts',(152.980332829238,-101.82269271273,6.05416862405662));
#6164=CARTESIAN_POINT('Ctrl Pts',(152.976703168435,-101.822425285502,6.05452855302319));
#6165=CARTESIAN_POINT('Ctrl Pts',(152.973274319602,-101.822016933736,6.05483586422446));
#6166=CARTESIAN_POINT('Ctrl Pts',(152.969925087064,-101.821448484392,6.05511816066146));
#6167=CARTESIAN_POINT('Ctrl Pts',(152.969554450865,-101.821385578069,6.05514940043866));
#6168=CARTESIAN_POINT('Ctrl Pts',(152.969182468347,-101.821320281042,6.05518050432076));
#6169=CARTESIAN_POINT('Ctrl Pts',(152.968808756501,-101.821252410829,6.05521148613088));
#6170=CARTESIAN_POINT('Ctrl Pts',(152.965763795514,-101.82069941217,6.05546392234397));
#6171=CARTESIAN_POINT('Ctrl Pts',(152.962603102942,-101.819980793572,6.05570825443956));
#6172=CARTESIAN_POINT('Ctrl Pts',(152.959117397241,-101.819009697986,6.05595195964492));
#6173=CARTESIAN_POINT('Ctrl Pts',(152.955073550185,-101.817883107746,6.05623468763792));
#6174=CARTESIAN_POINT('Ctrl Pts',(152.950592825674,-101.816413598956,6.05651657190864));
#6175=CARTESIAN_POINT('Ctrl Pts',(152.945361193589,-101.814393808633,6.05680928734163));
#6176=CARTESIAN_POINT('Ctrl Pts',(152.94196539434,-101.813082783249,6.05699928595608));
#6177=CARTESIAN_POINT('Ctrl Pts',(152.938253738278,-101.811537021311,6.0571938479301));
#6178=CARTESIAN_POINT('Ctrl Pts',(152.934137859,-101.809713823273,6.05739616602926));
#6179=CARTESIAN_POINT('Ctrl Pts',(152.93191273738,-101.80872816818,6.05750554299254));
#6180=CARTESIAN_POINT('Ctrl Pts',(152.929569402396,-101.807661830326,6.05761718682814));
#6181=CARTESIAN_POINT('Ctrl Pts',(152.927092675334,-101.806514912246,6.05773160201195));
#6182=CARTESIAN_POINT('Origin',(151.522787473319,-100.425294840182,5.56));
#6183=CARTESIAN_POINT('',(151.522787473319,-100.425294840182,5.56));
#6184=CARTESIAN_POINT('',(151.522787473319,-100.425294840182,5.56));
#6185=CARTESIAN_POINT('',(152.524841370209,-101.427348737072,5.56));
#6186=CARTESIAN_POINT('Origin',(151.854243777,-100.093838536501,5.56));
#6187=CARTESIAN_POINT('',(149.56296799161,-102.385114321891,5.56));
#6188=CARTESIAN_POINT('Origin',(152.604056045843,-101.621700574027,5.56));
#6189=CARTESIAN_POINT('',(153.13000527919,-101.763204399312,6.00969942976311));
#6190=CARTESIAN_POINT('Ctrl Pts',(153.13000527919,-101.763204399312,6.00969942976311));
#6191=CARTESIAN_POINT('Ctrl Pts',(153.11395628126,-101.777596478949,6.02003598715349));
#6192=CARTESIAN_POINT('Ctrl Pts',(153.098734042228,-101.791139891664,6.02794406985894));
#6193=CARTESIAN_POINT('Ctrl Pts',(153.068161648337,-101.807991635761,6.03875738274305));
#6194=CARTESIAN_POINT('Ctrl Pts',(153.054112875707,-101.812553284376,6.04220820557388));
#6195=CARTESIAN_POINT('Ctrl Pts',(153.042443647713,-101.815942238369,6.04472407041548));
#6196=CARTESIAN_POINT('',(153.696243131312,-101.856426484722,5.56));
#6197=CARTESIAN_POINT('Ctrl Pts',(153.419529765468,-102.275427440173,6.06));
#6198=CARTESIAN_POINT('Ctrl Pts',(153.437527052693,-102.25586793752,6.05999999893588));
#6199=CARTESIAN_POINT('Ctrl Pts',(153.455370139963,-102.236181451732,6.05789043931007));
#6200=CARTESIAN_POINT('Ctrl Pts',(153.472652744252,-102.216365209209,6.05366983803379));
#6201=CARTESIAN_POINT('Ctrl Pts',(153.487935212131,-102.19884232407,6.04993769197778));
#6202=CARTESIAN_POINT('Ctrl Pts',(153.502681969331,-102.181326532934,6.04458375194023));
#6203=CARTESIAN_POINT('Ctrl Pts',(153.516678855676,-102.163830359568,6.03764894282466));
#6204=CARTESIAN_POINT('Ctrl Pts',(153.529397577764,-102.147931897498,6.03134740491797));
#6205=CARTESIAN_POINT('Ctrl Pts',(153.541497187713,-102.132049673632,6.023740538007));
#6206=CARTESIAN_POINT('Ctrl Pts',(153.552857805009,-102.116220669046,6.01485904813019));
#6207=CARTESIAN_POINT('Ctrl Pts',(153.553999486922,-102.11462993786,6.01396650540265));
#6208=CARTESIAN_POINT('Ctrl Pts',(153.555133741856,-102.113039768648,6.01306109002039));
#6209=CARTESIAN_POINT('Ctrl Pts',(153.556260472886,-102.11145021567,6.01214283314743));
#6210=CARTESIAN_POINT('Ctrl Pts',(153.561118029445,-102.104597343702,6.00818404921777));
#6211=CARTESIAN_POINT('Ctrl Pts',(153.565769620464,-102.097848930952,6.004042223426));
#6212=CARTESIAN_POINT('Ctrl Pts',(153.570220682516,-102.091208033163,5.9997338972605));
#6213=CARTESIAN_POINT('Ctrl Pts',(153.579138244329,-102.077903204825,5.99110230227462));
#6214=CARTESIAN_POINT('Ctrl Pts',(153.587255321705,-102.0650329144,5.98180239388453));
#6215=CARTESIAN_POINT('Ctrl Pts',(153.594722007124,-102.052693645521,5.97196719364615));
#6216=CARTESIAN_POINT('Ctrl Pts',(153.602746124883,-102.039433177056,5.96139773739325));
#6217=CARTESIAN_POINT('Ctrl Pts',(153.61001893502,-102.026785856278,5.95021008041794));
#6218=CARTESIAN_POINT('Ctrl Pts',(153.61667445867,-102.014836101191,5.93856931635948));
#6219=CARTESIAN_POINT('Ctrl Pts',(153.62218720255,-102.00493816638,5.92892731759371));
#6220=CARTESIAN_POINT('Ctrl Pts',(153.627275273948,-101.995518023844,5.91897445368992));
#6221=CARTESIAN_POINT('Ctrl Pts',(153.631992628723,-101.986608635244,5.90880454284793));
#6222=CARTESIAN_POINT('Ctrl Pts',(153.639276772298,-101.972851504644,5.89310101952831));
#6223=CARTESIAN_POINT('Ctrl Pts',(153.645887550577,-101.959915568305,5.8764190434915));
#6224=CARTESIAN_POINT('Ctrl Pts',(153.651887923675,-101.947959456181,5.85887238604821));
#6225=CARTESIAN_POINT('Ctrl Pts',(153.658394226283,-101.93499524842,5.83984625863712));
#6226=CARTESIAN_POINT('Ctrl Pts',(153.664182756902,-101.923182998186,5.81980348904099));
#6227=CARTESIAN_POINT('Ctrl Pts',(153.669279706041,-101.912688382755,5.79888912159471));
#6228=CARTESIAN_POINT('Ctrl Pts',(153.673405615102,-101.904193138302,5.78195923357597));
#6229=CARTESIAN_POINT('Ctrl Pts',(153.677077032087,-101.896560404152,5.76445821571445));
#6230=CARTESIAN_POINT('Ctrl Pts',(153.680287393182,-101.889864231832,5.74646300387247));
#6231=CARTESIAN_POINT('Ctrl Pts',(153.685252433948,-101.879508148028,5.71863219053355));
#6232=CARTESIAN_POINT('Ctrl Pts',(153.689067938418,-101.871493790219,5.689904675414));
#6233=CARTESIAN_POINT('Ctrl Pts',(153.691725761706,-101.865913918466,5.6606235987864));
#6234=CARTESIAN_POINT('Ctrl Pts',(153.694721310441,-101.859625021141,5.62762182156946));
#6235=CARTESIAN_POINT('Ctrl Pts',(153.696243131312,-101.856426484722,5.59391686443672));
#6236=CARTESIAN_POINT('Ctrl Pts',(153.696243131312,-101.856426484722,5.56));
#6237=CARTESIAN_POINT('',(153.27847008188,-101.521517511211,5.56));
#6238=CARTESIAN_POINT('',(153.527852659961,-101.721435776284,5.56));
#6239=CARTESIAN_POINT('Ctrl Pts',(153.27847008188,-101.521517511211,5.56));
#6240=CARTESIAN_POINT('Ctrl Pts',(153.27847008188,-101.521517511211,5.59588627679783));
#6241=CARTESIAN_POINT('Ctrl Pts',(153.276787282078,-101.525118467316,5.63163794598017));
#6242=CARTESIAN_POINT('Ctrl Pts',(153.269341911854,-101.540993380778,5.7096966387575));
#6243=CARTESIAN_POINT('Ctrl Pts',(153.262825389605,-101.55499374765,5.75115363011958));
#6244=CARTESIAN_POINT('Ctrl Pts',(153.241647788426,-101.598350768716,5.84197262841545));
#6245=CARTESIAN_POINT('Ctrl Pts',(153.225907536583,-101.629436143371,5.88560652745593));
#6246=CARTESIAN_POINT('Ctrl Pts',(153.18148967847,-101.699845192635,5.96478873368138));
#6247=CARTESIAN_POINT('Ctrl Pts',(153.152681617597,-101.735043531684,5.99212684573115));
#6248=CARTESIAN_POINT('Ctrl Pts',(153.13000527919,-101.763204399312,6.00969942976311));
#6249=CARTESIAN_POINT('Ctrl Pts',(153.385502846611,-102.312178902284,5.56));
#6250=CARTESIAN_POINT('Ctrl Pts',(153.385502846611,-102.312178902284,6.06));
#6251=CARTESIAN_POINT('Ctrl Pts',(153.451274763857,-102.24136075435,5.56));
#6252=CARTESIAN_POINT('Ctrl Pts',(153.451274763857,-102.24136075435,6.06));
#6253=CARTESIAN_POINT('Ctrl Pts',(153.577898973941,-102.105021532122,5.56));
#6254=CARTESIAN_POINT('Ctrl Pts',(153.577898973941,-102.105021532122,6.06));
#6255=CARTESIAN_POINT('Ctrl Pts',(153.657830246455,-101.937117015998,5.56));
#6256=CARTESIAN_POINT('Ctrl Pts',(153.657830246455,-101.937117015998,6.06));
#6257=CARTESIAN_POINT('Ctrl Pts',(153.696243131312,-101.856426484722,5.56));
#6258=CARTESIAN_POINT('Ctrl Pts',(153.696243131312,-101.856426484722,6.06));
#6259=CARTESIAN_POINT('',(153.385502846611,-102.312178902284,5.56));
#6260=CARTESIAN_POINT('',(153.385502846611,-102.312178902284,5.56));
#6261=CARTESIAN_POINT('Ctrl Pts',(153.696243131312,-101.856426484722,5.56));
#6262=CARTESIAN_POINT('Ctrl Pts',(153.657830246455,-101.937117015998,5.56));
#6263=CARTESIAN_POINT('Ctrl Pts',(153.577898973941,-102.105021532122,5.56));
#6264=CARTESIAN_POINT('Ctrl Pts',(153.451274763857,-102.24136075435,5.56));
#6265=CARTESIAN_POINT('Ctrl Pts',(153.385502846611,-102.312178902284,5.56));
#6266=CARTESIAN_POINT('Ctrl Pts',(152.919392419559,-101.802910102357,5.56));
#6267=CARTESIAN_POINT('Ctrl Pts',(152.919392419559,-101.802910102357,6.06));
#6268=CARTESIAN_POINT('Ctrl Pts',(152.888731996514,-101.777640029113,5.56));
#6269=CARTESIAN_POINT('Ctrl Pts',(152.888731996514,-101.777640029113,6.06));
#6270=CARTESIAN_POINT('Ctrl Pts',(152.793430280477,-101.699093123841,5.56));
#6271=CARTESIAN_POINT('Ctrl Pts',(152.793430280477,-101.699093123841,6.06));
#6272=CARTESIAN_POINT('Ctrl Pts',(152.706989161163,-101.610771820283,5.56));
#6273=CARTESIAN_POINT('Ctrl Pts',(152.706989161163,-101.610771820283,6.06));
#6274=CARTESIAN_POINT('Ctrl Pts',(152.648357837903,-101.550865204766,5.56));
#6275=CARTESIAN_POINT('Ctrl Pts',(152.648357837903,-101.550865204766,6.06));
#6276=CARTESIAN_POINT('',(152.919392419559,-101.802910102357,5.56));
#6277=CARTESIAN_POINT('',(152.919392419559,-101.802910102357,5.56));
#6278=CARTESIAN_POINT('',(152.648357837903,-101.550865204766,5.56));
#6279=CARTESIAN_POINT('Ctrl Pts',(152.648357837903,-101.550865204766,5.56));
#6280=CARTESIAN_POINT('Ctrl Pts',(152.706989161163,-101.610771820283,5.56));
#6281=CARTESIAN_POINT('Ctrl Pts',(152.793430280477,-101.699093123841,5.56));
#6282=CARTESIAN_POINT('Ctrl Pts',(152.888731996514,-101.777640029113,5.56));
#6283=CARTESIAN_POINT('Ctrl Pts',(152.919392419559,-101.802910102357,5.56));
#6284=CARTESIAN_POINT('',(152.648357837903,-101.550865204766,5.56));
#6285=CARTESIAN_POINT('Origin',(149.838044574778,-105.06966631701,5.56));
#6286=CARTESIAN_POINT('',(150.592293375599,-105.022524297375,5.56));
#6287=CARTESIAN_POINT('',(150.238739985006,-104.668970906782,6.06));
#6288=CARTESIAN_POINT('Origin',(150.238739985006,-104.668970906782,5.56));
#6289=CARTESIAN_POINT('',(149.753639873889,-105.154071017899,6.06));
#6290=CARTESIAN_POINT('',(149.838044574778,-105.06966631701,6.06));
#6291=CARTESIAN_POINT('',(150.107193264482,-105.507624408492,5.56));
#6292=CARTESIAN_POINT('Origin',(149.753639873889,-105.154071017899,5.56));
#6293=CARTESIAN_POINT('',(149.606126575219,-106.008691097755,5.56));
#6294=CARTESIAN_POINT('Origin',(149.059307971074,-104.459739115083,5.56));
#6295=CARTESIAN_POINT('',(149.059307971074,-104.459739115083,6.06));
#6296=CARTESIAN_POINT('',(150.107193264482,-105.507624408492,6.06));
#6297=CARTESIAN_POINT('',(149.059307971074,-104.459739115083,5.56));
#6298=CARTESIAN_POINT('',(149.059307971074,-104.459739115083,5.56));
#6299=CARTESIAN_POINT('',(149.6686206748,-105.069051818809,5.56));
#6300=CARTESIAN_POINT('Origin',(149.203577474883,-104.266389815337,6.06));
#6301=CARTESIAN_POINT('',(149.42011196831,-103.850342890086,6.06));
#6302=CARTESIAN_POINT('',(149.42011196831,-103.850342890086,6.06));
#6303=CARTESIAN_POINT('',(148.990254574473,-103.52061292132,6.06));
#6304=CARTESIAN_POINT('Ctrl Pts',(149.42011196831,-103.850342890086,6.06));
#6305=CARTESIAN_POINT('Ctrl Pts',(149.344003698697,-103.774481664742,6.06));
#6306=CARTESIAN_POINT('Ctrl Pts',(149.214747962581,-103.645645487354,6.06));
#6307=CARTESIAN_POINT('Ctrl Pts',(149.055666007241,-103.55704410246,6.06));
#6308=CARTESIAN_POINT('Ctrl Pts',(148.990254574473,-103.52061292132,6.06));
#6309=CARTESIAN_POINT('',(148.540544329114,-103.488675725392,6.06));
#6310=CARTESIAN_POINT('Ctrl Pts',(148.990254574473,-103.52061292132,6.06));
#6311=CARTESIAN_POINT('Ctrl Pts',(148.91523003368,-103.496665952755,6.06));
#6312=CARTESIAN_POINT('Ctrl Pts',(148.767806265055,-103.449609985258,6.06));
#6313=CARTESIAN_POINT('Ctrl Pts',(148.615393589396,-103.475809330766,6.06));
#6314=CARTESIAN_POINT('Ctrl Pts',(148.540544329114,-103.488675725392,6.06));
#6315=CARTESIAN_POINT('',(148.11672910748,-103.748489130101,6.06));
#6316=CARTESIAN_POINT('Ctrl Pts',(148.540544329114,-103.488675725392,6.06));
#6317=CARTESIAN_POINT('Ctrl Pts',(148.465701292509,-103.51572793415,6.06));
#6318=CARTESIAN_POINT('Ctrl Pts',(148.30684751706,-103.573146041303,6.06));
#6319=CARTESIAN_POINT('Ctrl Pts',(148.182494120961,-103.687835137549,6.06));
#6320=CARTESIAN_POINT('Ctrl Pts',(148.11672910748,-103.748489130101,6.06));
#6321=CARTESIAN_POINT('',(147.890579233614,-104.119651136827,6.06));
#6322=CARTESIAN_POINT('Ctrl Pts',(148.11672910748,-103.748489130101,6.06));
#6323=CARTESIAN_POINT('Ctrl Pts',(148.067624880366,-103.803583136222,6.06));
#6324=CARTESIAN_POINT('Ctrl Pts',(147.969628176844,-103.913533568211,6.06));
#6325=CARTESIAN_POINT('Ctrl Pts',(147.916890896555,-104.05104432477,6.06));
#6326=CARTESIAN_POINT('Ctrl Pts',(147.890579233614,-104.119651136827,6.06));
#6327=CARTESIAN_POINT('',(147.849147195654,-104.599572243199,6.06));
#6328=CARTESIAN_POINT('Ctrl Pts',(147.890579233614,-104.119651136827,6.06));
#6329=CARTESIAN_POINT('Ctrl Pts',(147.872227702506,-104.194698741859,6.06));
#6330=CARTESIAN_POINT('Ctrl Pts',(147.833661576235,-104.352412852738,6.06));
#6331=CARTESIAN_POINT('Ctrl Pts',(147.843821716147,-104.514574528013,6.06));
#6332=CARTESIAN_POINT('Ctrl Pts',(147.849147195654,-104.599572243199,6.06));
#6333=CARTESIAN_POINT('',(147.417563466903,-104.592666903539,6.06));
#6334=CARTESIAN_POINT('Ctrl Pts',(147.849147195654,-104.599572243199,6.06));
#6335=CARTESIAN_POINT('Ctrl Pts',(147.774975472235,-104.582986704081,6.06));
#6336=CARTESIAN_POINT('Ctrl Pts',(147.631451212037,-104.550893244174,6.06));
#6337=CARTESIAN_POINT('Ctrl Pts',(147.487245357656,-104.579057579796,6.06));
#6338=CARTESIAN_POINT('Ctrl Pts',(147.417563466903,-104.592666903539,6.06));
#6339=CARTESIAN_POINT('',(147.039496120516,-104.825722117065,6.06));
#6340=CARTESIAN_POINT('Ctrl Pts',(147.417563466903,-104.592666903539,6.06));
#6341=CARTESIAN_POINT('Ctrl Pts',(147.350117458706,-104.617840921239,6.06));
#6342=CARTESIAN_POINT('Ctrl Pts',(147.208898682987,-104.67055040034,6.06));
#6343=CARTESIAN_POINT('Ctrl Pts',(147.097625364441,-104.772476083238,6.06));
#6344=CARTESIAN_POINT('Ctrl Pts',(147.039496120516,-104.825722117065,6.06));
#6345=CARTESIAN_POINT('',(146.759829864285,-105.688889574568,6.06));
#6346=CARTESIAN_POINT('Ctrl Pts',(147.039496120516,-104.825722117065,6.06));
#6347=CARTESIAN_POINT('Ctrl Pts',(146.945325725109,-104.947679929494,6.06));
#6348=CARTESIAN_POINT('Ctrl Pts',(146.749586791516,-105.201176710995,6.06));
#6349=CARTESIAN_POINT('Ctrl Pts',(146.756330544468,-105.522273235223,6.06));
#6350=CARTESIAN_POINT('Ctrl Pts',(146.759829864285,-105.688889574568,6.06));
#6351=CARTESIAN_POINT('',(146.509511301609,-105.438571011892,6.06));
#6352=CARTESIAN_POINT('',(146.509511301609,-105.438571011892,6.06));
#6353=CARTESIAN_POINT('',(146.062390558623,-105.885691754878,6.06));
#6354=CARTESIAN_POINT('',(146.062390558623,-105.885691754878,6.06));
#6355=CARTESIAN_POINT('',(147.542204847766,-107.365506044022,6.06));
#6356=CARTESIAN_POINT('',(147.895758238359,-107.719059434615,6.06));
#6357=CARTESIAN_POINT('',(148.027304958883,-106.880405932905,6.06));
#6358=CARTESIAN_POINT('',(148.732327061717,-106.175383830071,6.06));
#6359=CARTESIAN_POINT('',(147.490069533333,-106.343170507355,6.06));
#6360=CARTESIAN_POINT('',(147.490069533333,-106.343170507355,6.06));
#6361=CARTESIAN_POINT('',(147.150844722534,-105.926260625381,6.06));
#6362=CARTESIAN_POINT('Ctrl Pts',(147.490069533333,-106.343170507355,6.06));
#6363=CARTESIAN_POINT('Ctrl Pts',(147.414109975677,-106.267307445804,6.06));
#6364=CARTESIAN_POINT('Ctrl Pts',(147.286482920772,-106.139842523406,6.06));
#6365=CARTESIAN_POINT('Ctrl Pts',(147.189931722949,-105.98780874269,6.06));
#6366=CARTESIAN_POINT('Ctrl Pts',(147.150844722534,-105.926260625381,6.06));
#6367=CARTESIAN_POINT('',(147.105096847287,-105.623288847797,6.06));
#6368=CARTESIAN_POINT('Ctrl Pts',(147.150844722534,-105.926260625381,6.06));
#6369=CARTESIAN_POINT('Ctrl Pts',(147.130022819955,-105.876205830545,6.06));
#6370=CARTESIAN_POINT('Ctrl Pts',(147.089545246759,-105.778899803199,6.06));
#6371=CARTESIAN_POINT('Ctrl Pts',(147.100013517033,-105.674153186552,6.06));
#6372=CARTESIAN_POINT('Ctrl Pts',(147.105096847287,-105.623288847797,6.06));
#6373=CARTESIAN_POINT('',(147.246656310317,-105.360885940716,6.06));
#6374=CARTESIAN_POINT('Ctrl Pts',(147.105096847287,-105.623288847797,6.06));
#6375=CARTESIAN_POINT('Ctrl Pts',(147.118510610237,-105.574630018335,6.06));
#6376=CARTESIAN_POINT('Ctrl Pts',(147.145600854118,-105.476359342019,6.06));
#6377=CARTESIAN_POINT('Ctrl Pts',(147.212754076914,-105.399625127595,6.06));
#6378=CARTESIAN_POINT('Ctrl Pts',(147.246656310317,-105.360885940716,6.06));
#6379=CARTESIAN_POINT('',(147.43223731368,-105.251263673614,6.06));
#6380=CARTESIAN_POINT('Ctrl Pts',(147.246656310317,-105.360885940716,6.06));
#6381=CARTESIAN_POINT('Ctrl Pts',(147.276028962166,-105.333365747917,6.06));
#6382=CARTESIAN_POINT('Ctrl Pts',(147.329911597423,-105.282881354527,6.06));
#6383=CARTESIAN_POINT('Ctrl Pts',(147.400244485141,-105.26114915579,6.06));
#6384=CARTESIAN_POINT('Ctrl Pts',(147.43223731368,-105.251263673614,6.06));
#6385=CARTESIAN_POINT('',(147.628176326533,-105.286653539371,6.06));
#6386=CARTESIAN_POINT('Ctrl Pts',(147.43223731368,-105.251263673614,6.06));
#6387=CARTESIAN_POINT('Ctrl Pts',(147.464367064726,-105.249091990722,6.06));
#6388=CARTESIAN_POINT('Ctrl Pts',(147.532485215433,-105.244487814914,6.06));
#6389=CARTESIAN_POINT('Ctrl Pts',(147.595097044412,-105.272077348552,6.06));
#6390=CARTESIAN_POINT('Ctrl Pts',(147.628176326533,-105.286653539371,6.06));
#6391=CARTESIAN_POINT('',(147.99933833326,-105.606025498647,6.06));
#6392=CARTESIAN_POINT('Ctrl Pts',(147.628176326533,-105.286653539371,6.06));
#6393=CARTESIAN_POINT('Ctrl Pts',(147.677237359633,-105.320856374639,6.06));
#6394=CARTESIAN_POINT('Ctrl Pts',(147.81159465689,-105.414523389271,6.06));
#6395=CARTESIAN_POINT('Ctrl Pts',(147.926433372783,-105.531661056738,6.06));
#6396=CARTESIAN_POINT('Ctrl Pts',(147.99933833326,-105.606025498647,6.06));
#6397=CARTESIAN_POINT('',(148.6505118632,-106.257199028588,6.06));
#6398=CARTESIAN_POINT('',(149.004065253793,-106.610752419181,6.06));
#6399=CARTESIAN_POINT('',(149.135611974317,-105.772098917471,6.06));
#6400=CARTESIAN_POINT('',(149.286480569434,-105.621230322354,6.06));
#6401=CARTESIAN_POINT('',(148.608734558257,-105.245221501411,6.06));
#6402=CARTESIAN_POINT('',(148.608734558257,-105.245221501411,6.06));
#6403=CARTESIAN_POINT('',(148.269509747458,-104.826585284522,6.06));
#6404=CARTESIAN_POINT('Ctrl Pts',(148.608734558257,-105.245221501411,6.06));
#6405=CARTESIAN_POINT('Ctrl Pts',(148.533751426996,-105.169983672762,6.06));
#6406=CARTESIAN_POINT('Ctrl Pts',(148.406125300956,-105.041924035339,6.06));
#6407=CARTESIAN_POINT('Ctrl Pts',(148.3094048323,-104.889469469475,6.06));
#6408=CARTESIAN_POINT('Ctrl Pts',(148.269509747458,-104.826585284522,6.06));
#6409=CARTESIAN_POINT('',(148.216856532551,-104.514981832363,6.06));
#6410=CARTESIAN_POINT('Ctrl Pts',(148.269509747458,-104.826585284522,6.06));
#6411=CARTESIAN_POINT('Ctrl Pts',(148.247065172543,-104.774762826146,6.06));
#6412=CARTESIAN_POINT('Ctrl Pts',(148.203880476662,-104.675053336738,6.06));
#6413=CARTESIAN_POINT('Ctrl Pts',(148.212646509244,-104.566916316147,6.06));
#6414=CARTESIAN_POINT('Ctrl Pts',(148.216856532551,-104.514981832363,6.06));
#6415=CARTESIAN_POINT('',(148.346331651176,-104.261210599858,6.06));
#6416=CARTESIAN_POINT('Ctrl Pts',(148.216856532551,-104.514981832363,6.06));
#6417=CARTESIAN_POINT('Ctrl Pts',(148.228831057709,-104.466757927049,6.06));
#6418=CARTESIAN_POINT('Ctrl Pts',(148.2523426916,-104.372071683418,6.06));
#6419=CARTESIAN_POINT('Ctrl Pts',(148.315392999313,-104.29770310371,6.06));
#6420=CARTESIAN_POINT('Ctrl Pts',(148.346331651176,-104.261210599858,6.06));
#6421=CARTESIAN_POINT('',(148.657071935877,-104.157630504957,6.06));
#6422=CARTESIAN_POINT('Ctrl Pts',(148.346331651176,-104.261210599858,6.06));
#6423=CARTESIAN_POINT('Ctrl Pts',(148.393097092808,-104.221714976242,6.06));
#6424=CARTESIAN_POINT('Ctrl Pts',(148.483266605427,-104.145562565238,6.06));
#6425=CARTESIAN_POINT('Ctrl Pts',(148.60059475905,-104.153709088027,6.06));
#6426=CARTESIAN_POINT('Ctrl Pts',(148.657071935877,-104.157630504957,6.06));
#6427=CARTESIAN_POINT('Ctrl Pts',(148.657071935877,-104.157630504957,6.06));
#6428=CARTESIAN_POINT('Ctrl Pts',(148.713716898458,-104.185506932281,6.06));
#6429=CARTESIAN_POINT('Ctrl Pts',(148.865983174641,-104.260441040956,6.06));
#6430=CARTESIAN_POINT('Ctrl Pts',(148.984733963545,-104.382860947592,6.06));
#6431=CARTESIAN_POINT('Ctrl Pts',(149.059307971074,-104.459739115083,6.06));
#6432=CARTESIAN_POINT('Origin',(149.286480569434,-105.621230322354,5.56));
#6433=CARTESIAN_POINT('',(149.48916536491,-106.125652308064,5.56));
#6434=CARTESIAN_POINT('Origin',(149.135611974317,-105.772098917471,5.56));
#6435=CARTESIAN_POINT('',(149.004065253793,-106.610752419181,5.56));
#6436=CARTESIAN_POINT('Origin',(148.6505118632,-106.257199028588,5.56));
#6437=CARTESIAN_POINT('',(149.054562569875,-106.5602551031,5.56));
#6438=CARTESIAN_POINT('Origin',(147.99933833326,-105.606025498647,5.56));
#6439=CARTESIAN_POINT('',(147.99933833326,-105.606025498647,5.56));
#6440=CARTESIAN_POINT('',(147.99933833326,-105.606025498647,5.56));
#6441=CARTESIAN_POINT('',(148.587071850548,-106.193759015936,5.56));
#6442=CARTESIAN_POINT('Origin',(148.732327061717,-106.175383830071,5.56));
#6443=CARTESIAN_POINT('',(147.895758238359,-107.719059434615,5.56));
#6444=CARTESIAN_POINT('Origin',(147.542204847766,-107.365506044022,5.56));
#6445=CARTESIAN_POINT('',(148.380858349476,-107.233959323498,5.56));
#6446=CARTESIAN_POINT('',(148.500409062158,-107.114408610817,5.56));
#6447=CARTESIAN_POINT('Origin',(148.027304958883,-106.880405932905,5.56));
#6448=CARTESIAN_POINT('Origin',(148.380858349476,-107.233959323498,5.56));
#6449=CARTESIAN_POINT('',(147.490069533333,-106.343170507355,5.56));
#6450=CARTESIAN_POINT('',(148.466228406498,-107.31932938052,5.56));
#6451=CARTESIAN_POINT('',(147.490069533333,-106.343170507355,5.56));
#6452=CARTESIAN_POINT('Ctrl Pts',(146.958358379511,-108.340540004017,5.56));
#6453=CARTESIAN_POINT('Ctrl Pts',(146.958358379511,-108.340540004017,6.06));
#6454=CARTESIAN_POINT('Ctrl Pts',(146.96133324641,-108.177273675156,5.56));
#6455=CARTESIAN_POINT('Ctrl Pts',(146.96133324641,-108.177273675156,6.06));
#6456=CARTESIAN_POINT('Ctrl Pts',(146.967723205334,-107.826580628875,5.56));
#6457=CARTESIAN_POINT('Ctrl Pts',(146.967723205334,-107.826580628875,6.06));
#6458=CARTESIAN_POINT('Ctrl Pts',(146.807487779699,-107.513497380549,5.56));
#6459=CARTESIAN_POINT('Ctrl Pts',(146.807487779699,-107.513497380549,6.06));
#6460=CARTESIAN_POINT('Ctrl Pts',(146.721850496155,-107.346171092974,5.56));
#6461=CARTESIAN_POINT('Ctrl Pts',(146.721850496155,-107.346171092974,6.06));
#6462=CARTESIAN_POINT('',(146.958358379511,-108.340540004017,5.56));
#6463=CARTESIAN_POINT('',(146.958358379511,-108.340540004017,5.56));
#6464=CARTESIAN_POINT('Ctrl Pts',(146.721850496155,-107.346171092974,5.56));
#6465=CARTESIAN_POINT('Ctrl Pts',(146.807487779699,-107.513497380549,5.56));
#6466=CARTESIAN_POINT('Ctrl Pts',(146.967723205334,-107.826580628875,5.56));
#6467=CARTESIAN_POINT('Ctrl Pts',(146.96133324641,-108.177273675156,5.56));
#6468=CARTESIAN_POINT('Ctrl Pts',(146.958358379511,-108.340540004017,5.56));
#6469=CARTESIAN_POINT('Ctrl Pts',(146.487068947714,-109.21406547101,5.56));
#6470=CARTESIAN_POINT('Ctrl Pts',(146.487068947714,-109.21406547101,6.06));
#6471=CARTESIAN_POINT('Ctrl Pts',(146.60782052614,-109.080534219163,5.56));
#6472=CARTESIAN_POINT('Ctrl Pts',(146.60782052614,-109.080534219163,6.06));
#6473=CARTESIAN_POINT('Ctrl Pts',(146.836812825726,-108.827306652072,5.56));
#6474=CARTESIAN_POINT('Ctrl Pts',(146.836812825726,-108.827306652072,6.06));
#6475=CARTESIAN_POINT('Ctrl Pts',(146.91934624966,-108.496776107188,5.56));
#6476=CARTESIAN_POINT('Ctrl Pts',(146.91934624966,-108.496776107188,6.06));
#6477=CARTESIAN_POINT('Ctrl Pts',(146.958358379511,-108.340540004017,5.56));
#6478=CARTESIAN_POINT('Ctrl Pts',(146.958358379511,-108.340540004017,6.06));
#6479=CARTESIAN_POINT('',(146.487068947714,-109.21406547101,5.56));
#6480=CARTESIAN_POINT('Ctrl Pts',(146.958358379511,-108.340540004017,5.56));
#6481=CARTESIAN_POINT('Ctrl Pts',(146.91934624966,-108.496776107188,5.56));
#6482=CARTESIAN_POINT('Ctrl Pts',(146.836812825726,-108.827306652072,5.56));
#6483=CARTESIAN_POINT('Ctrl Pts',(146.60782052614,-109.080534219163,5.56));
#6484=CARTESIAN_POINT('Ctrl Pts',(146.487068947714,-109.21406547101,5.56));
#6485=CARTESIAN_POINT('',(146.487068947714,-109.21406547101,5.56));
#6486=CARTESIAN_POINT('Ctrl Pts',(145.314024372968,-109.69830241467,5.56));
#6487=CARTESIAN_POINT('Ctrl Pts',(145.314024372968,-109.69830241467,6.06));
#6488=CARTESIAN_POINT('Ctrl Pts',(145.531586138125,-109.681624818227,5.56));
#6489=CARTESIAN_POINT('Ctrl Pts',(145.531586138125,-109.681624818227,6.06));
#6490=CARTESIAN_POINT('Ctrl Pts',(145.974637791589,-109.647661880511,5.56));
#6491=CARTESIAN_POINT('Ctrl Pts',(145.974637791589,-109.647661880511,6.06));
#6492=CARTESIAN_POINT('Ctrl Pts',(146.314232950338,-109.360311590121,5.56));
#6493=CARTESIAN_POINT('Ctrl Pts',(146.314232950338,-109.360311590121,6.06));
#6494=CARTESIAN_POINT('Ctrl Pts',(146.487068947714,-109.21406547101,5.56));
#6495=CARTESIAN_POINT('Ctrl Pts',(146.487068947714,-109.21406547101,6.06));
#6496=CARTESIAN_POINT('',(145.314024372968,-109.69830241467,5.56));
#6497=CARTESIAN_POINT('Ctrl Pts',(146.487068947714,-109.21406547101,5.56));
#6498=CARTESIAN_POINT('Ctrl Pts',(146.314232950338,-109.360311590121,5.56));
#6499=CARTESIAN_POINT('Ctrl Pts',(145.974637791589,-109.647661880511,5.56));
#6500=CARTESIAN_POINT('Ctrl Pts',(145.531586138125,-109.681624818227,5.56));
#6501=CARTESIAN_POINT('Ctrl Pts',(145.314024372968,-109.69830241467,5.56));
#6502=CARTESIAN_POINT('',(145.314024372968,-109.69830241467,5.56));
#6503=CARTESIAN_POINT('Ctrl Pts',(144.047757712811,-109.081137682555,5.56));
#6504=CARTESIAN_POINT('Ctrl Pts',(144.047757712811,-109.081137682555,6.06));
#6505=CARTESIAN_POINT('Ctrl Pts',(144.24169474181,-109.255724336879,5.56));
#6506=CARTESIAN_POINT('Ctrl Pts',(144.24169474181,-109.255724336879,6.06));
#6507=CARTESIAN_POINT('Ctrl Pts',(144.606077123593,-109.583749888568,5.56));
#6508=CARTESIAN_POINT('Ctrl Pts',(144.606077123593,-109.583749888568,6.06));
#6509=CARTESIAN_POINT('Ctrl Pts',(145.088407205283,-109.661795434082,5.56));
#6510=CARTESIAN_POINT('Ctrl Pts',(145.088407205283,-109.661795434082,6.06));
#6511=CARTESIAN_POINT('Ctrl Pts',(145.314024372968,-109.69830241467,5.56));
#6512=CARTESIAN_POINT('Ctrl Pts',(145.314024372968,-109.69830241467,6.06));
#6513=CARTESIAN_POINT('',(144.047757712811,-109.081137682555,5.56));
#6514=CARTESIAN_POINT('Ctrl Pts',(145.314024372968,-109.69830241467,5.56));
#6515=CARTESIAN_POINT('Ctrl Pts',(145.088407205283,-109.661795434082,5.56));
#6516=CARTESIAN_POINT('Ctrl Pts',(144.606077123593,-109.583749888568,5.56));
#6517=CARTESIAN_POINT('Ctrl Pts',(144.24169474181,-109.255724336879,5.56));
#6518=CARTESIAN_POINT('Ctrl Pts',(144.047757712811,-109.081137682555,5.56));
#6519=CARTESIAN_POINT('',(144.047757712811,-109.081137682555,5.56));
#6520=CARTESIAN_POINT('Ctrl Pts',(143.392613612566,-107.773438984438,5.56));
#6521=CARTESIAN_POINT('Ctrl Pts',(143.392613612566,-107.773438984438,6.06));
#6522=CARTESIAN_POINT('Ctrl Pts',(143.432953716434,-108.003809250859,5.56));
#6523=CARTESIAN_POINT('Ctrl Pts',(143.432953716434,-108.003809250859,6.06));
#6524=CARTESIAN_POINT('Ctrl Pts',(143.520350612452,-108.502906781346,5.56));
#6525=CARTESIAN_POINT('Ctrl Pts',(143.520350612452,-108.502906781346,6.06));
#6526=CARTESIAN_POINT('Ctrl Pts',(143.863173067806,-108.878765462769,5.56));
#6527=CARTESIAN_POINT('Ctrl Pts',(143.863173067806,-108.878765462769,6.06));
#6528=CARTESIAN_POINT('Ctrl Pts',(144.047757712811,-109.081137682555,5.56));
#6529=CARTESIAN_POINT('Ctrl Pts',(144.047757712811,-109.081137682555,6.06));
#6530=CARTESIAN_POINT('',(143.392613612566,-107.773438984438,5.56));
#6531=CARTESIAN_POINT('Ctrl Pts',(144.047757712811,-109.081137682555,5.56));
#6532=CARTESIAN_POINT('Ctrl Pts',(143.863173067806,-108.878765462769,5.56));
#6533=CARTESIAN_POINT('Ctrl Pts',(143.520350612452,-108.502906781346,5.56));
#6534=CARTESIAN_POINT('Ctrl Pts',(143.432953716434,-108.003809250859,5.56));
#6535=CARTESIAN_POINT('Ctrl Pts',(143.392613612566,-107.773438984438,5.56));
#6536=CARTESIAN_POINT('',(143.392613612566,-107.773438984438,5.56));
#6537=CARTESIAN_POINT('Ctrl Pts',(143.901019245035,-106.565867711391,5.56));
#6538=CARTESIAN_POINT('Ctrl Pts',(143.901019245035,-106.565867711391,6.06));
#6539=CARTESIAN_POINT('Ctrl Pts',(143.746826958237,-106.745524444308,5.56));
#6540=CARTESIAN_POINT('Ctrl Pts',(143.746826958237,-106.745524444308,6.06));
#6541=CARTESIAN_POINT('Ctrl Pts',(143.447445998678,-107.094347373193,5.56));
#6542=CARTESIAN_POINT('Ctrl Pts',(143.447445998678,-107.094347373193,6.06));
#6543=CARTESIAN_POINT('Ctrl Pts',(143.410520911637,-107.551659531789,5.56));
#6544=CARTESIAN_POINT('Ctrl Pts',(143.410520911637,-107.551659531789,6.06));
#6545=CARTESIAN_POINT('Ctrl Pts',(143.392613612566,-107.773438984438,5.56));
#6546=CARTESIAN_POINT('Ctrl Pts',(143.392613612566,-107.773438984438,6.06));
#6547=CARTESIAN_POINT('',(143.901019245035,-106.565867711391,5.56));
#6548=CARTESIAN_POINT('Ctrl Pts',(143.392613612566,-107.773438984438,5.56));
#6549=CARTESIAN_POINT('Ctrl Pts',(143.410520911637,-107.551659531789,5.56));
#6550=CARTESIAN_POINT('Ctrl Pts',(143.447445998678,-107.094347373193,5.56));
#6551=CARTESIAN_POINT('Ctrl Pts',(143.746826958237,-106.745524444308,5.56));
#6552=CARTESIAN_POINT('Ctrl Pts',(143.901019245035,-106.565867711391,5.56));
#6553=CARTESIAN_POINT('',(143.901019245035,-106.565867711391,5.56));
#6554=CARTESIAN_POINT('Ctrl Pts',(144.929914854379,-106.085946605019,5.56));
#6555=CARTESIAN_POINT('Ctrl Pts',(144.929914854379,-106.085946605019,6.06));
#6556=CARTESIAN_POINT('Ctrl Pts',(144.742944812888,-106.112876361718,5.56));
#6557=CARTESIAN_POINT('Ctrl Pts',(144.742944812888,-106.112876361718,6.06));
#6558=CARTESIAN_POINT('Ctrl Pts',(144.352629640058,-106.169094419736,5.56));
#6559=CARTESIAN_POINT('Ctrl Pts',(144.352629640058,-106.169094419736,6.06));
#6560=CARTESIAN_POINT('Ctrl Pts',(144.055708339868,-106.429961846477,5.56));
#6561=CARTESIAN_POINT('Ctrl Pts',(144.055708339868,-106.429961846477,6.06));
#6562=CARTESIAN_POINT('Ctrl Pts',(143.901019245035,-106.565867711391,5.56));
#6563=CARTESIAN_POINT('Ctrl Pts',(143.901019245035,-106.565867711391,6.06));
#6564=CARTESIAN_POINT('Ctrl Pts',(143.901019245035,-106.565867711391,5.56));
#6565=CARTESIAN_POINT('Ctrl Pts',(144.055708339868,-106.429961846477,5.56));
#6566=CARTESIAN_POINT('Ctrl Pts',(144.352629640058,-106.169094419736,5.56));
#6567=CARTESIAN_POINT('Ctrl Pts',(144.742944812888,-106.112876361718,5.56));
#6568=CARTESIAN_POINT('Ctrl Pts',(144.929914854379,-106.085946605019,5.56));
#6569=CARTESIAN_POINT('Ctrl Pts',(144.771955209656,-106.796333422544,5.56));
#6570=CARTESIAN_POINT('Ctrl Pts',(144.771955209656,-106.796333422544,6.06));
#6571=CARTESIAN_POINT('Ctrl Pts',(144.857847524054,-106.795027113632,5.56));
#6572=CARTESIAN_POINT('Ctrl Pts',(144.857847524054,-106.795027113632,6.06));
#6573=CARTESIAN_POINT('Ctrl Pts',(145.034502998779,-106.792340416661,5.56));
#6574=CARTESIAN_POINT('Ctrl Pts',(145.034502998779,-106.792340416661,6.06));
#6575=CARTESIAN_POINT('Ctrl Pts',(145.190073065688,-106.876517392931,5.56));
#6576=CARTESIAN_POINT('Ctrl Pts',(145.190073065688,-106.876517392931,6.06));
#6577=CARTESIAN_POINT('Ctrl Pts',(145.270002832635,-106.919766368967,5.56));
#6578=CARTESIAN_POINT('Ctrl Pts',(145.270002832635,-106.919766368967,6.06));
#6579=CARTESIAN_POINT('Ctrl Pts',(145.270002832635,-106.919766368967,5.56));
#6580=CARTESIAN_POINT('Ctrl Pts',(145.190073065688,-106.876517392931,5.56));
#6581=CARTESIAN_POINT('Ctrl Pts',(145.034502998779,-106.792340416661,5.56));
#6582=CARTESIAN_POINT('Ctrl Pts',(144.857847524054,-106.795027113632,5.56));
#6583=CARTESIAN_POINT('Ctrl Pts',(144.771955209656,-106.796333422544,5.56));
#6584=CARTESIAN_POINT('Ctrl Pts',(144.057252554843,-107.687122238687,5.56));
#6585=CARTESIAN_POINT('Ctrl Pts',(144.057252554843,-107.687122238687,6.06));
#6586=CARTESIAN_POINT('Ctrl Pts',(144.061845279574,-107.564714273369,5.56));
#6587=CARTESIAN_POINT('Ctrl Pts',(144.061845279574,-107.564714273369,6.06));
#6588=CARTESIAN_POINT('Ctrl Pts',(144.071167264504,-107.316259320196,5.56));
#6589=CARTESIAN_POINT('Ctrl Pts',(144.071167264504,-107.316259320196,6.06));
#6590=CARTESIAN_POINT('Ctrl Pts',(144.23086736971,-107.125368719134,5.56));
#6591=CARTESIAN_POINT('Ctrl Pts',(144.23086736971,-107.125368719134,6.06));
#6592=CARTESIAN_POINT('Ctrl Pts',(144.311886954807,-107.028525468612,5.56));
#6593=CARTESIAN_POINT('Ctrl Pts',(144.311886954807,-107.028525468612,6.06));
#6594=CARTESIAN_POINT('',(144.057252554843,-107.687122238687,5.56));
#6595=CARTESIAN_POINT('Ctrl Pts',(144.311886954807,-107.028525468612,5.56));
#6596=CARTESIAN_POINT('Ctrl Pts',(144.23086736971,-107.125368719134,5.56));
#6597=CARTESIAN_POINT('Ctrl Pts',(144.071167264504,-107.316259320196,5.56));
#6598=CARTESIAN_POINT('Ctrl Pts',(144.061845279574,-107.564714273369,5.56));
#6599=CARTESIAN_POINT('Ctrl Pts',(144.057252554843,-107.687122238687,5.56));
#6600=CARTESIAN_POINT('',(144.057252554843,-107.687122238687,5.56));
#6601=CARTESIAN_POINT('Ctrl Pts',(144.536310493757,-108.516626165348,5.56));
#6602=CARTESIAN_POINT('Ctrl Pts',(144.536310493757,-108.516626165348,6.06));
#6603=CARTESIAN_POINT('Ctrl Pts',(144.404925597424,-108.380879499756,5.56));
#6604=CARTESIAN_POINT('Ctrl Pts',(144.404925597424,-108.380879499756,6.06));
#6605=CARTESIAN_POINT('Ctrl Pts',(144.174575808682,-108.14288246498,5.56));
#6606=CARTESIAN_POINT('Ctrl Pts',(144.174575808682,-108.14288246498,6.06));
#6607=CARTESIAN_POINT('Ctrl Pts',(144.092510269904,-107.824086256209,5.56));
#6608=CARTESIAN_POINT('Ctrl Pts',(144.092510269904,-107.824086256209,6.06));
#6609=CARTESIAN_POINT('Ctrl Pts',(144.057252554843,-107.687122238687,5.56));
#6610=CARTESIAN_POINT('Ctrl Pts',(144.057252554843,-107.687122238687,6.06));
#6611=CARTESIAN_POINT('',(144.536310493757,-108.516626165348,5.56));
#6612=CARTESIAN_POINT('Ctrl Pts',(144.057252554843,-107.687122238687,5.56));
#6613=CARTESIAN_POINT('Ctrl Pts',(144.092510269904,-107.824086256209,5.56));
#6614=CARTESIAN_POINT('Ctrl Pts',(144.174575808682,-108.14288246498,5.56));
#6615=CARTESIAN_POINT('Ctrl Pts',(144.404925597424,-108.380879499756,5.56));
#6616=CARTESIAN_POINT('Ctrl Pts',(144.536310493757,-108.516626165348,5.56));
#6617=CARTESIAN_POINT('',(144.536310493757,-108.516626165348,5.56));
#6618=CARTESIAN_POINT('Ctrl Pts',(145.3925726116,-109.02762130019,5.56));
#6619=CARTESIAN_POINT('Ctrl Pts',(145.3925726116,-109.02762130019,6.06));
#6620=CARTESIAN_POINT('Ctrl Pts',(145.253538508239,-108.988687916695,5.56));
#6621=CARTESIAN_POINT('Ctrl Pts',(145.253538508239,-108.988687916695,6.06));
#6622=CARTESIAN_POINT('Ctrl Pts',(144.924265866491,-108.896482495684,5.56));
#6623=CARTESIAN_POINT('Ctrl Pts',(144.924265866491,-108.896482495684,6.06));
#6624=CARTESIAN_POINT('Ctrl Pts',(144.67837493027,-108.655724833179,5.56));
#6625=CARTESIAN_POINT('Ctrl Pts',(144.67837493027,-108.655724833179,6.06));
#6626=CARTESIAN_POINT('Ctrl Pts',(144.536310493757,-108.516626165348,5.56));
#6627=CARTESIAN_POINT('Ctrl Pts',(144.536310493757,-108.516626165348,6.06));
#6628=CARTESIAN_POINT('',(145.3925726116,-109.02762130019,5.56));
#6629=CARTESIAN_POINT('Ctrl Pts',(144.536310493757,-108.516626165348,5.56));
#6630=CARTESIAN_POINT('Ctrl Pts',(144.67837493027,-108.655724833179,5.56));
#6631=CARTESIAN_POINT('Ctrl Pts',(144.924265866491,-108.896482495684,5.56));
#6632=CARTESIAN_POINT('Ctrl Pts',(145.253538508239,-108.988687916695,5.56));
#6633=CARTESIAN_POINT('Ctrl Pts',(145.3925726116,-109.02762130019,5.56));
#6634=CARTESIAN_POINT('',(145.3925726116,-109.02762130019,5.56));
#6635=CARTESIAN_POINT('Ctrl Pts',(146.045127209473,-108.782481742259,5.56));
#6636=CARTESIAN_POINT('Ctrl Pts',(146.045127209473,-108.782481742259,6.06));
#6637=CARTESIAN_POINT('Ctrl Pts',(145.949507216937,-108.861798347222,5.56));
#6638=CARTESIAN_POINT('Ctrl Pts',(145.949507216937,-108.861798347222,6.06));
#6639=CARTESIAN_POINT('Ctrl Pts',(145.760114922319,-109.01889890137,5.56));
#6640=CARTESIAN_POINT('Ctrl Pts',(145.760114922319,-109.01889890137,6.06));
#6641=CARTESIAN_POINT('Ctrl Pts',(145.514287292709,-109.02473280556,5.56));
#6642=CARTESIAN_POINT('Ctrl Pts',(145.514287292709,-109.02473280556,6.06));
#6643=CARTESIAN_POINT('Ctrl Pts',(145.3925726116,-109.02762130019,5.56));
#6644=CARTESIAN_POINT('Ctrl Pts',(145.3925726116,-109.02762130019,6.06));
#6645=CARTESIAN_POINT('',(146.045127209473,-108.782481742259,5.56));
#6646=CARTESIAN_POINT('Ctrl Pts',(145.3925726116,-109.02762130019,5.56));
#6647=CARTESIAN_POINT('Ctrl Pts',(145.514287292709,-109.02473280556,5.56));
#6648=CARTESIAN_POINT('Ctrl Pts',(145.760114922319,-109.01889890137,5.56));
#6649=CARTESIAN_POINT('Ctrl Pts',(145.949507216937,-108.861798347222,5.56));
#6650=CARTESIAN_POINT('Ctrl Pts',(146.045127209473,-108.782481742259,5.56));
#6651=CARTESIAN_POINT('',(146.045127209473,-108.782481742259,5.56));
#6652=CARTESIAN_POINT('Ctrl Pts',(146.266098078594,-108.302560635887,5.56));
#6653=CARTESIAN_POINT('Ctrl Pts',(146.266098078594,-108.302560635887,6.06));
#6654=CARTESIAN_POINT('Ctrl Pts',(146.252205606309,-108.391977644923,5.56));
#6655=CARTESIAN_POINT('Ctrl Pts',(146.252205606309,-108.391977644923,6.06));
#6656=CARTESIAN_POINT('Ctrl Pts',(146.224109620389,-108.572813638364,5.56));
#6657=CARTESIAN_POINT('Ctrl Pts',(146.224109620389,-108.572813638364,6.06));
#6658=CARTESIAN_POINT('Ctrl Pts',(146.105226717521,-108.712078456075,5.56));
#6659=CARTESIAN_POINT('Ctrl Pts',(146.105226717521,-108.712078456075,6.06));
#6660=CARTESIAN_POINT('Ctrl Pts',(146.045127209473,-108.782481742259,5.56));
#6661=CARTESIAN_POINT('Ctrl Pts',(146.045127209473,-108.782481742259,6.06));
#6662=CARTESIAN_POINT('Ctrl Pts',(146.045127209473,-108.782481742259,5.56));
#6663=CARTESIAN_POINT('Ctrl Pts',(146.105226717521,-108.712078456075,5.56));
#6664=CARTESIAN_POINT('Ctrl Pts',(146.224109620389,-108.572813638364,5.56));
#6665=CARTESIAN_POINT('Ctrl Pts',(146.252205606309,-108.391977644923,5.56));
#6666=CARTESIAN_POINT('Ctrl Pts',(146.266098078594,-108.302560635887,5.56));
#6667=CARTESIAN_POINT('Ctrl Pts',(153.417440042538,-99.409346742701,5.56));
#6668=CARTESIAN_POINT('Ctrl Pts',(153.417440042538,-99.409346742701,6.06));
#6669=CARTESIAN_POINT('Ctrl Pts',(153.491353940626,-99.4224015236233,5.56));
#6670=CARTESIAN_POINT('Ctrl Pts',(153.491353940626,-99.4224015236233,6.06));
#6671=CARTESIAN_POINT('Ctrl Pts',(153.654054199077,-99.4511378815346,5.56));
#6672=CARTESIAN_POINT('Ctrl Pts',(153.654054199077,-99.4511378815346,6.06));
#6673=CARTESIAN_POINT('Ctrl Pts',(153.778515242895,-99.5609161882473,5.56));
#6674=CARTESIAN_POINT('Ctrl Pts',(153.778515242895,-99.5609161882473,6.06));
#6675=CARTESIAN_POINT('Ctrl Pts',(153.846434268917,-99.6208227697893,5.56));
#6676=CARTESIAN_POINT('Ctrl Pts',(153.846434268917,-99.6208227697893,6.06));
#6677=CARTESIAN_POINT('',(153.846434268917,-99.6208227697893,5.56));
#6678=CARTESIAN_POINT('',(153.417440042538,-99.409346742701,5.56));
#6679=CARTESIAN_POINT('Ctrl Pts',(153.846434268917,-99.6208227697893,5.56));
#6680=CARTESIAN_POINT('Ctrl Pts',(153.778515242895,-99.5609161882473,5.56));
#6681=CARTESIAN_POINT('Ctrl Pts',(153.654054199077,-99.4511378815346,5.56));
#6682=CARTESIAN_POINT('Ctrl Pts',(153.491353940626,-99.4224015236233,5.56));
#6683=CARTESIAN_POINT('Ctrl Pts',(153.417440042538,-99.409346742701,5.56));
#6684=CARTESIAN_POINT('',(153.846434268917,-99.6208227697893,5.56));
#6685=CARTESIAN_POINT('',(153.417440042538,-99.409346742701,5.56));
#6686=CARTESIAN_POINT('Ctrl Pts',(153.055772877845,-99.551769373189,5.56));
#6687=CARTESIAN_POINT('Ctrl Pts',(153.055772877845,-99.551769373189,6.06));
#6688=CARTESIAN_POINT('Ctrl Pts',(153.108115492279,-99.5087235953866,5.56));
#6689=CARTESIAN_POINT('Ctrl Pts',(153.108115492279,-99.5087235953866,6.06));
#6690=CARTESIAN_POINT('Ctrl Pts',(153.213269009904,-99.4222469261608,5.56));
#6691=CARTESIAN_POINT('Ctrl Pts',(153.213269009904,-99.4222469261608,6.06));
#6692=CARTESIAN_POINT('Ctrl Pts',(153.349181275259,-99.4136595514735,5.56));
#6693=CARTESIAN_POINT('Ctrl Pts',(153.349181275259,-99.4136595514735,6.06));
#6694=CARTESIAN_POINT('Ctrl Pts',(153.417440042538,-99.409346742701,5.56));
#6695=CARTESIAN_POINT('Ctrl Pts',(153.417440042538,-99.409346742701,6.06));
#6696=CARTESIAN_POINT('',(153.055772877845,-99.551769373189,5.56));
#6697=CARTESIAN_POINT('Ctrl Pts',(153.417440042538,-99.409346742701,5.56));
#6698=CARTESIAN_POINT('Ctrl Pts',(153.349181275259,-99.4136595514735,5.56));
#6699=CARTESIAN_POINT('Ctrl Pts',(153.213269009904,-99.4222469261608,5.56));
#6700=CARTESIAN_POINT('Ctrl Pts',(153.108115492279,-99.5087235953866,5.56));
#6701=CARTESIAN_POINT('Ctrl Pts',(153.055772877845,-99.551769373189,5.56));
#6702=CARTESIAN_POINT('',(153.055772877845,-99.551769373189,5.56));
#6703=CARTESIAN_POINT('Ctrl Pts',(152.909034410069,-99.9298367195754,5.56));
#6704=CARTESIAN_POINT('Ctrl Pts',(152.909034410069,-99.9298367195754,6.06));
#6705=CARTESIAN_POINT('Ctrl Pts',(152.912297138437,-99.859103870606,5.56));
#6706=CARTESIAN_POINT('Ctrl Pts',(152.912297138437,-99.859103870606,6.06));
#6707=CARTESIAN_POINT('Ctrl Pts',(152.918865104392,-99.7167166132211,5.56));
#6708=CARTESIAN_POINT('Ctrl Pts',(152.918865104392,-99.7167166132211,6.06));
#6709=CARTESIAN_POINT('Ctrl Pts',(153.009940467236,-99.6069885140982,5.56));
#6710=CARTESIAN_POINT('Ctrl Pts',(153.009940467236,-99.6069885140982,6.06));
#6711=CARTESIAN_POINT('Ctrl Pts',(153.055772877845,-99.551769373189,5.56));
#6712=CARTESIAN_POINT('Ctrl Pts',(153.055772877845,-99.551769373189,6.06));
#6713=CARTESIAN_POINT('',(152.909034410069,-99.9298367195754,5.56));
#6714=CARTESIAN_POINT('Ctrl Pts',(153.055772877845,-99.551769373189,5.56));
#6715=CARTESIAN_POINT('Ctrl Pts',(153.009940467236,-99.6069885140982,5.56));
#6716=CARTESIAN_POINT('Ctrl Pts',(152.918865104392,-99.7167166132211,5.56));
#6717=CARTESIAN_POINT('Ctrl Pts',(152.912297138437,-99.859103870606,5.56));
#6718=CARTESIAN_POINT('Ctrl Pts',(152.909034410069,-99.9298367195754,5.56));
#6719=CARTESIAN_POINT('',(152.909034410069,-99.9298367195754,5.56));
#6720=CARTESIAN_POINT('Ctrl Pts',(153.121373604615,-100.345883434092,5.56));
#6721=CARTESIAN_POINT('Ctrl Pts',(153.121373604615,-100.345883434092,6.06));
#6722=CARTESIAN_POINT('Ctrl Pts',(153.062695687441,-100.282171677009,5.56));
#6723=CARTESIAN_POINT('Ctrl Pts',(153.062695687441,-100.282171677009,6.06));
#6724=CARTESIAN_POINT('Ctrl Pts',(152.952781455684,-100.162828162941,5.56));
#6725=CARTESIAN_POINT('Ctrl Pts',(152.952781455684,-100.162828162941,6.06));
#6726=CARTESIAN_POINT('Ctrl Pts',(152.922943375581,-100.003914177944,5.56));
#6727=CARTESIAN_POINT('Ctrl Pts',(152.922943375581,-100.003914177944,6.06));
#6728=CARTESIAN_POINT('Ctrl Pts',(152.909034410069,-99.9298367195754,5.56));
#6729=CARTESIAN_POINT('Ctrl Pts',(152.909034410069,-99.9298367195754,6.06));
#6730=CARTESIAN_POINT('',(153.121373604615,-100.345883434092,5.56));
#6731=CARTESIAN_POINT('Ctrl Pts',(152.909034410069,-99.9298367195754,5.56));
#6732=CARTESIAN_POINT('Ctrl Pts',(152.922943375581,-100.003914177944,5.56));
#6733=CARTESIAN_POINT('Ctrl Pts',(152.952781455684,-100.162828162941,5.56));
#6734=CARTESIAN_POINT('Ctrl Pts',(153.062695687441,-100.282171677009,5.56));
#6735=CARTESIAN_POINT('Ctrl Pts',(153.121373604615,-100.345883434092,5.56));
#6736=CARTESIAN_POINT('',(153.121373604615,-100.345883434092,5.56));
#6737=CARTESIAN_POINT('Origin',(153.846434268917,-99.6208227697893,5.56));
#6738=CARTESIAN_POINT('',(150.93885691887,-102.528400119837,5.56));
#6739=CARTESIAN_POINT('Ctrl Pts',(154.984088977906,-100.435652849672,5.56));
#6740=CARTESIAN_POINT('Ctrl Pts',(154.984088977906,-100.435652849672,6.06));
#6741=CARTESIAN_POINT('Ctrl Pts',(154.993978363359,-100.319382086227,5.56));
#6742=CARTESIAN_POINT('Ctrl Pts',(154.993978363359,-100.319382086227,6.06));
#6743=CARTESIAN_POINT('Ctrl Pts',(155.014541337201,-100.077620585585,5.56));
#6744=CARTESIAN_POINT('Ctrl Pts',(155.014541337201,-100.077620585585,6.06));
#6745=CARTESIAN_POINT('Ctrl Pts',(154.921762236003,-99.8530530853172,5.56));
#6746=CARTESIAN_POINT('Ctrl Pts',(154.921762236003,-99.8530530853172,6.06));
#6747=CARTESIAN_POINT('Ctrl Pts',(154.873603543346,-99.7364872090947,5.56));
#6748=CARTESIAN_POINT('Ctrl Pts',(154.873603543346,-99.7364872090947,6.06));
#6749=CARTESIAN_POINT('',(154.984088977906,-100.435652849672,5.56));
#6750=CARTESIAN_POINT('',(154.984088977906,-100.435652849672,5.56));
#6751=CARTESIAN_POINT('Ctrl Pts',(154.873603543346,-99.7364872090947,5.56));
#6752=CARTESIAN_POINT('Ctrl Pts',(154.921762236003,-99.8530530853172,5.56));
#6753=CARTESIAN_POINT('Ctrl Pts',(155.014541337201,-100.077620585585,5.56));
#6754=CARTESIAN_POINT('Ctrl Pts',(154.993978363359,-100.319382086227,5.56));
#6755=CARTESIAN_POINT('Ctrl Pts',(154.984088977906,-100.435652849672,5.56));
#6756=CARTESIAN_POINT('Ctrl Pts',(154.61983231084,-101.077849438055,5.56));
#6757=CARTESIAN_POINT('Ctrl Pts',(154.61983231084,-101.077849438055,6.06));
#6758=CARTESIAN_POINT('Ctrl Pts',(154.709814477419,-100.979136562227,5.56));
#6759=CARTESIAN_POINT('Ctrl Pts',(154.709814477419,-100.979136562227,6.06));
#6760=CARTESIAN_POINT('Ctrl Pts',(154.880161183036,-100.792261608681,5.56));
#6761=CARTESIAN_POINT('Ctrl Pts',(154.880161183036,-100.792261608681,6.06));
#6762=CARTESIAN_POINT('Ctrl Pts',(154.950775317247,-100.549962435484,5.56));
#6763=CARTESIAN_POINT('Ctrl Pts',(154.950775317247,-100.549962435484,6.06));
#6764=CARTESIAN_POINT('Ctrl Pts',(154.984088977906,-100.435652849672,5.56));
#6765=CARTESIAN_POINT('Ctrl Pts',(154.984088977906,-100.435652849672,6.06));
#6766=CARTESIAN_POINT('',(154.61983231084,-101.077849438055,5.56));
#6767=CARTESIAN_POINT('Ctrl Pts',(154.984088977906,-100.435652849672,5.56));
#6768=CARTESIAN_POINT('Ctrl Pts',(154.950775317247,-100.549962435484,5.56));
#6769=CARTESIAN_POINT('Ctrl Pts',(154.880161183036,-100.792261608681,5.56));
#6770=CARTESIAN_POINT('Ctrl Pts',(154.709814477419,-100.979136562227,5.56));
#6771=CARTESIAN_POINT('Ctrl Pts',(154.61983231084,-101.077849438055,5.56));
#6772=CARTESIAN_POINT('',(154.61983231084,-101.077849438055,5.56));
#6773=CARTESIAN_POINT('Ctrl Pts',(153.599568376071,-101.473180133591,5.56));
#6774=CARTESIAN_POINT('Ctrl Pts',(153.599568376071,-101.473180133591,6.06));
#6775=CARTESIAN_POINT('Ctrl Pts',(153.781915188683,-101.472919577959,5.56));
#6776=CARTESIAN_POINT('Ctrl Pts',(153.781915188683,-101.472919577959,6.06));
#6777=CARTESIAN_POINT('Ctrl Pts',(154.170533962017,-101.472364280015,5.56));
#6778=CARTESIAN_POINT('Ctrl Pts',(154.170533962017,-101.472364280015,6.06));
#6779=CARTESIAN_POINT('Ctrl Pts',(154.464042943053,-101.214643214334,5.56));
#6780=CARTESIAN_POINT('Ctrl Pts',(154.464042943053,-101.214643214334,6.06));
#6781=CARTESIAN_POINT('Ctrl Pts',(154.61983231084,-101.077849438055,5.56));
#6782=CARTESIAN_POINT('Ctrl Pts',(154.61983231084,-101.077849438055,6.06));
#6783=CARTESIAN_POINT('',(153.599568376071,-101.473180133591,5.56));
#6784=CARTESIAN_POINT('Ctrl Pts',(154.61983231084,-101.077849438055,5.56));
#6785=CARTESIAN_POINT('Ctrl Pts',(154.464042943053,-101.214643214334,5.56));
#6786=CARTESIAN_POINT('Ctrl Pts',(154.170533962017,-101.472364280015,5.56));
#6787=CARTESIAN_POINT('Ctrl Pts',(153.781915188683,-101.472919577959,5.56));
#6788=CARTESIAN_POINT('Ctrl Pts',(153.599568376071,-101.473180133591,5.56));
#6789=CARTESIAN_POINT('',(153.599568376071,-101.473180133591,5.56));
#6790=CARTESIAN_POINT('Ctrl Pts',(152.786464631104,-101.022606720774,5.56));
#6791=CARTESIAN_POINT('Ctrl Pts',(152.786464631104,-101.022606720774,6.06));
#6792=CARTESIAN_POINT('Ctrl Pts',(152.911191124678,-101.135945148003,5.56));
#6793=CARTESIAN_POINT('Ctrl Pts',(152.911191124678,-101.135945148003,6.06));
#6794=CARTESIAN_POINT('Ctrl Pts',(153.147313458477,-101.350508495208,5.56));
#6795=CARTESIAN_POINT('Ctrl Pts',(153.147313458477,-101.350508495208,6.06));
#6796=CARTESIAN_POINT('Ctrl Pts',(153.45459950737,-101.433858131892,5.56));
#6797=CARTESIAN_POINT('Ctrl Pts',(153.45459950737,-101.433858131892,6.06));
#6798=CARTESIAN_POINT('Ctrl Pts',(153.599568376071,-101.473180133591,5.56));
#6799=CARTESIAN_POINT('Ctrl Pts',(153.599568376071,-101.473180133591,6.06));
#6800=CARTESIAN_POINT('',(152.786464631104,-101.022606720774,5.56));
#6801=CARTESIAN_POINT('Ctrl Pts',(153.599568376071,-101.473180133591,5.56));
#6802=CARTESIAN_POINT('Ctrl Pts',(153.45459950737,-101.433858131892,5.56));
#6803=CARTESIAN_POINT('Ctrl Pts',(153.147313458477,-101.350508495208,5.56));
#6804=CARTESIAN_POINT('Ctrl Pts',(152.911191124678,-101.135945148003,5.56));
#6805=CARTESIAN_POINT('Ctrl Pts',(152.786464631104,-101.022606720774,5.56));
#6806=CARTESIAN_POINT('',(152.786464631104,-101.022606720774,5.56));
#6807=CARTESIAN_POINT('Ctrl Pts',(152.310859362019,-100.070533015148,5.56));
#6808=CARTESIAN_POINT('Ctrl Pts',(152.310859362019,-100.070533015148,6.06));
#6809=CARTESIAN_POINT('Ctrl Pts',(152.340538173743,-100.238990734743,5.56));
#6810=CARTESIAN_POINT('Ctrl Pts',(152.340538173743,-100.238990734743,6.06));
#6811=CARTESIAN_POINT('Ctrl Pts',(152.404488322352,-100.601973468094,5.56));
#6812=CARTESIAN_POINT('Ctrl Pts',(152.404488322352,-100.601973468094,6.06));
#6813=CARTESIAN_POINT('Ctrl Pts',(152.653185861257,-100.875839810918,5.56));
#6814=CARTESIAN_POINT('Ctrl Pts',(152.653185861257,-100.875839810918,6.06));
#6815=CARTESIAN_POINT('Ctrl Pts',(152.786464631104,-101.022606720774,5.56));
#6816=CARTESIAN_POINT('Ctrl Pts',(152.786464631104,-101.022606720774,6.06));
#6817=CARTESIAN_POINT('',(152.310859362019,-100.070533015148,5.56));
#6818=CARTESIAN_POINT('Ctrl Pts',(152.786464631104,-101.022606720774,5.56));
#6819=CARTESIAN_POINT('Ctrl Pts',(152.653185861257,-100.875839810918,5.56));
#6820=CARTESIAN_POINT('Ctrl Pts',(152.404488322352,-100.601973468094,5.56));
#6821=CARTESIAN_POINT('Ctrl Pts',(152.340538173743,-100.238990734743,5.56));
#6822=CARTESIAN_POINT('Ctrl Pts',(152.310859362019,-100.070533015148,5.56));
#6823=CARTESIAN_POINT('',(152.310859362019,-100.070533015148,5.56));
#6824=CARTESIAN_POINT('Ctrl Pts',(152.655263177563,-99.2099550600178,5.56));
#6825=CARTESIAN_POINT('Ctrl Pts',(152.655263177563,-99.2099550600178,6.06));
#6826=CARTESIAN_POINT('Ctrl Pts',(152.549817354886,-99.3360037953642,5.56));
#6827=CARTESIAN_POINT('Ctrl Pts',(152.549817354886,-99.3360037953642,6.06));
#6828=CARTESIAN_POINT('Ctrl Pts',(152.341086019394,-99.5855188562526,5.56));
#6829=CARTESIAN_POINT('Ctrl Pts',(152.341086019394,-99.5855188562526,6.06));
#6830=CARTESIAN_POINT('Ctrl Pts',(152.320865154413,-99.9099809924113,5.56));
#6831=CARTESIAN_POINT('Ctrl Pts',(152.320865154413,-99.9099809924113,6.06));
#6832=CARTESIAN_POINT('Ctrl Pts',(152.310859362019,-100.070533015148,5.56));
#6833=CARTESIAN_POINT('Ctrl Pts',(152.310859362019,-100.070533015148,6.06));
#6834=CARTESIAN_POINT('',(152.655263177563,-99.2099550600178,5.56));
#6835=CARTESIAN_POINT('Ctrl Pts',(152.310859362019,-100.070533015148,5.56));
#6836=CARTESIAN_POINT('Ctrl Pts',(152.320865154413,-99.9099809924113,5.56));
#6837=CARTESIAN_POINT('Ctrl Pts',(152.341086019394,-99.5855188562526,5.56));
#6838=CARTESIAN_POINT('Ctrl Pts',(152.549817354886,-99.3360037953642,5.56));
#6839=CARTESIAN_POINT('Ctrl Pts',(152.655263177563,-99.2099550600178,5.56));
#6840=CARTESIAN_POINT('',(152.655263177563,-99.2099550600178,5.56));
#6841=CARTESIAN_POINT('Ctrl Pts',(153.571083849974,-98.8344772160039,5.56));
#6842=CARTESIAN_POINT('Ctrl Pts',(153.571083849974,-98.8344772160039,6.06));
#6843=CARTESIAN_POINT('Ctrl Pts',(153.403901704826,-98.8441199542153,5.56));
#6844=CARTESIAN_POINT('Ctrl Pts',(153.403901704826,-98.8441199542153,6.06));
#6845=CARTESIAN_POINT('Ctrl Pts',(153.056560907958,-98.8641538900842,5.56));
#6846=CARTESIAN_POINT('Ctrl Pts',(153.056560907958,-98.8641538900842,6.06));
#6847=CARTESIAN_POINT('Ctrl Pts',(152.79231973419,-99.0918524293795,5.56));
#6848=CARTESIAN_POINT('Ctrl Pts',(152.79231973419,-99.0918524293795,6.06));
#6849=CARTESIAN_POINT('Ctrl Pts',(152.655263177563,-99.2099550600178,5.56));
#6850=CARTESIAN_POINT('Ctrl Pts',(152.655263177563,-99.2099550600178,6.06));
#6851=CARTESIAN_POINT('',(153.571083849974,-98.8344772160039,5.56));
#6852=CARTESIAN_POINT('Ctrl Pts',(152.655263177563,-99.2099550600178,5.56));
#6853=CARTESIAN_POINT('Ctrl Pts',(152.79231973419,-99.0918524293795,5.56));
#6854=CARTESIAN_POINT('Ctrl Pts',(153.056560907958,-98.8641538900842,5.56));
#6855=CARTESIAN_POINT('Ctrl Pts',(153.403901704826,-98.8441199542153,5.56));
#6856=CARTESIAN_POINT('Ctrl Pts',(153.571083849974,-98.8344772160039,5.56));
#6857=CARTESIAN_POINT('',(153.571083849974,-98.8344772160039,5.56));
#6858=CARTESIAN_POINT('Ctrl Pts',(154.625011315585,-99.4361049338836,5.56));
#6859=CARTESIAN_POINT('Ctrl Pts',(154.625011315585,-99.4361049338836,6.06));
#6860=CARTESIAN_POINT('Ctrl Pts',(154.457183177192,-99.2706226172487,5.56));
#6861=CARTESIAN_POINT('Ctrl Pts',(154.457183177192,-99.2706226172487,6.06));
#6862=CARTESIAN_POINT('Ctrl Pts',(154.157380508898,-98.9750104478145,5.56));
#6863=CARTESIAN_POINT('Ctrl Pts',(154.157380508898,-98.9750104478145,6.06));
#6864=CARTESIAN_POINT('Ctrl Pts',(153.750287907685,-98.8774317936916,5.56));
#6865=CARTESIAN_POINT('Ctrl Pts',(153.750287907685,-98.8774317936916,6.06));
#6866=CARTESIAN_POINT('Ctrl Pts',(153.571083849974,-98.8344772160039,5.56));
#6867=CARTESIAN_POINT('Ctrl Pts',(153.571083849974,-98.8344772160039,6.06));
#6868=CARTESIAN_POINT('',(154.625011315585,-99.4361049338836,5.56));
#6869=CARTESIAN_POINT('Ctrl Pts',(153.571083849974,-98.8344772160039,5.56));
#6870=CARTESIAN_POINT('Ctrl Pts',(153.750287907685,-98.8774317936916,5.56));
#6871=CARTESIAN_POINT('Ctrl Pts',(154.157380508898,-98.9750104478145,5.56));
#6872=CARTESIAN_POINT('Ctrl Pts',(154.457183177192,-99.2706226172487,5.56));
#6873=CARTESIAN_POINT('Ctrl Pts',(154.625011315585,-99.4361049338836,5.56));
#6874=CARTESIAN_POINT('',(154.625011315585,-99.4361049338836,5.56));
#6875=CARTESIAN_POINT('Origin',(153.409671535421,-100.651444714048,5.56));
#6876=CARTESIAN_POINT('',(153.409671535421,-100.651444714048,5.56));
#6877=CARTESIAN_POINT('',(150.868940354812,-103.192175894657,5.56));
#6878=CARTESIAN_POINT('',(153.409671535421,-100.651444714048,5.56));
#6879=CARTESIAN_POINT('Ctrl Pts',(153.86283445061,-100.869826080796,5.56));
#6880=CARTESIAN_POINT('Ctrl Pts',(153.86283445061,-100.869826080796,6.06));
#6881=CARTESIAN_POINT('Ctrl Pts',(153.783536514181,-100.856434816811,5.56));
#6882=CARTESIAN_POINT('Ctrl Pts',(153.783536514181,-100.856434816811,6.06));
#6883=CARTESIAN_POINT('Ctrl Pts',(153.612107054413,-100.827485045179,5.56));
#6884=CARTESIAN_POINT('Ctrl Pts',(153.612107054413,-100.827485045179,6.06));
#6885=CARTESIAN_POINT('Ctrl Pts',(153.480435775722,-100.712982137702,5.56));
#6886=CARTESIAN_POINT('Ctrl Pts',(153.480435775722,-100.712982137702,6.06));
#6887=CARTESIAN_POINT('Ctrl Pts',(153.409671535421,-100.651444714048,5.56));
#6888=CARTESIAN_POINT('Ctrl Pts',(153.409671535421,-100.651444714048,6.06));
#6889=CARTESIAN_POINT('',(153.86283445061,-100.869826080796,5.56));
#6890=CARTESIAN_POINT('Ctrl Pts',(153.409671535421,-100.651444714048,5.56));
#6891=CARTESIAN_POINT('Ctrl Pts',(153.480435775722,-100.712982137702,5.56));
#6892=CARTESIAN_POINT('Ctrl Pts',(153.612107054413,-100.827485045179,5.56));
#6893=CARTESIAN_POINT('Ctrl Pts',(153.783536514181,-100.856434816811,5.56));
#6894=CARTESIAN_POINT('Ctrl Pts',(153.86283445061,-100.869826080796,5.56));
#6895=CARTESIAN_POINT('',(153.86283445061,-100.869826080796,5.56));
#6896=CARTESIAN_POINT('Ctrl Pts',(154.262480983434,-100.710140101158,5.56));
#6897=CARTESIAN_POINT('Ctrl Pts',(154.262480983434,-100.710140101158,6.06));
#6898=CARTESIAN_POINT('Ctrl Pts',(154.20417793386,-100.758663986859,5.56));
#6899=CARTESIAN_POINT('Ctrl Pts',(154.20417793386,-100.758663986859,6.06));
#6900=CARTESIAN_POINT('Ctrl Pts',(154.08820229496,-100.855187045037,5.56));
#6901=CARTESIAN_POINT('Ctrl Pts',(154.08820229496,-100.855187045037,6.06));
#6902=CARTESIAN_POINT('Ctrl Pts',(153.937684319608,-100.864964118736,5.56));
#6903=CARTESIAN_POINT('Ctrl Pts',(153.937684319608,-100.864964118736,6.06));
#6904=CARTESIAN_POINT('Ctrl Pts',(153.86283445061,-100.869826080796,5.56));
#6905=CARTESIAN_POINT('Ctrl Pts',(153.86283445061,-100.869826080796,6.06));
#6906=CARTESIAN_POINT('Ctrl Pts',(153.86283445061,-100.869826080796,5.56));
#6907=CARTESIAN_POINT('Ctrl Pts',(153.937684319608,-100.864964118736,5.56));
#6908=CARTESIAN_POINT('Ctrl Pts',(154.08820229496,-100.855187045037,5.56));
#6909=CARTESIAN_POINT('Ctrl Pts',(154.20417793386,-100.758663986859,5.56));
#6910=CARTESIAN_POINT('Ctrl Pts',(154.262480983434,-100.710140101158,5.56));
#6911=CARTESIAN_POINT('Ctrl Pts',(154.309092026139,-100.138723244291,5.56));
#6912=CARTESIAN_POINT('Ctrl Pts',(154.309092026139,-100.138723244291,6.06));
#6913=CARTESIAN_POINT('Ctrl Pts',(154.337351929297,-100.193616217737,5.56));
#6914=CARTESIAN_POINT('Ctrl Pts',(154.337351929297,-100.193616217737,6.06));
#6915=CARTESIAN_POINT('Ctrl Pts',(154.388852247443,-100.293652144278,5.56));
#6916=CARTESIAN_POINT('Ctrl Pts',(154.388852247443,-100.293652144278,6.06));
#6917=CARTESIAN_POINT('Ctrl Pts',(154.390990967436,-100.405772573415,5.56));
#6918=CARTESIAN_POINT('Ctrl Pts',(154.390990967436,-100.405772573415,6.06));
#6919=CARTESIAN_POINT('Ctrl Pts',(154.391956102059,-100.456368868652,5.56));
#6920=CARTESIAN_POINT('Ctrl Pts',(154.391956102059,-100.456368868652,6.06));
#6921=CARTESIAN_POINT('Ctrl Pts',(154.391956102059,-100.456368868652,5.56));
#6922=CARTESIAN_POINT('Ctrl Pts',(154.390990967436,-100.405772573415,5.56));
#6923=CARTESIAN_POINT('Ctrl Pts',(154.388852247443,-100.293652144278,5.56));
#6924=CARTESIAN_POINT('Ctrl Pts',(154.337351929297,-100.193616217737,5.56));
#6925=CARTESIAN_POINT('Ctrl Pts',(154.309092026139,-100.138723244291,5.56));
#6926=CARTESIAN_POINT('Origin',(149.2758,-106.680497901062,5.56));
#6927=CARTESIAN_POINT('Origin',(151.90948649428,-100.811993861144,5.56));
#6928=CARTESIAN_POINT('',(151.90948649428,-100.811993861144,5.56));
#6929=CARTESIAN_POINT('',(151.90948649428,-100.811993861144,5.56));
#6930=CARTESIAN_POINT('',(149.783938860731,-102.937541494693,5.56));
#6931=CARTESIAN_POINT('Origin',(152.648357837903,-101.550865204766,5.56));
#6932=CARTESIAN_POINT('',(153.087626552501,-101.990133919364,5.56));
#6933=CARTESIAN_POINT('Ctrl Pts',(153.023835681917,-101.821036618965,5.56));
#6934=CARTESIAN_POINT('Ctrl Pts',(153.023835681917,-101.821036618965,6.06));
#6935=CARTESIAN_POINT('Ctrl Pts',(153.005200653466,-101.822756936947,5.56));
#6936=CARTESIAN_POINT('Ctrl Pts',(153.005200653466,-101.822756936947,6.06));
#6937=CARTESIAN_POINT('Ctrl Pts',(152.968715140767,-101.826125146647,5.56));
#6938=CARTESIAN_POINT('Ctrl Pts',(152.968715140767,-101.826125146647,6.06));
#6939=CARTESIAN_POINT('Ctrl Pts',(152.935595940383,-101.810536718334,5.56));
#6940=CARTESIAN_POINT('Ctrl Pts',(152.935595940383,-101.810536718334,6.06));
#6941=CARTESIAN_POINT('Ctrl Pts',(152.919392419559,-101.802910102357,5.56));
#6942=CARTESIAN_POINT('Ctrl Pts',(152.919392419559,-101.802910102357,6.06));
#6943=CARTESIAN_POINT('',(153.023835681917,-101.821036618965,5.56));
#6944=CARTESIAN_POINT('',(153.023835681917,-101.821036618965,5.56));
#6945=CARTESIAN_POINT('Ctrl Pts',(152.919392419559,-101.802910102357,5.56));
#6946=CARTESIAN_POINT('Ctrl Pts',(152.935595940383,-101.810536718334,5.56));
#6947=CARTESIAN_POINT('Ctrl Pts',(152.968715140767,-101.826125146647,5.56));
#6948=CARTESIAN_POINT('Ctrl Pts',(153.005200653466,-101.822756936947,5.56));
#6949=CARTESIAN_POINT('Ctrl Pts',(153.023835681917,-101.821036618965,5.56));
#6950=CARTESIAN_POINT('Ctrl Pts',(153.13000527919,-101.763204399312,5.56));
#6951=CARTESIAN_POINT('Ctrl Pts',(153.13000527919,-101.763204399312,6.06));
#6952=CARTESIAN_POINT('Ctrl Pts',(153.11392819056,-101.777621669532,5.56));
#6953=CARTESIAN_POINT('Ctrl Pts',(153.11392819056,-101.777621669532,6.06));
#6954=CARTESIAN_POINT('Ctrl Pts',(153.083049365027,-101.805312527124,5.56));
#6955=CARTESIAN_POINT('Ctrl Pts',(153.083049365027,-101.805312527124,6.06));
#6956=CARTESIAN_POINT('Ctrl Pts',(153.043022515697,-101.815941588211,5.56));
#6957=CARTESIAN_POINT('Ctrl Pts',(153.043022515697,-101.815941588211,6.06));
#6958=CARTESIAN_POINT('Ctrl Pts',(153.023835681917,-101.821036618965,5.56));
#6959=CARTESIAN_POINT('Ctrl Pts',(153.023835681917,-101.821036618965,6.06));
#6960=CARTESIAN_POINT('',(153.13000527919,-101.763204399312,5.56));
#6961=CARTESIAN_POINT('',(153.13000527919,-101.763204399312,5.56));
#6962=CARTESIAN_POINT('Ctrl Pts',(153.023835681917,-101.821036618965,5.56));
#6963=CARTESIAN_POINT('Ctrl Pts',(153.043022515697,-101.815941588211,5.56));
#6964=CARTESIAN_POINT('Ctrl Pts',(153.083049365027,-101.805312527124,5.56));
#6965=CARTESIAN_POINT('Ctrl Pts',(153.11392819056,-101.777621669532,5.56));
#6966=CARTESIAN_POINT('Ctrl Pts',(153.13000527919,-101.763204399312,5.56));
#6967=CARTESIAN_POINT('Ctrl Pts',(153.27847008188,-101.521517511211,5.56));
#6968=CARTESIAN_POINT('Ctrl Pts',(153.27847008188,-101.521517511211,6.06));
#6969=CARTESIAN_POINT('Ctrl Pts',(153.254782015276,-101.572116269762,5.56));
#6970=CARTESIAN_POINT('Ctrl Pts',(153.254782015276,-101.572116269762,6.06));
#6971=CARTESIAN_POINT('Ctrl Pts',(153.214373363186,-101.658430938855,5.56));
#6972=CARTESIAN_POINT('Ctrl Pts',(153.214373363186,-101.658430938855,6.06));
#6973=CARTESIAN_POINT('Ctrl Pts',(153.154698130356,-101.732539302481,5.56));
#6974=CARTESIAN_POINT('Ctrl Pts',(153.154698130356,-101.732539302481,6.06));
#6975=CARTESIAN_POINT('Ctrl Pts',(153.13000527919,-101.763204399312,5.56));
#6976=CARTESIAN_POINT('Ctrl Pts',(153.13000527919,-101.763204399312,6.06));
#6977=CARTESIAN_POINT('Ctrl Pts',(153.13000527919,-101.763204399312,5.56));
#6978=CARTESIAN_POINT('Ctrl Pts',(153.154698130356,-101.732539302481,5.56));
#6979=CARTESIAN_POINT('Ctrl Pts',(153.214373363186,-101.658430938855,5.56));
#6980=CARTESIAN_POINT('Ctrl Pts',(153.254782015276,-101.572116269762,5.56));
#6981=CARTESIAN_POINT('Ctrl Pts',(153.27847008188,-101.521517511211,5.56));
#6982=CARTESIAN_POINT('Ctrl Pts',(153.104973422922,-102.504665245307,5.56));
#6983=CARTESIAN_POINT('Ctrl Pts',(153.104973422922,-102.504665245307,6.06));
#6984=CARTESIAN_POINT('Ctrl Pts',(153.154721217105,-102.480587598775,5.56));
#6985=CARTESIAN_POINT('Ctrl Pts',(153.154721217105,-102.480587598775,6.06));
#6986=CARTESIAN_POINT('Ctrl Pts',(153.257912270304,-102.430643721966,5.56));
#6987=CARTESIAN_POINT('Ctrl Pts',(153.257912270304,-102.430643721966,6.06));
#6988=CARTESIAN_POINT('Ctrl Pts',(153.341969241993,-102.3525988202,5.56));
#6989=CARTESIAN_POINT('Ctrl Pts',(153.341969241993,-102.3525988202,6.06));
#6990=CARTESIAN_POINT('Ctrl Pts',(153.385502846611,-102.312178902284,5.56));
#6991=CARTESIAN_POINT('Ctrl Pts',(153.385502846611,-102.312178902284,6.06));
#6992=CARTESIAN_POINT('',(153.104973422922,-102.504665245307,5.56));
#6993=CARTESIAN_POINT('Ctrl Pts',(153.385502846611,-102.312178902284,5.56));
#6994=CARTESIAN_POINT('Ctrl Pts',(153.341969241993,-102.3525988202,5.56));
#6995=CARTESIAN_POINT('Ctrl Pts',(153.257912270304,-102.430643721966,5.56));
#6996=CARTESIAN_POINT('Ctrl Pts',(153.154721217105,-102.480587598775,5.56));
#6997=CARTESIAN_POINT('Ctrl Pts',(153.104973422922,-102.504665245307,5.56));
#6998=CARTESIAN_POINT('',(153.104973422922,-102.504665245307,5.56));
#6999=CARTESIAN_POINT('Ctrl Pts',(152.836528343639,-102.54523411581,5.56));
#7000=CARTESIAN_POINT('Ctrl Pts',(152.836528343639,-102.54523411581,6.06));
#7001=CARTESIAN_POINT('Ctrl Pts',(152.879131720495,-102.548018961687,5.56));
#7002=CARTESIAN_POINT('Ctrl Pts',(152.879131720495,-102.548018961687,6.06));
#7003=CARTESIAN_POINT('Ctrl Pts',(152.971352692177,-102.554047150335,5.56));
#7004=CARTESIAN_POINT('Ctrl Pts',(152.971352692177,-102.554047150335,6.06));
#7005=CARTESIAN_POINT('Ctrl Pts',(153.05823056982,-102.521939893633,5.56));
#7006=CARTESIAN_POINT('Ctrl Pts',(153.05823056982,-102.521939893633,6.06));
#7007=CARTESIAN_POINT('Ctrl Pts',(153.104973422922,-102.504665245307,5.56));
#7008=CARTESIAN_POINT('Ctrl Pts',(153.104973422922,-102.504665245307,6.06));
#7009=CARTESIAN_POINT('',(152.836528343639,-102.54523411581,5.56));
#7010=CARTESIAN_POINT('',(152.836528343639,-102.54523411581,5.56));
#7011=CARTESIAN_POINT('Ctrl Pts',(153.104973422922,-102.504665245307,5.56));
#7012=CARTESIAN_POINT('Ctrl Pts',(153.05823056982,-102.521939893633,5.56));
#7013=CARTESIAN_POINT('Ctrl Pts',(152.971352692177,-102.554047150335,5.56));
#7014=CARTESIAN_POINT('Ctrl Pts',(152.879131720495,-102.548018961687,5.56));
#7015=CARTESIAN_POINT('Ctrl Pts',(152.836528343639,-102.54523411581,5.56));
#7016=CARTESIAN_POINT('Ctrl Pts',(152.579304441303,-102.424390671759,5.56));
#7017=CARTESIAN_POINT('Ctrl Pts',(152.579304441303,-102.424390671759,6.06));
#7018=CARTESIAN_POINT('Ctrl Pts',(152.622436428848,-102.45403577556,5.56));
#7019=CARTESIAN_POINT('Ctrl Pts',(152.622436428848,-102.45403577556,6.06));
#7020=CARTESIAN_POINT('Ctrl Pts',(152.701685156075,-102.50850432381,5.56));
#7021=CARTESIAN_POINT('Ctrl Pts',(152.701685156075,-102.50850432381,6.06));
#7022=CARTESIAN_POINT('Ctrl Pts',(152.794313836702,-102.533735351303,5.56));
#7023=CARTESIAN_POINT('Ctrl Pts',(152.794313836702,-102.533735351303,6.06));
#7024=CARTESIAN_POINT('Ctrl Pts',(152.836528343639,-102.54523411581,5.56));
#7025=CARTESIAN_POINT('Ctrl Pts',(152.836528343639,-102.54523411581,6.06));
#7026=CARTESIAN_POINT('',(152.579304441303,-102.424390671759,5.56));
#7027=CARTESIAN_POINT('',(152.579304441303,-102.424390671759,5.56));
#7028=CARTESIAN_POINT('Ctrl Pts',(152.836528343639,-102.54523411581,5.56));
#7029=CARTESIAN_POINT('Ctrl Pts',(152.794313836702,-102.533735351303,5.56));
#7030=CARTESIAN_POINT('Ctrl Pts',(152.701685156075,-102.50850432381,5.56));
#7031=CARTESIAN_POINT('Ctrl Pts',(152.622436428848,-102.45403577556,5.56));
#7032=CARTESIAN_POINT('Ctrl Pts',(152.579304441303,-102.424390671759,5.56));
#7033=CARTESIAN_POINT('Ctrl Pts',(152.221953113897,-102.098113372823,5.56));
#7034=CARTESIAN_POINT('Ctrl Pts',(152.221953113897,-102.098113372823,6.06));
#7035=CARTESIAN_POINT('Ctrl Pts',(152.293069467267,-102.169884537975,5.56));
#7036=CARTESIAN_POINT('Ctrl Pts',(152.293069467267,-102.169884537975,6.06));
#7037=CARTESIAN_POINT('Ctrl Pts',(152.406795405895,-102.284657620908,5.56));
#7038=CARTESIAN_POINT('Ctrl Pts',(152.406795405895,-102.284657620908,6.06));
#7039=CARTESIAN_POINT('Ctrl Pts',(152.532286730489,-102.386306126446,5.56));
#7040=CARTESIAN_POINT('Ctrl Pts',(152.532286730489,-102.386306126446,6.06));
#7041=CARTESIAN_POINT('Ctrl Pts',(152.579304441303,-102.424390671759,5.56));
#7042=CARTESIAN_POINT('Ctrl Pts',(152.579304441303,-102.424390671759,6.06));
#7043=CARTESIAN_POINT('',(152.221953113897,-102.098113372823,5.56));
#7044=CARTESIAN_POINT('',(152.221953113897,-102.098113372823,5.56));
#7045=CARTESIAN_POINT('Ctrl Pts',(152.579304441303,-102.424390671759,5.56));
#7046=CARTESIAN_POINT('Ctrl Pts',(152.532286730489,-102.386306126446,5.56));
#7047=CARTESIAN_POINT('Ctrl Pts',(152.406795405895,-102.284657620908,5.56));
#7048=CARTESIAN_POINT('Ctrl Pts',(152.293069467267,-102.169884537975,5.56));
#7049=CARTESIAN_POINT('Ctrl Pts',(152.221953113897,-102.098113372823,5.56));
#7050=CARTESIAN_POINT('Origin',(151.422660048249,-101.298820307175,5.56));
#7051=CARTESIAN_POINT('',(151.422660048249,-101.298820307175,5.56));
#7052=CARTESIAN_POINT('',(151.422660048249,-101.298820307175,5.56));
#7053=CARTESIAN_POINT('',(152.231364434658,-102.107524693585,5.56));
#7054=CARTESIAN_POINT('Origin',(151.199962844213,-101.521517511211,5.56));
#7055=CARTESIAN_POINT('',(149.429177035697,-103.292303319727,5.56));
#7056=CARTESIAN_POINT('Ctrl Pts',(150.894401985725,-103.722594106376,5.56));
#7057=CARTESIAN_POINT('Ctrl Pts',(150.894401985725,-103.722594106376,6.06));
#7058=CARTESIAN_POINT('Ctrl Pts',(150.799486366338,-103.703036643184,5.56));
#7059=CARTESIAN_POINT('Ctrl Pts',(150.799486366338,-103.703036643184,6.06));
#7060=CARTESIAN_POINT('Ctrl Pts',(150.590306445369,-103.659934900485,5.56));
#7061=CARTESIAN_POINT('Ctrl Pts',(150.590306445369,-103.659934900485,6.06));
#7062=CARTESIAN_POINT('Ctrl Pts',(150.433053219311,-103.514008377906,5.56));
#7063=CARTESIAN_POINT('Ctrl Pts',(150.433053219311,-103.514008377906,6.06));
#7064=CARTESIAN_POINT('Ctrl Pts',(150.347153817668,-103.43429617557,5.56));
#7065=CARTESIAN_POINT('Ctrl Pts',(150.347153817668,-103.43429617557,6.06));
#7066=CARTESIAN_POINT('',(150.347153817668,-103.43429617557,5.56));
#7067=CARTESIAN_POINT('',(150.894401985725,-103.722594106376,5.56));
#7068=CARTESIAN_POINT('Ctrl Pts',(150.347153817668,-103.43429617557,5.56));
#7069=CARTESIAN_POINT('Ctrl Pts',(150.433053219311,-103.514008377906,5.56));
#7070=CARTESIAN_POINT('Ctrl Pts',(150.590306445369,-103.659934900485,5.56));
#7071=CARTESIAN_POINT('Ctrl Pts',(150.799486366338,-103.703036643184,5.56));
#7072=CARTESIAN_POINT('Ctrl Pts',(150.894401985725,-103.722594106376,5.56));
#7073=CARTESIAN_POINT('',(150.347153817668,-103.43429617557,6.06));
#7074=CARTESIAN_POINT('',(150.347153817668,-103.43429617557,5.56));
#7075=CARTESIAN_POINT('',(150.894401985725,-103.722594106376,6.06));
#7076=CARTESIAN_POINT('Ctrl Pts',(150.894401985725,-103.722594106376,6.06));
#7077=CARTESIAN_POINT('Ctrl Pts',(150.799486366338,-103.703036643184,6.06));
#7078=CARTESIAN_POINT('Ctrl Pts',(150.590306445369,-103.659934900485,6.06));
#7079=CARTESIAN_POINT('Ctrl Pts',(150.433053219311,-103.514008377906,6.06));
#7080=CARTESIAN_POINT('Ctrl Pts',(150.347153817668,-103.43429617557,6.06));
#7081=CARTESIAN_POINT('',(150.894401985725,-103.722594106376,5.56));
#7082=CARTESIAN_POINT('Ctrl Pts',(151.358786077862,-103.54823427996,5.56));
#7083=CARTESIAN_POINT('Ctrl Pts',(151.358786077862,-103.54823427996,6.06));
#7084=CARTESIAN_POINT('Ctrl Pts',(151.291659723911,-103.602955597001,5.56));
#7085=CARTESIAN_POINT('Ctrl Pts',(151.291659723911,-103.602955597001,6.06));
#7086=CARTESIAN_POINT('Ctrl Pts',(151.156501268319,-103.713136595431,5.56));
#7087=CARTESIAN_POINT('Ctrl Pts',(151.156501268319,-103.713136595431,6.06));
#7088=CARTESIAN_POINT('Ctrl Pts',(150.982157860193,-103.719427550042,5.56));
#7089=CARTESIAN_POINT('Ctrl Pts',(150.982157860193,-103.719427550042,6.06));
#7090=CARTESIAN_POINT('Ctrl Pts',(150.894401985725,-103.722594106376,5.56));
#7091=CARTESIAN_POINT('Ctrl Pts',(150.894401985725,-103.722594106376,6.06));
#7092=CARTESIAN_POINT('',(151.358786077862,-103.54823427996,5.56));
#7093=CARTESIAN_POINT('Ctrl Pts',(150.894401985725,-103.722594106376,5.56));
#7094=CARTESIAN_POINT('Ctrl Pts',(150.982157860193,-103.719427550042,5.56));
#7095=CARTESIAN_POINT('Ctrl Pts',(151.156501268319,-103.713136595431,5.56));
#7096=CARTESIAN_POINT('Ctrl Pts',(151.291659723911,-103.602955597001,5.56));
#7097=CARTESIAN_POINT('Ctrl Pts',(151.358786077862,-103.54823427996,5.56));
#7098=CARTESIAN_POINT('',(151.358786077862,-103.54823427996,6.06));
#7099=CARTESIAN_POINT('Ctrl Pts',(151.358786077862,-103.54823427996,6.06));
#7100=CARTESIAN_POINT('Ctrl Pts',(151.291659723911,-103.602955597001,6.06));
#7101=CARTESIAN_POINT('Ctrl Pts',(151.156501268319,-103.713136595431,6.06));
#7102=CARTESIAN_POINT('Ctrl Pts',(150.982157860193,-103.719427550042,6.06));
#7103=CARTESIAN_POINT('Ctrl Pts',(150.894401985725,-103.722594106376,6.06));
#7104=CARTESIAN_POINT('',(151.358786077862,-103.54823427996,5.56));
#7105=CARTESIAN_POINT('Ctrl Pts',(151.53228273682,-103.084713355281,5.56));
#7106=CARTESIAN_POINT('Ctrl Pts',(151.53228273682,-103.084713355281,6.06));
#7107=CARTESIAN_POINT('Ctrl Pts',(151.529340907579,-103.172244759686,5.56));
#7108=CARTESIAN_POINT('Ctrl Pts',(151.529340907579,-103.172244759686,6.06));
#7109=CARTESIAN_POINT('Ctrl Pts',(151.52349154349,-103.346287170563,5.56));
#7110=CARTESIAN_POINT('Ctrl Pts',(151.52349154349,-103.346287170563,6.06));
#7111=CARTESIAN_POINT('Ctrl Pts',(151.413472889296,-103.4811822034,5.56));
#7112=CARTESIAN_POINT('Ctrl Pts',(151.413472889296,-103.4811822034,6.06));
#7113=CARTESIAN_POINT('Ctrl Pts',(151.358786077862,-103.54823427996,5.56));
#7114=CARTESIAN_POINT('Ctrl Pts',(151.358786077862,-103.54823427996,6.06));
#7115=CARTESIAN_POINT('',(151.53228273682,-103.084713355281,5.56));
#7116=CARTESIAN_POINT('Ctrl Pts',(151.358786077862,-103.54823427996,5.56));
#7117=CARTESIAN_POINT('Ctrl Pts',(151.413472889296,-103.4811822034,5.56));
#7118=CARTESIAN_POINT('Ctrl Pts',(151.52349154349,-103.346287170563,5.56));
#7119=CARTESIAN_POINT('Ctrl Pts',(151.529340907579,-103.172244759686,5.56));
#7120=CARTESIAN_POINT('Ctrl Pts',(151.53228273682,-103.084713355281,5.56));
#7121=CARTESIAN_POINT('',(151.53228273682,-103.084713355281,6.06));
#7122=CARTESIAN_POINT('Ctrl Pts',(151.53228273682,-103.084713355281,6.06));
#7123=CARTESIAN_POINT('Ctrl Pts',(151.529340907579,-103.172244759686,6.06));
#7124=CARTESIAN_POINT('Ctrl Pts',(151.52349154349,-103.346287170563,6.06));
#7125=CARTESIAN_POINT('Ctrl Pts',(151.413472889296,-103.4811822034,6.06));
#7126=CARTESIAN_POINT('Ctrl Pts',(151.358786077862,-103.54823427996,6.06));
#7127=CARTESIAN_POINT('',(151.53228273682,-103.084713355281,5.56));
#7128=CARTESIAN_POINT('Ctrl Pts',(151.239668968726,-102.534875684851,5.56));
#7129=CARTESIAN_POINT('Ctrl Pts',(151.239668968726,-102.534875684851,6.06));
#7130=CARTESIAN_POINT('Ctrl Pts',(151.320370897848,-102.621492621567,5.56));
#7131=CARTESIAN_POINT('Ctrl Pts',(151.320370897848,-102.621492621567,6.06));
#7132=CARTESIAN_POINT('Ctrl Pts',(151.467563380535,-102.779473503769,5.56));
#7133=CARTESIAN_POINT('Ctrl Pts',(151.467563380535,-102.779473503769,6.06));
#7134=CARTESIAN_POINT('Ctrl Pts',(151.512144377214,-102.989733580315,5.56));
#7135=CARTESIAN_POINT('Ctrl Pts',(151.512144377214,-102.989733580315,6.06));
#7136=CARTESIAN_POINT('Ctrl Pts',(151.53228273682,-103.084713355281,5.56));
#7137=CARTESIAN_POINT('Ctrl Pts',(151.53228273682,-103.084713355281,6.06));
#7138=CARTESIAN_POINT('',(151.239668968726,-102.534875684851,5.56));
#7139=CARTESIAN_POINT('Ctrl Pts',(151.53228273682,-103.084713355281,5.56));
#7140=CARTESIAN_POINT('Ctrl Pts',(151.512144377214,-102.989733580315,5.56));
#7141=CARTESIAN_POINT('Ctrl Pts',(151.467563380535,-102.779473503769,5.56));
#7142=CARTESIAN_POINT('Ctrl Pts',(151.320370897848,-102.621492621567,5.56));
#7143=CARTESIAN_POINT('Ctrl Pts',(151.239668968726,-102.534875684851,5.56));
#7144=CARTESIAN_POINT('',(151.239668968726,-102.534875684851,6.06));
#7145=CARTESIAN_POINT('Ctrl Pts',(151.239668968726,-102.534875684851,6.06));
#7146=CARTESIAN_POINT('Ctrl Pts',(151.320370897848,-102.621492621567,6.06));
#7147=CARTESIAN_POINT('Ctrl Pts',(151.467563380535,-102.779473503769,6.06));
#7148=CARTESIAN_POINT('Ctrl Pts',(151.512144377214,-102.989733580315,6.06));
#7149=CARTESIAN_POINT('Ctrl Pts',(151.53228273682,-103.084713355281,6.06));
#7150=CARTESIAN_POINT('',(151.239668968726,-102.534875684851,5.56));
#7151=CARTESIAN_POINT('Ctrl Pts',(150.696736637957,-102.249167256418,5.56));
#7152=CARTESIAN_POINT('Ctrl Pts',(150.696736637957,-102.249167256418,6.06));
#7153=CARTESIAN_POINT('Ctrl Pts',(150.791128709465,-102.268694317041,5.56));
#7154=CARTESIAN_POINT('Ctrl Pts',(150.791128709465,-102.268694317041,6.06));
#7155=CARTESIAN_POINT('Ctrl Pts',(150.998539258623,-102.311601717023,5.56));
#7156=CARTESIAN_POINT('Ctrl Pts',(150.998539258623,-102.311601717023,6.06));
#7157=CARTESIAN_POINT('Ctrl Pts',(151.154620142084,-102.456124754593,5.56));
#7158=CARTESIAN_POINT('Ctrl Pts',(151.154620142084,-102.456124754593,6.06));
#7159=CARTESIAN_POINT('Ctrl Pts',(151.239668968726,-102.534875684851,5.56));
#7160=CARTESIAN_POINT('Ctrl Pts',(151.239668968726,-102.534875684851,6.06));
#7161=CARTESIAN_POINT('',(150.696736637957,-102.249167256418,5.56));
#7162=CARTESIAN_POINT('Ctrl Pts',(151.239668968726,-102.534875684851,5.56));
#7163=CARTESIAN_POINT('Ctrl Pts',(151.154620142084,-102.456124754593,5.56));
#7164=CARTESIAN_POINT('Ctrl Pts',(150.998539258623,-102.311601717023,5.56));
#7165=CARTESIAN_POINT('Ctrl Pts',(150.791128709465,-102.268694317041,5.56));
#7166=CARTESIAN_POINT('Ctrl Pts',(150.696736637957,-102.249167256418,5.56));
#7167=CARTESIAN_POINT('',(150.696736637957,-102.249167256418,6.06));
#7168=CARTESIAN_POINT('Ctrl Pts',(150.696736637957,-102.249167256418,6.06));
#7169=CARTESIAN_POINT('Ctrl Pts',(150.791128709465,-102.268694317041,6.06));
#7170=CARTESIAN_POINT('Ctrl Pts',(150.998539258623,-102.311601717023,6.06));
#7171=CARTESIAN_POINT('Ctrl Pts',(151.154620142084,-102.456124754593,6.06));
#7172=CARTESIAN_POINT('Ctrl Pts',(151.239668968726,-102.534875684851,6.06));
#7173=CARTESIAN_POINT('',(150.696736637957,-102.249167256418,5.56));
#7174=CARTESIAN_POINT('Ctrl Pts',(150.233215713278,-102.422663915376,5.56));
#7175=CARTESIAN_POINT('Ctrl Pts',(150.233215713278,-102.422663915376,6.06));
#7176=CARTESIAN_POINT('Ctrl Pts',(150.300267789838,-102.367977103942,5.56));
#7177=CARTESIAN_POINT('Ctrl Pts',(150.300267789838,-102.367977103942,6.06));
#7178=CARTESIAN_POINT('Ctrl Pts',(150.435162822674,-102.257958449748,5.56));
#7179=CARTESIAN_POINT('Ctrl Pts',(150.435162822674,-102.257958449748,6.06));
#7180=CARTESIAN_POINT('Ctrl Pts',(150.609205233552,-102.252109085659,5.56));
#7181=CARTESIAN_POINT('Ctrl Pts',(150.609205233552,-102.252109085659,6.06));
#7182=CARTESIAN_POINT('Ctrl Pts',(150.696736637957,-102.249167256418,5.56));
#7183=CARTESIAN_POINT('Ctrl Pts',(150.696736637957,-102.249167256418,6.06));
#7184=CARTESIAN_POINT('',(150.233215713278,-102.422663915376,5.56));
#7185=CARTESIAN_POINT('Ctrl Pts',(150.696736637957,-102.249167256418,5.56));
#7186=CARTESIAN_POINT('Ctrl Pts',(150.609205233552,-102.252109085659,5.56));
#7187=CARTESIAN_POINT('Ctrl Pts',(150.435162822674,-102.257958449748,5.56));
#7188=CARTESIAN_POINT('Ctrl Pts',(150.300267789838,-102.367977103942,5.56));
#7189=CARTESIAN_POINT('Ctrl Pts',(150.233215713278,-102.422663915376,5.56));
#7190=CARTESIAN_POINT('',(150.233215713278,-102.422663915376,6.06));
#7191=CARTESIAN_POINT('Ctrl Pts',(150.233215713278,-102.422663915376,6.06));
#7192=CARTESIAN_POINT('Ctrl Pts',(150.300267789838,-102.367977103942,6.06));
#7193=CARTESIAN_POINT('Ctrl Pts',(150.435162822674,-102.257958449748,6.06));
#7194=CARTESIAN_POINT('Ctrl Pts',(150.609205233552,-102.252109085659,6.06));
#7195=CARTESIAN_POINT('Ctrl Pts',(150.696736637957,-102.249167256418,6.06));
#7196=CARTESIAN_POINT('',(150.233215713278,-102.422663915376,5.56));
#7197=CARTESIAN_POINT('Ctrl Pts',(150.058855886862,-102.887048007513,5.56));
#7198=CARTESIAN_POINT('Ctrl Pts',(150.058855886862,-102.887048007513,6.06));
#7199=CARTESIAN_POINT('Ctrl Pts',(150.062022443196,-102.799292133045,5.56));
#7200=CARTESIAN_POINT('Ctrl Pts',(150.062022443196,-102.799292133045,6.06));
#7201=CARTESIAN_POINT('Ctrl Pts',(150.068313397807,-102.624948724919,5.56));
#7202=CARTESIAN_POINT('Ctrl Pts',(150.068313397807,-102.624948724919,6.06));
#7203=CARTESIAN_POINT('Ctrl Pts',(150.178494396237,-102.489790269326,5.56));
#7204=CARTESIAN_POINT('Ctrl Pts',(150.178494396237,-102.489790269326,6.06));
#7205=CARTESIAN_POINT('Ctrl Pts',(150.233215713278,-102.422663915376,5.56));
#7206=CARTESIAN_POINT('Ctrl Pts',(150.233215713278,-102.422663915376,6.06));
#7207=CARTESIAN_POINT('',(150.058855886862,-102.887048007513,5.56));
#7208=CARTESIAN_POINT('Ctrl Pts',(150.233215713278,-102.422663915376,5.56));
#7209=CARTESIAN_POINT('Ctrl Pts',(150.178494396237,-102.489790269326,5.56));
#7210=CARTESIAN_POINT('Ctrl Pts',(150.068313397807,-102.624948724919,5.56));
#7211=CARTESIAN_POINT('Ctrl Pts',(150.062022443196,-102.799292133045,5.56));
#7212=CARTESIAN_POINT('Ctrl Pts',(150.058855886862,-102.887048007513,5.56));
#7213=CARTESIAN_POINT('',(150.058855886862,-102.887048007513,6.06));
#7214=CARTESIAN_POINT('Ctrl Pts',(150.058855886862,-102.887048007513,6.06));
#7215=CARTESIAN_POINT('Ctrl Pts',(150.062022443196,-102.799292133045,6.06));
#7216=CARTESIAN_POINT('Ctrl Pts',(150.068313397807,-102.624948724919,6.06));
#7217=CARTESIAN_POINT('Ctrl Pts',(150.178494396237,-102.489790269326,6.06));
#7218=CARTESIAN_POINT('Ctrl Pts',(150.233215713278,-102.422663915376,6.06));
#7219=CARTESIAN_POINT('',(150.058855886862,-102.887048007513,5.56));
#7220=CARTESIAN_POINT('Ctrl Pts',(150.347153817668,-103.43429617557,5.56));
#7221=CARTESIAN_POINT('Ctrl Pts',(150.347153817668,-103.43429617557,6.06));
#7222=CARTESIAN_POINT('Ctrl Pts',(150.267441615332,-103.348396773926,5.56));
#7223=CARTESIAN_POINT('Ctrl Pts',(150.267441615332,-103.348396773926,6.06));
#7224=CARTESIAN_POINT('Ctrl Pts',(150.121515092753,-103.191143547869,5.56));
#7225=CARTESIAN_POINT('Ctrl Pts',(150.121515092753,-103.191143547869,6.06));
#7226=CARTESIAN_POINT('Ctrl Pts',(150.078413350054,-102.9819636269,5.56));
#7227=CARTESIAN_POINT('Ctrl Pts',(150.078413350054,-102.9819636269,6.06));
#7228=CARTESIAN_POINT('Ctrl Pts',(150.058855886862,-102.887048007513,5.56));
#7229=CARTESIAN_POINT('Ctrl Pts',(150.058855886862,-102.887048007513,6.06));
#7230=CARTESIAN_POINT('Ctrl Pts',(150.058855886862,-102.887048007513,5.56));
#7231=CARTESIAN_POINT('Ctrl Pts',(150.078413350054,-102.9819636269,5.56));
#7232=CARTESIAN_POINT('Ctrl Pts',(150.121515092753,-103.191143547869,5.56));
#7233=CARTESIAN_POINT('Ctrl Pts',(150.267441615332,-103.348396773926,5.56));
#7234=CARTESIAN_POINT('Ctrl Pts',(150.347153817668,-103.43429617557,5.56));
#7235=CARTESIAN_POINT('Ctrl Pts',(150.347153817668,-103.43429617557,6.06));
#7236=CARTESIAN_POINT('Ctrl Pts',(150.267441615332,-103.348396773926,6.06));
#7237=CARTESIAN_POINT('Ctrl Pts',(150.121515092753,-103.191143547869,6.06));
#7238=CARTESIAN_POINT('Ctrl Pts',(150.078413350054,-102.9819636269,6.06));
#7239=CARTESIAN_POINT('Ctrl Pts',(150.058855886862,-102.887048007513,6.06));
#7240=CARTESIAN_POINT('Ctrl Pts',(149.47535468559,-103.318631736264,5.56));
#7241=CARTESIAN_POINT('Ctrl Pts',(149.47535468559,-103.318631736264,6.06));
#7242=CARTESIAN_POINT('Ctrl Pts',(149.516038784071,-103.428796506904,5.56));
#7243=CARTESIAN_POINT('Ctrl Pts',(149.516038784071,-103.428796506904,6.06));
#7244=CARTESIAN_POINT('Ctrl Pts',(149.596234282989,-103.645950605788,5.56));
#7245=CARTESIAN_POINT('Ctrl Pts',(149.596234282989,-103.645950605788,6.06));
#7246=CARTESIAN_POINT('Ctrl Pts',(149.748871658257,-103.819888437278,5.56));
#7247=CARTESIAN_POINT('Ctrl Pts',(149.748871658257,-103.819888437278,6.06));
#7248=CARTESIAN_POINT('Ctrl Pts',(149.824074338421,-103.905585607366,5.56));
#7249=CARTESIAN_POINT('Ctrl Pts',(149.824074338421,-103.905585607366,6.06));
#7250=CARTESIAN_POINT('',(149.824074338421,-103.905585607366,5.56));
#7251=CARTESIAN_POINT('',(149.47535468559,-103.318631736264,5.56));
#7252=CARTESIAN_POINT('Ctrl Pts',(149.824074338421,-103.905585607366,5.56));
#7253=CARTESIAN_POINT('Ctrl Pts',(149.748871658257,-103.819888437278,5.56));
#7254=CARTESIAN_POINT('Ctrl Pts',(149.596234282989,-103.645950605788,5.56));
#7255=CARTESIAN_POINT('Ctrl Pts',(149.516038784071,-103.428796506904,5.56));
#7256=CARTESIAN_POINT('Ctrl Pts',(149.47535468559,-103.318631736264,5.56));
#7257=CARTESIAN_POINT('',(149.824074338421,-103.905585607366,6.06));
#7258=CARTESIAN_POINT('',(149.824074338421,-103.905585607366,5.56));
#7259=CARTESIAN_POINT('',(149.47535468559,-103.318631736264,6.06));
#7260=CARTESIAN_POINT('Ctrl Pts',(149.47535468559,-103.318631736264,6.06));
#7261=CARTESIAN_POINT('Ctrl Pts',(149.516038784071,-103.428796506904,6.06));
#7262=CARTESIAN_POINT('Ctrl Pts',(149.596234282989,-103.645950605788,6.06));
#7263=CARTESIAN_POINT('Ctrl Pts',(149.748871658257,-103.819888437278,6.06));
#7264=CARTESIAN_POINT('Ctrl Pts',(149.824074338421,-103.905585607366,6.06));
#7265=CARTESIAN_POINT('',(149.47535468559,-103.318631736264,5.56));
#7266=CARTESIAN_POINT('Ctrl Pts',(149.467586178473,-102.635866277379,5.56));
#7267=CARTESIAN_POINT('Ctrl Pts',(149.467586178473,-102.635866277379,6.06));
#7268=CARTESIAN_POINT('Ctrl Pts',(149.443222025389,-102.749100227649,5.56));
#7269=CARTESIAN_POINT('Ctrl Pts',(149.443222025389,-102.749100227649,6.06));
#7270=CARTESIAN_POINT('Ctrl Pts',(149.394138261471,-102.977220140685,5.56));
#7271=CARTESIAN_POINT('Ctrl Pts',(149.394138261471,-102.977220140685,6.06));
#7272=CARTESIAN_POINT('Ctrl Pts',(149.448152157192,-103.204279759739,5.56));
#7273=CARTESIAN_POINT('Ctrl Pts',(149.448152157192,-103.204279759739,6.06));
#7274=CARTESIAN_POINT('Ctrl Pts',(149.47535468559,-103.318631736264,5.56));
#7275=CARTESIAN_POINT('Ctrl Pts',(149.47535468559,-103.318631736264,6.06));
#7276=CARTESIAN_POINT('',(149.467586178473,-102.635866277379,5.56));
#7277=CARTESIAN_POINT('Ctrl Pts',(149.47535468559,-103.318631736264,5.56));
#7278=CARTESIAN_POINT('Ctrl Pts',(149.448152157192,-103.204279759739,5.56));
#7279=CARTESIAN_POINT('Ctrl Pts',(149.394138261471,-102.977220140685,5.56));
#7280=CARTESIAN_POINT('Ctrl Pts',(149.443222025389,-102.749100227649,5.56));
#7281=CARTESIAN_POINT('Ctrl Pts',(149.467586178473,-102.635866277379,5.56));
#7282=CARTESIAN_POINT('',(149.467586178473,-102.635866277379,6.06));
#7283=CARTESIAN_POINT('Ctrl Pts',(149.467586178473,-102.635866277379,6.06));
#7284=CARTESIAN_POINT('Ctrl Pts',(149.443222025389,-102.749100227649,6.06));
#7285=CARTESIAN_POINT('Ctrl Pts',(149.394138261471,-102.977220140685,6.06));
#7286=CARTESIAN_POINT('Ctrl Pts',(149.448152157192,-103.204279759739,6.06));
#7287=CARTESIAN_POINT('Ctrl Pts',(149.47535468559,-103.318631736264,6.06));
#7288=CARTESIAN_POINT('',(149.467586178473,-102.635866277379,5.56));
#7289=CARTESIAN_POINT('Ctrl Pts',(149.836158682826,-102.029059554754,5.56));
#7290=CARTESIAN_POINT('Ctrl Pts',(149.836158682826,-102.029059554754,6.06));
#7291=CARTESIAN_POINT('Ctrl Pts',(149.753839184684,-102.120453842913,5.56));
#7292=CARTESIAN_POINT('Ctrl Pts',(149.753839184684,-102.120453842913,6.06));
#7293=CARTESIAN_POINT('Ctrl Pts',(149.592552816712,-102.299520201711,5.56));
#7294=CARTESIAN_POINT('Ctrl Pts',(149.592552816712,-102.299520201711,6.06));
#7295=CARTESIAN_POINT('Ctrl Pts',(149.50866043972,-102.525315439364,5.56));
#7296=CARTESIAN_POINT('Ctrl Pts',(149.50866043972,-102.525315439364,6.06));
#7297=CARTESIAN_POINT('Ctrl Pts',(149.467586178473,-102.635866277379,5.56));
#7298=CARTESIAN_POINT('Ctrl Pts',(149.467586178473,-102.635866277379,6.06));
#7299=CARTESIAN_POINT('',(149.836158682826,-102.029059554754,5.56));
#7300=CARTESIAN_POINT('Ctrl Pts',(149.467586178473,-102.635866277379,5.56));
#7301=CARTESIAN_POINT('Ctrl Pts',(149.50866043972,-102.525315439364,5.56));
#7302=CARTESIAN_POINT('Ctrl Pts',(149.592552816712,-102.299520201711,5.56));
#7303=CARTESIAN_POINT('Ctrl Pts',(149.753839184684,-102.120453842913,5.56));
#7304=CARTESIAN_POINT('Ctrl Pts',(149.836158682826,-102.029059554754,5.56));
#7305=CARTESIAN_POINT('',(149.836158682826,-102.029059554754,6.06));
#7306=CARTESIAN_POINT('Ctrl Pts',(149.836158682826,-102.029059554754,6.06));
#7307=CARTESIAN_POINT('Ctrl Pts',(149.753839184684,-102.120453842913,6.06));
#7308=CARTESIAN_POINT('Ctrl Pts',(149.592552816712,-102.299520201711,6.06));
#7309=CARTESIAN_POINT('Ctrl Pts',(149.50866043972,-102.525315439364,6.06));
#7310=CARTESIAN_POINT('Ctrl Pts',(149.467586178473,-102.635866277379,6.06));
#7311=CARTESIAN_POINT('',(149.836158682826,-102.029059554754,5.56));
#7312=CARTESIAN_POINT('Ctrl Pts',(150.788232388452,-101.617328677525,5.56));
#7313=CARTESIAN_POINT('Ctrl Pts',(150.788232388452,-101.617328677525,6.06));
#7314=CARTESIAN_POINT('Ctrl Pts',(150.612838551107,-101.635152646051,5.56));
#7315=CARTESIAN_POINT('Ctrl Pts',(150.612838551107,-101.635152646051,6.06));
#7316=CARTESIAN_POINT('Ctrl Pts',(150.252612552723,-101.671759729599,5.56));
#7317=CARTESIAN_POINT('Ctrl Pts',(150.252612552723,-101.671759729599,6.06));
#7318=CARTESIAN_POINT('Ctrl Pts',(149.9773804358,-101.907897257336,5.56));
#7319=CARTESIAN_POINT('Ctrl Pts',(149.9773804358,-101.907897257336,6.06));
#7320=CARTESIAN_POINT('Ctrl Pts',(149.836158682826,-102.029059554754,5.56));
#7321=CARTESIAN_POINT('Ctrl Pts',(149.836158682826,-102.029059554754,6.06));
#7322=CARTESIAN_POINT('',(150.788232388452,-101.617328677525,5.56));
#7323=CARTESIAN_POINT('Ctrl Pts',(149.836158682826,-102.029059554754,5.56));
#7324=CARTESIAN_POINT('Ctrl Pts',(149.9773804358,-101.907897257336,5.56));
#7325=CARTESIAN_POINT('Ctrl Pts',(150.252612552723,-101.671759729599,5.56));
#7326=CARTESIAN_POINT('Ctrl Pts',(150.612838551107,-101.635152646051,5.56));
#7327=CARTESIAN_POINT('Ctrl Pts',(150.788232388452,-101.617328677525,5.56));
#7328=CARTESIAN_POINT('',(150.788232388452,-101.617328677525,6.06));
#7329=CARTESIAN_POINT('Ctrl Pts',(150.788232388452,-101.617328677525,6.06));
#7330=CARTESIAN_POINT('Ctrl Pts',(150.612838551107,-101.635152646051,6.06));
#7331=CARTESIAN_POINT('Ctrl Pts',(150.252612552723,-101.671759729599,6.06));
#7332=CARTESIAN_POINT('Ctrl Pts',(149.9773804358,-101.907897257336,6.06));
#7333=CARTESIAN_POINT('Ctrl Pts',(149.836158682826,-102.029059554754,6.06));
#7334=CARTESIAN_POINT('',(150.788232388452,-101.617328677525,5.56));
#7335=CARTESIAN_POINT('Ctrl Pts',(151.73685300278,-102.034238980968,5.56));
#7336=CARTESIAN_POINT('Ctrl Pts',(151.73685300278,-102.034238980968,6.06));
#7337=CARTESIAN_POINT('Ctrl Pts',(151.596397376309,-101.913756828475,5.56));
#7338=CARTESIAN_POINT('Ctrl Pts',(151.596397376309,-101.913756828475,6.06));
#7339=CARTESIAN_POINT('Ctrl Pts',(151.322002255477,-101.678382029885,5.56));
#7340=CARTESIAN_POINT('Ctrl Pts',(151.322002255477,-101.678382029885,6.06));
#7341=CARTESIAN_POINT('Ctrl Pts',(150.963316408848,-101.637355035419,5.56));
#7342=CARTESIAN_POINT('Ctrl Pts',(150.963316408848,-101.637355035419,6.06));
#7343=CARTESIAN_POINT('Ctrl Pts',(150.788232388452,-101.617328677525,5.56));
#7344=CARTESIAN_POINT('Ctrl Pts',(150.788232388452,-101.617328677525,6.06));
#7345=CARTESIAN_POINT('',(151.73685300278,-102.034238980968,5.56));
#7346=CARTESIAN_POINT('Ctrl Pts',(150.788232388452,-101.617328677525,5.56));
#7347=CARTESIAN_POINT('Ctrl Pts',(150.963316408848,-101.637355035419,5.56));
#7348=CARTESIAN_POINT('Ctrl Pts',(151.322002255477,-101.678382029885,5.56));
#7349=CARTESIAN_POINT('Ctrl Pts',(151.596397376309,-101.913756828475,5.56));
#7350=CARTESIAN_POINT('Ctrl Pts',(151.73685300278,-102.034238980968,5.56));
#7351=CARTESIAN_POINT('',(151.73685300278,-102.034238980968,6.06));
#7352=CARTESIAN_POINT('Ctrl Pts',(151.73685300278,-102.034238980968,6.06));
#7353=CARTESIAN_POINT('Ctrl Pts',(151.596397376309,-101.913756828475,6.06));
#7354=CARTESIAN_POINT('Ctrl Pts',(151.322002255477,-101.678382029885,6.06));
#7355=CARTESIAN_POINT('Ctrl Pts',(150.963316408848,-101.637355035419,6.06));
#7356=CARTESIAN_POINT('Ctrl Pts',(150.788232388452,-101.617328677525,6.06));
#7357=CARTESIAN_POINT('',(151.73685300278,-102.034238980968,5.56));
#7358=CARTESIAN_POINT('Ctrl Pts',(152.15807914351,-102.992354437328,5.56));
#7359=CARTESIAN_POINT('Ctrl Pts',(152.15807914351,-102.992354437328,6.06));
#7360=CARTESIAN_POINT('Ctrl Pts',(152.137696871426,-102.815402547656,5.56));
#7361=CARTESIAN_POINT('Ctrl Pts',(152.137696871426,-102.815402547656,6.06));
#7362=CARTESIAN_POINT('Ctrl Pts',(152.095975682104,-102.453193503463,5.56));
#7363=CARTESIAN_POINT('Ctrl Pts',(152.095975682104,-102.453193503463,6.06));
#7364=CARTESIAN_POINT('Ctrl Pts',(151.858376570539,-102.176009053519,5.56));
#7365=CARTESIAN_POINT('Ctrl Pts',(151.858376570539,-102.176009053519,6.06));
#7366=CARTESIAN_POINT('Ctrl Pts',(151.73685300278,-102.034238980968,5.56));
#7367=CARTESIAN_POINT('Ctrl Pts',(151.73685300278,-102.034238980968,6.06));
#7368=CARTESIAN_POINT('',(152.15807914351,-102.992354437328,5.56));
#7369=CARTESIAN_POINT('Ctrl Pts',(151.73685300278,-102.034238980968,5.56));
#7370=CARTESIAN_POINT('Ctrl Pts',(151.858376570539,-102.176009053519,5.56));
#7371=CARTESIAN_POINT('Ctrl Pts',(152.095975682104,-102.453193503463,5.56));
#7372=CARTESIAN_POINT('Ctrl Pts',(152.137696871426,-102.815402547656,5.56));
#7373=CARTESIAN_POINT('Ctrl Pts',(152.15807914351,-102.992354437328,5.56));
#7374=CARTESIAN_POINT('',(152.15807914351,-102.992354437328,6.06));
#7375=CARTESIAN_POINT('Ctrl Pts',(152.15807914351,-102.992354437328,6.06));
#7376=CARTESIAN_POINT('Ctrl Pts',(152.137696871426,-102.815402547656,6.06));
#7377=CARTESIAN_POINT('Ctrl Pts',(152.095975682104,-102.453193503463,6.06));
#7378=CARTESIAN_POINT('Ctrl Pts',(151.858376570539,-102.176009053519,6.06));
#7379=CARTESIAN_POINT('Ctrl Pts',(151.73685300278,-102.034238980968,6.06));
#7380=CARTESIAN_POINT('',(152.15807914351,-102.992354437328,5.56));
#7381=CARTESIAN_POINT('Ctrl Pts',(151.755843108313,-103.941838640581,5.56));
#7382=CARTESIAN_POINT('Ctrl Pts',(151.755843108313,-103.941838640581,6.06));
#7383=CARTESIAN_POINT('Ctrl Pts',(151.874461729603,-103.802024579037,5.56));
#7384=CARTESIAN_POINT('Ctrl Pts',(151.874461729603,-103.802024579037,6.06));
#7385=CARTESIAN_POINT('Ctrl Pts',(152.107695593012,-103.527115181352,5.56));
#7386=CARTESIAN_POINT('Ctrl Pts',(152.107695593012,-103.527115181352,6.06));
#7387=CARTESIAN_POINT('Ctrl Pts',(152.14147791399,-103.168556506496,5.56));
#7388=CARTESIAN_POINT('Ctrl Pts',(152.14147791399,-103.168556506496,6.06));
#7389=CARTESIAN_POINT('Ctrl Pts',(152.15807914351,-102.992354437328,5.56));
#7390=CARTESIAN_POINT('Ctrl Pts',(152.15807914351,-102.992354437328,6.06));
#7391=CARTESIAN_POINT('',(151.755843108313,-103.941838640581,5.56));
#7392=CARTESIAN_POINT('Ctrl Pts',(152.15807914351,-102.992354437328,5.56));
#7393=CARTESIAN_POINT('Ctrl Pts',(152.14147791399,-103.168556506496,5.56));
#7394=CARTESIAN_POINT('Ctrl Pts',(152.107695593012,-103.527115181352,5.56));
#7395=CARTESIAN_POINT('Ctrl Pts',(151.874461729603,-103.802024579037,5.56));
#7396=CARTESIAN_POINT('Ctrl Pts',(151.755843108313,-103.941838640581,5.56));
#7397=CARTESIAN_POINT('',(151.755843108313,-103.941838640581,6.06));
#7398=CARTESIAN_POINT('Ctrl Pts',(151.755843108313,-103.941838640581,6.06));
#7399=CARTESIAN_POINT('Ctrl Pts',(151.874461729603,-103.802024579037,6.06));
#7400=CARTESIAN_POINT('Ctrl Pts',(152.107695593012,-103.527115181352,6.06));
#7401=CARTESIAN_POINT('Ctrl Pts',(152.14147791399,-103.168556506496,6.06));
#7402=CARTESIAN_POINT('Ctrl Pts',(152.15807914351,-102.992354437328,6.06));
#7403=CARTESIAN_POINT('',(151.755843108313,-103.941838640581,5.56));
#7404=CARTESIAN_POINT('Ctrl Pts',(151.161120730094,-104.30868481002,5.56));
#7405=CARTESIAN_POINT('Ctrl Pts',(151.161120730094,-104.30868481002,6.06));
#7406=CARTESIAN_POINT('Ctrl Pts',(151.271418223895,-104.264850964875,5.56));
#7407=CARTESIAN_POINT('Ctrl Pts',(151.271418223895,-104.264850964875,6.06));
#7408=CARTESIAN_POINT('Ctrl Pts',(151.491224189477,-104.177496843531,5.56));
#7409=CARTESIAN_POINT('Ctrl Pts',(151.491224189477,-104.177496843531,6.06));
#7410=CARTESIAN_POINT('Ctrl Pts',(151.667848140227,-104.020203166213,5.56));
#7411=CARTESIAN_POINT('Ctrl Pts',(151.667848140227,-104.020203166213,6.06));
#7412=CARTESIAN_POINT('Ctrl Pts',(151.755843108313,-103.941838640581,5.56));
#7413=CARTESIAN_POINT('Ctrl Pts',(151.755843108313,-103.941838640581,6.06));
#7414=CARTESIAN_POINT('',(151.161120730094,-104.30868481002,5.56));
#7415=CARTESIAN_POINT('Ctrl Pts',(151.755843108313,-103.941838640581,5.56));
#7416=CARTESIAN_POINT('Ctrl Pts',(151.667848140227,-104.020203166213,5.56));
#7417=CARTESIAN_POINT('Ctrl Pts',(151.491224189477,-104.177496843531,5.56));
#7418=CARTESIAN_POINT('Ctrl Pts',(151.271418223895,-104.264850964875,5.56));
#7419=CARTESIAN_POINT('Ctrl Pts',(151.161120730094,-104.30868481002,5.56));
#7420=CARTESIAN_POINT('',(151.161120730094,-104.30868481002,6.06));
#7421=CARTESIAN_POINT('Ctrl Pts',(151.161120730094,-104.30868481002,6.06));
#7422=CARTESIAN_POINT('Ctrl Pts',(151.271418223895,-104.264850964875,6.06));
#7423=CARTESIAN_POINT('Ctrl Pts',(151.491224189477,-104.177496843531,6.06));
#7424=CARTESIAN_POINT('Ctrl Pts',(151.667848140227,-104.020203166213,6.06));
#7425=CARTESIAN_POINT('Ctrl Pts',(151.755843108313,-103.941838640581,6.06));
#7426=CARTESIAN_POINT('',(151.161120730094,-104.30868481002,5.56));
#7427=CARTESIAN_POINT('Ctrl Pts',(150.479218438666,-104.32249548934,5.56));
#7428=CARTESIAN_POINT('Ctrl Pts',(150.479218438666,-104.32249548934,6.06));
#7429=CARTESIAN_POINT('Ctrl Pts',(150.592753184004,-104.347061289613,5.56));
#7430=CARTESIAN_POINT('Ctrl Pts',(150.592753184004,-104.347061289613,6.06));
#7431=CARTESIAN_POINT('Ctrl Pts',(150.821100059927,-104.396469281237,5.56));
#7432=CARTESIAN_POINT('Ctrl Pts',(150.821100059927,-104.396469281237,6.06));
#7433=CARTESIAN_POINT('Ctrl Pts',(151.047358605701,-104.338055224264,5.56));
#7434=CARTESIAN_POINT('Ctrl Pts',(151.047358605701,-104.338055224264,6.06));
#7435=CARTESIAN_POINT('Ctrl Pts',(151.161120730094,-104.30868481002,5.56));
#7436=CARTESIAN_POINT('Ctrl Pts',(151.161120730094,-104.30868481002,6.06));
#7437=CARTESIAN_POINT('',(150.479218438666,-104.32249548934,5.56));
#7438=CARTESIAN_POINT('Ctrl Pts',(151.161120730094,-104.30868481002,5.56));
#7439=CARTESIAN_POINT('Ctrl Pts',(151.047358605701,-104.338055224264,5.56));
#7440=CARTESIAN_POINT('Ctrl Pts',(150.821100059927,-104.396469281237,5.56));
#7441=CARTESIAN_POINT('Ctrl Pts',(150.592753184004,-104.347061289613,5.56));
#7442=CARTESIAN_POINT('Ctrl Pts',(150.479218438666,-104.32249548934,5.56));
#7443=CARTESIAN_POINT('',(150.479218438666,-104.32249548934,6.06));
#7444=CARTESIAN_POINT('Ctrl Pts',(150.479218438666,-104.32249548934,6.06));
#7445=CARTESIAN_POINT('Ctrl Pts',(150.592753184004,-104.347061289613,6.06));
#7446=CARTESIAN_POINT('Ctrl Pts',(150.821100059927,-104.396469281237,6.06));
#7447=CARTESIAN_POINT('Ctrl Pts',(151.047358605701,-104.338055224264,6.06));
#7448=CARTESIAN_POINT('Ctrl Pts',(151.161120730094,-104.30868481002,6.06));
#7449=CARTESIAN_POINT('',(150.479218438666,-104.32249548934,5.56));
#7450=CARTESIAN_POINT('Ctrl Pts',(149.824074338421,-103.905585607366,5.56));
#7451=CARTESIAN_POINT('Ctrl Pts',(149.824074338421,-103.905585607366,6.06));
#7452=CARTESIAN_POINT('Ctrl Pts',(149.926484939469,-104.000712967935,5.56));
#7453=CARTESIAN_POINT('Ctrl Pts',(149.926484939469,-104.000712967935,6.06));
#7454=CARTESIAN_POINT('Ctrl Pts',(150.119587165604,-104.180082143627,5.56));
#7455=CARTESIAN_POINT('Ctrl Pts',(150.119587165604,-104.180082143627,6.06));
#7456=CARTESIAN_POINT('Ctrl Pts',(150.364291549145,-104.276984645109,5.56));
#7457=CARTESIAN_POINT('Ctrl Pts',(150.364291549145,-104.276984645109,6.06));
#7458=CARTESIAN_POINT('Ctrl Pts',(150.479218438666,-104.32249548934,5.56));
#7459=CARTESIAN_POINT('Ctrl Pts',(150.479218438666,-104.32249548934,6.06));
#7460=CARTESIAN_POINT('Ctrl Pts',(150.479218438666,-104.32249548934,5.56));
#7461=CARTESIAN_POINT('Ctrl Pts',(150.364291549145,-104.276984645109,5.56));
#7462=CARTESIAN_POINT('Ctrl Pts',(150.119587165604,-104.180082143627,5.56));
#7463=CARTESIAN_POINT('Ctrl Pts',(149.926484939469,-104.000712967935,5.56));
#7464=CARTESIAN_POINT('Ctrl Pts',(149.824074338421,-103.905585607366,5.56));
#7465=CARTESIAN_POINT('Ctrl Pts',(149.824074338421,-103.905585607366,6.06));
#7466=CARTESIAN_POINT('Ctrl Pts',(149.926484939469,-104.000712967935,6.06));
#7467=CARTESIAN_POINT('Ctrl Pts',(150.119587165604,-104.180082143627,6.06));
#7468=CARTESIAN_POINT('Ctrl Pts',(150.364291549145,-104.276984645109,6.06));
#7469=CARTESIAN_POINT('Ctrl Pts',(150.479218438666,-104.32249548934,6.06));
#7470=CARTESIAN_POINT('Origin',(149.203577474883,-104.266389815337,6.06));
#7471=CARTESIAN_POINT('Origin',(149.2758,-106.680497901062,5.56));
#7472=CARTESIAN_POINT('Origin',(146.509511301609,-105.438571011892,5.56));
#7473=CARTESIAN_POINT('',(146.062390558623,-105.885691754878,5.56));
#7474=CARTESIAN_POINT('',(146.509511301609,-105.438571011892,5.56));
#7475=CARTESIAN_POINT('',(146.890601753915,-105.057480559587,5.56));
#7476=CARTESIAN_POINT('',(146.062390558623,-105.885691754878,5.56));
#7477=CARTESIAN_POINT('',(146.509511301609,-105.438571011892,5.56));
#7478=CARTESIAN_POINT('Origin',(146.759829864285,-105.688889574568,5.56));
#7479=CARTESIAN_POINT('',(146.759829864285,-105.688889574568,5.56));
#7480=CARTESIAN_POINT('',(147.636724479838,-106.56578419012,5.56));
#7481=CARTESIAN_POINT('',(146.759829864285,-105.688889574568,5.56));
#7482=CARTESIAN_POINT('Ctrl Pts',(147.039496120516,-104.825722117065,5.56));
#7483=CARTESIAN_POINT('Ctrl Pts',(147.039496120516,-104.825722117065,6.06));
#7484=CARTESIAN_POINT('Ctrl Pts',(146.945325725109,-104.947679929494,5.56));
#7485=CARTESIAN_POINT('Ctrl Pts',(146.945325725109,-104.947679929494,6.06));
#7486=CARTESIAN_POINT('Ctrl Pts',(146.749586791516,-105.201176710995,5.56));
#7487=CARTESIAN_POINT('Ctrl Pts',(146.749586791516,-105.201176710995,6.06));
#7488=CARTESIAN_POINT('Ctrl Pts',(146.756330544468,-105.522273235223,5.56));
#7489=CARTESIAN_POINT('Ctrl Pts',(146.756330544468,-105.522273235223,6.06));
#7490=CARTESIAN_POINT('Ctrl Pts',(146.759829864285,-105.688889574568,5.56));
#7491=CARTESIAN_POINT('Ctrl Pts',(146.759829864285,-105.688889574568,6.06));
#7492=CARTESIAN_POINT('',(147.039496120516,-104.825722117065,5.56));
#7493=CARTESIAN_POINT('Ctrl Pts',(146.759829864285,-105.688889574568,5.56));
#7494=CARTESIAN_POINT('Ctrl Pts',(146.756330544468,-105.522273235223,5.56));
#7495=CARTESIAN_POINT('Ctrl Pts',(146.749586791516,-105.201176710995,5.56));
#7496=CARTESIAN_POINT('Ctrl Pts',(146.945325725109,-104.947679929494,5.56));
#7497=CARTESIAN_POINT('Ctrl Pts',(147.039496120516,-104.825722117065,5.56));
#7498=CARTESIAN_POINT('',(147.039496120516,-104.825722117065,5.56));
#7499=CARTESIAN_POINT('Ctrl Pts',(147.417563466903,-104.592666903539,5.56));
#7500=CARTESIAN_POINT('Ctrl Pts',(147.417563466903,-104.592666903539,6.06));
#7501=CARTESIAN_POINT('Ctrl Pts',(147.350117458706,-104.617840921239,5.56));
#7502=CARTESIAN_POINT('Ctrl Pts',(147.350117458706,-104.617840921239,6.06));
#7503=CARTESIAN_POINT('Ctrl Pts',(147.208898682987,-104.67055040034,5.56));
#7504=CARTESIAN_POINT('Ctrl Pts',(147.208898682987,-104.67055040034,6.06));
#7505=CARTESIAN_POINT('Ctrl Pts',(147.097625364441,-104.772476083238,5.56));
#7506=CARTESIAN_POINT('Ctrl Pts',(147.097625364441,-104.772476083238,6.06));
#7507=CARTESIAN_POINT('Ctrl Pts',(147.039496120516,-104.825722117065,5.56));
#7508=CARTESIAN_POINT('Ctrl Pts',(147.039496120516,-104.825722117065,6.06));
#7509=CARTESIAN_POINT('',(147.417563466903,-104.592666903539,5.56));
#7510=CARTESIAN_POINT('Ctrl Pts',(147.039496120516,-104.825722117065,5.56));
#7511=CARTESIAN_POINT('Ctrl Pts',(147.097625364441,-104.772476083238,5.56));
#7512=CARTESIAN_POINT('Ctrl Pts',(147.208898682987,-104.67055040034,5.56));
#7513=CARTESIAN_POINT('Ctrl Pts',(147.350117458706,-104.617840921239,5.56));
#7514=CARTESIAN_POINT('Ctrl Pts',(147.417563466903,-104.592666903539,5.56));
#7515=CARTESIAN_POINT('',(147.417563466903,-104.592666903539,5.56));
#7516=CARTESIAN_POINT('Ctrl Pts',(147.849147195654,-104.599572243199,5.56));
#7517=CARTESIAN_POINT('Ctrl Pts',(147.849147195654,-104.599572243199,6.06));
#7518=CARTESIAN_POINT('Ctrl Pts',(147.774975472235,-104.582986704081,5.56));
#7519=CARTESIAN_POINT('Ctrl Pts',(147.774975472235,-104.582986704081,6.06));
#7520=CARTESIAN_POINT('Ctrl Pts',(147.631451212037,-104.550893244174,5.56));
#7521=CARTESIAN_POINT('Ctrl Pts',(147.631451212037,-104.550893244174,6.06));
#7522=CARTESIAN_POINT('Ctrl Pts',(147.487245357656,-104.579057579796,5.56));
#7523=CARTESIAN_POINT('Ctrl Pts',(147.487245357656,-104.579057579796,6.06));
#7524=CARTESIAN_POINT('Ctrl Pts',(147.417563466903,-104.592666903539,5.56));
#7525=CARTESIAN_POINT('Ctrl Pts',(147.417563466903,-104.592666903539,6.06));
#7526=CARTESIAN_POINT('',(147.849147195654,-104.599572243199,5.56));
#7527=CARTESIAN_POINT('Ctrl Pts',(147.417563466903,-104.592666903539,5.56));
#7528=CARTESIAN_POINT('Ctrl Pts',(147.487245357656,-104.579057579796,5.56));
#7529=CARTESIAN_POINT('Ctrl Pts',(147.631451212037,-104.550893244174,5.56));
#7530=CARTESIAN_POINT('Ctrl Pts',(147.774975472235,-104.582986704081,5.56));
#7531=CARTESIAN_POINT('Ctrl Pts',(147.849147195654,-104.599572243199,5.56));
#7532=CARTESIAN_POINT('',(147.849147195654,-104.599572243199,5.56));
#7533=CARTESIAN_POINT('Ctrl Pts',(147.890579233614,-104.119651136827,5.56));
#7534=CARTESIAN_POINT('Ctrl Pts',(147.890579233614,-104.119651136827,6.06));
#7535=CARTESIAN_POINT('Ctrl Pts',(147.872227702506,-104.194698741859,5.56));
#7536=CARTESIAN_POINT('Ctrl Pts',(147.872227702506,-104.194698741859,6.06));
#7537=CARTESIAN_POINT('Ctrl Pts',(147.833661576235,-104.352412852738,5.56));
#7538=CARTESIAN_POINT('Ctrl Pts',(147.833661576235,-104.352412852738,6.06));
#7539=CARTESIAN_POINT('Ctrl Pts',(147.843821716147,-104.514574528013,5.56));
#7540=CARTESIAN_POINT('Ctrl Pts',(147.843821716147,-104.514574528013,6.06));
#7541=CARTESIAN_POINT('Ctrl Pts',(147.849147195654,-104.599572243199,5.56));
#7542=CARTESIAN_POINT('Ctrl Pts',(147.849147195654,-104.599572243199,6.06));
#7543=CARTESIAN_POINT('',(147.890579233614,-104.119651136827,5.56));
#7544=CARTESIAN_POINT('Ctrl Pts',(147.849147195654,-104.599572243199,5.56));
#7545=CARTESIAN_POINT('Ctrl Pts',(147.843821716147,-104.514574528013,5.56));
#7546=CARTESIAN_POINT('Ctrl Pts',(147.833661576235,-104.352412852738,5.56));
#7547=CARTESIAN_POINT('Ctrl Pts',(147.872227702506,-104.194698741859,5.56));
#7548=CARTESIAN_POINT('Ctrl Pts',(147.890579233614,-104.119651136827,5.56));
#7549=CARTESIAN_POINT('',(147.890579233614,-104.119651136827,5.56));
#7550=CARTESIAN_POINT('Ctrl Pts',(148.11672910748,-103.748489130101,5.56));
#7551=CARTESIAN_POINT('Ctrl Pts',(148.11672910748,-103.748489130101,6.06));
#7552=CARTESIAN_POINT('Ctrl Pts',(148.067624880366,-103.803583136222,5.56));
#7553=CARTESIAN_POINT('Ctrl Pts',(148.067624880366,-103.803583136222,6.06));
#7554=CARTESIAN_POINT('Ctrl Pts',(147.969628176844,-103.913533568211,5.56));
#7555=CARTESIAN_POINT('Ctrl Pts',(147.969628176844,-103.913533568211,6.06));
#7556=CARTESIAN_POINT('Ctrl Pts',(147.916890896555,-104.05104432477,5.56));
#7557=CARTESIAN_POINT('Ctrl Pts',(147.916890896555,-104.05104432477,6.06));
#7558=CARTESIAN_POINT('Ctrl Pts',(147.890579233614,-104.119651136827,5.56));
#7559=CARTESIAN_POINT('Ctrl Pts',(147.890579233614,-104.119651136827,6.06));
#7560=CARTESIAN_POINT('',(148.11672910748,-103.748489130101,5.56));
#7561=CARTESIAN_POINT('Ctrl Pts',(147.890579233614,-104.119651136827,5.56));
#7562=CARTESIAN_POINT('Ctrl Pts',(147.916890896555,-104.05104432477,5.56));
#7563=CARTESIAN_POINT('Ctrl Pts',(147.969628176844,-103.913533568211,5.56));
#7564=CARTESIAN_POINT('Ctrl Pts',(148.067624880366,-103.803583136222,5.56));
#7565=CARTESIAN_POINT('Ctrl Pts',(148.11672910748,-103.748489130101,5.56));
#7566=CARTESIAN_POINT('',(148.11672910748,-103.748489130101,5.56));
#7567=CARTESIAN_POINT('Ctrl Pts',(148.540544329114,-103.488675725392,5.56));
#7568=CARTESIAN_POINT('Ctrl Pts',(148.540544329114,-103.488675725392,6.06));
#7569=CARTESIAN_POINT('Ctrl Pts',(148.465701292509,-103.51572793415,5.56));
#7570=CARTESIAN_POINT('Ctrl Pts',(148.465701292509,-103.51572793415,6.06));
#7571=CARTESIAN_POINT('Ctrl Pts',(148.30684751706,-103.573146041303,5.56));
#7572=CARTESIAN_POINT('Ctrl Pts',(148.30684751706,-103.573146041303,6.06));
#7573=CARTESIAN_POINT('Ctrl Pts',(148.182494120961,-103.687835137549,5.56));
#7574=CARTESIAN_POINT('Ctrl Pts',(148.182494120961,-103.687835137549,6.06));
#7575=CARTESIAN_POINT('Ctrl Pts',(148.11672910748,-103.748489130101,5.56));
#7576=CARTESIAN_POINT('Ctrl Pts',(148.11672910748,-103.748489130101,6.06));
#7577=CARTESIAN_POINT('',(148.540544329114,-103.488675725392,5.56));
#7578=CARTESIAN_POINT('Ctrl Pts',(148.11672910748,-103.748489130101,5.56));
#7579=CARTESIAN_POINT('Ctrl Pts',(148.182494120961,-103.687835137549,5.56));
#7580=CARTESIAN_POINT('Ctrl Pts',(148.30684751706,-103.573146041303,5.56));
#7581=CARTESIAN_POINT('Ctrl Pts',(148.465701292509,-103.51572793415,5.56));
#7582=CARTESIAN_POINT('Ctrl Pts',(148.540544329114,-103.488675725392,5.56));
#7583=CARTESIAN_POINT('',(148.540544329114,-103.488675725392,5.56));
#7584=CARTESIAN_POINT('Ctrl Pts',(148.990254574473,-103.52061292132,5.56));
#7585=CARTESIAN_POINT('Ctrl Pts',(148.990254574473,-103.52061292132,6.06));
#7586=CARTESIAN_POINT('Ctrl Pts',(148.91523003368,-103.496665952755,5.56));
#7587=CARTESIAN_POINT('Ctrl Pts',(148.91523003368,-103.496665952755,6.06));
#7588=CARTESIAN_POINT('Ctrl Pts',(148.767806265055,-103.449609985258,5.56));
#7589=CARTESIAN_POINT('Ctrl Pts',(148.767806265055,-103.449609985258,6.06));
#7590=CARTESIAN_POINT('Ctrl Pts',(148.615393589396,-103.475809330766,5.56));
#7591=CARTESIAN_POINT('Ctrl Pts',(148.615393589396,-103.475809330766,6.06));
#7592=CARTESIAN_POINT('Ctrl Pts',(148.540544329114,-103.488675725392,5.56));
#7593=CARTESIAN_POINT('Ctrl Pts',(148.540544329114,-103.488675725392,6.06));
#7594=CARTESIAN_POINT('',(148.990254574473,-103.52061292132,5.56));
#7595=CARTESIAN_POINT('Ctrl Pts',(148.540544329114,-103.488675725392,5.56));
#7596=CARTESIAN_POINT('Ctrl Pts',(148.615393589396,-103.475809330766,5.56));
#7597=CARTESIAN_POINT('Ctrl Pts',(148.767806265055,-103.449609985258,5.56));
#7598=CARTESIAN_POINT('Ctrl Pts',(148.91523003368,-103.496665952755,5.56));
#7599=CARTESIAN_POINT('Ctrl Pts',(148.990254574473,-103.52061292132,5.56));
#7600=CARTESIAN_POINT('',(148.990254574473,-103.52061292132,5.56));
#7601=CARTESIAN_POINT('Ctrl Pts',(149.42011196831,-103.850342890086,5.56));
#7602=CARTESIAN_POINT('Ctrl Pts',(149.42011196831,-103.850342890086,6.06));
#7603=CARTESIAN_POINT('Ctrl Pts',(149.344003698697,-103.774481664742,5.56));
#7604=CARTESIAN_POINT('Ctrl Pts',(149.344003698697,-103.774481664742,6.06));
#7605=CARTESIAN_POINT('Ctrl Pts',(149.214747962581,-103.645645487354,5.56));
#7606=CARTESIAN_POINT('Ctrl Pts',(149.214747962581,-103.645645487354,6.06));
#7607=CARTESIAN_POINT('Ctrl Pts',(149.055666007241,-103.55704410246,5.56));
#7608=CARTESIAN_POINT('Ctrl Pts',(149.055666007241,-103.55704410246,6.06));
#7609=CARTESIAN_POINT('Ctrl Pts',(148.990254574473,-103.52061292132,5.56));
#7610=CARTESIAN_POINT('Ctrl Pts',(148.990254574473,-103.52061292132,6.06));
#7611=CARTESIAN_POINT('',(149.42011196831,-103.850342890086,5.56));
#7612=CARTESIAN_POINT('Ctrl Pts',(148.990254574473,-103.52061292132,5.56));
#7613=CARTESIAN_POINT('Ctrl Pts',(149.055666007241,-103.55704410246,5.56));
#7614=CARTESIAN_POINT('Ctrl Pts',(149.214747962581,-103.645645487354,5.56));
#7615=CARTESIAN_POINT('Ctrl Pts',(149.344003698697,-103.774481664742,5.56));
#7616=CARTESIAN_POINT('Ctrl Pts',(149.42011196831,-103.850342890086,5.56));
#7617=CARTESIAN_POINT('',(149.42011196831,-103.850342890086,5.56));
#7618=CARTESIAN_POINT('Origin',(150.592293375599,-105.022524297375,5.56));
#7619=CARTESIAN_POINT('',(150.677663432621,-105.107894354397,5.56));
#7620=CARTESIAN_POINT('Ctrl Pts',(148.657071935877,-104.157630504957,5.56));
#7621=CARTESIAN_POINT('Ctrl Pts',(148.657071935877,-104.157630504957,6.06));
#7622=CARTESIAN_POINT('Ctrl Pts',(148.713716898458,-104.185506932281,5.56));
#7623=CARTESIAN_POINT('Ctrl Pts',(148.713716898458,-104.185506932281,6.06));
#7624=CARTESIAN_POINT('Ctrl Pts',(148.865983174641,-104.260441040956,5.56));
#7625=CARTESIAN_POINT('Ctrl Pts',(148.865983174641,-104.260441040956,6.06));
#7626=CARTESIAN_POINT('Ctrl Pts',(148.984733963545,-104.382860947592,5.56));
#7627=CARTESIAN_POINT('Ctrl Pts',(148.984733963545,-104.382860947592,6.06));
#7628=CARTESIAN_POINT('Ctrl Pts',(149.059307971074,-104.459739115083,5.56));
#7629=CARTESIAN_POINT('Ctrl Pts',(149.059307971074,-104.459739115083,6.06));
#7630=CARTESIAN_POINT('',(148.657071935877,-104.157630504957,5.56));
#7631=CARTESIAN_POINT('Ctrl Pts',(149.059307971074,-104.459739115083,5.56));
#7632=CARTESIAN_POINT('Ctrl Pts',(148.984733963545,-104.382860947592,5.56));
#7633=CARTESIAN_POINT('Ctrl Pts',(148.865983174641,-104.260441040956,5.56));
#7634=CARTESIAN_POINT('Ctrl Pts',(148.713716898458,-104.185506932281,5.56));
#7635=CARTESIAN_POINT('Ctrl Pts',(148.657071935877,-104.157630504957,5.56));
#7636=CARTESIAN_POINT('',(148.657071935877,-104.157630504957,5.56));
#7637=CARTESIAN_POINT('Ctrl Pts',(148.346331651176,-104.261210599858,5.56));
#7638=CARTESIAN_POINT('Ctrl Pts',(148.346331651176,-104.261210599858,6.06));
#7639=CARTESIAN_POINT('Ctrl Pts',(148.393097092808,-104.221714976242,5.56));
#7640=CARTESIAN_POINT('Ctrl Pts',(148.393097092808,-104.221714976242,6.06));
#7641=CARTESIAN_POINT('Ctrl Pts',(148.483266605427,-104.145562565238,5.56));
#7642=CARTESIAN_POINT('Ctrl Pts',(148.483266605427,-104.145562565238,6.06));
#7643=CARTESIAN_POINT('Ctrl Pts',(148.60059475905,-104.153709088027,5.56));
#7644=CARTESIAN_POINT('Ctrl Pts',(148.60059475905,-104.153709088027,6.06));
#7645=CARTESIAN_POINT('Ctrl Pts',(148.657071935877,-104.157630504957,5.56));
#7646=CARTESIAN_POINT('Ctrl Pts',(148.657071935877,-104.157630504957,6.06));
#7647=CARTESIAN_POINT('',(148.346331651176,-104.261210599858,5.56));
#7648=CARTESIAN_POINT('Ctrl Pts',(148.657071935877,-104.157630504957,5.56));
#7649=CARTESIAN_POINT('Ctrl Pts',(148.60059475905,-104.153709088027,5.56));
#7650=CARTESIAN_POINT('Ctrl Pts',(148.483266605427,-104.145562565238,5.56));
#7651=CARTESIAN_POINT('Ctrl Pts',(148.393097092808,-104.221714976242,5.56));
#7652=CARTESIAN_POINT('Ctrl Pts',(148.346331651176,-104.261210599858,5.56));
#7653=CARTESIAN_POINT('',(148.346331651176,-104.261210599858,5.56));
#7654=CARTESIAN_POINT('Ctrl Pts',(148.216856532551,-104.514981832363,5.56));
#7655=CARTESIAN_POINT('Ctrl Pts',(148.216856532551,-104.514981832363,6.06));
#7656=CARTESIAN_POINT('Ctrl Pts',(148.228831057709,-104.466757927049,5.56));
#7657=CARTESIAN_POINT('Ctrl Pts',(148.228831057709,-104.466757927049,6.06));
#7658=CARTESIAN_POINT('Ctrl Pts',(148.2523426916,-104.372071683418,5.56));
#7659=CARTESIAN_POINT('Ctrl Pts',(148.2523426916,-104.372071683418,6.06));
#7660=CARTESIAN_POINT('Ctrl Pts',(148.315392999313,-104.29770310371,5.56));
#7661=CARTESIAN_POINT('Ctrl Pts',(148.315392999313,-104.29770310371,6.06));
#7662=CARTESIAN_POINT('Ctrl Pts',(148.346331651176,-104.261210599858,5.56));
#7663=CARTESIAN_POINT('Ctrl Pts',(148.346331651176,-104.261210599858,6.06));
#7664=CARTESIAN_POINT('',(148.216856532551,-104.514981832363,5.56));
#7665=CARTESIAN_POINT('Ctrl Pts',(148.346331651176,-104.261210599858,5.56));
#7666=CARTESIAN_POINT('Ctrl Pts',(148.315392999313,-104.29770310371,5.56));
#7667=CARTESIAN_POINT('Ctrl Pts',(148.2523426916,-104.372071683418,5.56));
#7668=CARTESIAN_POINT('Ctrl Pts',(148.228831057709,-104.466757927049,5.56));
#7669=CARTESIAN_POINT('Ctrl Pts',(148.216856532551,-104.514981832363,5.56));
#7670=CARTESIAN_POINT('',(148.216856532551,-104.514981832363,5.56));
#7671=CARTESIAN_POINT('Ctrl Pts',(148.269509747458,-104.826585284522,5.56));
#7672=CARTESIAN_POINT('Ctrl Pts',(148.269509747458,-104.826585284522,6.06));
#7673=CARTESIAN_POINT('Ctrl Pts',(148.247065172543,-104.774762826146,5.56));
#7674=CARTESIAN_POINT('Ctrl Pts',(148.247065172543,-104.774762826146,6.06));
#7675=CARTESIAN_POINT('Ctrl Pts',(148.203880476662,-104.675053336738,5.56));
#7676=CARTESIAN_POINT('Ctrl Pts',(148.203880476662,-104.675053336738,6.06));
#7677=CARTESIAN_POINT('Ctrl Pts',(148.212646509244,-104.566916316147,5.56));
#7678=CARTESIAN_POINT('Ctrl Pts',(148.212646509244,-104.566916316147,6.06));
#7679=CARTESIAN_POINT('Ctrl Pts',(148.216856532551,-104.514981832363,5.56));
#7680=CARTESIAN_POINT('Ctrl Pts',(148.216856532551,-104.514981832363,6.06));
#7681=CARTESIAN_POINT('',(148.269509747458,-104.826585284522,5.56));
#7682=CARTESIAN_POINT('Ctrl Pts',(148.216856532551,-104.514981832363,5.56));
#7683=CARTESIAN_POINT('Ctrl Pts',(148.212646509244,-104.566916316147,5.56));
#7684=CARTESIAN_POINT('Ctrl Pts',(148.203880476662,-104.675053336738,5.56));
#7685=CARTESIAN_POINT('Ctrl Pts',(148.247065172543,-104.774762826146,5.56));
#7686=CARTESIAN_POINT('Ctrl Pts',(148.269509747458,-104.826585284522,5.56));
#7687=CARTESIAN_POINT('',(148.269509747458,-104.826585284522,5.56));
#7688=CARTESIAN_POINT('Ctrl Pts',(148.608734558257,-105.245221501411,5.56));
#7689=CARTESIAN_POINT('Ctrl Pts',(148.608734558257,-105.245221501411,6.06));
#7690=CARTESIAN_POINT('Ctrl Pts',(148.533751426996,-105.169983672762,5.56));
#7691=CARTESIAN_POINT('Ctrl Pts',(148.533751426996,-105.169983672762,6.06));
#7692=CARTESIAN_POINT('Ctrl Pts',(148.406125300956,-105.041924035339,5.56));
#7693=CARTESIAN_POINT('Ctrl Pts',(148.406125300956,-105.041924035339,6.06));
#7694=CARTESIAN_POINT('Ctrl Pts',(148.3094048323,-104.889469469475,5.56));
#7695=CARTESIAN_POINT('Ctrl Pts',(148.3094048323,-104.889469469475,6.06));
#7696=CARTESIAN_POINT('Ctrl Pts',(148.269509747458,-104.826585284522,5.56));
#7697=CARTESIAN_POINT('Ctrl Pts',(148.269509747458,-104.826585284522,6.06));
#7698=CARTESIAN_POINT('',(148.608734558257,-105.245221501411,5.56));
#7699=CARTESIAN_POINT('Ctrl Pts',(148.269509747458,-104.826585284522,5.56));
#7700=CARTESIAN_POINT('Ctrl Pts',(148.3094048323,-104.889469469475,5.56));
#7701=CARTESIAN_POINT('Ctrl Pts',(148.406125300956,-105.041924035339,5.56));
#7702=CARTESIAN_POINT('Ctrl Pts',(148.533751426996,-105.169983672762,5.56));
#7703=CARTESIAN_POINT('Ctrl Pts',(148.608734558257,-105.245221501411,5.56));
#7704=CARTESIAN_POINT('',(148.608734558257,-105.245221501411,5.56));
#7705=CARTESIAN_POINT('Origin',(149.48916536491,-106.125652308064,5.56));
#7706=CARTESIAN_POINT('',(149.574535421932,-106.211022365086,5.56));
#7707=CARTESIAN_POINT('Ctrl Pts',(147.628176326533,-105.286653539371,5.56));
#7708=CARTESIAN_POINT('Ctrl Pts',(147.628176326533,-105.286653539371,6.06));
#7709=CARTESIAN_POINT('Ctrl Pts',(147.677237359633,-105.320856374639,5.56));
#7710=CARTESIAN_POINT('Ctrl Pts',(147.677237359633,-105.320856374639,6.06));
#7711=CARTESIAN_POINT('Ctrl Pts',(147.81159465689,-105.414523389271,5.56));
#7712=CARTESIAN_POINT('Ctrl Pts',(147.81159465689,-105.414523389271,6.06));
#7713=CARTESIAN_POINT('Ctrl Pts',(147.926433372783,-105.531661056738,5.56));
#7714=CARTESIAN_POINT('Ctrl Pts',(147.926433372783,-105.531661056738,6.06));
#7715=CARTESIAN_POINT('Ctrl Pts',(147.99933833326,-105.606025498647,5.56));
#7716=CARTESIAN_POINT('Ctrl Pts',(147.99933833326,-105.606025498647,6.06));
#7717=CARTESIAN_POINT('',(147.628176326533,-105.286653539371,5.56));
#7718=CARTESIAN_POINT('Ctrl Pts',(147.99933833326,-105.606025498647,5.56));
#7719=CARTESIAN_POINT('Ctrl Pts',(147.926433372783,-105.531661056738,5.56));
#7720=CARTESIAN_POINT('Ctrl Pts',(147.81159465689,-105.414523389271,5.56));
#7721=CARTESIAN_POINT('Ctrl Pts',(147.677237359633,-105.320856374639,5.56));
#7722=CARTESIAN_POINT('Ctrl Pts',(147.628176326533,-105.286653539371,5.56));
#7723=CARTESIAN_POINT('',(147.628176326533,-105.286653539371,5.56));
#7724=CARTESIAN_POINT('Ctrl Pts',(147.43223731368,-105.251263673614,5.56));
#7725=CARTESIAN_POINT('Ctrl Pts',(147.43223731368,-105.251263673614,6.06));
#7726=CARTESIAN_POINT('Ctrl Pts',(147.464367064726,-105.249091990722,5.56));
#7727=CARTESIAN_POINT('Ctrl Pts',(147.464367064726,-105.249091990722,6.06));
#7728=CARTESIAN_POINT('Ctrl Pts',(147.532485215433,-105.244487814914,5.56));
#7729=CARTESIAN_POINT('Ctrl Pts',(147.532485215433,-105.244487814914,6.06));
#7730=CARTESIAN_POINT('Ctrl Pts',(147.595097044412,-105.272077348552,5.56));
#7731=CARTESIAN_POINT('Ctrl Pts',(147.595097044412,-105.272077348552,6.06));
#7732=CARTESIAN_POINT('Ctrl Pts',(147.628176326533,-105.286653539371,5.56));
#7733=CARTESIAN_POINT('Ctrl Pts',(147.628176326533,-105.286653539371,6.06));
#7734=CARTESIAN_POINT('',(147.43223731368,-105.251263673614,5.56));
#7735=CARTESIAN_POINT('Ctrl Pts',(147.628176326533,-105.286653539371,5.56));
#7736=CARTESIAN_POINT('Ctrl Pts',(147.595097044412,-105.272077348552,5.56));
#7737=CARTESIAN_POINT('Ctrl Pts',(147.532485215433,-105.244487814914,5.56));
#7738=CARTESIAN_POINT('Ctrl Pts',(147.464367064726,-105.249091990722,5.56));
#7739=CARTESIAN_POINT('Ctrl Pts',(147.43223731368,-105.251263673614,5.56));
#7740=CARTESIAN_POINT('',(147.43223731368,-105.251263673614,5.56));
#7741=CARTESIAN_POINT('Ctrl Pts',(147.246656310317,-105.360885940716,5.56));
#7742=CARTESIAN_POINT('Ctrl Pts',(147.246656310317,-105.360885940716,6.06));
#7743=CARTESIAN_POINT('Ctrl Pts',(147.276028962166,-105.333365747917,5.56));
#7744=CARTESIAN_POINT('Ctrl Pts',(147.276028962166,-105.333365747917,6.06));
#7745=CARTESIAN_POINT('Ctrl Pts',(147.329911597423,-105.282881354527,5.56));
#7746=CARTESIAN_POINT('Ctrl Pts',(147.329911597423,-105.282881354527,6.06));
#7747=CARTESIAN_POINT('Ctrl Pts',(147.400244485141,-105.26114915579,5.56));
#7748=CARTESIAN_POINT('Ctrl Pts',(147.400244485141,-105.26114915579,6.06));
#7749=CARTESIAN_POINT('Ctrl Pts',(147.43223731368,-105.251263673614,5.56));
#7750=CARTESIAN_POINT('Ctrl Pts',(147.43223731368,-105.251263673614,6.06));
#7751=CARTESIAN_POINT('',(147.246656310317,-105.360885940716,5.56));
#7752=CARTESIAN_POINT('Ctrl Pts',(147.43223731368,-105.251263673614,5.56));
#7753=CARTESIAN_POINT('Ctrl Pts',(147.400244485141,-105.26114915579,5.56));
#7754=CARTESIAN_POINT('Ctrl Pts',(147.329911597423,-105.282881354527,5.56));
#7755=CARTESIAN_POINT('Ctrl Pts',(147.276028962166,-105.333365747917,5.56));
#7756=CARTESIAN_POINT('Ctrl Pts',(147.246656310317,-105.360885940716,5.56));
#7757=CARTESIAN_POINT('',(147.246656310317,-105.360885940716,5.56));
#7758=CARTESIAN_POINT('Ctrl Pts',(147.105096847287,-105.623288847797,5.56));
#7759=CARTESIAN_POINT('Ctrl Pts',(147.105096847287,-105.623288847797,6.06));
#7760=CARTESIAN_POINT('Ctrl Pts',(147.118510610237,-105.574630018335,5.56));
#7761=CARTESIAN_POINT('Ctrl Pts',(147.118510610237,-105.574630018335,6.06));
#7762=CARTESIAN_POINT('Ctrl Pts',(147.145600854118,-105.476359342019,5.56));
#7763=CARTESIAN_POINT('Ctrl Pts',(147.145600854118,-105.476359342019,6.06));
#7764=CARTESIAN_POINT('Ctrl Pts',(147.212754076914,-105.399625127595,5.56));
#7765=CARTESIAN_POINT('Ctrl Pts',(147.212754076914,-105.399625127595,6.06));
#7766=CARTESIAN_POINT('Ctrl Pts',(147.246656310317,-105.360885940716,5.56));
#7767=CARTESIAN_POINT('Ctrl Pts',(147.246656310317,-105.360885940716,6.06));
#7768=CARTESIAN_POINT('',(147.105096847287,-105.623288847797,5.56));
#7769=CARTESIAN_POINT('Ctrl Pts',(147.246656310317,-105.360885940716,5.56));
#7770=CARTESIAN_POINT('Ctrl Pts',(147.212754076914,-105.399625127595,5.56));
#7771=CARTESIAN_POINT('Ctrl Pts',(147.145600854118,-105.476359342019,5.56));
#7772=CARTESIAN_POINT('Ctrl Pts',(147.118510610237,-105.574630018335,5.56));
#7773=CARTESIAN_POINT('Ctrl Pts',(147.105096847287,-105.623288847797,5.56));
#7774=CARTESIAN_POINT('',(147.105096847287,-105.623288847797,5.56));
#7775=CARTESIAN_POINT('Ctrl Pts',(147.150844722534,-105.926260625381,5.56));
#7776=CARTESIAN_POINT('Ctrl Pts',(147.150844722534,-105.926260625381,6.06));
#7777=CARTESIAN_POINT('Ctrl Pts',(147.130022819955,-105.876205830545,5.56));
#7778=CARTESIAN_POINT('Ctrl Pts',(147.130022819955,-105.876205830545,6.06));
#7779=CARTESIAN_POINT('Ctrl Pts',(147.089545246759,-105.778899803199,5.56));
#7780=CARTESIAN_POINT('Ctrl Pts',(147.089545246759,-105.778899803199,6.06));
#7781=CARTESIAN_POINT('Ctrl Pts',(147.100013517033,-105.674153186552,5.56));
#7782=CARTESIAN_POINT('Ctrl Pts',(147.100013517033,-105.674153186552,6.06));
#7783=CARTESIAN_POINT('Ctrl Pts',(147.105096847287,-105.623288847797,5.56));
#7784=CARTESIAN_POINT('Ctrl Pts',(147.105096847287,-105.623288847797,6.06));
#7785=CARTESIAN_POINT('',(147.150844722534,-105.926260625381,5.56));
#7786=CARTESIAN_POINT('Ctrl Pts',(147.105096847287,-105.623288847797,5.56));
#7787=CARTESIAN_POINT('Ctrl Pts',(147.100013517033,-105.674153186552,5.56));
#7788=CARTESIAN_POINT('Ctrl Pts',(147.089545246759,-105.778899803199,5.56));
#7789=CARTESIAN_POINT('Ctrl Pts',(147.130022819955,-105.876205830545,5.56));
#7790=CARTESIAN_POINT('Ctrl Pts',(147.150844722534,-105.926260625381,5.56));
#7791=CARTESIAN_POINT('',(147.150844722534,-105.926260625381,5.56));
#7792=CARTESIAN_POINT('Ctrl Pts',(147.490069533333,-106.343170507355,5.56));
#7793=CARTESIAN_POINT('Ctrl Pts',(147.490069533333,-106.343170507355,6.06));
#7794=CARTESIAN_POINT('Ctrl Pts',(147.414109975677,-106.267307445804,5.56));
#7795=CARTESIAN_POINT('Ctrl Pts',(147.414109975677,-106.267307445804,6.06));
#7796=CARTESIAN_POINT('Ctrl Pts',(147.286482920772,-106.139842523406,5.56));
#7797=CARTESIAN_POINT('Ctrl Pts',(147.286482920772,-106.139842523406,6.06));
#7798=CARTESIAN_POINT('Ctrl Pts',(147.189931722949,-105.98780874269,5.56));
#7799=CARTESIAN_POINT('Ctrl Pts',(147.189931722949,-105.98780874269,6.06));
#7800=CARTESIAN_POINT('Ctrl Pts',(147.150844722534,-105.926260625381,5.56));
#7801=CARTESIAN_POINT('Ctrl Pts',(147.150844722534,-105.926260625381,6.06));
#7802=CARTESIAN_POINT('Ctrl Pts',(147.150844722534,-105.926260625381,5.56));
#7803=CARTESIAN_POINT('Ctrl Pts',(147.189931722949,-105.98780874269,5.56));
#7804=CARTESIAN_POINT('Ctrl Pts',(147.286482920772,-106.139842523406,5.56));
#7805=CARTESIAN_POINT('Ctrl Pts',(147.414109975677,-106.267307445804,5.56));
#7806=CARTESIAN_POINT('Ctrl Pts',(147.490069533333,-106.343170507355,5.56));
#7807=CARTESIAN_POINT('Origin',(146.062390558623,-105.885691754878,5.56));
#7808=CARTESIAN_POINT('',(147.064444455513,-106.887745651769,5.56));
#7809=CARTESIAN_POINT('Origin',(156.289999999991,-92.96,5.56));
#7810=CARTESIAN_POINT('',(156.289999999991,-92.71,5.56));
#7811=CARTESIAN_POINT('',(156.039999999991,-92.96,5.56));
#7812=CARTESIAN_POINT('Origin',(156.289999999991,-92.96,5.56));
#7813=CARTESIAN_POINT('',(156.039999999991,-92.96,4.56));
#7814=CARTESIAN_POINT('',(156.039999999991,-92.96,5.56));
#7815=CARTESIAN_POINT('',(156.289999999991,-92.71,4.56));
#7816=CARTESIAN_POINT('Origin',(156.289999999991,-92.96,4.56));
#7817=CARTESIAN_POINT('',(156.289999999991,-92.71,5.56));
#7818=CARTESIAN_POINT('Origin',(156.039999999991,-113.48,5.56));
#7819=CARTESIAN_POINT('',(156.04,-113.48,5.56));
#7820=CARTESIAN_POINT('',(156.039999999991,-110.080248950531,5.56));
#7821=CARTESIAN_POINT('',(156.04,-113.48,4.56));
#7822=CARTESIAN_POINT('',(156.04,-113.48,5.56));
#7823=CARTESIAN_POINT('',(156.039999999991,-110.08025101649,4.56));
#7824=CARTESIAN_POINT('Origin',(158.67,-92.96,5.56));
#7825=CARTESIAN_POINT('',(158.92,-92.96,5.56));
#7826=CARTESIAN_POINT('',(158.67,-92.71,5.56));
#7827=CARTESIAN_POINT('Origin',(158.67,-92.96,5.56));
#7828=CARTESIAN_POINT('',(158.67,-92.71,4.56));
#7829=CARTESIAN_POINT('',(158.67,-92.71,5.56));
#7830=CARTESIAN_POINT('',(158.92,-92.96,4.56));
#7831=CARTESIAN_POINT('Origin',(158.67,-92.96,4.56));
#7832=CARTESIAN_POINT('',(158.92,-92.96,5.56));
#7833=CARTESIAN_POINT('Origin',(156.039999999991,-92.71,5.56));
#7834=CARTESIAN_POINT('',(152.657899999996,-92.71,4.56));
#7835=CARTESIAN_POINT('',(152.657899999996,-92.71,5.56));
#7836=CARTESIAN_POINT('Origin',(142.287,-92.9295,5.56));
#7837=CARTESIAN_POINT('',(142.537,-92.9295,5.56));
#7838=CARTESIAN_POINT('',(142.287,-92.6795,5.56));
#7839=CARTESIAN_POINT('Origin',(142.287,-92.9295,5.56));
#7840=CARTESIAN_POINT('',(142.287,-92.6795,4.56));
#7841=CARTESIAN_POINT('',(142.287,-92.6795,5.56));
#7842=CARTESIAN_POINT('',(142.537,-92.9295,4.56));
#7843=CARTESIAN_POINT('Origin',(142.287,-92.9295,4.56));
#7844=CARTESIAN_POINT('',(142.537,-92.9295,5.56));
#7845=CARTESIAN_POINT('Origin',(139.656999999991,-92.6795,5.56));
#7846=CARTESIAN_POINT('',(139.906999999991,-92.6795,5.56));
#7847=CARTESIAN_POINT('',(144.466399999996,-92.6795,5.56));
#7848=CARTESIAN_POINT('',(139.906999999991,-92.6795,4.56));
#7849=CARTESIAN_POINT('',(139.906999999991,-92.6795,5.56));
#7850=CARTESIAN_POINT('',(144.466399999996,-92.6795,4.56));
#7851=CARTESIAN_POINT('Origin',(139.906999999991,-92.9295,5.56));
#7852=CARTESIAN_POINT('',(139.656999999991,-92.9295,5.56));
#7853=CARTESIAN_POINT('Origin',(139.906999999991,-92.9295,5.56));
#7854=CARTESIAN_POINT('',(139.656999999991,-92.9295,4.56));
#7855=CARTESIAN_POINT('',(139.656999999991,-92.9295,5.56));
#7856=CARTESIAN_POINT('Origin',(139.906999999991,-92.9295,4.56));
#7857=CARTESIAN_POINT('Origin',(139.656999999991,-113.4495,5.56));
#7858=CARTESIAN_POINT('',(139.657,-113.4495,5.56));
#7859=CARTESIAN_POINT('',(139.656999999991,-110.064998950531,5.56));
#7860=CARTESIAN_POINT('',(139.657,-113.4495,4.56));
#7861=CARTESIAN_POINT('',(139.657,-113.4495,5.56));
#7862=CARTESIAN_POINT('',(139.656999999991,-110.06500101649,4.56));
#7863=CARTESIAN_POINT('Origin',(158.92,-92.71,5.56));
#7864=CARTESIAN_POINT('',(158.919999999999,-113.48,4.56));
#7865=CARTESIAN_POINT('',(158.92,-99.69525101649,4.56));
#7866=CARTESIAN_POINT('',(158.919999999999,-113.48,5.56));
#7867=CARTESIAN_POINT('',(158.919999999999,-113.48,5.56));
#7868=CARTESIAN_POINT('',(158.92,-99.6952489505313,5.56));
#7869=CARTESIAN_POINT('Origin',(156.09999932015,-113.4800006798,5.56));
#7870=CARTESIAN_POINT('',(156.1,-113.539999999959,4.56));
#7871=CARTESIAN_POINT('Origin',(156.09999932015,-113.4800006798,4.56));
#7872=CARTESIAN_POINT('',(156.1,-113.539999999959,5.56));
#7873=CARTESIAN_POINT('Origin',(156.09999932015,-113.4800006798,5.56));
#7874=CARTESIAN_POINT('',(156.1,-113.539999999959,5.56));
#7875=CARTESIAN_POINT('Origin',(158.86,-113.54,5.56));
#7876=CARTESIAN_POINT('',(158.86,-113.54,4.56));
#7877=CARTESIAN_POINT('',(154.067899999949,-113.539999999929,4.56));
#7878=CARTESIAN_POINT('',(158.86,-113.54,5.56));
#7879=CARTESIAN_POINT('',(154.067899999949,-113.539999999929,5.56));
#7880=CARTESIAN_POINT('',(158.86,-113.54,5.56));
#7881=CARTESIAN_POINT('Origin',(158.86000067984,-113.4800006798,5.56));
#7882=CARTESIAN_POINT('Origin',(158.86000067984,-113.4800006798,4.56));
#7883=CARTESIAN_POINT('Origin',(158.86000067984,-113.4800006798,5.56));
#7884=CARTESIAN_POINT('Origin',(142.537,-92.6795,5.56));
#7885=CARTESIAN_POINT('',(142.536999999999,-113.4495,4.56));
#7886=CARTESIAN_POINT('',(142.537,-99.6800010164895,4.56));
#7887=CARTESIAN_POINT('',(142.536999999999,-113.4495,5.56));
#7888=CARTESIAN_POINT('',(142.536999999999,-113.4495,5.56));
#7889=CARTESIAN_POINT('',(142.537,-99.6799989505307,5.56));
#7890=CARTESIAN_POINT('Origin',(139.71699932015,-113.4495006798,5.56));
#7891=CARTESIAN_POINT('',(139.717,-113.509499999959,4.56));
#7892=CARTESIAN_POINT('Origin',(139.71699932015,-113.4495006798,4.56));
#7893=CARTESIAN_POINT('',(139.717,-113.509499999959,5.56));
#7894=CARTESIAN_POINT('Origin',(139.71699932015,-113.4495006798,5.56));
#7895=CARTESIAN_POINT('',(139.717,-113.509499999959,5.56));
#7896=CARTESIAN_POINT('Origin',(142.477,-113.5095,5.56));
#7897=CARTESIAN_POINT('',(142.477,-113.5095,4.56));
#7898=CARTESIAN_POINT('',(145.876399999949,-113.509500000051,4.56));
#7899=CARTESIAN_POINT('',(142.477,-113.5095,5.56));
#7900=CARTESIAN_POINT('',(145.876399999949,-113.509500000051,5.56));
#7901=CARTESIAN_POINT('',(142.477,-113.5095,5.56));
#7902=CARTESIAN_POINT('Origin',(142.47700067984,-113.4495006798,5.56));
#7903=CARTESIAN_POINT('Origin',(142.47700067984,-113.4495006798,4.56));
#7904=CARTESIAN_POINT('Origin',(142.47700067984,-113.4495006798,5.56));
#7905=CARTESIAN_POINT('Origin',(161.3676,-109.181040092836,1.56));
#7906=CARTESIAN_POINT('',(161.3676,-101.681040092836,0.56));
#7907=CARTESIAN_POINT('',(162.3676,-101.681040092836,1.56));
#7908=CARTESIAN_POINT('Origin',(161.3676,-101.681040092836,1.56));
#7909=CARTESIAN_POINT('',(162.3676,-111.681040092836,1.56));
#7910=CARTESIAN_POINT('',(162.3676,-109.181040092836,1.56));
#7911=CARTESIAN_POINT('',(161.3676,-111.681040092836,0.56));
#7912=CARTESIAN_POINT('Origin',(161.3676,-111.681040092836,1.56));
#7913=CARTESIAN_POINT('',(161.3676,-119.628575575203,0.56));
#7914=CARTESIAN_POINT('Origin',(161.3676,-111.681040092836,4.56));
#7915=CARTESIAN_POINT('',(162.3676,-111.681040092836,2.82794919243111));
#7916=CARTESIAN_POINT('',(162.3676,-111.681040092836,4.56));
#7917=CARTESIAN_POINT('',(161.3676,-111.681040092836,4.56));
#7918=CARTESIAN_POINT('Origin',(160.3676,-111.681040092836,2.82794919243111));
#7919=CARTESIAN_POINT('',(161.3676,-111.681040092836,3.56));
#7920=CARTESIAN_POINT('',(161.3676,-111.681040092836,4.06));
#7921=CARTESIAN_POINT('',(161.3676,-111.681040092836,4.56));
#7922=CARTESIAN_POINT('Origin',(162.3676,-106.681040092836,2.56));
#7923=CARTESIAN_POINT('',(162.3676,-101.681040092836,2.82794919243111));
#7924=CARTESIAN_POINT('',(162.3676,-101.681040092836,0.56));
#7925=CARTESIAN_POINT('',(162.3676,-113.154536738162,2.82794919243111));
#7926=CARTESIAN_POINT('Origin',(160.3676,-113.154536738162,2.82794919243111));
#7927=CARTESIAN_POINT('',(161.3676,-101.681040092836,4.56));
#7928=CARTESIAN_POINT('Origin',(160.3676,-101.681040092836,2.82794919243111));
#7929=CARTESIAN_POINT('',(161.3676,-113.154536738162,4.56));
#7930=CARTESIAN_POINT('Origin',(161.3676,-106.681040092836,2.56));
#7931=CARTESIAN_POINT('',(161.3676,-101.681040092836,3.56));
#7932=CARTESIAN_POINT('',(161.3676,-119.628575575263,3.56));
#7933=CARTESIAN_POINT('',(161.3676,-101.681040092836,0.56));
#7934=CARTESIAN_POINT('Origin',(161.3676,-101.681040092836,0.56));
#7935=CARTESIAN_POINT('',(161.3676,-101.681040092836,2.06));
#7936=CARTESIAN_POINT('Origin',(161.3676,-119.628575575263,3.56));
#7937=CARTESIAN_POINT('',(161.3676,-93.734624424797,3.56));
#7938=CARTESIAN_POINT('',(161.3676,-119.628575575263,3.56));
#7939=CARTESIAN_POINT('',(161.3676,-93.734624424797,4.56));
#7940=CARTESIAN_POINT('',(161.3676,-93.734624424797,3.56));
#7941=CARTESIAN_POINT('',(161.3676,-113.154536738162,4.56));
#7942=CARTESIAN_POINT('Origin',(161.3676,-119.628575575263,3.56));
#7943=CARTESIAN_POINT('',(161.3676,-119.628575575263,4.56));
#7944=CARTESIAN_POINT('',(161.3676,-113.154536738162,4.56));
#7945=CARTESIAN_POINT('',(161.3676,-119.628575575263,3.56));
#7946=CARTESIAN_POINT('',(161.3676,-119.628575575263,3.56));
#7947=CARTESIAN_POINT('',(161.3676,-119.628575575263,3.56));
#7948=CARTESIAN_POINT('Origin',(137.184,-104.181040092836,1.56));
#7949=CARTESIAN_POINT('',(137.184,-111.681040092836,0.56));
#7950=CARTESIAN_POINT('',(136.184,-111.681040092836,1.56));
#7951=CARTESIAN_POINT('Origin',(137.184,-111.681040092836,1.56));
#7952=CARTESIAN_POINT('',(136.184,-101.681040092836,1.56));
#7953=CARTESIAN_POINT('',(136.184,-104.181040092836,1.56));
#7954=CARTESIAN_POINT('',(137.184,-101.681040092836,0.56));
#7955=CARTESIAN_POINT('Origin',(137.184,-101.681040092836,1.56));
#7956=CARTESIAN_POINT('',(137.184,-101.681040092836,0.56));
#7957=CARTESIAN_POINT('Origin',(137.184,-111.681040092836,0.56));
#7958=CARTESIAN_POINT('',(137.184,-111.681040092836,3.56));
#7959=CARTESIAN_POINT('',(137.184,-111.681040092836,3.56));
#7960=CARTESIAN_POINT('',(137.184,-111.681040092836,4.56));
#7961=CARTESIAN_POINT('',(137.184,-111.681040092836,2.06));
#7962=CARTESIAN_POINT('',(136.184,-111.681040092836,2.82794919243112));
#7963=CARTESIAN_POINT('Origin',(138.184,-111.681040092836,2.82794919243112));
#7964=CARTESIAN_POINT('',(136.184,-111.681040092836,3.56));
#7965=CARTESIAN_POINT('Origin',(137.184,-106.681040092836,2.56));
#7966=CARTESIAN_POINT('',(137.184,-101.681040092836,3.56));
#7967=CARTESIAN_POINT('',(137.184,-101.681040092836,3.56));
#7968=CARTESIAN_POINT('',(137.184,-93.7330400928358,3.56));
#7969=CARTESIAN_POINT('Origin',(137.184,-101.681040092836,4.56));
#7970=CARTESIAN_POINT('',(136.184,-101.681040092836,2.82794919243112));
#7971=CARTESIAN_POINT('',(136.184,-101.681040092836,1.56));
#7972=CARTESIAN_POINT('',(137.184,-101.681040092836,4.56));
#7973=CARTESIAN_POINT('Origin',(138.184,-101.681040092836,2.82794919243112));
#7974=CARTESIAN_POINT('',(137.184,-101.681040092836,4.06));
#7975=CARTESIAN_POINT('Origin',(138.184,-100.206768996949,2.82794919243112));
#7976=CARTESIAN_POINT('',(136.184,-100.206768996949,2.82794919243112));
#7977=CARTESIAN_POINT('',(137.184,-100.206768996949,4.56));
#7978=CARTESIAN_POINT('Origin',(136.184,-106.681040092836,2.56));
#7979=CARTESIAN_POINT('Origin',(137.184,-93.7330400928358,3.56));
#7980=CARTESIAN_POINT('',(137.184,-93.7330400928358,4.56));
#7981=CARTESIAN_POINT('',(137.184,-100.206768996949,4.56));
#7982=CARTESIAN_POINT('',(137.184,-93.7330400928358,3.56));
#7983=CARTESIAN_POINT('',(137.184,-93.7330400928358,3.56));
#7984=CARTESIAN_POINT('',(137.184,-93.7330400928358,3.56));
#7985=CARTESIAN_POINT('Origin',(137.184,-93.7330400928358,3.56));
#7986=CARTESIAN_POINT('',(137.184,-119.628575575203,3.56));
#7987=CARTESIAN_POINT('',(137.184,-93.7330400928358,3.56));
#7988=CARTESIAN_POINT('',(137.184,-119.628575575203,4.56));
#7989=CARTESIAN_POINT('',(137.184,-119.628575575203,3.56));
#7990=CARTESIAN_POINT('',(137.184,-100.206768996949,4.56));
#7991=CARTESIAN_POINT('Origin',(149.098608793853,-115.786731804604,5.06));
#7992=CARTESIAN_POINT('',(144.987567997424,-119.995045362711,5.06));
#7993=CARTESIAN_POINT('',(144.172908374498,-120.984900603471,5.06));
#7994=CARTESIAN_POINT('',(148.712545074204,-115.46899794684,5.06));
#7995=CARTESIAN_POINT('',(144.408965446114,-121.484900603471,5.56));
#7996=CARTESIAN_POINT('Origin',(144.408965446114,-121.484900603471,5.06));
#7997=CARTESIAN_POINT('',(145.487567997424,-120.174340514244,5.56));
#7998=CARTESIAN_POINT('',(149.098608793853,-115.786731804604,5.56));
#7999=CARTESIAN_POINT('Origin',(145.487567997424,-120.174340514244,5.06));
#8000=CARTESIAN_POINT('Origin',(145.349068587256,-121.484900603471,5.06));
#8001=CARTESIAN_POINT('',(141.422337174511,-120.984900603471,5.06));
#8002=CARTESIAN_POINT('',(145.349068587256,-120.984900603471,5.06));
#8003=CARTESIAN_POINT('',(141.197142473044,-121.484900603471,5.56));
#8004=CARTESIAN_POINT('Origin',(141.197142473044,-121.484900603471,5.06));
#8005=CARTESIAN_POINT('',(145.349068587256,-121.484900603471,5.56));
#8006=CARTESIAN_POINT('Origin',(138.784951042475,-118.759124286928,5.06));
#8007=CARTESIAN_POINT('',(140.546359085343,-119.995045362711,5.06));
#8008=CARTESIAN_POINT('',(139.159386070058,-118.427765855439,5.06));
#8009=CARTESIAN_POINT('',(140.046359085343,-120.184515375369,5.56));
#8010=CARTESIAN_POINT('Origin',(140.046359085343,-120.184515375369,5.06));
#8011=CARTESIAN_POINT('',(138.784951042475,-118.759124286928,5.56));
#8012=CARTESIAN_POINT('Origin',(146.426521636932,-115.544384180565,5.06));
#8013=CARTESIAN_POINT('',(143.407871043557,-115.544384180565,5.56));
#8014=CARTESIAN_POINT('',(141.952666799259,-115.544384180565,5.56));
#8015=CARTESIAN_POINT('',(146.426521636932,-115.544384180565,5.56));
#8016=CARTESIAN_POINT('',(141.790247971962,-116.044384180565,5.06));
#8017=CARTESIAN_POINT('Origin',(141.952666799259,-115.544384180565,5.06));
#8018=CARTESIAN_POINT('',(143.577243273864,-116.044384180565,5.06));
#8019=CARTESIAN_POINT('',(146.426521636932,-116.044384180565,5.06));
#8020=CARTESIAN_POINT('Origin',(143.407871043557,-115.544384180565,5.06));
#8021=CARTESIAN_POINT('Origin',(140.046359085343,-112.128921868835,5.06));
#8022=CARTESIAN_POINT('',(140.546359085343,-117.577345836608,5.06));
#8023=CARTESIAN_POINT('',(140.546359085343,-112.128921868835,5.06));
#8024=CARTESIAN_POINT('',(140.046359085343,-117.47668702606,5.56));
#8025=CARTESIAN_POINT('Origin',(140.046359085343,-117.47668702606,5.06));
#8026=CARTESIAN_POINT('',(140.046359085343,-112.128921868835,5.56));
#8027=CARTESIAN_POINT('Origin',(142.888749100527,-110.703332096261,5.06));
#8028=CARTESIAN_POINT('',(140.958068787252,-116.59625037674,5.06));
#8029=CARTESIAN_POINT('',(143.34979891946,-110.896808359564,5.06));
#8030=CARTESIAN_POINT('',(140.458068787252,-116.495591566192,5.56));
#8031=CARTESIAN_POINT('Origin',(140.458068787252,-116.495591566192,5.06));
#8032=CARTESIAN_POINT('',(142.888749100527,-110.703332096261,5.56));
#8033=CARTESIAN_POINT('Origin',(140.458068787252,-111.06022860005,5.06));
#8034=CARTESIAN_POINT('',(140.458068787252,-114.458834045528,5.56));
#8035=CARTESIAN_POINT('',(140.458068787252,-111.06022860005,5.56));
#8036=CARTESIAN_POINT('',(140.958068787252,-115.439959299039,5.06));
#8037=CARTESIAN_POINT('',(140.958068787252,-111.06022860005,5.06));
#8038=CARTESIAN_POINT('Origin',(140.458068787252,-114.458834045528,5.06));
#8039=CARTESIAN_POINT('Origin',(142.308106109363,-115.802545363693,5.06));
#8040=CARTESIAN_POINT('',(142.308106109363,-115.802545363693,5.56));
#8041=CARTESIAN_POINT('',(142.014273522916,-116.207097475468,5.06));
#8042=CARTESIAN_POINT('Origin',(147.759117667283,-112.214348499142,5.06));
#8043=CARTESIAN_POINT('',(144.935701801248,-114.375125947638,5.56));
#8044=CARTESIAN_POINT('',(147.759117667283,-112.214348499142,5.56));
#8045=CARTESIAN_POINT('',(144.435701801248,-115.387400613689,5.06));
#8046=CARTESIAN_POINT('',(148.062993088878,-112.61141238336,5.06));
#8047=CARTESIAN_POINT('Origin',(144.935701801248,-114.375125947638,5.06));
#8048=CARTESIAN_POINT('Origin',(144.935701801248,-111.603335015334,5.06));
#8049=CARTESIAN_POINT('',(144.935701801248,-116.401984126181,5.56));
#8050=CARTESIAN_POINT('',(144.935701801248,-111.603335015334,5.56));
#8051=CARTESIAN_POINT('',(144.435701801248,-116.526172129607,5.06));
#8052=CARTESIAN_POINT('',(144.435701801248,-111.603335015334,5.06));
#8053=CARTESIAN_POINT('Origin',(144.935701801248,-116.401984126181,5.06));
#8054=CARTESIAN_POINT('Origin',(143.647663718498,-113.969023303208,5.06));
#8055=CARTESIAN_POINT('',(145.487567997424,-117.44439805229,5.56));
#8056=CARTESIAN_POINT('',(143.647663718498,-113.969023303208,5.56));
#8057=CARTESIAN_POINT('',(144.987567997424,-117.568586055717,5.06));
#8058=CARTESIAN_POINT('',(143.205769760325,-114.202967163418,5.06));
#8059=CARTESIAN_POINT('Origin',(145.487567997424,-117.44439805229,5.06));
#8060=CARTESIAN_POINT('Origin',(145.487567997424,-113.337771631887,5.06));
#8061=CARTESIAN_POINT('',(145.487567997424,-113.337771631887,5.56));
#8062=CARTESIAN_POINT('',(144.987567997424,-113.337771631887,5.06));
#8063=CARTESIAN_POINT('Origin',(144.172908374498,-120.984900603471,1.56));
#8064=CARTESIAN_POINT('',(144.987567997424,-119.995045362711,4.56));
#8065=CARTESIAN_POINT('',(144.987567997424,-119.995045362711,1.56));
#8066=CARTESIAN_POINT('',(144.172908374498,-120.984900603471,4.56));
#8067=CARTESIAN_POINT('',(148.712544060516,-115.468999178524,4.56));
#8068=CARTESIAN_POINT('',(144.172908374498,-120.984900603471,1.56));
#8069=CARTESIAN_POINT('Origin',(144.987567997424,-119.995045362711,1.56));
#8070=CARTESIAN_POINT('',(144.987567997424,-117.568586055717,4.56));
#8071=CARTESIAN_POINT('',(144.987567997424,-117.568586055717,1.56));
#8072=CARTESIAN_POINT('',(144.987567997424,-113.337773697845,4.56));
#8073=CARTESIAN_POINT('Origin',(144.987567997424,-117.568586055717,1.56));
#8074=CARTESIAN_POINT('',(144.435701801248,-116.526172129607,4.56));
#8075=CARTESIAN_POINT('',(144.435701801248,-116.526172129607,1.56));
#8076=CARTESIAN_POINT('',(143.205770614627,-114.202968777099,4.56));
#8077=CARTESIAN_POINT('Origin',(144.435701801248,-116.526172129607,1.56));
#8078=CARTESIAN_POINT('',(144.435701801248,-115.387400613689,4.56));
#8079=CARTESIAN_POINT('',(144.435701801248,-115.387400613689,1.56));
#8080=CARTESIAN_POINT('',(144.435701801248,-111.603337081293,4.56));
#8081=CARTESIAN_POINT('Origin',(144.435701801248,-115.387400613689,1.56));
#8082=CARTESIAN_POINT('',(143.577243273864,-116.044384180565,4.56));
#8083=CARTESIAN_POINT('',(143.577243273864,-116.044384180565,1.56));
#8084=CARTESIAN_POINT('',(148.06299209178,-112.611413146445,4.56));
#8085=CARTESIAN_POINT('Origin',(143.577243273864,-116.044384180565,1.56));
#8086=CARTESIAN_POINT('',(141.790247971962,-116.044384180565,4.56));
#8087=CARTESIAN_POINT('',(141.790247971962,-116.044384180565,1.56));
#8088=CARTESIAN_POINT('',(146.426521636932,-116.044384180565,4.56));
#8089=CARTESIAN_POINT('Origin',(149.2758,-106.680497901062,5.56));
#8090=CARTESIAN_POINT('',(145.075125241742,-91.248,5.56));
#8091=CARTESIAN_POINT('',(145.145,-91.248,5.56));
#8092=CARTESIAN_POINT('',(147.2104,-91.248,5.56));
#8093=CARTESIAN_POINT('',(140.680999279068,-91.2457999337334,5.56));
#8094=CARTESIAN_POINT('',(147.179200320885,-91.2490534756271,5.56));
#8095=CARTESIAN_POINT('',(140.520984720799,-91.2484411764007,5.56));
#8096=CARTESIAN_POINT('',(144.854130884145,-91.1769174015987,5.56));
#8097=CARTESIAN_POINT('',(138.1867229743,-93.5815341026586,5.56));
#8098=CARTESIAN_POINT('Origin',(140.6840022631,-93.74580242562,5.56));
#8099=CARTESIAN_POINT('',(138.183999989522,-93.7415486466591,5.56));
#8100=CARTESIAN_POINT('',(138.077096824417,-100.023648112936,5.56));
#8101=CARTESIAN_POINT('',(138.184,-119.61965923404,5.56));
#8102=CARTESIAN_POINT('',(138.184,-100.206768996949,5.56));
#8103=CARTESIAN_POINT('',(138.186853065772,-119.779623921192,5.56));
#8104=CARTESIAN_POINT('',(138.070332489075,-113.246560299621,5.56));
#8105=CARTESIAN_POINT('',(140.519576078622,-122.112346934122,5.56));
#8106=CARTESIAN_POINT('Origin',(140.683998899,-119.6152011009,5.56));
#8107=CARTESIAN_POINT('',(140.679542183627,-122.115200012643,5.56));
#8108=CARTESIAN_POINT('',(144.747747623804,-122.18775856847,5.56));
#8109=CARTESIAN_POINT('',(157.87205923404,-122.1152,5.56));
#8110=CARTESIAN_POINT('',(144.973212212152,-122.1152,5.56));
#8111=CARTESIAN_POINT('',(158.032023921181,-122.112346934228,5.56));
#8112=CARTESIAN_POINT('',(153.708437457009,-122.18946034034,5.56));
#8113=CARTESIAN_POINT('',(160.364746934179,-119.779623923194,5.56));
#8114=CARTESIAN_POINT('Origin',(157.86760110099,-119.6152011009,5.56));
#8115=CARTESIAN_POINT('',(160.367600012643,-119.619657816228,5.56));
#8116=CARTESIAN_POINT('',(160.479565736943,-113.341975215314,5.56));
#8117=CARTESIAN_POINT('',(160.3676,-93.7435407659607,5.56));
#8118=CARTESIAN_POINT('',(160.3676,-113.154536738162,5.56));
#8119=CARTESIAN_POINT('',(160.364746934228,-93.583576078821,5.56));
#8120=CARTESIAN_POINT('',(160.481247860671,-100.115537951913,5.56));
#8121=CARTESIAN_POINT('',(158.032023921264,-91.2508530657685,5.56));
#8122=CARTESIAN_POINT('Origin',(157.86760110099,-93.747998899,5.56));
#8123=CARTESIAN_POINT('',(157.872057816199,-91.2479999873571,5.56));
#8124=CARTESIAN_POINT('',(153.803832720589,-91.175441083782,5.56));
#8125=CARTESIAN_POINT('',(153.385,-91.248,5.56));
#8126=CARTESIAN_POINT('',(153.578387787589,-91.248,5.56));
#8127=CARTESIAN_POINT('',(153.385,-92.248,5.56));
#8128=CARTESIAN_POINT('',(153.385,-89.548,5.56));
#8129=CARTESIAN_POINT('',(145.145,-92.248,5.56));
#8130=CARTESIAN_POINT('',(153.385,-92.248,5.56));
#8131=CARTESIAN_POINT('',(145.145,-92.248,5.56));
#8132=CARTESIAN_POINT('',(148.16,-114.0525,5.56));
#8133=CARTESIAN_POINT('',(148.16,-117.4525,5.56));
#8134=CARTESIAN_POINT('',(148.16,-110.616498950531,5.56));
#8135=CARTESIAN_POINT('',(159.18,-114.0525,5.56));
#8136=CARTESIAN_POINT('',(153.9779,-114.0525,5.56));
#8137=CARTESIAN_POINT('',(159.18,-117.4525,5.56));
#8138=CARTESIAN_POINT('',(159.18,-111.816498950531,5.56));
#8139=CARTESIAN_POINT('',(148.9679,-117.4525,5.56));
#8140=CARTESIAN_POINT('Origin',(159.18,-111.816498950531,5.06));
#8141=CARTESIAN_POINT('',(158.68,-114.5525,5.06));
#8142=CARTESIAN_POINT('Origin',(159.18,-114.0525,5.06));
#8143=CARTESIAN_POINT('',(158.68,-116.9525,5.06));
#8144=CARTESIAN_POINT('',(158.68,-111.816498950531,5.06));
#8145=CARTESIAN_POINT('Origin',(159.18,-117.4525,5.06));
#8146=CARTESIAN_POINT('Origin',(148.16,-110.616498950531,5.06));
#8147=CARTESIAN_POINT('',(148.66,-116.9525,5.06));
#8148=CARTESIAN_POINT('',(148.66,-114.5525,5.06));
#8149=CARTESIAN_POINT('',(148.66,-110.616498950531,5.06));
#8150=CARTESIAN_POINT('Origin',(148.16,-114.0525,5.06));
#8151=CARTESIAN_POINT('Origin',(148.16,-117.4525,5.06));
#8152=CARTESIAN_POINT('Origin',(153.9779,-114.0525,5.06));
#8153=CARTESIAN_POINT('',(153.9779,-114.5525,5.06));
#8154=CARTESIAN_POINT('Origin',(148.9679,-117.4525,5.06));
#8155=CARTESIAN_POINT('',(148.9679,-116.9525,5.06));
#8156=CARTESIAN_POINT('Origin',(158.68,-114.5525,1.56));
#8157=CARTESIAN_POINT('',(148.66,-114.5525,4.56));
#8158=CARTESIAN_POINT('',(148.66,-114.5525,1.56));
#8159=CARTESIAN_POINT('',(158.68,-114.5525,4.56));
#8160=CARTESIAN_POINT('',(153.9779,-114.5525,4.56));
#8161=CARTESIAN_POINT('',(158.68,-114.5525,1.56));
#8162=CARTESIAN_POINT('Origin',(148.66,-114.5525,1.56));
#8163=CARTESIAN_POINT('',(148.66,-116.9525,4.56));
#8164=CARTESIAN_POINT('',(148.66,-116.9525,1.56));
#8165=CARTESIAN_POINT('',(148.66,-110.61650101649,4.56));
#8166=CARTESIAN_POINT('Origin',(148.66,-116.9525,1.56));
#8167=CARTESIAN_POINT('',(158.68,-116.9525,4.56));
#8168=CARTESIAN_POINT('',(158.68,-116.9525,1.56));
#8169=CARTESIAN_POINT('',(148.9679,-116.9525,4.56));
#8170=CARTESIAN_POINT('Origin',(158.68,-116.9525,1.56));
#8171=CARTESIAN_POINT('',(158.68,-111.81650101649,4.56));
#8172=CARTESIAN_POINT('Origin',(141.422337174511,-120.984900603471,1.56));
#8173=CARTESIAN_POINT('',(141.422337174511,-120.984900603471,4.56));
#8174=CARTESIAN_POINT('',(145.349068587256,-120.984900603471,4.56));
#8175=CARTESIAN_POINT('',(141.422337174511,-120.984900603471,1.56));
#8176=CARTESIAN_POINT('Origin',(140.546359085343,-119.995045362711,1.56));
#8177=CARTESIAN_POINT('',(140.546359085343,-119.995045362711,4.56));
#8178=CARTESIAN_POINT('',(139.15938709537,-118.427767014042,4.56));
#8179=CARTESIAN_POINT('',(140.546359085343,-119.995045362711,1.56));
#8180=CARTESIAN_POINT('Origin',(140.546359085343,-117.577345836608,1.56));
#8181=CARTESIAN_POINT('',(140.546359085343,-117.577345836608,4.56));
#8182=CARTESIAN_POINT('',(140.546359085343,-112.128923934794,4.56));
#8183=CARTESIAN_POINT('',(140.546359085343,-117.577345836608,1.56));
#8184=CARTESIAN_POINT('Origin',(140.958068787252,-116.59625037674,1.56));
#8185=CARTESIAN_POINT('',(140.958068787252,-116.59625037674,4.56));
#8186=CARTESIAN_POINT('',(143.349798182308,-110.896810116182,4.56));
#8187=CARTESIAN_POINT('',(140.958068787252,-116.59625037674,1.56));
#8188=CARTESIAN_POINT('Origin',(140.958068787252,-115.439959299039,1.56));
#8189=CARTESIAN_POINT('',(140.958068787252,-115.439959299039,4.56));
#8190=CARTESIAN_POINT('',(140.958068787252,-111.060230666009,4.56));
#8191=CARTESIAN_POINT('',(140.958068787252,-115.439959299039,1.56));
#8192=CARTESIAN_POINT('Origin',(141.790247971962,-116.044384180565,1.56));
#8193=CARTESIAN_POINT('',(142.014274505243,-116.207098188948,4.56));
#8194=CARTESIAN_POINT('Origin',(149.2758,-106.680502032979,4.56));
#8195=CARTESIAN_POINT('',(145.145,-93.248,4.56));
#8196=CARTESIAN_POINT('',(145.145,-91.748,4.56));
#8197=CARTESIAN_POINT('',(145.145,-99.4642505,4.56));
#8198=CARTESIAN_POINT('',(153.385,-93.248,4.56));
#8199=CARTESIAN_POINT('',(151.3304,-93.248,4.56));
#8200=CARTESIAN_POINT('',(153.385,-91.748,4.56));
#8201=CARTESIAN_POINT('',(153.385,-98.4642510164897,4.56));
#8202=CARTESIAN_POINT('',(157.8676,-91.748,4.56));
#8203=CARTESIAN_POINT('',(157.8676,-91.748,4.56));
#8204=CARTESIAN_POINT('',(158.010461,-91.7505479999951,4.56));
#8205=CARTESIAN_POINT('',(158.010461,-91.7505479999951,4.56));
#8206=CARTESIAN_POINT('',(159.865052,-93.605139,4.56));
#8207=CARTESIAN_POINT('Origin',(157.86760110099,-93.747998899,4.56));
#8208=CARTESIAN_POINT('',(159.8676,-93.748,4.56));
#8209=CARTESIAN_POINT('',(159.8676,-93.748,4.56));
#8210=CARTESIAN_POINT('',(159.8676,-119.6152,4.56));
#8211=CARTESIAN_POINT('',(159.8676,-119.6152,4.56));
#8212=CARTESIAN_POINT('',(159.865051999989,-119.758060999999,4.56));
#8213=CARTESIAN_POINT('',(159.865051999989,-119.758060999999,4.56));
#8214=CARTESIAN_POINT('',(158.010461,-121.612652,4.56));
#8215=CARTESIAN_POINT('Origin',(157.86760110099,-119.6152011009,4.56));
#8216=CARTESIAN_POINT('',(157.8676,-121.6152,4.56));
#8217=CARTESIAN_POINT('',(157.8676,-121.6152,4.56));
#8218=CARTESIAN_POINT('',(140.684,-121.6152,4.56));
#8219=CARTESIAN_POINT('',(140.684,-121.6152,4.56));
#8220=CARTESIAN_POINT('',(140.541139000007,-121.612651999906,4.56));
#8221=CARTESIAN_POINT('',(140.541139000007,-121.612651999906,4.56));
#8222=CARTESIAN_POINT('',(138.686548,-119.758061,4.56));
#8223=CARTESIAN_POINT('Origin',(140.683998899,-119.6152011009,4.56));
#8224=CARTESIAN_POINT('',(138.684,-119.6152,4.56));
#8225=CARTESIAN_POINT('',(138.684,-119.6152,4.56));
#8226=CARTESIAN_POINT('',(138.684,-93.745802,4.56));
#8227=CARTESIAN_POINT('',(138.684,-93.745802,4.56));
#8228=CARTESIAN_POINT('',(138.68643199999,-93.6028869999993,4.56));
#8229=CARTESIAN_POINT('',(138.68643199999,-93.6028869999993,4.56));
#8230=CARTESIAN_POINT('',(140.542085,-91.748161,4.56));
#8231=CARTESIAN_POINT('Origin',(140.6840022631,-93.74580242562,4.56));
#8232=CARTESIAN_POINT('',(140.685001,-91.745802,4.56));
#8233=CARTESIAN_POINT('',(140.685001,-91.745802,4.56));
#8234=CARTESIAN_POINT('',(145.075,-91.748,4.56));
#8235=CARTESIAN_POINT('',(145.075,-91.748,4.56));
#8236=CARTESIAN_POINT('',(146.645,-91.748,4.56));
#8237=CARTESIAN_POINT('Origin',(157.8676,-91.748,3.56));
#8238=CARTESIAN_POINT('',(157.8676,-91.748,3.56));
#8239=CARTESIAN_POINT('',(153.385,-91.748,3.56));
#8240=CARTESIAN_POINT('',(153.5717,-91.748,3.56));
#8241=CARTESIAN_POINT('',(157.8676,-91.748,3.56));
#8242=CARTESIAN_POINT('',(153.385,-91.748,3.56));
#8243=CARTESIAN_POINT('Origin',(158.010461,-91.7505479999951,3.56));
#8244=CARTESIAN_POINT('',(158.010461,-91.7505479999951,3.56));
#8245=CARTESIAN_POINT('',(153.777618689473,-91.6750530630532,3.56));
#8246=CARTESIAN_POINT('',(158.010461,-91.7505479999951,3.56));
#8247=CARTESIAN_POINT('Origin',(157.86760110099,-93.747998899,3.56));
#8248=CARTESIAN_POINT('',(159.865052,-93.605139,3.56));
#8249=CARTESIAN_POINT('Origin',(157.86760110099,-93.747998899,3.56));
#8250=CARTESIAN_POINT('',(159.865052,-93.605139,3.56));
#8251=CARTESIAN_POINT('Origin',(159.8676,-93.748,3.56));
#8252=CARTESIAN_POINT('',(159.8676,-93.748,3.56));
#8253=CARTESIAN_POINT('',(159.981208106942,-100.117767568932,3.56));
#8254=CARTESIAN_POINT('',(159.8676,-93.748,3.56));
#8255=CARTESIAN_POINT('Origin',(159.8676,-119.6152,3.56));
#8256=CARTESIAN_POINT('',(159.8676,-119.6152,3.56));
#8257=CARTESIAN_POINT('',(159.8676,-113.147848950531,3.56));
#8258=CARTESIAN_POINT('',(159.8676,-119.6152,3.56));
#8259=CARTESIAN_POINT('Origin',(159.865051999989,-119.758060999999,3.56));
#8260=CARTESIAN_POINT('',(159.865051999989,-119.758060999999,3.56));
#8261=CARTESIAN_POINT('',(159.979953757694,-113.315761183045,3.56));
#8262=CARTESIAN_POINT('',(159.865051999989,-119.758060999999,3.56));
#8263=CARTESIAN_POINT('Origin',(157.86760110099,-119.6152011009,3.56));
#8264=CARTESIAN_POINT('',(158.010461,-121.612652,3.56));
#8265=CARTESIAN_POINT('Origin',(157.86760110099,-119.6152011009,3.56));
#8266=CARTESIAN_POINT('',(158.010461,-121.612652,3.56));
#8267=CARTESIAN_POINT('Origin',(157.8676,-121.6152,3.56));
#8268=CARTESIAN_POINT('',(157.8676,-121.6152,3.56));
#8269=CARTESIAN_POINT('',(153.70620783999,-121.68942058661,3.56));
#8270=CARTESIAN_POINT('',(157.8676,-121.6152,3.56));
#8271=CARTESIAN_POINT('Origin',(140.684,-121.6152,3.56));
#8272=CARTESIAN_POINT('',(140.684,-121.6152,3.56));
#8273=CARTESIAN_POINT('',(144.9799,-121.6152,3.56));
#8274=CARTESIAN_POINT('',(140.684,-121.6152,3.56));
#8275=CARTESIAN_POINT('Origin',(140.541139000007,-121.612651999906,3.56));
#8276=CARTESIAN_POINT('',(140.541139000007,-121.612651999906,3.56));
#8277=CARTESIAN_POINT('',(144.773961655003,-121.688146589213,3.56));
#8278=CARTESIAN_POINT('',(140.541139000007,-121.612651999906,3.56));
#8279=CARTESIAN_POINT('Origin',(140.683998899,-119.6152011009,3.56));
#8280=CARTESIAN_POINT('',(138.686548,-119.758061,3.56));
#8281=CARTESIAN_POINT('Origin',(140.683998899,-119.6152011009,3.56));
#8282=CARTESIAN_POINT('',(138.686548,-119.758061,3.56));
#8283=CARTESIAN_POINT('Origin',(138.684,-119.6152,3.56));
#8284=CARTESIAN_POINT('',(138.684,-119.6152,3.56));
#8285=CARTESIAN_POINT('',(138.570372242805,-113.244330682601,3.56));
#8286=CARTESIAN_POINT('',(138.684,-119.6152,3.56));
#8287=CARTESIAN_POINT('Origin',(138.684,-93.745802,3.56));
#8288=CARTESIAN_POINT('',(138.684,-93.745802,3.56));
#8289=CARTESIAN_POINT('',(138.684,-100.213149950531,3.56));
#8290=CARTESIAN_POINT('',(138.684,-93.745802,3.56));
#8291=CARTESIAN_POINT('Origin',(138.68643199999,-93.6028869999993,3.56));
#8292=CARTESIAN_POINT('',(138.68643199999,-93.6028869999993,3.56));
#8293=CARTESIAN_POINT('',(138.576725455458,-100.049725352942,3.56));
#8294=CARTESIAN_POINT('',(138.68643199999,-93.6028869999993,3.56));
#8295=CARTESIAN_POINT('Origin',(140.6840022631,-93.74580242562,3.56));
#8296=CARTESIAN_POINT('',(140.542085,-91.748161,3.56));
#8297=CARTESIAN_POINT('Origin',(140.6840022631,-93.74580242562,3.56));
#8298=CARTESIAN_POINT('',(140.542085,-91.748161,3.56));
#8299=CARTESIAN_POINT('Origin',(140.685001,-91.745802,3.56));
#8300=CARTESIAN_POINT('',(140.685001,-91.745802,3.56));
#8301=CARTESIAN_POINT('',(144.856006555663,-91.6769545504086,3.56));
#8302=CARTESIAN_POINT('',(140.685001,-91.745802,3.56));
#8303=CARTESIAN_POINT('Origin',(145.075,-91.748,3.56));
#8304=CARTESIAN_POINT('',(145.075,-91.748,3.56));
#8305=CARTESIAN_POINT('',(147.179137700074,-91.7490535069973,3.56));
#8306=CARTESIAN_POINT('',(145.075,-91.748,3.56));
#8307=CARTESIAN_POINT('Origin',(145.145,-91.748,3.56));
#8308=CARTESIAN_POINT('',(145.145,-91.748,3.56));
#8309=CARTESIAN_POINT('',(147.2104,-91.748,3.56));
#8310=CARTESIAN_POINT('',(145.145,-91.748,3.56));
#8311=CARTESIAN_POINT('Origin',(153.385,-90.248,3.56));
#8312=CARTESIAN_POINT('Origin',(153.385,-93.248,5.56));
#8313=CARTESIAN_POINT('',(153.385,-90.248,4.56));
#8314=CARTESIAN_POINT('Origin',(153.385,-91.248,4.56));
#8315=CARTESIAN_POINT('',(153.385,-90.248,3.56));
#8316=CARTESIAN_POINT('',(153.385,-90.248,3.56));
#8317=CARTESIAN_POINT('',(153.385,-89.548,3.56));
#8318=CARTESIAN_POINT('Origin',(151.3304,-93.248,5.56));
#8319=CARTESIAN_POINT('Origin',(145.145,-93.248,5.56));
#8320=CARTESIAN_POINT('Origin',(147.2104,-91.248,4.56));
#8321=CARTESIAN_POINT('',(145.07537558345,-90.248,4.56));
#8322=CARTESIAN_POINT('Ctrl Pts',(145.07537558345,-90.248,4.56));
#8323=CARTESIAN_POINT('Ctrl Pts',(145.075368516969,-90.248,4.60433940055916));
#8324=CARTESIAN_POINT('Ctrl Pts',(145.075361450489,-90.2509533141961,4.64867856995607));
#8325=CARTESIAN_POINT('Ctrl Pts',(145.075354384009,-90.2568338840115,4.69262628139356));
#8326=CARTESIAN_POINT('Ctrl Pts',(145.075347317805,-90.2627142239514,4.73657227488475));
#8327=CARTESIAN_POINT('Ctrl Pts',(145.075340251601,-90.2715215290144,4.78012638288786));
#8328=CARTESIAN_POINT('Ctrl Pts',(145.075333185397,-90.2831780939766,4.8229043355623));
#8329=CARTESIAN_POINT('Ctrl Pts',(145.075326119445,-90.2948342436007,4.8656807640041));
#8330=CARTESIAN_POINT('Ctrl Pts',(145.075319053492,-90.3093393282762,4.90768064659014));
#8331=CARTESIAN_POINT('Ctrl Pts',(145.07531198754,-90.3265653814189,4.94853345245975));
#8332=CARTESIAN_POINT('Ctrl Pts',(145.075304921815,-90.3437908803518,4.98938494398157));
#8333=CARTESIAN_POINT('Ctrl Pts',(145.07529785609,-90.3637369928745,5.02908900690854));
#8334=CARTESIAN_POINT('Ctrl Pts',(145.075290790365,-90.3862277619249,5.06729538701142));
#8335=CARTESIAN_POINT('Ctrl Pts',(145.075283722609,-90.408724997893,5.10551275284426));
#8336=CARTESIAN_POINT('Ctrl Pts',(145.075276654852,-90.4337681214647,5.14223117458131));
#8337=CARTESIAN_POINT('Ctrl Pts',(145.075269587096,-90.4611360849463,5.17712655038204));
#8338=CARTESIAN_POINT('Ctrl Pts',(145.075262520054,-90.4885012817789,5.21201839858164));
#8339=CARTESIAN_POINT('Ctrl Pts',(145.075255453011,-90.5181905623463,5.24508720596725));
#8340=CARTESIAN_POINT('Ctrl Pts',(145.075248385969,-90.5499419216437,5.2760411435396));
#8341=CARTESIAN_POINT('Ctrl Pts',(145.075241319544,-90.5816905109397,5.30699238067792));
#8342=CARTESIAN_POINT('Ctrl Pts',(145.075234253118,-90.6155004875866,5.33582879477339));
#8343=CARTESIAN_POINT('Ctrl Pts',(145.075227186693,-90.6510735337586,5.36229595156682));
#8344=CARTESIAN_POINT('Ctrl Pts',(145.075220120786,-90.6866439689014,5.38876116569513));
#8345=CARTESIAN_POINT('Ctrl Pts',(145.075213054879,-90.7239768435723,5.41285719492928));
#8346=CARTESIAN_POINT('Ctrl Pts',(145.075205988972,-90.7627428043495,5.43437146229132));
#8347=CARTESIAN_POINT('Ctrl Pts',(145.07519892136,-90.8015181220812,5.45589092256009));
#8348=CARTESIAN_POINT('Ctrl Pts',(145.075191853747,-90.8417268144063,5.4748271482105));
#8349=CARTESIAN_POINT('Ctrl Pts',(145.075184786135,-90.8830139864169,5.49101300199766));
#8350=CARTESIAN_POINT('Ctrl Pts',(145.075177719816,-90.9242936014489,5.50719589321449));
#8351=CARTESIAN_POINT('Ctrl Pts',(145.075170653497,-90.9666508703265,5.52062925200999));
#8352=CARTESIAN_POINT('Ctrl Pts',(145.075163587179,-91.0097120705945,5.53119455450472));
#8353=CARTESIAN_POINT('Ctrl Pts',(145.075156519844,-91.0527794612693,5.54176137584985));
#8354=CARTESIAN_POINT('Ctrl Pts',(145.075149452509,-91.0965505368565,5.5494592048015));
#8355=CARTESIAN_POINT('Ctrl Pts',(145.075142385175,-91.1406389899898,5.55422010316106));
#8356=CARTESIAN_POINT('Ctrl Pts',(145.075136670697,-91.1762878568984,5.55806965151042));
#8357=CARTESIAN_POINT('Ctrl Pts',(145.07513095622,-91.2121438884657,5.56));
#8358=CARTESIAN_POINT('Ctrl Pts',(145.075125241742,-91.248,5.56));
#8359=CARTESIAN_POINT('',(145.145,-90.248,4.56));
#8360=CARTESIAN_POINT('Origin',(145.145,-91.248,4.56));
#8361=CARTESIAN_POINT('',(147.2104,-90.248,4.56));
#8362=CARTESIAN_POINT('Origin',(147.179200320885,-91.2490534756271,4.56));
#8363=CARTESIAN_POINT('',(140.672997681316,-90.2457958021236,4.56));
#8364=CARTESIAN_POINT('Ctrl Pts',(140.672997681316,-90.2457958021236,4.55999999999996));
#8365=CARTESIAN_POINT('Ctrl Pts',(140.67323767809,-90.245795922286,4.60433940055912));
#8366=CARTESIAN_POINT('Ctrl Pts',(140.673476196188,-90.2487493562744,4.64867856995603));
#8367=CARTESIAN_POINT('Ctrl Pts',(140.673713248657,-90.2546300455151,4.69262628139351));
#8368=CARTESIAN_POINT('Ctrl Pts',(140.673950291861,-90.2605105048757,4.73657227488471));
#8369=CARTESIAN_POINT('Ctrl Pts',(140.674185869581,-90.2693179289925,4.78012638288782));
#8370=CARTESIAN_POINT('Ctrl Pts',(140.674420020724,-90.2809746126514,4.82290433556226));
#8371=CARTESIAN_POINT('Ctrl Pts',(140.674654163524,-90.2926308809679,4.86568076400406));
#8372=CARTESIAN_POINT('Ctrl Pts',(140.67488687991,-90.3071360839787,4.9076806465901));
#8373=CARTESIAN_POINT('Ctrl Pts',(140.675118233951,-90.3243622551157,4.94853345245973));
#8374=CARTESIAN_POINT('Ctrl Pts',(140.67534958055,-90.3415878720391,4.98938494398154));
#8375=CARTESIAN_POINT('Ctrl Pts',(140.675579564982,-90.3615341022113,5.02908900690851));
#8376=CARTESIAN_POINT('Ctrl Pts',(140.675808275347,-90.3840249885922,5.06729538701139));
#8377=CARTESIAN_POINT('Ctrl Pts',(140.676037051475,-90.4065223419246,5.10551275284423));
#8378=CARTESIAN_POINT('Ctrl Pts',(140.676264552919,-90.4315655825415,5.14223117458128));
#8379=CARTESIAN_POINT('Ctrl Pts',(140.676490890354,-90.4589336627769,5.17712655038201));
#8380=CARTESIAN_POINT('Ctrl Pts',(140.676717204908,-90.4862989763514,5.21201839858161));
#8381=CARTESIAN_POINT('Ctrl Pts',(140.676942355832,-90.5159883733694,5.24508720596722));
#8382=CARTESIAN_POINT('Ctrl Pts',(140.677166474308,-90.5477398488591,5.27604114353958));
#8383=CARTESIAN_POINT('Ctrl Pts',(140.677390573232,-90.5794885543371,5.30699238067789));
#8384=CARTESIAN_POINT('Ctrl Pts',(140.677613640053,-90.6132986469077,5.33582879477336));
#8385=CARTESIAN_POINT('Ctrl Pts',(140.677835824134,-90.6488718087823,5.36229595156679));
#8386=CARTESIAN_POINT('Ctrl Pts',(140.678057991907,-90.6844423596194,5.3887611656951));
#8387=CARTESIAN_POINT('Ctrl Pts',(140.678279277256,-90.7217753497636,5.41285719492925));
#8388=CARTESIAN_POINT('Ctrl Pts',(140.678499845083,-90.7605414258345,5.43437146229129));
#8389=CARTESIAN_POINT('Ctrl Pts',(140.678720466148,-90.7993168588877,5.45589092256007));
#8390=CARTESIAN_POINT('Ctrl Pts',(140.678940369546,-90.8395256663545,5.47482714821048));
#8391=CARTESIAN_POINT('Ctrl Pts',(140.679159732967,-90.8808129533718,5.49101300199763));
#8392=CARTESIAN_POINT('Ctrl Pts',(140.679379056238,-90.9220926833894,5.50719589321447));
#8393=CARTESIAN_POINT('Ctrl Pts',(140.679597839944,-90.9644500671175,5.52062925200997));
#8394=CARTESIAN_POINT('Ctrl Pts',(140.679816271205,-91.0075113821478,5.53119455450471));
#8395=CARTESIAN_POINT('Ctrl Pts',(140.680034733866,-91.0505788876015,5.54176137584983));
#8396=CARTESIAN_POINT('Ctrl Pts',(140.680252844204,-91.0943500778792,5.54945920480149));
#8397=CARTESIAN_POINT('Ctrl Pts',(140.680470795636,-91.1384386456633,5.55422010316105));
#8398=CARTESIAN_POINT('Ctrl Pts',(140.680647025943,-91.1740876052758,5.55806965151042));
#8399=CARTESIAN_POINT('Ctrl Pts',(140.680823152525,-91.2099437295212,5.56));
#8400=CARTESIAN_POINT('Ctrl Pts',(140.680999279068,-91.2457999337334,5.56));
#8401=CARTESIAN_POINT('',(147.179701004299,-90.2490536009691,4.56));
#8402=CARTESIAN_POINT('Origin',(138.077096824417,-100.023648112936,4.56));
#8403=CARTESIAN_POINT('',(137.18724711768,-93.5422251976789,4.56));
#8404=CARTESIAN_POINT('',(137.077241583961,-100.006633468321,4.56));
#8405=CARTESIAN_POINT('Ctrl Pts',(137.184,-93.7330400928358,4.56));
#8406=CARTESIAN_POINT('Ctrl Pts',(137.184004085881,-93.7327999885267,4.60433940055916));
#8407=CARTESIAN_POINT('Ctrl Pts',(137.186961058438,-93.732610133809,4.64867856995607));
#8408=CARTESIAN_POINT('Ctrl Pts',(137.192844862865,-93.7324700853055,4.69262628139356));
#8409=CARTESIAN_POINT('Ctrl Pts',(137.198728437291,-93.7323300422765,4.73657227488476));
#8410=CARTESIAN_POINT('Ctrl Pts',(137.207538553134,-93.7322398005189,4.78012638288787));
#8411=CARTESIAN_POINT('Ctrl Pts',(137.219197516418,-93.7321980379059,4.82290433556231));
#8412=CARTESIAN_POINT('Ctrl Pts',(137.230856064279,-93.732156276781,4.86568076400411));
#8413=CARTESIAN_POINT('Ctrl Pts',(137.245363134781,-93.7321629892734,4.90768064659014));
#8414=CARTESIAN_POINT('Ctrl Pts',(137.262590779864,-93.7322159980774,4.94853345245976));
#8415=CARTESIAN_POINT('Ctrl Pts',(137.279817870686,-93.7322690051759,4.98938494398158));
#8416=CARTESIAN_POINT('Ctrl Pts',(137.299765181262,-93.7323683025478,5.02908900690856));
#8417=CARTESIAN_POINT('Ctrl Pts',(137.322256780003,-93.7325108963462,5.06729538701145));
#8418=CARTESIAN_POINT('Ctrl Pts',(137.344754845901,-93.7326535311455,5.10551275284429));
#8419=CARTESIAN_POINT('Ctrl Pts',(137.36979843086,-93.7328394833176,5.14223117458134));
#8420=CARTESIAN_POINT('Ctrl Pts',(137.397166519187,-93.7330649918146,5.17712655038207));
#8421=CARTESIAN_POINT('Ctrl Pts',(137.424531840852,-93.7332904775147,5.21201839858167));
#8422=CARTESIAN_POINT('Ctrl Pts',(137.454220909819,-93.7335555066736,5.24508720596727));
#8423=CARTESIAN_POINT('Ctrl Pts',(137.48597175901,-93.7338556213693,5.27604114353963));
#8424=CARTESIAN_POINT('Ctrl Pts',(137.517719838244,-93.7341557098828,5.30699238067794));
#8425=CARTESIAN_POINT('Ctrl Pts',(137.551529006423,-93.7344908721696,5.3358287947734));
#8426=CARTESIAN_POINT('Ctrl Pts',(137.587100988906,-93.7348560324577,5.36229595156683));
#8427=CARTESIAN_POINT('Ctrl Pts',(137.622670360439,-93.7352211659434,5.38876116569514));
#8428=CARTESIAN_POINT('Ctrl Pts',(137.660001916369,-93.7356162867114,5.4128571949293));
#8429=CARTESIAN_POINT('Ctrl Pts',(137.698766350953,-93.7360357909301,5.43437146229133));
#8430=CARTESIAN_POINT('Ctrl Pts',(137.737540142123,-93.7364553964047,5.45589092256011));
#8431=CARTESIAN_POINT('Ctrl Pts',(137.777747100392,-93.7368993902387,5.47482714821051));
#8432=CARTESIAN_POINT('Ctrl Pts',(137.819032382226,-93.7373617340212,5.49101300199767));
#8433=CARTESIAN_POINT('Ctrl Pts',(137.860310107427,-93.7378239931788,5.5071958932145));
#8434=CARTESIAN_POINT('Ctrl Pts',(137.902665330473,-93.7383045882336,5.52062925200999));
#8435=CARTESIAN_POINT('Ctrl Pts',(137.945724383009,-93.7387971604309,5.53119455450473));
#8436=CARTESIAN_POINT('Ctrl Pts',(137.988789625643,-93.7392898034395,5.54176137584985));
#8437=CARTESIAN_POINT('Ctrl Pts',(138.032558451324,-93.7397944193969,5.54945920480151));
#8438=CARTESIAN_POINT('Ctrl Pts',(138.076644608608,-93.7403044354204,5.55422010316106));
#8439=CARTESIAN_POINT('Ctrl Pts',(138.112291619148,-93.7407168221577,5.55806965151042));
#8440=CARTESIAN_POINT('Ctrl Pts',(138.148145764358,-93.7411327337281,5.56));
#8441=CARTESIAN_POINT('Ctrl Pts',(138.183999989522,-93.7415486466591,5.56));
#8442=CARTESIAN_POINT('Ctrl Pts',(138.1867229743,-93.5815341026586,5.56));
#8443=CARTESIAN_POINT('Ctrl Pts',(138.18234277705,-93.5813528787422,5.56));
#8444=CARTESIAN_POINT('Ctrl Pts',(138.177962621242,-93.5811717968052,5.55997118861274));
#8445=CARTESIAN_POINT('Ctrl Pts',(138.04341078364,-93.5756135047312,5.55820102475503));
#8446=CARTESIAN_POINT('Ctrl Pts',(137.914811510785,-93.5704264710329,5.53105710821377));
#8447=CARTESIAN_POINT('Ctrl Pts',(137.675305250159,-93.5609269075039,5.42897752772814));
#8448=CARTESIAN_POINT('Ctrl Pts',(137.566678374024,-93.5567025308016,5.35503981660508));
#8449=CARTESIAN_POINT('Ctrl Pts',(137.383877265799,-93.5496636506188,5.16967483432403));
#8450=CARTESIAN_POINT('Ctrl Pts',(137.311443763903,-93.5469146170259,5.06002833713745));
#8451=CARTESIAN_POINT('Ctrl Pts',(137.212658326676,-93.5431779847217,4.81913174643326));
#8452=CARTESIAN_POINT('Ctrl Pts',(137.18724711768,-93.5422251976787,4.69018891690218));
#8453=CARTESIAN_POINT('Ctrl Pts',(137.18724711768,-93.5422251976787,4.56));
#8454=CARTESIAN_POINT('Origin',(153.578387787589,-91.248,4.56));
#8455=CARTESIAN_POINT('',(157.880975575177,-90.248,4.56));
#8456=CARTESIAN_POINT('',(153.578387787589,-90.248,4.56));
#8457=CARTESIAN_POINT('Origin',(157.872058525058,-91.248,4.56));
#8458=CARTESIAN_POINT('Origin',(153.803832720589,-91.175441083782,4.56));
#8459=CARTESIAN_POINT('',(158.071805403379,-90.2514035489134,4.56));
#8460=CARTESIAN_POINT('Ctrl Pts',(158.032023921264,-91.2508530657685,5.56));
#8461=CARTESIAN_POINT('Ctrl Pts',(158.032208442085,-91.2464403660239,5.56));
#8462=CARTESIAN_POINT('Ctrl Pts',(158.032392820962,-91.242027708727,5.55997075784041));
#8463=CARTESIAN_POINT('Ctrl Pts',(158.03801047027,-91.1074815587876,5.55818743489146));
#8464=CARTESIAN_POINT('Ctrl Pts',(158.043254818928,-90.9789218295549,5.53104482945403));
#8465=CARTESIAN_POINT('Ctrl Pts',(158.05286514597,-90.7394530777253,5.42897992987382));
#8466=CARTESIAN_POINT('Ctrl Pts',(158.057141642004,-90.6308286026712,5.35504258330401));
#8467=CARTESIAN_POINT('Ctrl Pts',(158.064269337615,-90.4480308518826,5.1696778797677));
#8468=CARTESIAN_POINT('Ctrl Pts',(158.067054188575,-90.3755984894864,5.06003103051499));
#8469=CARTESIAN_POINT('Ctrl Pts',(158.070839869033,-90.2768144238679,4.81913337379693));
#8470=CARTESIAN_POINT('Ctrl Pts',(158.071805403379,-90.2514035489134,4.69018971273166));
#8471=CARTESIAN_POINT('Ctrl Pts',(158.071805403379,-90.2514035489134,4.56));
#8472=CARTESIAN_POINT('',(153.821665402882,-90.1756000987038,4.56));
#8473=CARTESIAN_POINT('Origin',(157.86760110099,-93.747998899,4.56));
#8474=CARTESIAN_POINT('',(161.364196451082,-93.5437945967036,4.56));
#8475=CARTESIAN_POINT('Ctrl Pts',(160.364746934228,-93.583576078821,5.56));
#8476=CARTESIAN_POINT('Ctrl Pts',(160.369159633976,-93.5833915580006,5.56));
#8477=CARTESIAN_POINT('Ctrl Pts',(160.373572291275,-93.5832071791204,5.55997075784038));
#8478=CARTESIAN_POINT('Ctrl Pts',(160.508118441238,-93.5775895298282,5.55818743488986));
#8479=CARTESIAN_POINT('Ctrl Pts',(160.636678170448,-93.5723451811551,5.53104482945109));
#8480=CARTESIAN_POINT('Ctrl Pts',(160.87614692227,-93.5627348541141,5.42897992987405));
#8481=CARTESIAN_POINT('Ctrl Pts',(160.984771397324,-93.5584583580789,5.35504258330429));
#8482=CARTESIAN_POINT('Ctrl Pts',(161.167569148113,-93.5513306624676,5.16967787976809));
#8483=CARTESIAN_POINT('Ctrl Pts',(161.240001510509,-93.5485458115084,5.06003103051532));
#8484=CARTESIAN_POINT('Ctrl Pts',(161.338785576128,-93.5447601310493,4.81913337379706));
#8485=CARTESIAN_POINT('Ctrl Pts',(161.364196451082,-93.5437945967034,4.69018971273173));
#8486=CARTESIAN_POINT('Ctrl Pts',(161.364196451082,-93.5437945967032,4.56));
#8487=CARTESIAN_POINT('Origin',(157.86760110099,-93.747998899,4.56));
#8488=CARTESIAN_POINT('Origin',(160.481247860671,-100.115537951913,4.56));
#8489=CARTESIAN_POINT('Origin',(160.3676,-93.7435414749317,4.56));
#8490=CARTESIAN_POINT('',(161.481088845749,-100.097705269586,4.56));
#8491=CARTESIAN_POINT('Origin',(160.3676,-113.154536738162,4.56));
#8492=CARTESIAN_POINT('Origin',(160.3676,-119.619658525088,4.56));
#8493=CARTESIAN_POINT('Origin',(160.479565736943,-113.341975215314,4.56));
#8494=CARTESIAN_POINT('',(161.364196451024,-119.81940540574,4.56));
#8495=CARTESIAN_POINT('',(161.479406722019,-113.359807897721,4.56));
#8496=CARTESIAN_POINT('Ctrl Pts',(160.364746934179,-119.779623923194,5.56));
#8497=CARTESIAN_POINT('Ctrl Pts',(160.369159633893,-119.779808444015,5.56));
#8498=CARTESIAN_POINT('Ctrl Pts',(160.373572291161,-119.779992822891,5.5599707578408));
#8499=CARTESIAN_POINT('Ctrl Pts',(160.508118441095,-119.785610472281,5.55818743490412));
#8500=CARTESIAN_POINT('Ctrl Pts',(160.636678170364,-119.790854820979,5.53104482946574));
#8501=CARTESIAN_POINT('Ctrl Pts',(160.876146922221,-119.800465148127,5.42897992987171));
#8502=CARTESIAN_POINT('Ctrl Pts',(160.984771397273,-119.804741644207,5.35504258330158));
#8503=CARTESIAN_POINT('Ctrl Pts',(161.167569148059,-119.811869339895,5.16967787976481));
#8504=CARTESIAN_POINT('Ctrl Pts',(161.240001510454,-119.814654190885,5.06003103051245));
#8505=CARTESIAN_POINT('Ctrl Pts',(161.33878557607,-119.818439871384,4.81913337379551));
#8506=CARTESIAN_POINT('Ctrl Pts',(161.364196451024,-119.81940540574,4.69018971273098));
#8507=CARTESIAN_POINT('Ctrl Pts',(161.364196451024,-119.81940540574,4.56));
#8508=CARTESIAN_POINT('Origin',(157.86760110099,-119.6152011009,4.56));
#8509=CARTESIAN_POINT('',(158.071805403298,-123.111796451082,4.56));
#8510=CARTESIAN_POINT('Origin',(157.86760110099,-119.6152011009,4.56));
#8511=CARTESIAN_POINT('Ctrl Pts',(158.032023921181,-122.112346934228,5.56));
#8512=CARTESIAN_POINT('Ctrl Pts',(158.032208442001,-122.116759633976,5.56));
#8513=CARTESIAN_POINT('Ctrl Pts',(158.032392820879,-122.121172291275,5.55997075784037));
#8514=CARTESIAN_POINT('Ctrl Pts',(158.038010470192,-122.255718441231,5.55818743488998));
#8515=CARTESIAN_POINT('Ctrl Pts',(158.043254818845,-122.384278170447,5.53104482945158));
#8516=CARTESIAN_POINT('Ctrl Pts',(158.052865145887,-122.62374692227,5.42897992987404));
#8517=CARTESIAN_POINT('Ctrl Pts',(158.057141641921,-122.732371397324,5.35504258330428));
#8518=CARTESIAN_POINT('Ctrl Pts',(158.064269337533,-122.915169148113,5.16967787976802));
#8519=CARTESIAN_POINT('Ctrl Pts',(158.067054188492,-122.987601510509,5.06003103051526));
#8520=CARTESIAN_POINT('Ctrl Pts',(158.070839868952,-123.086385576128,4.81913337379697));
#8521=CARTESIAN_POINT('Ctrl Pts',(158.071805403298,-123.111796451082,4.69018971273168));
#8522=CARTESIAN_POINT('Ctrl Pts',(158.071805403298,-123.111796451082,4.56));
#8523=CARTESIAN_POINT('Origin',(153.708437457009,-122.18946034034,4.56));
#8524=CARTESIAN_POINT('',(157.880975575204,-123.1152,4.56));
#8525=CARTESIAN_POINT('',(153.726270139336,-123.189301325418,4.56));
#8526=CARTESIAN_POINT('Origin',(157.872058525068,-122.1152,4.56));
#8527=CARTESIAN_POINT('Origin',(144.973212212152,-122.1152,4.56));
#8528=CARTESIAN_POINT('',(140.670624424303,-123.1152,4.56));
#8529=CARTESIAN_POINT('',(144.973212212152,-123.1152,4.56));
#8530=CARTESIAN_POINT('Origin',(140.679541474768,-122.1152,4.56));
#8531=CARTESIAN_POINT('Origin',(144.747747623804,-122.18775856847,4.56));
#8532=CARTESIAN_POINT('',(140.479794596114,-123.111796450955,4.56));
#8533=CARTESIAN_POINT('',(144.729914940819,-123.187599553536,4.56));
#8534=CARTESIAN_POINT('Ctrl Pts',(140.519576078622,-122.112346934122,5.56));
#8535=CARTESIAN_POINT('Ctrl Pts',(140.519391557799,-122.116759633895,5.56));
#8536=CARTESIAN_POINT('Ctrl Pts',(140.519207178918,-122.12117229122,5.55997075784003));
#8537=CARTESIAN_POINT('Ctrl Pts',(140.513589529553,-122.255718441147,5.55818743487968));
#8538=CARTESIAN_POINT('Ctrl Pts',(140.508345180856,-122.384278170352,5.53104482944388));
#8539=CARTESIAN_POINT('Ctrl Pts',(140.498734853721,-122.62374692215,5.42897992987584));
#8540=CARTESIAN_POINT('Ctrl Pts',(140.494458357644,-122.732371397202,5.35504258330637));
#8541=CARTESIAN_POINT('Ctrl Pts',(140.487330661959,-122.915169147988,5.16967787977031));
#8542=CARTESIAN_POINT('Ctrl Pts',(140.48454581097,-122.987601510383,5.06003103051729));
#8543=CARTESIAN_POINT('Ctrl Pts',(140.48076013047,-123.086385576001,4.8191333737983));
#8544=CARTESIAN_POINT('Ctrl Pts',(140.479794596114,-123.111796450955,4.69018971273234));
#8545=CARTESIAN_POINT('Ctrl Pts',(140.479794596114,-123.111796450955,4.56));
#8546=CARTESIAN_POINT('Origin',(140.683998899,-119.6152011009,4.56));
#8547=CARTESIAN_POINT('',(137.187403548919,-119.819405403329,4.56));
#8548=CARTESIAN_POINT('Origin',(140.683998899,-119.6152011009,4.56));
#8549=CARTESIAN_POINT('Ctrl Pts',(138.186853065772,-119.779623921192,5.56));
#8550=CARTESIAN_POINT('Ctrl Pts',(138.182440366027,-119.779808442012,5.56));
#8551=CARTESIAN_POINT('Ctrl Pts',(138.178027708728,-119.779992820889,5.55997075784039));
#8552=CARTESIAN_POINT('Ctrl Pts',(138.043481558804,-119.785610470204,5.55818743489118));
#8553=CARTESIAN_POINT('Ctrl Pts',(137.914921829561,-119.790854818862,5.53104482945472));
#8554=CARTESIAN_POINT('Ctrl Pts',(137.67545307773,-119.800465145909,5.42897992987388));
#8555=CARTESIAN_POINT('Ctrl Pts',(137.566828602676,-119.804741641945,5.35504258330409));
#8556=CARTESIAN_POINT('Ctrl Pts',(137.384030851888,-119.81186933756,5.16967787976782));
#8557=CARTESIAN_POINT('Ctrl Pts',(137.311598489491,-119.814654188521,5.06003103051509));
#8558=CARTESIAN_POINT('Ctrl Pts',(137.212814423873,-119.818439868982,4.81913337379697));
#8559=CARTESIAN_POINT('Ctrl Pts',(137.187403548919,-119.819405403329,4.69018971273169));
#8560=CARTESIAN_POINT('Ctrl Pts',(137.187403548919,-119.819405403329,4.56));
#8561=CARTESIAN_POINT('Origin',(138.070332489075,-113.246560299621,4.56));
#8562=CARTESIAN_POINT('',(137.070491503997,-113.264392981948,4.56));
#8563=CARTESIAN_POINT('Origin',(138.184,-119.619658525068,4.56));
#8564=CARTESIAN_POINT('Origin',(138.184,-100.206768996949,4.56));
#8565=CARTESIAN_POINT('Origin',(140.6840022631,-93.74580242562,4.56));
#8566=CARTESIAN_POINT('',(140.48218177454,-90.2489454475384,4.56));
#8567=CARTESIAN_POINT('Origin',(140.6840022631,-93.74580242562,4.56));
#8568=CARTESIAN_POINT('Ctrl Pts',(140.520984720799,-91.2484411764008,5.56));
#8569=CARTESIAN_POINT('Ctrl Pts',(140.52080572971,-91.244061310635,5.56));
#8570=CARTESIAN_POINT('Ctrl Pts',(140.520626880583,-91.2396814863682,5.55997119417857));
#8571=CARTESIAN_POINT('Ctrl Pts',(140.515136645677,-91.1051268119582,5.5582012009818));
#8572=CARTESIAN_POINT('Ctrl Pts',(140.510014666748,-90.9765244481226,5.53105726727289));
#8573=CARTESIAN_POINT('Ctrl Pts',(140.500636314994,-90.7370129806231,5.42897749585686));
#8574=CARTESIAN_POINT('Ctrl Pts',(140.496466937826,-90.6283839747655,5.35503977989895));
#8575=CARTESIAN_POINT('Ctrl Pts',(140.489520627378,-90.4455793266699,5.16967479392214));
#8576=CARTESIAN_POINT('Ctrl Pts',(140.486808282053,-90.3731444447017,5.06002830140688));
#8577=CARTESIAN_POINT('Ctrl Pts',(140.483121688163,-90.2743571340037,4.8191317248452));
#8578=CARTESIAN_POINT('Ctrl Pts',(140.48218177454,-90.2489454475384,4.69018890634494));
#8579=CARTESIAN_POINT('Ctrl Pts',(140.48218177454,-90.2489454475384,4.56));
#8580=CARTESIAN_POINT('Origin',(144.854130884145,-91.1769174015987,4.56));
#8581=CARTESIAN_POINT('',(144.837626932835,-90.1770536010782,4.56));
#8582=CARTESIAN_POINT('Origin',(157.880975575177,-90.248,3.56));
#8583=CARTESIAN_POINT('',(157.880975575177,-90.248,3.56));
#8584=CARTESIAN_POINT('',(157.880975575177,-90.248,3.56));
#8585=CARTESIAN_POINT('',(157.880975575177,-90.248,3.56));
#8586=CARTESIAN_POINT('Origin',(158.071805403379,-90.2514035489134,3.56));
#8587=CARTESIAN_POINT('',(158.071805403379,-90.2514035489134,3.56));
#8588=CARTESIAN_POINT('',(158.071805403379,-90.2514035489134,3.56));
#8589=CARTESIAN_POINT('',(158.071805403379,-90.2514035489134,3.56));
#8590=CARTESIAN_POINT('Origin',(157.86760110099,-93.747998899,3.56));
#8591=CARTESIAN_POINT('',(161.364196451082,-93.5437945967036,3.56));
#8592=CARTESIAN_POINT('',(161.364196451082,-93.5437945967036,3.56));
#8593=CARTESIAN_POINT('Origin',(157.86760110099,-93.747998899,3.56));
#8594=CARTESIAN_POINT('Origin',(161.3676,-93.734624424797,3.56));
#8595=CARTESIAN_POINT('',(161.3676,-93.734624424797,3.56));
#8596=CARTESIAN_POINT('Origin',(161.364196451024,-119.81940540574,3.56));
#8597=CARTESIAN_POINT('',(161.364196451024,-119.81940540574,3.56));
#8598=CARTESIAN_POINT('',(161.364196451024,-119.81940540574,3.56));
#8599=CARTESIAN_POINT('',(161.364196451024,-119.81940540574,3.56));
#8600=CARTESIAN_POINT('Origin',(157.86760110099,-119.6152011009,3.56));
#8601=CARTESIAN_POINT('',(158.071805403298,-123.111796451082,3.56));
#8602=CARTESIAN_POINT('',(158.071805403298,-123.111796451082,3.56));
#8603=CARTESIAN_POINT('Origin',(157.86760110099,-119.6152011009,3.56));
#8604=CARTESIAN_POINT('Origin',(157.880975575204,-123.1152,3.56));
#8605=CARTESIAN_POINT('',(157.880975575204,-123.1152,3.56));
#8606=CARTESIAN_POINT('',(157.880975575204,-123.1152,3.56));
#8607=CARTESIAN_POINT('',(157.880975575204,-123.1152,3.56));
#8608=CARTESIAN_POINT('Origin',(140.670624424303,-123.1152,3.56));
#8609=CARTESIAN_POINT('',(140.670624424303,-123.1152,3.56));
#8610=CARTESIAN_POINT('',(140.670624424303,-123.1152,3.56));
#8611=CARTESIAN_POINT('',(140.670624424303,-123.1152,3.56));
#8612=CARTESIAN_POINT('Origin',(140.479794596114,-123.111796450955,3.56));
#8613=CARTESIAN_POINT('',(140.479794596114,-123.111796450955,3.56));
#8614=CARTESIAN_POINT('',(140.479794596114,-123.111796450955,3.56));
#8615=CARTESIAN_POINT('',(140.479794596114,-123.111796450955,3.56));
#8616=CARTESIAN_POINT('Origin',(140.683998899,-119.6152011009,3.56));
#8617=CARTESIAN_POINT('',(137.187403548919,-119.819405403329,3.56));
#8618=CARTESIAN_POINT('',(137.187403548919,-119.819405403329,3.56));
#8619=CARTESIAN_POINT('Origin',(140.683998899,-119.6152011009,3.56));
#8620=CARTESIAN_POINT('Origin',(137.184,-119.628575575203,3.56));
#8621=CARTESIAN_POINT('',(137.184,-119.628575575203,3.56));
#8622=CARTESIAN_POINT('Origin',(137.18724711768,-93.5422251976789,3.56));
#8623=CARTESIAN_POINT('',(137.18724711768,-93.5422251976789,3.56));
#8624=CARTESIAN_POINT('',(137.18724711768,-93.5422251976789,3.56));
#8625=CARTESIAN_POINT('',(137.18724711768,-93.5422251976789,3.56));
#8626=CARTESIAN_POINT('Origin',(140.6840022631,-93.74580242562,3.56));
#8627=CARTESIAN_POINT('',(140.48218177454,-90.2489454475384,3.56));
#8628=CARTESIAN_POINT('',(140.48218177454,-90.2489454475384,3.56));
#8629=CARTESIAN_POINT('Origin',(140.6840022631,-93.74580242562,3.56));
#8630=CARTESIAN_POINT('Origin',(140.672997681316,-90.2457958021236,3.56));
#8631=CARTESIAN_POINT('',(140.672997681316,-90.2457958021236,3.56));
#8632=CARTESIAN_POINT('',(140.672997681316,-90.2457958021236,3.56));
#8633=CARTESIAN_POINT('',(140.672997681316,-90.2457958021236,3.56));
#8634=CARTESIAN_POINT('Origin',(145.07537558345,-90.248,3.56));
#8635=CARTESIAN_POINT('',(145.07537558345,-90.248,3.56));
#8636=CARTESIAN_POINT('',(145.07537558345,-90.248,3.56));
#8637=CARTESIAN_POINT('',(145.07537558345,-90.248,3.56));
#8638=CARTESIAN_POINT('Origin',(145.145,-90.248,3.56));
#8639=CARTESIAN_POINT('',(145.145,-90.248,3.56));
#8640=CARTESIAN_POINT('',(145.145,-90.248,3.56));
#8641=CARTESIAN_POINT('',(145.145,-90.248,3.56));
#8642=CARTESIAN_POINT('Origin',(145.145,-92.248,3.56));
#8643=CARTESIAN_POINT('',(145.145,-92.248,3.56));
#8644=CARTESIAN_POINT('Origin',(149.2758,-106.680497901062,3.56));
#8645=CARTESIAN_POINT('',(0.,0.,0.));
#8646=UNCERTAINTY_MEASURE_WITH_UNIT(LENGTH_MEASURE(0.01),#8652,
'DISTANCE_ACCURACY_VALUE',
'Maximum model space distance between geometric entities at asserted c
onnectivities');
#8647=UNCERTAINTY_MEASURE_WITH_UNIT(LENGTH_MEASURE(0.01),#8652,
'DISTANCE_ACCURACY_VALUE',
'Maximum model space distance between geometric entities at asserted c
onnectivities');
#8648=UNCERTAINTY_MEASURE_WITH_UNIT(LENGTH_MEASURE(0.01),#8652,
'DISTANCE_ACCURACY_VALUE',
'Maximum model space distance between geometric entities at asserted c
onnectivities');
#8649=(
GEOMETRIC_REPRESENTATION_CONTEXT(3)
GLOBAL_UNCERTAINTY_ASSIGNED_CONTEXT((#8646))
GLOBAL_UNIT_ASSIGNED_CONTEXT((#8652,#8654,#8655))
REPRESENTATION_CONTEXT('','3D')
);
#8650=(
GEOMETRIC_REPRESENTATION_CONTEXT(3)
GLOBAL_UNCERTAINTY_ASSIGNED_CONTEXT((#8647))
GLOBAL_UNIT_ASSIGNED_CONTEXT((#8652,#8654,#8655))
REPRESENTATION_CONTEXT('','3D')
);
#8651=(
GEOMETRIC_REPRESENTATION_CONTEXT(3)
GLOBAL_UNCERTAINTY_ASSIGNED_CONTEXT((#8648))
GLOBAL_UNIT_ASSIGNED_CONTEXT((#8652,#8654,#8655))
REPRESENTATION_CONTEXT('','3D')
);
#8652=(
LENGTH_UNIT()
NAMED_UNIT(*)
SI_UNIT(.MILLI.,.METRE.)
);
#8653=(
LENGTH_UNIT()
NAMED_UNIT(*)
SI_UNIT($,.METRE.)
);
#8654=(
NAMED_UNIT(*)
PLANE_ANGLE_UNIT()
SI_UNIT($,.RADIAN.)
);
#8655=(
NAMED_UNIT(*)
SI_UNIT($,.STERADIAN.)
SOLID_ANGLE_UNIT()
);
#8656=SHAPE_DEFINITION_REPRESENTATION(#8658,#8661);
#8657=SHAPE_DEFINITION_REPRESENTATION(#8659,#8662);
#8658=PRODUCT_DEFINITION_SHAPE('',$,#8664);
#8659=PRODUCT_DEFINITION_SHAPE('',$,#8665);
#8660=PRODUCT_DEFINITION_SHAPE($,$,#14);
#8661=SHAPE_REPRESENTATION('',(#4370,#4615),#8649);
#8662=SHAPE_REPRESENTATION('',(#4371),#8650);
#8663=PRODUCT_DEFINITION_CONTEXT('part definition',#8671,'design');
#8664=PRODUCT_DEFINITION('Cmote 1','Cmote',#8666,#8663);
#8665=PRODUCT_DEFINITION('2026-08-27-10-31-04-865','case',#8667,#8663);
#8666=PRODUCT_DEFINITION_FORMATION('',$,#8673);
#8667=PRODUCT_DEFINITION_FORMATION('',$,#8674);
#8668=PRODUCT_RELATED_PRODUCT_CATEGORY('Cmote','Cmote',(#8673));
#8669=PRODUCT_RELATED_PRODUCT_CATEGORY('case','case',(#8674));
#8670=APPLICATION_PROTOCOL_DEFINITION('international standard',
'automotive_design',2009,#8671);
#8671=APPLICATION_CONTEXT(
'Core Data for Automotive Mechanical Design Process');
#8672=PRODUCT_CONTEXT('part definition',#8671,'mechanical');
#8673=PRODUCT('Cmote 1','Cmote','KiCad electronic assembly',(#8672));
#8674=PRODUCT('2026-08-27-10-31-04-865','case',$,(#8672));
#8675=PRESENTATION_STYLE_ASSIGNMENT((#8676));
#8676=SURFACE_STYLE_USAGE(.BOTH.,#8677);
#8677=SURFACE_SIDE_STYLE('',(#8678));
#8678=SURFACE_STYLE_FILL_AREA(#8679);
#8679=FILL_AREA_STYLE('Steel - Satin',(#8680));
#8680=FILL_AREA_STYLE_COLOUR('Steel - Satin',#8681);
#8681=COLOUR_RGB('Steel - Satin',0.627450980392157,0.627450980392157,0.627450980392157);
ENDSEC;
END-ISO-10303-21;
