ISO-10303-21;
HEADER;
/* Generated by software containing ST-Developer
 * from STEP Tools, Inc. (www.steptools.com) 
 */

FILE_DESCRIPTION(
/* description */ ('KiCad electronic assembly'),
/* implementation_level */ '2;1');

FILE_NAME(
/* name */ 'Cmote_body.step',
/* time_stamp */ '2026-08-28T11:31:08+05:30',
/* author */ (''),
/* organization */ (''),
/* preprocessor_version */ 'ST-DEVELOPER v20.1',
/* originating_system */ 'Autodesk Translation Framework v15.8.0.0',
/* authorisation */ '');

FILE_SCHEMA (('AUTOMOTIVE_DESIGN { 1 0 10303 214 3 1 1 }'));
ENDSEC;

DATA;
#10=MECHANICAL_DESIGN_GEOMETRIC_PRESENTATION_REPRESENTATION('',(#17),#4269);
#11=ITEM_DEFINED_TRANSFORMATION($,$,#2407,#2625);
#12=(
REPRESENTATION_RELATIONSHIP($,$,#4280,#4279)
REPRESENTATION_RELATIONSHIP_WITH_TRANSFORMATION(#11)
SHAPE_REPRESENTATION_RELATIONSHIP()
);
#13=CONTEXT_DEPENDENT_SHAPE_REPRESENTATION(#12,#4278);
#14=NEXT_ASSEMBLY_USAGE_OCCURRENCE('case:1','case:1','case:1',#4282,#4283,
'case:1');
#15=SHAPE_REPRESENTATION_RELATIONSHIP('SRR','None',#4280,#16);
#16=ADVANCED_BREP_SHAPE_REPRESENTATION('',(#18),#4268);
#17=STYLED_ITEM('',(#4293),#18);
#18=MANIFOLD_SOLID_BREP('Body1',#2393);
#19=FACE_BOUND('',#335,.T.);
#20=FACE_BOUND('',#336,.T.);
#21=FACE_BOUND('',#338,.T.);
#22=FACE_BOUND('',#339,.T.);
#23=ELLIPSE('',#2527,1.00003975610129,1.);
#24=ELLIPSE('',#2533,1.00003975610422,1.);
#25=ELLIPSE('',#2535,1.00003975610129,1.);
#26=ELLIPSE('',#2541,1.00003975610166,1.);
#27=ELLIPSE('',#2543,1.00003975610129,1.);
#28=ELLIPSE('',#2549,1.00003975610113,1.);
#29=TOROIDAL_SURFACE('',#2523,2.50267615328063,1.);
#30=TOROIDAL_SURFACE('',#2529,2.50255313155151,1.);
#31=TOROIDAL_SURFACE('',#2537,2.50255313164488,1.);
#32=TOROIDAL_SURFACE('',#2545,2.50255313155436,1.);
#33=B_SPLINE_CURVE_WITH_KNOTS('',3,(#3738,#3739,#3740,#3741,#3742,#3743,
#3744,#3745,#3746,#3747,#3748,#3749,#3750,#3751,#3752,#3753,#3754,#3755,
#3756,#3757,#3758,#3759,#3760,#3761,#3762,#3763,#3764,#3765,#3766,#3767,
#3768,#3769,#3770,#3771,#3772,#3773,#3774),.UNSPECIFIED.,.F.,.F.,(4,3,3,
3,3,3,3,3,3,3,3,3,4),(0.,0.13302015021683,0.266035100584432,0.399045311460837,
0.532051243030727,0.665095418664661,0.798126144757679,0.931145265196324,
1.06415462215307,1.19719608362797,1.33021319392006,1.46324942653155,1.57081933686717),
 .UNSPECIFIED.);
#34=B_SPLINE_CURVE_WITH_KNOTS('',3,(#3778,#3779,#3780,#3781,#3782,#3783,
#3784,#3785,#3786,#3787,#3788,#3789),.UNSPECIFIED.,.F.,.F.,(4,2,2,2,2,4),
(-0.157589518499363,-0.156274478237765,-0.117186536629388,-0.0781173136975358,
-0.0390566719034885,0.),.UNSPECIFIED.);
#35=B_SPLINE_CURVE_WITH_KNOTS('',3,(#3795,#3796,#3797,#3798,#3799,#3800,
#3801,#3802,#3803,#3804,#3805,#3806),.UNSPECIFIED.,.F.,.F.,(4,2,2,2,2,4),
(-0.00131518337311833,0.,0.0390882850222015,0.0781579879730768,0.117219113175439,
0.156276270054932),.UNSPECIFIED.);
#36=B_SPLINE_CURVE_WITH_KNOTS('',3,(#3810,#3811,#3812,#3813,#3814,#3815,
#3816,#3817,#3818,#3819,#3820,#3821,#3822,#3823,#3824,#3825,#3826,#3827,
#3828,#3829,#3830,#3831,#3832,#3833,#3834,#3835,#3836,#3837,#3838,#3839,
#3840,#3841,#3842,#3843,#3844,#3845,#3846),.UNSPECIFIED.,.F.,.F.,(4,3,3,
3,3,3,3,3,3,3,3,3,4),(0.,0.133020152527637,0.266035105205959,0.399045318393005,
0.532051252273474,0.66509543021864,0.798126158622659,0.931145281372097,
1.06415464063949,1.19719610442558,1.33021321702844,1.46324945195102,1.57081936415527),
 .UNSPECIFIED.);
#37=B_SPLINE_CURVE_WITH_KNOTS('',3,(#3854,#3855,#3856,#3857,#3858,#3859,
#3860,#3861,#3862,#3863,#3864,#3865),.UNSPECIFIED.,.F.,.F.,(4,2,2,2,2,4),
(-0.157588820011946,-0.156263869049763,-0.117186748396102,-0.0781176740285723,
-0.0390569138195063,0.),.UNSPECIFIED.);
#38=B_SPLINE_CURVE_WITH_KNOTS('',3,(#3871,#3872,#3873,#3874,#3875,#3876,
#3877,#3878,#3879,#3880,#3881,#3882),.UNSPECIFIED.,.F.,.F.,(4,2,2,2,2,4),
(-0.0013249668107579,0.,0.0390775878308475,0.0781471292879977,0.117208356487471,
0.156265737251518),.UNSPECIFIED.);
#39=B_SPLINE_CURVE_WITH_KNOTS('',3,(#3900,#3901,#3902,#3903,#3904,#3905,
#3906,#3907,#3908,#3909,#3910,#3911),.UNSPECIFIED.,.F.,.F.,(4,2,2,2,2,4),
(-0.157588820010341,-0.156263869047827,-0.1171867483961,-0.0781176740285836,
-0.0390569138195164,0.),.UNSPECIFIED.);
#40=B_SPLINE_CURVE_WITH_KNOTS('',3,(#3918,#3919,#3920,#3921,#3922,#3923,
#3924,#3925,#3926,#3927,#3928,#3929),.UNSPECIFIED.,.F.,.F.,(4,2,2,2,2,4),
(-0.00132496679320581,0.,0.0390775878543549,0.0781471293168542,0.117208356521284,
0.156265737290071),.UNSPECIFIED.);
#41=B_SPLINE_CURVE_WITH_KNOTS('',3,(#3944,#3945,#3946,#3947,#3948,#3949,
#3950,#3951,#3952,#3953,#3954,#3955),.UNSPECIFIED.,.F.,.F.,(4,2,2,2,2,4),
(-0.157588820010067,-0.156263869047481,-0.117186748396149,-0.0781176740286021,
-0.039056913819522,0.),.UNSPECIFIED.);
#42=B_SPLINE_CURVE_WITH_KNOTS('',3,(#3961,#3962,#3963,#3964,#3965,#3966,
#3967,#3968,#3969,#3970,#3971,#3972),.UNSPECIFIED.,.F.,.F.,(4,2,2,2,2,4),
(-0.00132496680229253,0.,0.0390775878431532,0.0781471293039494,0.117208356506869,
0.156265737274245),.UNSPECIFIED.);
#43=B_SPLINE_CURVE_WITH_KNOTS('',3,(#3991,#3992,#3993,#3994,#3995,#3996,
#3997,#3998,#3999,#4000,#4001,#4002,#4003,#4004,#4005,#4006,#4007,#4008,
#4009,#4010,#4011,#4012,#4013,#4014,#4015,#4016,#4017,#4018,#4019,#4020,
#4021,#4022,#4023,#4024,#4025,#4026,#4027),.UNSPECIFIED.,.F.,.F.,(4,3,3,
3,3,3,3,3,3,3,3,3,4),(0.,0.13301820336679,0.266031206960459,0.399039471132301,
0.532043456060291,0.665085684492568,0.798114463580777,0.931131637184448,
1.06413904744914,1.19717856176211,1.33019372524867,1.46322801077475,1.57079634674369),
 .UNSPECIFIED.);
#44=(
BOUNDED_SURFACE()
B_SPLINE_SURFACE(2,2,((#3405,#3406,#3407),(#3408,#3409,#3410),(#3411,#3412,
#3413)),.UNSPECIFIED.,.F.,.F.,.F.)
B_SPLINE_SURFACE_WITH_KNOTS((3,3),(3,3),(-1.57079632679492,0.),(0.,1.5707963267949),
 .UNSPECIFIED.)
GEOMETRIC_REPRESENTATION_ITEM()
RATIONAL_B_SPLINE_SURFACE(((1.,0.707106781186548,1.),(0.707106781186565,
0.500000000000012,0.707106781186565),(1.,0.707106781186548,1.)))
REPRESENTATION_ITEM('')
SURFACE()
);
#45=(
BOUNDED_SURFACE()
B_SPLINE_SURFACE(2,2,((#3428,#3429,#3430),(#3431,#3432,#3433),(#3434,#3435,
#3436)),.UNSPECIFIED.,.F.,.F.,.F.)
B_SPLINE_SURFACE_WITH_KNOTS((3,3),(3,3),(-1.57079632679492,0.),(1.5707963267949,
3.14159265358979),.UNSPECIFIED.)
GEOMETRIC_REPRESENTATION_ITEM()
RATIONAL_B_SPLINE_SURFACE(((1.,0.707106781186548,1.),(0.707106781186565,
0.500000000000012,0.707106781186565),(1.,0.707106781186548,1.)))
REPRESENTATION_ITEM('')
SURFACE()
);
#46=(
BOUNDED_SURFACE()
B_SPLINE_SURFACE(2,2,((#3444,#3445,#3446),(#3447,#3448,#3449),(#3450,#3451,
#3452)),.UNSPECIFIED.,.F.,.F.,.F.)
B_SPLINE_SURFACE_WITH_KNOTS((3,3),(3,3),(-1.57079632679492,0.),(0.,1.5707963267949),
 .UNSPECIFIED.)
GEOMETRIC_REPRESENTATION_ITEM()
RATIONAL_B_SPLINE_SURFACE(((1.,0.707106781186548,1.),(0.707106781186565,
0.500000000000012,0.707106781186565),(1.,0.707106781186548,1.)))
REPRESENTATION_ITEM('')
SURFACE()
);
#47=(
BOUNDED_SURFACE()
B_SPLINE_SURFACE(2,2,((#3467,#3468,#3469),(#3470,#3471,#3472),(#3473,#3474,
#3475)),.UNSPECIFIED.,.F.,.F.,.F.)
B_SPLINE_SURFACE_WITH_KNOTS((3,3),(3,3),(-1.57079632679492,0.),(1.5707963267949,
3.14159265358979),.UNSPECIFIED.)
GEOMETRIC_REPRESENTATION_ITEM()
RATIONAL_B_SPLINE_SURFACE(((1.,0.707106781186548,1.),(0.707106781186565,
0.500000000000012,0.707106781186565),(1.,0.707106781186548,1.)))
REPRESENTATION_ITEM('')
SURFACE()
);
#48=(
BOUNDED_SURFACE()
B_SPLINE_SURFACE(2,2,((#3530,#3531,#3532),(#3533,#3534,#3535),(#3536,#3537,
#3538)),.UNSPECIFIED.,.F.,.F.,.F.)
B_SPLINE_SURFACE_WITH_KNOTS((3,3),(3,3),(-1.57079632679492,0.),(-3.14159265358979,
-1.5707963267949),.UNSPECIFIED.)
GEOMETRIC_REPRESENTATION_ITEM()
RATIONAL_B_SPLINE_SURFACE(((1.,0.707106781186548,1.),(0.707106781186566,
0.500000000000013,0.707106781186566),(1.,0.707106781186548,1.)))
REPRESENTATION_ITEM('')
SURFACE()
);
#49=(
BOUNDED_SURFACE()
B_SPLINE_SURFACE(2,2,((#3553,#3554,#3555),(#3556,#3557,#3558),(#3559,#3560,
#3561)),.UNSPECIFIED.,.F.,.F.,.F.)
B_SPLINE_SURFACE_WITH_KNOTS((3,3),(3,3),(-1.57079632679492,0.),(-1.5707963267949,
7.10542735760098E-14),.UNSPECIFIED.)
GEOMETRIC_REPRESENTATION_ITEM()
RATIONAL_B_SPLINE_SURFACE(((1.,0.707106781186522,1.),(0.707106781186565,
0.499999999999995,0.707106781186565),(1.,0.707106781186522,1.)))
REPRESENTATION_ITEM('')
SURFACE()
);
#50=(
BOUNDED_SURFACE()
B_SPLINE_SURFACE(2,2,((#3569,#3570,#3571),(#3572,#3573,#3574),(#3575,#3576,
#3577)),.UNSPECIFIED.,.F.,.F.,.F.)
B_SPLINE_SURFACE_WITH_KNOTS((3,3),(3,3),(-1.57079632679492,0.),(-3.14159265358979,
-1.5707963267949),.UNSPECIFIED.)
GEOMETRIC_REPRESENTATION_ITEM()
RATIONAL_B_SPLINE_SURFACE(((1.,0.707106781186548,1.),(0.707106781186566,
0.500000000000013,0.707106781186566),(1.,0.707106781186548,1.)))
REPRESENTATION_ITEM('')
SURFACE()
);
#51=(
BOUNDED_SURFACE()
B_SPLINE_SURFACE(2,2,((#3592,#3593,#3594),(#3595,#3596,#3597),(#3598,#3599,
#3600)),.UNSPECIFIED.,.F.,.F.,.F.)
B_SPLINE_SURFACE_WITH_KNOTS((3,3),(3,3),(-1.5707963267949,0.),(-1.5707963267949,
0.),.UNSPECIFIED.)
GEOMETRIC_REPRESENTATION_ITEM()
RATIONAL_B_SPLINE_SURFACE(((1.,0.707106781186548,1.),(0.707106781186596,
0.500000000000034,0.707106781186596),(1.,0.707106781186548,1.)))
REPRESENTATION_ITEM('')
SURFACE()
);
#52=PLANE('',#2411);
#53=PLANE('',#2415);
#54=PLANE('',#2419);
#55=PLANE('',#2423);
#56=PLANE('',#2424);
#57=PLANE('',#2428);
#58=PLANE('',#2432);
#59=PLANE('',#2436);
#60=PLANE('',#2449);
#61=PLANE('',#2459);
#62=PLANE('',#2462);
#63=PLANE('',#2464);
#64=PLANE('',#2467);
#65=PLANE('',#2471);
#66=PLANE('',#2472);
#67=PLANE('',#2473);
#68=PLANE('',#2474);
#69=PLANE('',#2484);
#70=PLANE('',#2494);
#71=PLANE('',#2497);
#72=PLANE('',#2501);
#73=PLANE('',#2503);
#74=PLANE('',#2514);
#75=PLANE('',#2515);
#76=PLANE('',#2516);
#77=PLANE('',#2517);
#78=PLANE('',#2518);
#79=PLANE('',#2556);
#80=PLANE('',#2558);
#81=PLANE('',#2559);
#82=PLANE('',#2560);
#83=PLANE('',#2561);
#84=PLANE('',#2562);
#85=PLANE('',#2567);
#86=PLANE('',#2568);
#87=PLANE('',#2569);
#88=PLANE('',#2572);
#89=PLANE('',#2573);
#90=PLANE('',#2574);
#91=PLANE('',#2577);
#92=PLANE('',#2578);
#93=PLANE('',#2579);
#94=PLANE('',#2582);
#95=PLANE('',#2583);
#96=PLANE('',#2584);
#97=PLANE('',#2587);
#98=PLANE('',#2588);
#99=PLANE('',#2589);
#100=PLANE('',#2590);
#101=PLANE('',#2592);
#102=PLANE('',#2593);
#103=PLANE('',#2595);
#104=PLANE('',#2596);
#105=PLANE('',#2597);
#106=PLANE('',#2599);
#107=PLANE('',#2600);
#108=PLANE('',#2601);
#109=PLANE('',#2602);
#110=PLANE('',#2603);
#111=PLANE('',#2606);
#112=PLANE('',#2607);
#113=PLANE('',#2608);
#114=PLANE('',#2611);
#115=PLANE('',#2612);
#116=PLANE('',#2613);
#117=PLANE('',#2616);
#118=PLANE('',#2617);
#119=PLANE('',#2618);
#120=PLANE('',#2621);
#121=PLANE('',#2622);
#122=PLANE('',#2623);
#123=PLANE('',#2624);
#124=FACE_OUTER_BOUND('',#255,.T.);
#125=FACE_OUTER_BOUND('',#256,.T.);
#126=FACE_OUTER_BOUND('',#257,.T.);
#127=FACE_OUTER_BOUND('',#258,.T.);
#128=FACE_OUTER_BOUND('',#259,.T.);
#129=FACE_OUTER_BOUND('',#260,.T.);
#130=FACE_OUTER_BOUND('',#261,.T.);
#131=FACE_OUTER_BOUND('',#262,.T.);
#132=FACE_OUTER_BOUND('',#263,.T.);
#133=FACE_OUTER_BOUND('',#264,.T.);
#134=FACE_OUTER_BOUND('',#265,.T.);
#135=FACE_OUTER_BOUND('',#266,.T.);
#136=FACE_OUTER_BOUND('',#267,.T.);
#137=FACE_OUTER_BOUND('',#268,.T.);
#138=FACE_OUTER_BOUND('',#269,.T.);
#139=FACE_OUTER_BOUND('',#270,.T.);
#140=FACE_OUTER_BOUND('',#271,.T.);
#141=FACE_OUTER_BOUND('',#272,.T.);
#142=FACE_OUTER_BOUND('',#273,.T.);
#143=FACE_OUTER_BOUND('',#274,.T.);
#144=FACE_OUTER_BOUND('',#275,.T.);
#145=FACE_OUTER_BOUND('',#276,.T.);
#146=FACE_OUTER_BOUND('',#277,.T.);
#147=FACE_OUTER_BOUND('',#278,.T.);
#148=FACE_OUTER_BOUND('',#279,.T.);
#149=FACE_OUTER_BOUND('',#280,.T.);
#150=FACE_OUTER_BOUND('',#281,.T.);
#151=FACE_OUTER_BOUND('',#282,.T.);
#152=FACE_OUTER_BOUND('',#283,.T.);
#153=FACE_OUTER_BOUND('',#284,.T.);
#154=FACE_OUTER_BOUND('',#285,.T.);
#155=FACE_OUTER_BOUND('',#286,.T.);
#156=FACE_OUTER_BOUND('',#287,.T.);
#157=FACE_OUTER_BOUND('',#288,.T.);
#158=FACE_OUTER_BOUND('',#289,.T.);
#159=FACE_OUTER_BOUND('',#290,.T.);
#160=FACE_OUTER_BOUND('',#291,.T.);
#161=FACE_OUTER_BOUND('',#292,.T.);
#162=FACE_OUTER_BOUND('',#293,.T.);
#163=FACE_OUTER_BOUND('',#294,.T.);
#164=FACE_OUTER_BOUND('',#295,.T.);
#165=FACE_OUTER_BOUND('',#296,.T.);
#166=FACE_OUTER_BOUND('',#297,.T.);
#167=FACE_OUTER_BOUND('',#298,.T.);
#168=FACE_OUTER_BOUND('',#299,.T.);
#169=FACE_OUTER_BOUND('',#300,.T.);
#170=FACE_OUTER_BOUND('',#301,.T.);
#171=FACE_OUTER_BOUND('',#302,.T.);
#172=FACE_OUTER_BOUND('',#303,.T.);
#173=FACE_OUTER_BOUND('',#304,.T.);
#174=FACE_OUTER_BOUND('',#305,.T.);
#175=FACE_OUTER_BOUND('',#306,.T.);
#176=FACE_OUTER_BOUND('',#307,.T.);
#177=FACE_OUTER_BOUND('',#308,.T.);
#178=FACE_OUTER_BOUND('',#309,.T.);
#179=FACE_OUTER_BOUND('',#310,.T.);
#180=FACE_OUTER_BOUND('',#311,.T.);
#181=FACE_OUTER_BOUND('',#312,.T.);
#182=FACE_OUTER_BOUND('',#313,.T.);
#183=FACE_OUTER_BOUND('',#314,.T.);
#184=FACE_OUTER_BOUND('',#315,.T.);
#185=FACE_OUTER_BOUND('',#316,.T.);
#186=FACE_OUTER_BOUND('',#317,.T.);
#187=FACE_OUTER_BOUND('',#318,.T.);
#188=FACE_OUTER_BOUND('',#319,.T.);
#189=FACE_OUTER_BOUND('',#320,.T.);
#190=FACE_OUTER_BOUND('',#321,.T.);
#191=FACE_OUTER_BOUND('',#322,.T.);
#192=FACE_OUTER_BOUND('',#323,.T.);
#193=FACE_OUTER_BOUND('',#324,.T.);
#194=FACE_OUTER_BOUND('',#325,.T.);
#195=FACE_OUTER_BOUND('',#326,.T.);
#196=FACE_OUTER_BOUND('',#327,.T.);
#197=FACE_OUTER_BOUND('',#328,.T.);
#198=FACE_OUTER_BOUND('',#329,.T.);
#199=FACE_OUTER_BOUND('',#330,.T.);
#200=FACE_OUTER_BOUND('',#331,.T.);
#201=FACE_OUTER_BOUND('',#332,.T.);
#202=FACE_OUTER_BOUND('',#333,.T.);
#203=FACE_OUTER_BOUND('',#334,.T.);
#204=FACE_OUTER_BOUND('',#337,.T.);
#205=FACE_OUTER_BOUND('',#340,.T.);
#206=FACE_OUTER_BOUND('',#341,.T.);
#207=FACE_OUTER_BOUND('',#342,.T.);
#208=FACE_OUTER_BOUND('',#343,.T.);
#209=FACE_OUTER_BOUND('',#344,.T.);
#210=FACE_OUTER_BOUND('',#345,.T.);
#211=FACE_OUTER_BOUND('',#346,.T.);
#212=FACE_OUTER_BOUND('',#347,.T.);
#213=FACE_OUTER_BOUND('',#348,.T.);
#214=FACE_OUTER_BOUND('',#349,.T.);
#215=FACE_OUTER_BOUND('',#350,.T.);
#216=FACE_OUTER_BOUND('',#351,.T.);
#217=FACE_OUTER_BOUND('',#352,.T.);
#218=FACE_OUTER_BOUND('',#353,.T.);
#219=FACE_OUTER_BOUND('',#354,.T.);
#220=FACE_OUTER_BOUND('',#355,.T.);
#221=FACE_OUTER_BOUND('',#356,.T.);
#222=FACE_OUTER_BOUND('',#357,.T.);
#223=FACE_OUTER_BOUND('',#358,.T.);
#224=FACE_OUTER_BOUND('',#359,.T.);
#225=FACE_OUTER_BOUND('',#360,.T.);
#226=FACE_OUTER_BOUND('',#361,.T.);
#227=FACE_OUTER_BOUND('',#362,.T.);
#228=FACE_OUTER_BOUND('',#363,.T.);
#229=FACE_OUTER_BOUND('',#364,.T.);
#230=FACE_OUTER_BOUND('',#365,.T.);
#231=FACE_OUTER_BOUND('',#366,.T.);
#232=FACE_OUTER_BOUND('',#367,.T.);
#233=FACE_OUTER_BOUND('',#368,.T.);
#234=FACE_OUTER_BOUND('',#369,.T.);
#235=FACE_OUTER_BOUND('',#370,.T.);
#236=FACE_OUTER_BOUND('',#371,.T.);
#237=FACE_OUTER_BOUND('',#372,.T.);
#238=FACE_OUTER_BOUND('',#373,.T.);
#239=FACE_OUTER_BOUND('',#374,.T.);
#240=FACE_OUTER_BOUND('',#375,.T.);
#241=FACE_OUTER_BOUND('',#376,.T.);
#242=FACE_OUTER_BOUND('',#377,.T.);
#243=FACE_OUTER_BOUND('',#378,.T.);
#244=FACE_OUTER_BOUND('',#379,.T.);
#245=FACE_OUTER_BOUND('',#380,.T.);
#246=FACE_OUTER_BOUND('',#381,.T.);
#247=FACE_OUTER_BOUND('',#382,.T.);
#248=FACE_OUTER_BOUND('',#383,.T.);
#249=FACE_OUTER_BOUND('',#384,.T.);
#250=FACE_OUTER_BOUND('',#385,.T.);
#251=FACE_OUTER_BOUND('',#386,.T.);
#252=FACE_OUTER_BOUND('',#387,.T.);
#253=FACE_OUTER_BOUND('',#388,.T.);
#254=FACE_OUTER_BOUND('',#389,.T.);
#255=EDGE_LOOP('',(#1523,#1524,#1525,#1526));
#256=EDGE_LOOP('',(#1527,#1528,#1529,#1530));
#257=EDGE_LOOP('',(#1531,#1532,#1533,#1534));
#258=EDGE_LOOP('',(#1535,#1536,#1537,#1538));
#259=EDGE_LOOP('',(#1539,#1540,#1541,#1542));
#260=EDGE_LOOP('',(#1543,#1544,#1545,#1546));
#261=EDGE_LOOP('',(#1547,#1548,#1549,#1550));
#262=EDGE_LOOP('',(#1551,#1552,#1553,#1554));
#263=EDGE_LOOP('',(#1555,#1556,#1557,#1558));
#264=EDGE_LOOP('',(#1559,#1560,#1561,#1562));
#265=EDGE_LOOP('',(#1563,#1564,#1565,#1566));
#266=EDGE_LOOP('',(#1567,#1568,#1569,#1570));
#267=EDGE_LOOP('',(#1571,#1572,#1573,#1574));
#268=EDGE_LOOP('',(#1575,#1576,#1577,#1578));
#269=EDGE_LOOP('',(#1579,#1580,#1581,#1582));
#270=EDGE_LOOP('',(#1583,#1584,#1585,#1586));
#271=EDGE_LOOP('',(#1587,#1588,#1589,#1590));
#272=EDGE_LOOP('',(#1591,#1592,#1593,#1594));
#273=EDGE_LOOP('',(#1595,#1596,#1597,#1598));
#274=EDGE_LOOP('',(#1599,#1600,#1601,#1602));
#275=EDGE_LOOP('',(#1603,#1604,#1605,#1606));
#276=EDGE_LOOP('',(#1607,#1608,#1609,#1610));
#277=EDGE_LOOP('',(#1611,#1612,#1613,#1614));
#278=EDGE_LOOP('',(#1615,#1616,#1617,#1618));
#279=EDGE_LOOP('',(#1619,#1620,#1621,#1622));
#280=EDGE_LOOP('',(#1623,#1624,#1625,#1626));
#281=EDGE_LOOP('',(#1627,#1628,#1629,#1630));
#282=EDGE_LOOP('',(#1631,#1632,#1633,#1634));
#283=EDGE_LOOP('',(#1635,#1636,#1637,#1638));
#284=EDGE_LOOP('',(#1639,#1640,#1641,#1642));
#285=EDGE_LOOP('',(#1643,#1644,#1645,#1646));
#286=EDGE_LOOP('',(#1647,#1648,#1649,#1650,#1651,#1652));
#287=EDGE_LOOP('',(#1653,#1654,#1655,#1656));
#288=EDGE_LOOP('',(#1657,#1658,#1659,#1660));
#289=EDGE_LOOP('',(#1661,#1662,#1663,#1664,#1665,#1666));
#290=EDGE_LOOP('',(#1667,#1668,#1669,#1670));
#291=EDGE_LOOP('',(#1671,#1672,#1673,#1674));
#292=EDGE_LOOP('',(#1675,#1676,#1677,#1678));
#293=EDGE_LOOP('',(#1679,#1680,#1681,#1682));
#294=EDGE_LOOP('',(#1683,#1684,#1685,#1686));
#295=EDGE_LOOP('',(#1687,#1688,#1689,#1690));
#296=EDGE_LOOP('',(#1691,#1692,#1693,#1694));
#297=EDGE_LOOP('',(#1695,#1696,#1697,#1698));
#298=EDGE_LOOP('',(#1699,#1700,#1701,#1702));
#299=EDGE_LOOP('',(#1703,#1704,#1705,#1706));
#300=EDGE_LOOP('',(#1707,#1708,#1709,#1710));
#301=EDGE_LOOP('',(#1711,#1712,#1713,#1714));
#302=EDGE_LOOP('',(#1715,#1716,#1717,#1718));
#303=EDGE_LOOP('',(#1719,#1720,#1721,#1722,#1723,#1724,#1725,#1726,#1727,
#1728,#1729,#1730,#1731,#1732,#1733,#1734,#1735,#1736,#1737,#1738,#1739,
#1740,#1741,#1742,#1743,#1744,#1745,#1746,#1747,#1748,#1749,#1750,#1751,
#1752,#1753,#1754,#1755,#1756,#1757,#1758,#1759,#1760,#1761,#1762,#1763,
#1764));
#304=EDGE_LOOP('',(#1765,#1766,#1767,#1768));
#305=EDGE_LOOP('',(#1769,#1770,#1771,#1772));
#306=EDGE_LOOP('',(#1773,#1774,#1775,#1776));
#307=EDGE_LOOP('',(#1777,#1778,#1779,#1780,#1781,#1782));
#308=EDGE_LOOP('',(#1783,#1784,#1785,#1786));
#309=EDGE_LOOP('',(#1787,#1788,#1789,#1790,#1791,#1792));
#310=EDGE_LOOP('',(#1793,#1794,#1795,#1796));
#311=EDGE_LOOP('',(#1797,#1798,#1799,#1800));
#312=EDGE_LOOP('',(#1801,#1802,#1803,#1804));
#313=EDGE_LOOP('',(#1805,#1806,#1807,#1808,#1809,#1810,#1811,#1812));
#314=EDGE_LOOP('',(#1813,#1814,#1815,#1816));
#315=EDGE_LOOP('',(#1817,#1818,#1819,#1820));
#316=EDGE_LOOP('',(#1821,#1822,#1823,#1824));
#317=EDGE_LOOP('',(#1825,#1826,#1827,#1828));
#318=EDGE_LOOP('',(#1829,#1830,#1831,#1832));
#319=EDGE_LOOP('',(#1833,#1834,#1835,#1836));
#320=EDGE_LOOP('',(#1837,#1838,#1839,#1840));
#321=EDGE_LOOP('',(#1841,#1842,#1843,#1844,#1845,#1846,#1847,#1848));
#322=EDGE_LOOP('',(#1849,#1850,#1851,#1852));
#323=EDGE_LOOP('',(#1853,#1854,#1855,#1856));
#324=EDGE_LOOP('',(#1857,#1858,#1859,#1860));
#325=EDGE_LOOP('',(#1861,#1862,#1863,#1864));
#326=EDGE_LOOP('',(#1865,#1866,#1867,#1868));
#327=EDGE_LOOP('',(#1869,#1870,#1871,#1872));
#328=EDGE_LOOP('',(#1873,#1874,#1875,#1876));
#329=EDGE_LOOP('',(#1877,#1878,#1879,#1880));
#330=EDGE_LOOP('',(#1881,#1882,#1883,#1884));
#331=EDGE_LOOP('',(#1885,#1886,#1887,#1888));
#332=EDGE_LOOP('',(#1889,#1890,#1891,#1892));
#333=EDGE_LOOP('',(#1893,#1894,#1895,#1896,#1897,#1898,#1899,#1900,#1901));
#334=EDGE_LOOP('',(#1902,#1903,#1904,#1905,#1906,#1907,#1908,#1909,#1910,
#1911,#1912,#1913,#1914,#1915,#1916,#1917,#1918,#1919,#1920,#1921,#1922));
#335=EDGE_LOOP('',(#1923,#1924,#1925,#1926,#1927,#1928,#1929,#1930));
#336=EDGE_LOOP('',(#1931,#1932,#1933,#1934,#1935,#1936,#1937,#1938));
#337=EDGE_LOOP('',(#1939,#1940,#1941,#1942,#1943,#1944,#1945,#1946,#1947,
#1948,#1949,#1950,#1951,#1952,#1953,#1954,#1955,#1956,#1957,#1958,#1959));
#338=EDGE_LOOP('',(#1960,#1961,#1962,#1963,#1964,#1965,#1966,#1967));
#339=EDGE_LOOP('',(#1968,#1969,#1970,#1971,#1972,#1973,#1974,#1975));
#340=EDGE_LOOP('',(#1976,#1977,#1978,#1979));
#341=EDGE_LOOP('',(#1980,#1981,#1982,#1983));
#342=EDGE_LOOP('',(#1984,#1985,#1986,#1987));
#343=EDGE_LOOP('',(#1988,#1989,#1990,#1991));
#344=EDGE_LOOP('',(#1992,#1993,#1994,#1995));
#345=EDGE_LOOP('',(#1996,#1997,#1998,#1999));
#346=EDGE_LOOP('',(#2000,#2001,#2002,#2003));
#347=EDGE_LOOP('',(#2004,#2005,#2006,#2007));
#348=EDGE_LOOP('',(#2008,#2009,#2010,#2011));
#349=EDGE_LOOP('',(#2012,#2013,#2014,#2015));
#350=EDGE_LOOP('',(#2016,#2017,#2018,#2019));
#351=EDGE_LOOP('',(#2020,#2021,#2022,#2023));
#352=EDGE_LOOP('',(#2024,#2025,#2026,#2027));
#353=EDGE_LOOP('',(#2028,#2029,#2030,#2031));
#354=EDGE_LOOP('',(#2032,#2033,#2034,#2035));
#355=EDGE_LOOP('',(#2036,#2037,#2038,#2039));
#356=EDGE_LOOP('',(#2040,#2041,#2042,#2043));
#357=EDGE_LOOP('',(#2044,#2045,#2046,#2047));
#358=EDGE_LOOP('',(#2048,#2049,#2050,#2051));
#359=EDGE_LOOP('',(#2052,#2053,#2054,#2055));
#360=EDGE_LOOP('',(#2056,#2057,#2058,#2059));
#361=EDGE_LOOP('',(#2060,#2061,#2062,#2063));
#362=EDGE_LOOP('',(#2064,#2065,#2066,#2067));
#363=EDGE_LOOP('',(#2068,#2069,#2070,#2071));
#364=EDGE_LOOP('',(#2072,#2073,#2074,#2075));
#365=EDGE_LOOP('',(#2076,#2077,#2078,#2079));
#366=EDGE_LOOP('',(#2080,#2081,#2082,#2083));
#367=EDGE_LOOP('',(#2084,#2085,#2086,#2087));
#368=EDGE_LOOP('',(#2088,#2089,#2090,#2091));
#369=EDGE_LOOP('',(#2092,#2093,#2094,#2095));
#370=EDGE_LOOP('',(#2096,#2097,#2098,#2099,#2100,#2101,#2102,#2103,#2104));
#371=EDGE_LOOP('',(#2105,#2106,#2107,#2108));
#372=EDGE_LOOP('',(#2109,#2110,#2111,#2112));
#373=EDGE_LOOP('',(#2113,#2114,#2115,#2116));
#374=EDGE_LOOP('',(#2117,#2118,#2119,#2120));
#375=EDGE_LOOP('',(#2121,#2122,#2123,#2124));
#376=EDGE_LOOP('',(#2125,#2126,#2127,#2128));
#377=EDGE_LOOP('',(#2129,#2130,#2131,#2132));
#378=EDGE_LOOP('',(#2133,#2134,#2135,#2136));
#379=EDGE_LOOP('',(#2137,#2138,#2139,#2140));
#380=EDGE_LOOP('',(#2141,#2142,#2143,#2144));
#381=EDGE_LOOP('',(#2145,#2146,#2147,#2148));
#382=EDGE_LOOP('',(#2149,#2150,#2151,#2152));
#383=EDGE_LOOP('',(#2153,#2154,#2155,#2156));
#384=EDGE_LOOP('',(#2157,#2158,#2159,#2160));
#385=EDGE_LOOP('',(#2161,#2162,#2163,#2164));
#386=EDGE_LOOP('',(#2165,#2166,#2167,#2168));
#387=EDGE_LOOP('',(#2169,#2170,#2171,#2172));
#388=EDGE_LOOP('',(#2173,#2174,#2175,#2176));
#389=EDGE_LOOP('',(#2177,#2178,#2179,#2180,#2181,#2182,#2183,#2184,#2185,
#2186,#2187,#2188,#2189,#2190,#2191,#2192,#2193,#2194,#2195,#2196,#2197,
#2198,#2199,#2200,#2201,#2202,#2203,#2204,#2205,#2206,#2207,#2208,#2209,
#2210,#2211,#2212,#2213,#2214));
#390=LINE('',#3314,#631);
#391=LINE('',#3317,#632);
#392=LINE('',#3320,#633);
#393=LINE('',#3322,#634);
#394=LINE('',#3323,#635);
#395=LINE('',#3329,#636);
#396=LINE('',#3332,#637);
#397=LINE('',#3334,#638);
#398=LINE('',#3335,#639);
#399=LINE('',#3341,#640);
#400=LINE('',#3344,#641);
#401=LINE('',#3347,#642);
#402=LINE('',#3349,#643);
#403=LINE('',#3350,#644);
#404=LINE('',#3355,#645);
#405=LINE('',#3359,#646);
#406=LINE('',#3361,#647);
#407=LINE('',#3362,#648);
#408=LINE('',#3365,#649);
#409=LINE('',#3367,#650);
#410=LINE('',#3368,#651);
#411=LINE('',#3374,#652);
#412=LINE('',#3377,#653);
#413=LINE('',#3379,#654);
#414=LINE('',#3380,#655);
#415=LINE('',#3386,#656);
#416=LINE('',#3388,#657);
#417=LINE('',#3389,#658);
#418=LINE('',#3395,#659);
#419=LINE('',#3398,#660);
#420=LINE('',#3400,#661);
#421=LINE('',#3401,#662);
#422=LINE('',#3426,#663);
#423=LINE('',#3427,#664);
#424=LINE('',#3443,#665);
#425=LINE('',#3465,#666);
#426=LINE('',#3466,#667);
#427=LINE('',#3482,#668);
#428=LINE('',#3485,#669);
#429=LINE('',#3488,#670);
#430=LINE('',#3491,#671);
#431=LINE('',#3494,#672);
#432=LINE('',#3496,#673);
#433=LINE('',#3499,#674);
#434=LINE('',#3502,#675);
#435=LINE('',#3505,#676);
#436=LINE('',#3506,#677);
#437=LINE('',#3508,#678);
#438=LINE('',#3512,#679);
#439=LINE('',#3515,#680);
#440=LINE('',#3517,#681);
#441=LINE('',#3518,#682);
#442=LINE('',#3520,#683);
#443=LINE('',#3521,#684);
#444=LINE('',#3522,#685);
#445=LINE('',#3526,#686);
#446=LINE('',#3528,#687);
#447=LINE('',#3529,#688);
#448=LINE('',#3551,#689);
#449=LINE('',#3552,#690);
#450=LINE('',#3568,#691);
#451=LINE('',#3590,#692);
#452=LINE('',#3591,#693);
#453=LINE('',#3607,#694);
#454=LINE('',#3610,#695);
#455=LINE('',#3613,#696);
#456=LINE('',#3616,#697);
#457=LINE('',#3619,#698);
#458=LINE('',#3622,#699);
#459=LINE('',#3625,#700);
#460=LINE('',#3628,#701);
#461=LINE('',#3629,#702);
#462=LINE('',#3631,#703);
#463=LINE('',#3632,#704);
#464=LINE('',#3635,#705);
#465=LINE('',#3639,#706);
#466=LINE('',#3641,#707);
#467=LINE('',#3643,#708);
#468=LINE('',#3645,#709);
#469=LINE('',#3647,#710);
#470=LINE('',#3651,#711);
#471=LINE('',#3653,#712);
#472=LINE('',#3655,#713);
#473=LINE('',#3659,#714);
#474=LINE('',#3661,#715);
#475=LINE('',#3663,#716);
#476=LINE('',#3667,#717);
#477=LINE('',#3669,#718);
#478=LINE('',#3671,#719);
#479=LINE('',#3675,#720);
#480=LINE('',#3677,#721);
#481=LINE('',#3679,#722);
#482=LINE('',#3681,#723);
#483=LINE('',#3683,#724);
#484=LINE('',#3685,#725);
#485=LINE('',#3687,#726);
#486=LINE('',#3691,#727);
#487=LINE('',#3692,#728);
#488=LINE('',#3694,#729);
#489=LINE('',#3695,#730);
#490=LINE('',#3697,#731);
#491=LINE('',#3699,#732);
#492=LINE('',#3703,#733);
#493=LINE('',#3705,#734);
#494=LINE('',#3707,#735);
#495=LINE('',#3710,#736);
#496=LINE('',#3715,#737);
#497=LINE('',#3716,#738);
#498=LINE('',#3719,#739);
#499=LINE('',#3720,#740);
#500=LINE('',#3724,#741);
#501=LINE('',#3725,#742);
#502=LINE('',#3731,#743);
#503=LINE('',#3734,#744);
#504=LINE('',#3776,#745);
#505=LINE('',#3790,#746);
#506=LINE('',#3848,#747);
#507=LINE('',#3852,#748);
#508=LINE('',#3866,#749);
#509=LINE('',#3886,#750);
#510=LINE('',#3889,#751);
#511=LINE('',#3892,#752);
#512=LINE('',#3895,#753);
#513=LINE('',#3898,#754);
#514=LINE('',#3912,#755);
#515=LINE('',#3931,#756);
#516=LINE('',#3933,#757);
#517=LINE('',#3937,#758);
#518=LINE('',#3941,#759);
#519=LINE('',#3943,#760);
#520=LINE('',#3975,#761);
#521=LINE('',#3977,#762);
#522=LINE('',#3980,#763);
#523=LINE('',#3981,#764);
#524=LINE('',#3984,#765);
#525=LINE('',#3987,#766);
#526=LINE('',#4028,#767);
#527=LINE('',#4029,#768);
#528=LINE('',#4032,#769);
#529=LINE('',#4035,#770);
#530=LINE('',#4037,#771);
#531=LINE('',#4039,#772);
#532=LINE('',#4041,#773);
#533=LINE('',#4043,#774);
#534=LINE('',#4045,#775);
#535=LINE('',#4047,#776);
#536=LINE('',#4049,#777);
#537=LINE('',#4051,#778);
#538=LINE('',#4052,#779);
#539=LINE('',#4054,#780);
#540=LINE('',#4057,#781);
#541=LINE('',#4059,#782);
#542=LINE('',#4061,#783);
#543=LINE('',#4063,#784);
#544=LINE('',#4067,#785);
#545=LINE('',#4069,#786);
#546=LINE('',#4071,#787);
#547=LINE('',#4075,#788);
#548=LINE('',#4077,#789);
#549=LINE('',#4079,#790);
#550=LINE('',#4083,#791);
#551=LINE('',#4085,#792);
#552=LINE('',#4087,#793);
#553=LINE('',#4091,#794);
#554=LINE('',#4092,#795);
#555=LINE('',#4096,#796);
#556=LINE('',#4097,#797);
#557=LINE('',#4098,#798);
#558=LINE('',#4101,#799);
#559=LINE('',#4102,#800);
#560=LINE('',#4105,#801);
#561=LINE('',#4106,#802);
#562=LINE('',#4110,#803);
#563=LINE('',#4113,#804);
#564=LINE('',#4114,#805);
#565=LINE('',#4117,#806);
#566=LINE('',#4118,#807);
#567=LINE('',#4121,#808);
#568=LINE('',#4122,#809);
#569=LINE('',#4126,#810);
#570=LINE('',#4129,#811);
#571=LINE('',#4130,#812);
#572=LINE('',#4133,#813);
#573=LINE('',#4134,#814);
#574=LINE('',#4137,#815);
#575=LINE('',#4138,#816);
#576=LINE('',#4142,#817);
#577=LINE('',#4145,#818);
#578=LINE('',#4146,#819);
#579=LINE('',#4149,#820);
#580=LINE('',#4150,#821);
#581=LINE('',#4153,#822);
#582=LINE('',#4154,#823);
#583=LINE('',#4158,#824);
#584=LINE('',#4161,#825);
#585=LINE('',#4162,#826);
#586=LINE('',#4164,#827);
#587=LINE('',#4166,#828);
#588=LINE('',#4167,#829);
#589=LINE('',#4169,#830);
#590=LINE('',#4171,#831);
#591=LINE('',#4174,#832);
#592=LINE('',#4176,#833);
#593=LINE('',#4178,#834);
#594=LINE('',#4180,#835);
#595=LINE('',#4182,#836);
#596=LINE('',#4184,#837);
#597=LINE('',#4187,#838);
#598=LINE('',#4190,#839);
#599=LINE('',#4191,#840);
#600=LINE('',#4194,#841);
#601=LINE('',#4195,#842);
#602=LINE('',#4198,#843);
#603=LINE('',#4199,#844);
#604=LINE('',#4202,#845);
#605=LINE('',#4206,#846);
#606=LINE('',#4207,#847);
#607=LINE('',#4210,#848);
#608=LINE('',#4211,#849);
#609=LINE('',#4214,#850);
#610=LINE('',#4215,#851);
#611=LINE('',#4218,#852);
#612=LINE('',#4222,#853);
#613=LINE('',#4223,#854);
#614=LINE('',#4226,#855);
#615=LINE('',#4227,#856);
#616=LINE('',#4230,#857);
#617=LINE('',#4231,#858);
#618=LINE('',#4234,#859);
#619=LINE('',#4238,#860);
#620=LINE('',#4239,#861);
#621=LINE('',#4242,#862);
#622=LINE('',#4243,#863);
#623=LINE('',#4246,#864);
#624=LINE('',#4247,#865);
#625=LINE('',#4250,#866);
#626=LINE('',#4254,#867);
#627=LINE('',#4255,#868);
#628=LINE('',#4258,#869);
#629=LINE('',#4259,#870);
#630=LINE('',#4261,#871);
#631=VECTOR('',#2634,10.);
#632=VECTOR('',#2637,10.);
#633=VECTOR('',#2640,10.);
#634=VECTOR('',#2641,10.);
#635=VECTOR('',#2642,10.);
#636=VECTOR('',#2647,10.);
#637=VECTOR('',#2650,10.);
#638=VECTOR('',#2653,10.);
#639=VECTOR('',#2654,10.);
#640=VECTOR('',#2659,10.);
#641=VECTOR('',#2662,10.);
#642=VECTOR('',#2665,10.);
#643=VECTOR('',#2666,10.);
#644=VECTOR('',#2667,10.);
#645=VECTOR('',#2672,10.);
#646=VECTOR('',#2677,10.);
#647=VECTOR('',#2678,10.);
#648=VECTOR('',#2679,10.);
#649=VECTOR('',#2682,10.);
#650=VECTOR('',#2683,10.);
#651=VECTOR('',#2684,10.);
#652=VECTOR('',#2691,10.);
#653=VECTOR('',#2694,10.);
#654=VECTOR('',#2695,10.);
#655=VECTOR('',#2696,10.);
#656=VECTOR('',#2705,10.);
#657=VECTOR('',#2706,10.);
#658=VECTOR('',#2707,10.);
#659=VECTOR('',#2714,10.);
#660=VECTOR('',#2717,10.);
#661=VECTOR('',#2718,10.);
#662=VECTOR('',#2719,10.);
#663=VECTOR('',#2738,10.);
#664=VECTOR('',#2739,10.);
#665=VECTOR('',#2748,10.);
#666=VECTOR('',#2761,10.);
#667=VECTOR('',#2762,10.);
#668=VECTOR('',#2771,10.);
#669=VECTOR('',#2774,10.);
#670=VECTOR('',#2777,10.);
#671=VECTOR('',#2780,10.);
#672=VECTOR('',#2783,10.);
#673=VECTOR('',#2786,10.);
#674=VECTOR('',#2789,10.);
#675=VECTOR('',#2792,10.);
#676=VECTOR('',#2795,10.);
#677=VECTOR('',#2796,10.);
#678=VECTOR('',#2799,10.);
#679=VECTOR('',#2804,10.);
#680=VECTOR('',#2807,10.);
#681=VECTOR('',#2808,10.);
#682=VECTOR('',#2809,10.);
#683=VECTOR('',#2812,10.);
#684=VECTOR('',#2813,10.);
#685=VECTOR('',#2814,10.);
#686=VECTOR('',#2819,10.);
#687=VECTOR('',#2820,10.);
#688=VECTOR('',#2821,10.);
#689=VECTOR('',#2834,10.);
#690=VECTOR('',#2835,10.);
#691=VECTOR('',#2844,10.);
#692=VECTOR('',#2857,10.);
#693=VECTOR('',#2858,10.);
#694=VECTOR('',#2867,10.);
#695=VECTOR('',#2870,10.);
#696=VECTOR('',#2873,10.);
#697=VECTOR('',#2876,10.);
#698=VECTOR('',#2879,10.);
#699=VECTOR('',#2882,10.);
#700=VECTOR('',#2885,10.);
#701=VECTOR('',#2888,10.);
#702=VECTOR('',#2889,10.);
#703=VECTOR('',#2892,10.);
#704=VECTOR('',#2893,10.);
#705=VECTOR('',#2896,10.);
#706=VECTOR('',#2899,10.);
#707=VECTOR('',#2900,10.);
#708=VECTOR('',#2901,10.);
#709=VECTOR('',#2902,10.);
#710=VECTOR('',#2903,10.);
#711=VECTOR('',#2906,10.);
#712=VECTOR('',#2907,10.);
#713=VECTOR('',#2908,10.);
#714=VECTOR('',#2911,10.);
#715=VECTOR('',#2912,10.);
#716=VECTOR('',#2913,10.);
#717=VECTOR('',#2916,10.);
#718=VECTOR('',#2917,10.);
#719=VECTOR('',#2918,10.);
#720=VECTOR('',#2921,10.);
#721=VECTOR('',#2922,10.);
#722=VECTOR('',#2923,10.);
#723=VECTOR('',#2924,10.);
#724=VECTOR('',#2925,10.);
#725=VECTOR('',#2926,10.);
#726=VECTOR('',#2927,10.);
#727=VECTOR('',#2930,10.);
#728=VECTOR('',#2931,10.);
#729=VECTOR('',#2932,10.);
#730=VECTOR('',#2933,10.);
#731=VECTOR('',#2934,10.);
#732=VECTOR('',#2935,10.);
#733=VECTOR('',#2938,10.);
#734=VECTOR('',#2939,10.);
#735=VECTOR('',#2940,10.);
#736=VECTOR('',#2943,10.);
#737=VECTOR('',#2952,10.);
#738=VECTOR('',#2953,10.);
#739=VECTOR('',#2956,10.);
#740=VECTOR('',#2957,10.);
#741=VECTOR('',#2962,10.);
#742=VECTOR('',#2963,10.);
#743=VECTOR('',#2968,10.);
#744=VECTOR('',#2971,10.);
#745=VECTOR('',#2974,10.);
#746=VECTOR('',#2975,10.);
#747=VECTOR('',#2984,10.);
#748=VECTOR('',#2989,10.);
#749=VECTOR('',#2990,10.);
#750=VECTOR('',#2999,10.);
#751=VECTOR('',#3002,10.);
#752=VECTOR('',#3005,10.);
#753=VECTOR('',#3008,10.);
#754=VECTOR('',#3011,10.);
#755=VECTOR('',#3012,10.);
#756=VECTOR('',#3021,10.);
#757=VECTOR('',#3022,10.);
#758=VECTOR('',#3027,10.);
#759=VECTOR('',#3032,10.);
#760=VECTOR('',#3033,10.);
#761=VECTOR('',#3042,10.);
#762=VECTOR('',#3043,10.);
#763=VECTOR('',#3048,10.);
#764=VECTOR('',#3049,10.);
#765=VECTOR('',#3052,10.);
#766=VECTOR('',#3055,10.);
#767=VECTOR('',#3058,10.);
#768=VECTOR('',#3059,10.);
#769=VECTOR('',#3062,10.);
#770=VECTOR('',#3065,10.);
#771=VECTOR('',#3068,10.);
#772=VECTOR('',#3071,10.);
#773=VECTOR('',#3074,10.);
#774=VECTOR('',#3077,10.);
#775=VECTOR('',#3080,10.);
#776=VECTOR('',#3081,10.);
#777=VECTOR('',#3082,10.);
#778=VECTOR('',#3083,10.);
#779=VECTOR('',#3084,10.);
#780=VECTOR('',#3087,10.);
#781=VECTOR('',#3090,10.);
#782=VECTOR('',#3091,10.);
#783=VECTOR('',#3092,10.);
#784=VECTOR('',#3093,10.);
#785=VECTOR('',#3096,10.);
#786=VECTOR('',#3097,10.);
#787=VECTOR('',#3098,10.);
#788=VECTOR('',#3101,10.);
#789=VECTOR('',#3102,10.);
#790=VECTOR('',#3103,10.);
#791=VECTOR('',#3106,10.);
#792=VECTOR('',#3107,10.);
#793=VECTOR('',#3108,10.);
#794=VECTOR('',#3111,10.);
#795=VECTOR('',#3112,10.);
#796=VECTOR('',#3115,10.);
#797=VECTOR('',#3116,10.);
#798=VECTOR('',#3117,10.);
#799=VECTOR('',#3120,10.);
#800=VECTOR('',#3121,10.);
#801=VECTOR('',#3124,10.);
#802=VECTOR('',#3125,10.);
#803=VECTOR('',#3130,10.);
#804=VECTOR('',#3133,10.);
#805=VECTOR('',#3134,10.);
#806=VECTOR('',#3137,10.);
#807=VECTOR('',#3138,10.);
#808=VECTOR('',#3141,10.);
#809=VECTOR('',#3142,10.);
#810=VECTOR('',#3147,10.);
#811=VECTOR('',#3150,10.);
#812=VECTOR('',#3151,10.);
#813=VECTOR('',#3154,10.);
#814=VECTOR('',#3155,10.);
#815=VECTOR('',#3158,10.);
#816=VECTOR('',#3159,10.);
#817=VECTOR('',#3164,10.);
#818=VECTOR('',#3167,10.);
#819=VECTOR('',#3168,10.);
#820=VECTOR('',#3171,10.);
#821=VECTOR('',#3172,10.);
#822=VECTOR('',#3175,10.);
#823=VECTOR('',#3176,10.);
#824=VECTOR('',#3181,10.);
#825=VECTOR('',#3184,10.);
#826=VECTOR('',#3185,10.);
#827=VECTOR('',#3188,10.);
#828=VECTOR('',#3191,10.);
#829=VECTOR('',#3192,10.);
#830=VECTOR('',#3195,10.);
#831=VECTOR('',#3198,10.);
#832=VECTOR('',#3203,10.);
#833=VECTOR('',#3206,10.);
#834=VECTOR('',#3209,10.);
#835=VECTOR('',#3212,10.);
#836=VECTOR('',#3215,10.);
#837=VECTOR('',#3218,10.);
#838=VECTOR('',#3223,10.);
#839=VECTOR('',#3226,10.);
#840=VECTOR('',#3227,10.);
#841=VECTOR('',#3230,10.);
#842=VECTOR('',#3231,10.);
#843=VECTOR('',#3234,10.);
#844=VECTOR('',#3235,10.);
#845=VECTOR('',#3238,10.);
#846=VECTOR('',#3243,10.);
#847=VECTOR('',#3244,10.);
#848=VECTOR('',#3247,10.);
#849=VECTOR('',#3248,10.);
#850=VECTOR('',#3251,10.);
#851=VECTOR('',#3252,10.);
#852=VECTOR('',#3255,10.);
#853=VECTOR('',#3260,10.);
#854=VECTOR('',#3261,10.);
#855=VECTOR('',#3264,10.);
#856=VECTOR('',#3265,10.);
#857=VECTOR('',#3268,10.);
#858=VECTOR('',#3269,10.);
#859=VECTOR('',#3272,10.);
#860=VECTOR('',#3277,10.);
#861=VECTOR('',#3278,10.);
#862=VECTOR('',#3281,10.);
#863=VECTOR('',#3282,10.);
#864=VECTOR('',#3285,10.);
#865=VECTOR('',#3286,10.);
#866=VECTOR('',#3289,10.);
#867=VECTOR('',#3294,10.);
#868=VECTOR('',#3295,10.);
#869=VECTOR('',#3298,10.);
#870=VECTOR('',#3299,10.);
#871=VECTOR('',#3302,10.);
#872=CIRCLE('',#2409,0.25);
#873=CIRCLE('',#2410,0.25);
#874=CIRCLE('',#2413,0.25);
#875=CIRCLE('',#2414,0.25);
#876=CIRCLE('',#2417,0.25);
#877=CIRCLE('',#2418,0.25);
#878=CIRCLE('',#2421,0.25);
#879=CIRCLE('',#2422,0.25);
#880=CIRCLE('',#2426,0.0599993201538637);
#881=CIRCLE('',#2427,0.0599993201538637);
#882=CIRCLE('',#2430,0.0599993202038509);
#883=CIRCLE('',#2431,0.0599993202038509);
#884=CIRCLE('',#2434,0.059999320153846);
#885=CIRCLE('',#2435,0.059999320153846);
#886=CIRCLE('',#2438,0.0599993202038509);
#887=CIRCLE('',#2439,0.0599993202038509);
#888=CIRCLE('',#2440,0.75);
#889=CIRCLE('',#2441,0.25);
#890=CIRCLE('',#2442,0.749999999999993);
#891=CIRCLE('',#2443,1.);
#892=CIRCLE('',#2445,0.749999999999993);
#893=CIRCLE('',#2446,0.75);
#894=CIRCLE('',#2447,1.);
#895=CIRCLE('',#2448,0.25);
#896=CIRCLE('',#2450,0.75);
#897=CIRCLE('',#2451,0.25);
#898=CIRCLE('',#2452,0.749999999999993);
#899=CIRCLE('',#2453,1.);
#900=CIRCLE('',#2455,0.749999999999993);
#901=CIRCLE('',#2456,0.75);
#902=CIRCLE('',#2457,1.);
#903=CIRCLE('',#2458,0.25);
#904=CIRCLE('',#2461,1.);
#905=CIRCLE('',#2463,1.);
#906=CIRCLE('',#2466,1.);
#907=CIRCLE('',#2470,1.);
#908=CIRCLE('',#2475,0.75);
#909=CIRCLE('',#2476,0.25);
#910=CIRCLE('',#2477,0.749999999999993);
#911=CIRCLE('',#2478,1.);
#912=CIRCLE('',#2480,0.749999999999993);
#913=CIRCLE('',#2481,0.75);
#914=CIRCLE('',#2482,1.);
#915=CIRCLE('',#2483,0.25);
#916=CIRCLE('',#2485,0.75);
#917=CIRCLE('',#2486,0.25);
#918=CIRCLE('',#2487,0.749999999999993);
#919=CIRCLE('',#2488,1.);
#920=CIRCLE('',#2490,0.749999999999993);
#921=CIRCLE('',#2491,0.75);
#922=CIRCLE('',#2492,1.);
#923=CIRCLE('',#2493,0.25);
#924=CIRCLE('',#2496,1.);
#925=CIRCLE('',#2498,1.);
#926=CIRCLE('',#2500,1.);
#927=CIRCLE('',#2504,3.50255313155436);
#928=CIRCLE('',#2505,2.50255313155436);
#929=CIRCLE('',#2506,2.50255313164487);
#930=CIRCLE('',#2507,2.50255313155151);
#931=CIRCLE('',#2508,2.50267615328062);
#932=CIRCLE('',#2509,3.50267615328062);
#933=CIRCLE('',#2510,3.50255313155151);
#934=CIRCLE('',#2511,3.50255313164488);
#935=CIRCLE('',#2513,1.);
#936=CIRCLE('',#2520,1.);
#937=CIRCLE('',#2521,1.);
#938=CIRCLE('',#2524,2.50267615328063);
#939=CIRCLE('',#2525,3.50267615328062);
#940=CIRCLE('',#2530,2.50255313155151);
#941=CIRCLE('',#2531,3.50255313155151);
#942=CIRCLE('',#2538,3.50255313164488);
#943=CIRCLE('',#2539,2.50255313164488);
#944=CIRCLE('',#2546,3.50255313155436);
#945=CIRCLE('',#2547,2.50255313155436);
#946=CIRCLE('',#2552,1.);
#947=CIRCLE('',#2555,1.);
#948=CIRCLE('',#2563,1.50267615328063);
#949=CIRCLE('',#2564,1.50255313155151);
#950=CIRCLE('',#2565,1.50255313164487);
#951=CIRCLE('',#2566,1.50255313155436);
#952=CIRCLE('',#2571,2.50267615328062);
#953=CIRCLE('',#2576,2.50255313155151);
#954=CIRCLE('',#2581,2.50255313164487);
#955=CIRCLE('',#2586,2.50255313155436);
#956=CIRCLE('',#2605,1.50255313155436);
#957=CIRCLE('',#2610,1.50255313164487);
#958=CIRCLE('',#2615,1.50255313155151);
#959=CIRCLE('',#2620,1.50267615328063);
#960=VERTEX_POINT('',#3310);
#961=VERTEX_POINT('',#3311);
#962=VERTEX_POINT('',#3313);
#963=VERTEX_POINT('',#3315);
#964=VERTEX_POINT('',#3319);
#965=VERTEX_POINT('',#3321);
#966=VERTEX_POINT('',#3325);
#967=VERTEX_POINT('',#3326);
#968=VERTEX_POINT('',#3328);
#969=VERTEX_POINT('',#3330);
#970=VERTEX_POINT('',#3337);
#971=VERTEX_POINT('',#3338);
#972=VERTEX_POINT('',#3340);
#973=VERTEX_POINT('',#3342);
#974=VERTEX_POINT('',#3346);
#975=VERTEX_POINT('',#3348);
#976=VERTEX_POINT('',#3352);
#977=VERTEX_POINT('',#3354);
#978=VERTEX_POINT('',#3358);
#979=VERTEX_POINT('',#3360);
#980=VERTEX_POINT('',#3364);
#981=VERTEX_POINT('',#3366);
#982=VERTEX_POINT('',#3370);
#983=VERTEX_POINT('',#3372);
#984=VERTEX_POINT('',#3376);
#985=VERTEX_POINT('',#3378);
#986=VERTEX_POINT('',#3385);
#987=VERTEX_POINT('',#3387);
#988=VERTEX_POINT('',#3391);
#989=VERTEX_POINT('',#3393);
#990=VERTEX_POINT('',#3397);
#991=VERTEX_POINT('',#3399);
#992=VERTEX_POINT('',#3414);
#993=VERTEX_POINT('',#3415);
#994=VERTEX_POINT('',#3417);
#995=VERTEX_POINT('',#3419);
#996=VERTEX_POINT('',#3423);
#997=VERTEX_POINT('',#3424);
#998=VERTEX_POINT('',#3437);
#999=VERTEX_POINT('',#3438);
#1000=VERTEX_POINT('',#3453);
#1001=VERTEX_POINT('',#3454);
#1002=VERTEX_POINT('',#3456);
#1003=VERTEX_POINT('',#3458);
#1004=VERTEX_POINT('',#3462);
#1005=VERTEX_POINT('',#3463);
#1006=VERTEX_POINT('',#3476);
#1007=VERTEX_POINT('',#3477);
#1008=VERTEX_POINT('',#3484);
#1009=VERTEX_POINT('',#3486);
#1010=VERTEX_POINT('',#3490);
#1011=VERTEX_POINT('',#3492);
#1012=VERTEX_POINT('',#3498);
#1013=VERTEX_POINT('',#3500);
#1014=VERTEX_POINT('',#3504);
#1015=VERTEX_POINT('',#3510);
#1016=VERTEX_POINT('',#3514);
#1017=VERTEX_POINT('',#3516);
#1018=VERTEX_POINT('',#3525);
#1019=VERTEX_POINT('',#3527);
#1020=VERTEX_POINT('',#3539);
#1021=VERTEX_POINT('',#3540);
#1022=VERTEX_POINT('',#3542);
#1023=VERTEX_POINT('',#3544);
#1024=VERTEX_POINT('',#3548);
#1025=VERTEX_POINT('',#3549);
#1026=VERTEX_POINT('',#3562);
#1027=VERTEX_POINT('',#3563);
#1028=VERTEX_POINT('',#3578);
#1029=VERTEX_POINT('',#3579);
#1030=VERTEX_POINT('',#3581);
#1031=VERTEX_POINT('',#3583);
#1032=VERTEX_POINT('',#3587);
#1033=VERTEX_POINT('',#3588);
#1034=VERTEX_POINT('',#3601);
#1035=VERTEX_POINT('',#3602);
#1036=VERTEX_POINT('',#3609);
#1037=VERTEX_POINT('',#3611);
#1038=VERTEX_POINT('',#3615);
#1039=VERTEX_POINT('',#3617);
#1040=VERTEX_POINT('',#3621);
#1041=VERTEX_POINT('',#3623);
#1042=VERTEX_POINT('',#3627);
#1043=VERTEX_POINT('',#3634);
#1044=VERTEX_POINT('',#3636);
#1045=VERTEX_POINT('',#3638);
#1046=VERTEX_POINT('',#3640);
#1047=VERTEX_POINT('',#3642);
#1048=VERTEX_POINT('',#3644);
#1049=VERTEX_POINT('',#3646);
#1050=VERTEX_POINT('',#3648);
#1051=VERTEX_POINT('',#3650);
#1052=VERTEX_POINT('',#3652);
#1053=VERTEX_POINT('',#3654);
#1054=VERTEX_POINT('',#3656);
#1055=VERTEX_POINT('',#3658);
#1056=VERTEX_POINT('',#3660);
#1057=VERTEX_POINT('',#3662);
#1058=VERTEX_POINT('',#3664);
#1059=VERTEX_POINT('',#3666);
#1060=VERTEX_POINT('',#3668);
#1061=VERTEX_POINT('',#3670);
#1062=VERTEX_POINT('',#3672);
#1063=VERTEX_POINT('',#3674);
#1064=VERTEX_POINT('',#3676);
#1065=VERTEX_POINT('',#3678);
#1066=VERTEX_POINT('',#3680);
#1067=VERTEX_POINT('',#3682);
#1068=VERTEX_POINT('',#3684);
#1069=VERTEX_POINT('',#3686);
#1070=VERTEX_POINT('',#3688);
#1071=VERTEX_POINT('',#3690);
#1072=VERTEX_POINT('',#3693);
#1073=VERTEX_POINT('',#3696);
#1074=VERTEX_POINT('',#3698);
#1075=VERTEX_POINT('',#3700);
#1076=VERTEX_POINT('',#3702);
#1077=VERTEX_POINT('',#3704);
#1078=VERTEX_POINT('',#3706);
#1079=VERTEX_POINT('',#3708);
#1080=VERTEX_POINT('',#3718);
#1081=VERTEX_POINT('',#3723);
#1082=VERTEX_POINT('',#3727);
#1083=VERTEX_POINT('',#3728);
#1084=VERTEX_POINT('',#3730);
#1085=VERTEX_POINT('',#3732);
#1086=VERTEX_POINT('',#3736);
#1087=VERTEX_POINT('',#3737);
#1088=VERTEX_POINT('',#3775);
#1089=VERTEX_POINT('',#3777);
#1090=VERTEX_POINT('',#3792);
#1091=VERTEX_POINT('',#3794);
#1092=VERTEX_POINT('',#3809);
#1093=VERTEX_POINT('',#3847);
#1094=VERTEX_POINT('',#3851);
#1095=VERTEX_POINT('',#3853);
#1096=VERTEX_POINT('',#3868);
#1097=VERTEX_POINT('',#3870);
#1098=VERTEX_POINT('',#3885);
#1099=VERTEX_POINT('',#3887);
#1100=VERTEX_POINT('',#3891);
#1101=VERTEX_POINT('',#3893);
#1102=VERTEX_POINT('',#3897);
#1103=VERTEX_POINT('',#3899);
#1104=VERTEX_POINT('',#3914);
#1105=VERTEX_POINT('',#3916);
#1106=VERTEX_POINT('',#3932);
#1107=VERTEX_POINT('',#3936);
#1108=VERTEX_POINT('',#3940);
#1109=VERTEX_POINT('',#3942);
#1110=VERTEX_POINT('',#3957);
#1111=VERTEX_POINT('',#3959);
#1112=VERTEX_POINT('',#3974);
#1113=VERTEX_POINT('',#3976);
#1114=VERTEX_POINT('',#3983);
#1115=VERTEX_POINT('',#3985);
#1116=VERTEX_POINT('',#3989);
#1117=VERTEX_POINT('',#3990);
#1118=VERTEX_POINT('',#4031);
#1119=VERTEX_POINT('',#4033);
#1120=VERTEX_POINT('',#4046);
#1121=VERTEX_POINT('',#4048);
#1122=VERTEX_POINT('',#4050);
#1123=VERTEX_POINT('',#4056);
#1124=VERTEX_POINT('',#4058);
#1125=VERTEX_POINT('',#4060);
#1126=VERTEX_POINT('',#4062);
#1127=VERTEX_POINT('',#4064);
#1128=VERTEX_POINT('',#4066);
#1129=VERTEX_POINT('',#4068);
#1130=VERTEX_POINT('',#4070);
#1131=VERTEX_POINT('',#4072);
#1132=VERTEX_POINT('',#4074);
#1133=VERTEX_POINT('',#4076);
#1134=VERTEX_POINT('',#4078);
#1135=VERTEX_POINT('',#4080);
#1136=VERTEX_POINT('',#4082);
#1137=VERTEX_POINT('',#4084);
#1138=VERTEX_POINT('',#4086);
#1139=VERTEX_POINT('',#4088);
#1140=VERTEX_POINT('',#4090);
#1141=VERTEX_POINT('',#4094);
#1142=VERTEX_POINT('',#4095);
#1143=VERTEX_POINT('',#4100);
#1144=VERTEX_POINT('',#4104);
#1145=VERTEX_POINT('',#4108);
#1146=VERTEX_POINT('',#4112);
#1147=VERTEX_POINT('',#4116);
#1148=VERTEX_POINT('',#4120);
#1149=VERTEX_POINT('',#4124);
#1150=VERTEX_POINT('',#4128);
#1151=VERTEX_POINT('',#4132);
#1152=VERTEX_POINT('',#4136);
#1153=VERTEX_POINT('',#4140);
#1154=VERTEX_POINT('',#4144);
#1155=VERTEX_POINT('',#4148);
#1156=VERTEX_POINT('',#4152);
#1157=VERTEX_POINT('',#4156);
#1158=VERTEX_POINT('',#4160);
#1159=VERTEX_POINT('',#4189);
#1160=VERTEX_POINT('',#4193);
#1161=VERTEX_POINT('',#4197);
#1162=VERTEX_POINT('',#4201);
#1163=VERTEX_POINT('',#4205);
#1164=VERTEX_POINT('',#4209);
#1165=VERTEX_POINT('',#4213);
#1166=VERTEX_POINT('',#4217);
#1167=VERTEX_POINT('',#4221);
#1168=VERTEX_POINT('',#4225);
#1169=VERTEX_POINT('',#4229);
#1170=VERTEX_POINT('',#4233);
#1171=VERTEX_POINT('',#4237);
#1172=VERTEX_POINT('',#4241);
#1173=VERTEX_POINT('',#4245);
#1174=VERTEX_POINT('',#4249);
#1175=VERTEX_POINT('',#4253);
#1176=VERTEX_POINT('',#4257);
#1177=EDGE_CURVE('',#960,#961,#872,.T.);
#1178=EDGE_CURVE('',#961,#962,#390,.T.);
#1179=EDGE_CURVE('',#962,#963,#873,.T.);
#1180=EDGE_CURVE('',#963,#960,#391,.T.);
#1181=EDGE_CURVE('',#964,#961,#392,.T.);
#1182=EDGE_CURVE('',#964,#965,#393,.T.);
#1183=EDGE_CURVE('',#962,#965,#394,.T.);
#1184=EDGE_CURVE('',#966,#967,#874,.T.);
#1185=EDGE_CURVE('',#967,#968,#395,.T.);
#1186=EDGE_CURVE('',#968,#969,#875,.T.);
#1187=EDGE_CURVE('',#969,#966,#396,.T.);
#1188=EDGE_CURVE('',#968,#963,#397,.T.);
#1189=EDGE_CURVE('',#960,#967,#398,.T.);
#1190=EDGE_CURVE('',#970,#971,#876,.T.);
#1191=EDGE_CURVE('',#971,#972,#399,.T.);
#1192=EDGE_CURVE('',#972,#973,#877,.T.);
#1193=EDGE_CURVE('',#973,#970,#400,.T.);
#1194=EDGE_CURVE('',#974,#971,#401,.T.);
#1195=EDGE_CURVE('',#975,#974,#402,.T.);
#1196=EDGE_CURVE('',#972,#975,#403,.T.);
#1197=EDGE_CURVE('',#974,#976,#878,.T.);
#1198=EDGE_CURVE('',#976,#977,#404,.T.);
#1199=EDGE_CURVE('',#977,#975,#879,.T.);
#1200=EDGE_CURVE('',#978,#976,#405,.T.);
#1201=EDGE_CURVE('',#978,#979,#406,.T.);
#1202=EDGE_CURVE('',#977,#979,#407,.T.);
#1203=EDGE_CURVE('',#980,#973,#408,.T.);
#1204=EDGE_CURVE('',#981,#980,#409,.T.);
#1205=EDGE_CURVE('',#970,#981,#410,.T.);
#1206=EDGE_CURVE('',#979,#982,#880,.T.);
#1207=EDGE_CURVE('',#983,#978,#881,.T.);
#1208=EDGE_CURVE('',#983,#982,#411,.T.);
#1209=EDGE_CURVE('',#982,#984,#412,.T.);
#1210=EDGE_CURVE('',#985,#983,#413,.T.);
#1211=EDGE_CURVE('',#985,#984,#414,.T.);
#1212=EDGE_CURVE('',#984,#980,#882,.T.);
#1213=EDGE_CURVE('',#981,#985,#883,.T.);
#1214=EDGE_CURVE('',#986,#969,#415,.T.);
#1215=EDGE_CURVE('',#987,#986,#416,.T.);
#1216=EDGE_CURVE('',#966,#987,#417,.T.);
#1217=EDGE_CURVE('',#965,#988,#884,.T.);
#1218=EDGE_CURVE('',#989,#964,#885,.T.);
#1219=EDGE_CURVE('',#989,#988,#418,.T.);
#1220=EDGE_CURVE('',#988,#990,#419,.T.);
#1221=EDGE_CURVE('',#991,#989,#420,.T.);
#1222=EDGE_CURVE('',#991,#990,#421,.T.);
#1223=EDGE_CURVE('',#990,#986,#886,.T.);
#1224=EDGE_CURVE('',#987,#991,#887,.T.);
#1225=EDGE_CURVE('',#992,#993,#888,.T.);
#1226=EDGE_CURVE('',#992,#994,#889,.T.);
#1227=EDGE_CURVE('',#994,#995,#890,.T.);
#1228=EDGE_CURVE('',#995,#993,#891,.T.);
#1229=EDGE_CURVE('',#996,#997,#892,.T.);
#1230=EDGE_CURVE('',#997,#995,#422,.T.);
#1231=EDGE_CURVE('',#994,#996,#423,.T.);
#1232=EDGE_CURVE('',#998,#999,#893,.T.);
#1233=EDGE_CURVE('',#998,#997,#894,.T.);
#1234=EDGE_CURVE('',#996,#999,#895,.T.);
#1235=EDGE_CURVE('',#999,#992,#424,.T.);
#1236=EDGE_CURVE('',#1000,#1001,#896,.F.);
#1237=EDGE_CURVE('',#1001,#1002,#897,.T.);
#1238=EDGE_CURVE('',#1002,#1003,#898,.T.);
#1239=EDGE_CURVE('',#1003,#1000,#899,.T.);
#1240=EDGE_CURVE('',#1004,#1005,#900,.T.);
#1241=EDGE_CURVE('',#1005,#1003,#425,.T.);
#1242=EDGE_CURVE('',#1002,#1004,#426,.T.);
#1243=EDGE_CURVE('',#1006,#1007,#901,.F.);
#1244=EDGE_CURVE('',#1007,#1005,#902,.T.);
#1245=EDGE_CURVE('',#1004,#1006,#903,.T.);
#1246=EDGE_CURVE('',#1006,#1001,#427,.T.);
#1247=EDGE_CURVE('',#995,#1008,#428,.T.);
#1248=EDGE_CURVE('',#1008,#1009,#904,.T.);
#1249=EDGE_CURVE('',#993,#1009,#429,.T.);
#1250=EDGE_CURVE('',#1010,#1008,#430,.T.);
#1251=EDGE_CURVE('',#1011,#1010,#905,.T.);
#1252=EDGE_CURVE('',#1009,#1011,#431,.T.);
#1253=EDGE_CURVE('',#1010,#997,#432,.T.);
#1254=EDGE_CURVE('',#1012,#1007,#433,.T.);
#1255=EDGE_CURVE('',#1012,#1013,#906,.T.);
#1256=EDGE_CURVE('',#1013,#1005,#434,.T.);
#1257=EDGE_CURVE('',#1013,#1014,#435,.T.);
#1258=EDGE_CURVE('',#1003,#1014,#436,.T.);
#1259=EDGE_CURVE('',#998,#1011,#437,.T.);
#1260=EDGE_CURVE('',#1014,#1015,#907,.T.);
#1261=EDGE_CURVE('',#1015,#1000,#438,.T.);
#1262=EDGE_CURVE('',#1016,#993,#439,.T.);
#1263=EDGE_CURVE('',#1016,#1017,#440,.T.);
#1264=EDGE_CURVE('',#998,#1017,#441,.T.);
#1265=EDGE_CURVE('',#1015,#1011,#442,.T.);
#1266=EDGE_CURVE('',#1015,#1012,#443,.T.);
#1267=EDGE_CURVE('',#1009,#1012,#444,.T.);
#1268=EDGE_CURVE('',#1018,#1000,#445,.T.);
#1269=EDGE_CURVE('',#1019,#1018,#446,.T.);
#1270=EDGE_CURVE('',#1007,#1019,#447,.T.);
#1271=EDGE_CURVE('',#1020,#1021,#908,.T.);
#1272=EDGE_CURVE('',#1020,#1022,#909,.T.);
#1273=EDGE_CURVE('',#1022,#1023,#910,.T.);
#1274=EDGE_CURVE('',#1023,#1021,#911,.T.);
#1275=EDGE_CURVE('',#1024,#1025,#912,.T.);
#1276=EDGE_CURVE('',#1025,#1023,#448,.T.);
#1277=EDGE_CURVE('',#1022,#1024,#449,.T.);
#1278=EDGE_CURVE('',#1026,#1027,#913,.T.);
#1279=EDGE_CURVE('',#1026,#1025,#914,.T.);
#1280=EDGE_CURVE('',#1024,#1027,#915,.T.);
#1281=EDGE_CURVE('',#1027,#1020,#450,.T.);
#1282=EDGE_CURVE('',#1028,#1029,#916,.F.);
#1283=EDGE_CURVE('',#1029,#1030,#917,.T.);
#1284=EDGE_CURVE('',#1030,#1031,#918,.T.);
#1285=EDGE_CURVE('',#1031,#1028,#919,.T.);
#1286=EDGE_CURVE('',#1032,#1033,#920,.T.);
#1287=EDGE_CURVE('',#1033,#1031,#451,.T.);
#1288=EDGE_CURVE('',#1030,#1032,#452,.T.);
#1289=EDGE_CURVE('',#1034,#1035,#921,.F.);
#1290=EDGE_CURVE('',#1035,#1033,#922,.T.);
#1291=EDGE_CURVE('',#1032,#1034,#923,.T.);
#1292=EDGE_CURVE('',#1034,#1029,#453,.T.);
#1293=EDGE_CURVE('',#1023,#1036,#454,.T.);
#1294=EDGE_CURVE('',#1036,#1037,#924,.T.);
#1295=EDGE_CURVE('',#1021,#1037,#455,.T.);
#1296=EDGE_CURVE('',#1038,#1036,#456,.T.);
#1297=EDGE_CURVE('',#1039,#1038,#925,.T.);
#1298=EDGE_CURVE('',#1037,#1039,#457,.T.);
#1299=EDGE_CURVE('',#1040,#1035,#458,.T.);
#1300=EDGE_CURVE('',#1040,#1041,#926,.T.);
#1301=EDGE_CURVE('',#1041,#1033,#459,.T.);
#1302=EDGE_CURVE('',#1041,#1042,#460,.T.);
#1303=EDGE_CURVE('',#1031,#1042,#461,.T.);
#1304=EDGE_CURVE('',#1026,#1039,#462,.T.);
#1305=EDGE_CURVE('',#1038,#1025,#463,.T.);
#1306=EDGE_CURVE('',#1017,#1043,#464,.T.);
#1307=EDGE_CURVE('',#1043,#1044,#927,.T.);
#1308=EDGE_CURVE('',#1044,#1045,#465,.T.);
#1309=EDGE_CURVE('',#1045,#1046,#466,.T.);
#1310=EDGE_CURVE('',#1046,#1047,#467,.T.);
#1311=EDGE_CURVE('',#1047,#1048,#468,.T.);
#1312=EDGE_CURVE('',#1048,#1049,#469,.T.);
#1313=EDGE_CURVE('',#1049,#1050,#928,.T.);
#1314=EDGE_CURVE('',#1050,#1051,#470,.T.);
#1315=EDGE_CURVE('',#1051,#1052,#471,.T.);
#1316=EDGE_CURVE('',#1052,#1053,#472,.T.);
#1317=EDGE_CURVE('',#1053,#1054,#929,.T.);
#1318=EDGE_CURVE('',#1054,#1055,#473,.T.);
#1319=EDGE_CURVE('',#1055,#1056,#474,.T.);
#1320=EDGE_CURVE('',#1056,#1057,#475,.T.);
#1321=EDGE_CURVE('',#1057,#1058,#930,.T.);
#1322=EDGE_CURVE('',#1058,#1059,#476,.T.);
#1323=EDGE_CURVE('',#1059,#1060,#477,.T.);
#1324=EDGE_CURVE('',#1060,#1061,#478,.T.);
#1325=EDGE_CURVE('',#1061,#1062,#931,.T.);
#1326=EDGE_CURVE('',#1062,#1063,#479,.T.);
#1327=EDGE_CURVE('',#1063,#1064,#480,.T.);
#1328=EDGE_CURVE('',#1064,#1065,#481,.T.);
#1329=EDGE_CURVE('',#1065,#1066,#482,.T.);
#1330=EDGE_CURVE('',#1066,#1067,#483,.T.);
#1331=EDGE_CURVE('',#1067,#1068,#484,.T.);
#1332=EDGE_CURVE('',#1068,#1069,#485,.T.);
#1333=EDGE_CURVE('',#1069,#1070,#932,.T.);
#1334=EDGE_CURVE('',#1070,#1071,#486,.T.);
#1335=EDGE_CURVE('',#1071,#1028,#487,.T.);
#1336=EDGE_CURVE('',#1072,#1028,#488,.T.);
#1337=EDGE_CURVE('',#1072,#1039,#489,.T.);
#1338=EDGE_CURVE('',#1026,#1073,#490,.T.);
#1339=EDGE_CURVE('',#1073,#1074,#491,.T.);
#1340=EDGE_CURVE('',#1074,#1075,#933,.T.);
#1341=EDGE_CURVE('',#1075,#1076,#492,.T.);
#1342=EDGE_CURVE('',#1076,#1077,#493,.T.);
#1343=EDGE_CURVE('',#1077,#1078,#494,.T.);
#1344=EDGE_CURVE('',#1078,#1079,#934,.T.);
#1345=EDGE_CURVE('',#1079,#1018,#495,.T.);
#1346=EDGE_CURVE('',#1042,#1072,#935,.T.);
#1347=EDGE_CURVE('',#1072,#1040,#496,.T.);
#1348=EDGE_CURVE('',#1037,#1040,#497,.T.);
#1349=EDGE_CURVE('',#1080,#1021,#498,.T.);
#1350=EDGE_CURVE('',#1080,#1073,#499,.T.);
#1351=EDGE_CURVE('',#1081,#1071,#500,.T.);
#1352=EDGE_CURVE('',#1035,#1081,#501,.T.);
#1353=EDGE_CURVE('',#1082,#1083,#936,.T.);
#1354=EDGE_CURVE('',#1082,#1084,#502,.T.);
#1355=EDGE_CURVE('',#1084,#1085,#937,.F.);
#1356=EDGE_CURVE('',#1083,#1085,#503,.T.);
#1357=EDGE_CURVE('',#1086,#1087,#33,.T.);
#1358=EDGE_CURVE('',#1087,#1088,#504,.T.);
#1359=EDGE_CURVE('',#1088,#1089,#34,.T.);
#1360=EDGE_CURVE('',#1089,#1086,#505,.T.);
#1361=EDGE_CURVE('',#1088,#1090,#938,.T.);
#1362=EDGE_CURVE('',#1090,#1091,#35,.T.);
#1363=EDGE_CURVE('',#1091,#1089,#939,.T.);
#1364=EDGE_CURVE('',#1081,#1092,#36,.T.);
#1365=EDGE_CURVE('',#1092,#1093,#506,.T.);
#1366=EDGE_CURVE('',#1093,#1080,#23,.T.);
#1367=EDGE_CURVE('',#1093,#1094,#507,.T.);
#1368=EDGE_CURVE('',#1094,#1095,#37,.T.);
#1369=EDGE_CURVE('',#1095,#1080,#508,.T.);
#1370=EDGE_CURVE('',#1094,#1096,#940,.T.);
#1371=EDGE_CURVE('',#1096,#1097,#38,.T.);
#1372=EDGE_CURVE('',#1097,#1095,#941,.T.);
#1373=EDGE_CURVE('',#1096,#1098,#509,.T.);
#1374=EDGE_CURVE('',#1098,#1099,#24,.T.);
#1375=EDGE_CURVE('',#1099,#1097,#510,.T.);
#1376=EDGE_CURVE('',#1098,#1100,#511,.T.);
#1377=EDGE_CURVE('',#1100,#1101,#25,.T.);
#1378=EDGE_CURVE('',#1101,#1099,#512,.T.);
#1379=EDGE_CURVE('',#1100,#1102,#513,.T.);
#1380=EDGE_CURVE('',#1102,#1103,#39,.T.);
#1381=EDGE_CURVE('',#1103,#1101,#514,.T.);
#1382=EDGE_CURVE('',#1104,#1103,#942,.T.);
#1383=EDGE_CURVE('',#1102,#1105,#943,.T.);
#1384=EDGE_CURVE('',#1105,#1104,#40,.T.);
#1385=EDGE_CURVE('',#1019,#1104,#515,.T.);
#1386=EDGE_CURVE('',#1105,#1106,#516,.T.);
#1387=EDGE_CURVE('',#1106,#1019,#26,.T.);
#1388=EDGE_CURVE('',#1106,#1107,#517,.T.);
#1389=EDGE_CURVE('',#1107,#1016,#27,.T.);
#1390=EDGE_CURVE('',#1108,#1016,#518,.T.);
#1391=EDGE_CURVE('',#1107,#1109,#519,.T.);
#1392=EDGE_CURVE('',#1109,#1108,#41,.T.);
#1393=EDGE_CURVE('',#1110,#1108,#944,.T.);
#1394=EDGE_CURVE('',#1109,#1111,#945,.T.);
#1395=EDGE_CURVE('',#1111,#1110,#42,.T.);
#1396=EDGE_CURVE('',#1112,#1110,#520,.T.);
#1397=EDGE_CURVE('',#1111,#1113,#521,.T.);
#1398=EDGE_CURVE('',#1113,#1112,#28,.T.);
#1399=EDGE_CURVE('',#1090,#1092,#522,.T.);
#1400=EDGE_CURVE('',#1081,#1091,#523,.T.);
#1401=EDGE_CURVE('',#1113,#1114,#524,.T.);
#1402=EDGE_CURVE('',#1114,#1115,#946,.T.);
#1403=EDGE_CURVE('',#1115,#1112,#525,.T.);
#1404=EDGE_CURVE('',#1116,#1117,#43,.T.);
#1405=EDGE_CURVE('',#1117,#1087,#526,.T.);
#1406=EDGE_CURVE('',#1086,#1116,#527,.T.);
#1407=EDGE_CURVE('',#1116,#1118,#528,.T.);
#1408=EDGE_CURVE('',#1118,#1119,#947,.T.);
#1409=EDGE_CURVE('',#1119,#1117,#529,.T.);
#1410=EDGE_CURVE('',#1108,#1043,#530,.T.);
#1411=EDGE_CURVE('',#1110,#1044,#531,.T.);
#1412=EDGE_CURVE('',#1112,#1045,#532,.T.);
#1413=EDGE_CURVE('',#1115,#1046,#533,.T.);
#1414=EDGE_CURVE('',#1085,#1114,#534,.T.);
#1415=EDGE_CURVE('',#1084,#1120,#535,.T.);
#1416=EDGE_CURVE('',#1121,#1120,#536,.T.);
#1417=EDGE_CURVE('',#1122,#1121,#537,.T.);
#1418=EDGE_CURVE('',#1122,#1047,#538,.T.);
#1419=EDGE_CURVE('',#1119,#1083,#539,.T.);
#1420=EDGE_CURVE('',#1123,#1082,#540,.T.);
#1421=EDGE_CURVE('',#1124,#1123,#541,.T.);
#1422=EDGE_CURVE('',#1125,#1124,#542,.T.);
#1423=EDGE_CURVE('',#1126,#1125,#543,.T.);
#1424=EDGE_CURVE('',#1127,#1126,#948,.T.);
#1425=EDGE_CURVE('',#1128,#1127,#544,.T.);
#1426=EDGE_CURVE('',#1129,#1128,#545,.T.);
#1427=EDGE_CURVE('',#1130,#1129,#546,.T.);
#1428=EDGE_CURVE('',#1131,#1130,#949,.T.);
#1429=EDGE_CURVE('',#1132,#1131,#547,.T.);
#1430=EDGE_CURVE('',#1133,#1132,#548,.T.);
#1431=EDGE_CURVE('',#1134,#1133,#549,.T.);
#1432=EDGE_CURVE('',#1135,#1134,#950,.T.);
#1433=EDGE_CURVE('',#1136,#1135,#550,.T.);
#1434=EDGE_CURVE('',#1137,#1136,#551,.T.);
#1435=EDGE_CURVE('',#1138,#1137,#552,.T.);
#1436=EDGE_CURVE('',#1139,#1138,#951,.T.);
#1437=EDGE_CURVE('',#1140,#1139,#553,.T.);
#1438=EDGE_CURVE('',#1120,#1140,#554,.T.);
#1439=EDGE_CURVE('',#1141,#1142,#555,.T.);
#1440=EDGE_CURVE('',#1141,#1065,#556,.T.);
#1441=EDGE_CURVE('',#1142,#1064,#557,.T.);
#1442=EDGE_CURVE('',#1142,#1143,#558,.T.);
#1443=EDGE_CURVE('',#1143,#1063,#559,.T.);
#1444=EDGE_CURVE('',#1143,#1144,#560,.T.);
#1445=EDGE_CURVE('',#1144,#1062,#561,.T.);
#1446=EDGE_CURVE('',#1144,#1145,#952,.T.);
#1447=EDGE_CURVE('',#1145,#1061,#562,.T.);
#1448=EDGE_CURVE('',#1145,#1146,#563,.T.);
#1449=EDGE_CURVE('',#1146,#1060,#564,.T.);
#1450=EDGE_CURVE('',#1146,#1147,#565,.T.);
#1451=EDGE_CURVE('',#1147,#1059,#566,.T.);
#1452=EDGE_CURVE('',#1147,#1148,#567,.T.);
#1453=EDGE_CURVE('',#1148,#1058,#568,.T.);
#1454=EDGE_CURVE('',#1148,#1149,#953,.T.);
#1455=EDGE_CURVE('',#1149,#1057,#569,.T.);
#1456=EDGE_CURVE('',#1149,#1150,#570,.T.);
#1457=EDGE_CURVE('',#1150,#1056,#571,.T.);
#1458=EDGE_CURVE('',#1150,#1151,#572,.T.);
#1459=EDGE_CURVE('',#1151,#1055,#573,.T.);
#1460=EDGE_CURVE('',#1151,#1152,#574,.T.);
#1461=EDGE_CURVE('',#1152,#1054,#575,.T.);
#1462=EDGE_CURVE('',#1152,#1153,#954,.T.);
#1463=EDGE_CURVE('',#1153,#1053,#576,.T.);
#1464=EDGE_CURVE('',#1153,#1154,#577,.T.);
#1465=EDGE_CURVE('',#1154,#1052,#578,.T.);
#1466=EDGE_CURVE('',#1154,#1155,#579,.T.);
#1467=EDGE_CURVE('',#1155,#1051,#580,.T.);
#1468=EDGE_CURVE('',#1155,#1156,#581,.T.);
#1469=EDGE_CURVE('',#1156,#1050,#582,.T.);
#1470=EDGE_CURVE('',#1156,#1157,#955,.T.);
#1471=EDGE_CURVE('',#1157,#1049,#583,.T.);
#1472=EDGE_CURVE('',#1157,#1158,#584,.T.);
#1473=EDGE_CURVE('',#1158,#1048,#585,.T.);
#1474=EDGE_CURVE('',#1158,#1122,#586,.T.);
#1475=EDGE_CURVE('',#1086,#1068,#587,.T.);
#1476=EDGE_CURVE('',#1116,#1067,#588,.T.);
#1477=EDGE_CURVE('',#1089,#1069,#589,.T.);
#1478=EDGE_CURVE('',#1091,#1070,#590,.T.);
#1479=EDGE_CURVE('',#1095,#1074,#591,.T.);
#1480=EDGE_CURVE('',#1097,#1075,#592,.T.);
#1481=EDGE_CURVE('',#1099,#1076,#593,.T.);
#1482=EDGE_CURVE('',#1101,#1077,#594,.T.);
#1483=EDGE_CURVE('',#1103,#1078,#595,.T.);
#1484=EDGE_CURVE('',#1104,#1079,#596,.T.);
#1485=EDGE_CURVE('',#1066,#1118,#597,.T.);
#1486=EDGE_CURVE('',#1159,#1141,#598,.T.);
#1487=EDGE_CURVE('',#1159,#1123,#599,.T.);
#1488=EDGE_CURVE('',#1160,#1140,#600,.T.);
#1489=EDGE_CURVE('',#1160,#1121,#601,.T.);
#1490=EDGE_CURVE('',#1161,#1139,#602,.T.);
#1491=EDGE_CURVE('',#1161,#1160,#603,.T.);
#1492=EDGE_CURVE('',#1162,#1138,#604,.T.);
#1493=EDGE_CURVE('',#1162,#1161,#956,.T.);
#1494=EDGE_CURVE('',#1163,#1137,#605,.T.);
#1495=EDGE_CURVE('',#1163,#1162,#606,.T.);
#1496=EDGE_CURVE('',#1164,#1136,#607,.T.);
#1497=EDGE_CURVE('',#1164,#1163,#608,.T.);
#1498=EDGE_CURVE('',#1165,#1135,#609,.T.);
#1499=EDGE_CURVE('',#1165,#1164,#610,.T.);
#1500=EDGE_CURVE('',#1166,#1134,#611,.T.);
#1501=EDGE_CURVE('',#1166,#1165,#957,.T.);
#1502=EDGE_CURVE('',#1167,#1133,#612,.T.);
#1503=EDGE_CURVE('',#1167,#1166,#613,.T.);
#1504=EDGE_CURVE('',#1168,#1132,#614,.T.);
#1505=EDGE_CURVE('',#1168,#1167,#615,.T.);
#1506=EDGE_CURVE('',#1169,#1131,#616,.T.);
#1507=EDGE_CURVE('',#1169,#1168,#617,.T.);
#1508=EDGE_CURVE('',#1170,#1130,#618,.T.);
#1509=EDGE_CURVE('',#1170,#1169,#958,.T.);
#1510=EDGE_CURVE('',#1171,#1129,#619,.T.);
#1511=EDGE_CURVE('',#1171,#1170,#620,.T.);
#1512=EDGE_CURVE('',#1172,#1128,#621,.T.);
#1513=EDGE_CURVE('',#1172,#1171,#622,.T.);
#1514=EDGE_CURVE('',#1173,#1127,#623,.T.);
#1515=EDGE_CURVE('',#1173,#1172,#624,.T.);
#1516=EDGE_CURVE('',#1174,#1126,#625,.T.);
#1517=EDGE_CURVE('',#1174,#1173,#959,.T.);
#1518=EDGE_CURVE('',#1175,#1125,#626,.T.);
#1519=EDGE_CURVE('',#1175,#1174,#627,.T.);
#1520=EDGE_CURVE('',#1176,#1124,#628,.T.);
#1521=EDGE_CURVE('',#1176,#1175,#629,.T.);
#1522=EDGE_CURVE('',#1159,#1176,#630,.T.);
#1523=ORIENTED_EDGE('',*,*,#1177,.T.);
#1524=ORIENTED_EDGE('',*,*,#1178,.T.);
#1525=ORIENTED_EDGE('',*,*,#1179,.T.);
#1526=ORIENTED_EDGE('',*,*,#1180,.T.);
#1527=ORIENTED_EDGE('',*,*,#1178,.F.);
#1528=ORIENTED_EDGE('',*,*,#1181,.F.);
#1529=ORIENTED_EDGE('',*,*,#1182,.T.);
#1530=ORIENTED_EDGE('',*,*,#1183,.F.);
#1531=ORIENTED_EDGE('',*,*,#1184,.T.);
#1532=ORIENTED_EDGE('',*,*,#1185,.T.);
#1533=ORIENTED_EDGE('',*,*,#1186,.T.);
#1534=ORIENTED_EDGE('',*,*,#1187,.T.);
#1535=ORIENTED_EDGE('',*,*,#1180,.F.);
#1536=ORIENTED_EDGE('',*,*,#1188,.F.);
#1537=ORIENTED_EDGE('',*,*,#1185,.F.);
#1538=ORIENTED_EDGE('',*,*,#1189,.F.);
#1539=ORIENTED_EDGE('',*,*,#1190,.T.);
#1540=ORIENTED_EDGE('',*,*,#1191,.T.);
#1541=ORIENTED_EDGE('',*,*,#1192,.T.);
#1542=ORIENTED_EDGE('',*,*,#1193,.T.);
#1543=ORIENTED_EDGE('',*,*,#1191,.F.);
#1544=ORIENTED_EDGE('',*,*,#1194,.F.);
#1545=ORIENTED_EDGE('',*,*,#1195,.F.);
#1546=ORIENTED_EDGE('',*,*,#1196,.F.);
#1547=ORIENTED_EDGE('',*,*,#1197,.T.);
#1548=ORIENTED_EDGE('',*,*,#1198,.T.);
#1549=ORIENTED_EDGE('',*,*,#1199,.T.);
#1550=ORIENTED_EDGE('',*,*,#1195,.T.);
#1551=ORIENTED_EDGE('',*,*,#1198,.F.);
#1552=ORIENTED_EDGE('',*,*,#1200,.F.);
#1553=ORIENTED_EDGE('',*,*,#1201,.T.);
#1554=ORIENTED_EDGE('',*,*,#1202,.F.);
#1555=ORIENTED_EDGE('',*,*,#1193,.F.);
#1556=ORIENTED_EDGE('',*,*,#1203,.F.);
#1557=ORIENTED_EDGE('',*,*,#1204,.F.);
#1558=ORIENTED_EDGE('',*,*,#1205,.F.);
#1559=ORIENTED_EDGE('',*,*,#1206,.F.);
#1560=ORIENTED_EDGE('',*,*,#1201,.F.);
#1561=ORIENTED_EDGE('',*,*,#1207,.F.);
#1562=ORIENTED_EDGE('',*,*,#1208,.T.);
#1563=ORIENTED_EDGE('',*,*,#1209,.F.);
#1564=ORIENTED_EDGE('',*,*,#1208,.F.);
#1565=ORIENTED_EDGE('',*,*,#1210,.F.);
#1566=ORIENTED_EDGE('',*,*,#1211,.T.);
#1567=ORIENTED_EDGE('',*,*,#1212,.F.);
#1568=ORIENTED_EDGE('',*,*,#1211,.F.);
#1569=ORIENTED_EDGE('',*,*,#1213,.F.);
#1570=ORIENTED_EDGE('',*,*,#1204,.T.);
#1571=ORIENTED_EDGE('',*,*,#1187,.F.);
#1572=ORIENTED_EDGE('',*,*,#1214,.F.);
#1573=ORIENTED_EDGE('',*,*,#1215,.F.);
#1574=ORIENTED_EDGE('',*,*,#1216,.F.);
#1575=ORIENTED_EDGE('',*,*,#1217,.F.);
#1576=ORIENTED_EDGE('',*,*,#1182,.F.);
#1577=ORIENTED_EDGE('',*,*,#1218,.F.);
#1578=ORIENTED_EDGE('',*,*,#1219,.T.);
#1579=ORIENTED_EDGE('',*,*,#1220,.F.);
#1580=ORIENTED_EDGE('',*,*,#1219,.F.);
#1581=ORIENTED_EDGE('',*,*,#1221,.F.);
#1582=ORIENTED_EDGE('',*,*,#1222,.T.);
#1583=ORIENTED_EDGE('',*,*,#1223,.F.);
#1584=ORIENTED_EDGE('',*,*,#1222,.F.);
#1585=ORIENTED_EDGE('',*,*,#1224,.F.);
#1586=ORIENTED_EDGE('',*,*,#1215,.T.);
#1587=ORIENTED_EDGE('',*,*,#1225,.F.);
#1588=ORIENTED_EDGE('',*,*,#1226,.T.);
#1589=ORIENTED_EDGE('',*,*,#1227,.T.);
#1590=ORIENTED_EDGE('',*,*,#1228,.T.);
#1591=ORIENTED_EDGE('',*,*,#1229,.T.);
#1592=ORIENTED_EDGE('',*,*,#1230,.T.);
#1593=ORIENTED_EDGE('',*,*,#1227,.F.);
#1594=ORIENTED_EDGE('',*,*,#1231,.T.);
#1595=ORIENTED_EDGE('',*,*,#1232,.F.);
#1596=ORIENTED_EDGE('',*,*,#1233,.T.);
#1597=ORIENTED_EDGE('',*,*,#1229,.F.);
#1598=ORIENTED_EDGE('',*,*,#1234,.T.);
#1599=ORIENTED_EDGE('',*,*,#1234,.F.);
#1600=ORIENTED_EDGE('',*,*,#1231,.F.);
#1601=ORIENTED_EDGE('',*,*,#1226,.F.);
#1602=ORIENTED_EDGE('',*,*,#1235,.F.);
#1603=ORIENTED_EDGE('',*,*,#1236,.T.);
#1604=ORIENTED_EDGE('',*,*,#1237,.T.);
#1605=ORIENTED_EDGE('',*,*,#1238,.T.);
#1606=ORIENTED_EDGE('',*,*,#1239,.T.);
#1607=ORIENTED_EDGE('',*,*,#1240,.T.);
#1608=ORIENTED_EDGE('',*,*,#1241,.T.);
#1609=ORIENTED_EDGE('',*,*,#1238,.F.);
#1610=ORIENTED_EDGE('',*,*,#1242,.T.);
#1611=ORIENTED_EDGE('',*,*,#1243,.T.);
#1612=ORIENTED_EDGE('',*,*,#1244,.T.);
#1613=ORIENTED_EDGE('',*,*,#1240,.F.);
#1614=ORIENTED_EDGE('',*,*,#1245,.T.);
#1615=ORIENTED_EDGE('',*,*,#1245,.F.);
#1616=ORIENTED_EDGE('',*,*,#1242,.F.);
#1617=ORIENTED_EDGE('',*,*,#1237,.F.);
#1618=ORIENTED_EDGE('',*,*,#1246,.F.);
#1619=ORIENTED_EDGE('',*,*,#1228,.F.);
#1620=ORIENTED_EDGE('',*,*,#1247,.T.);
#1621=ORIENTED_EDGE('',*,*,#1248,.T.);
#1622=ORIENTED_EDGE('',*,*,#1249,.F.);
#1623=ORIENTED_EDGE('',*,*,#1248,.F.);
#1624=ORIENTED_EDGE('',*,*,#1250,.F.);
#1625=ORIENTED_EDGE('',*,*,#1251,.F.);
#1626=ORIENTED_EDGE('',*,*,#1252,.F.);
#1627=ORIENTED_EDGE('',*,*,#1230,.F.);
#1628=ORIENTED_EDGE('',*,*,#1253,.F.);
#1629=ORIENTED_EDGE('',*,*,#1250,.T.);
#1630=ORIENTED_EDGE('',*,*,#1247,.F.);
#1631=ORIENTED_EDGE('',*,*,#1244,.F.);
#1632=ORIENTED_EDGE('',*,*,#1254,.F.);
#1633=ORIENTED_EDGE('',*,*,#1255,.T.);
#1634=ORIENTED_EDGE('',*,*,#1256,.T.);
#1635=ORIENTED_EDGE('',*,*,#1241,.F.);
#1636=ORIENTED_EDGE('',*,*,#1256,.F.);
#1637=ORIENTED_EDGE('',*,*,#1257,.T.);
#1638=ORIENTED_EDGE('',*,*,#1258,.F.);
#1639=ORIENTED_EDGE('',*,*,#1233,.F.);
#1640=ORIENTED_EDGE('',*,*,#1259,.T.);
#1641=ORIENTED_EDGE('',*,*,#1251,.T.);
#1642=ORIENTED_EDGE('',*,*,#1253,.T.);
#1643=ORIENTED_EDGE('',*,*,#1239,.F.);
#1644=ORIENTED_EDGE('',*,*,#1258,.T.);
#1645=ORIENTED_EDGE('',*,*,#1260,.T.);
#1646=ORIENTED_EDGE('',*,*,#1261,.T.);
#1647=ORIENTED_EDGE('',*,*,#1235,.T.);
#1648=ORIENTED_EDGE('',*,*,#1225,.T.);
#1649=ORIENTED_EDGE('',*,*,#1262,.F.);
#1650=ORIENTED_EDGE('',*,*,#1263,.T.);
#1651=ORIENTED_EDGE('',*,*,#1264,.F.);
#1652=ORIENTED_EDGE('',*,*,#1232,.T.);
#1653=ORIENTED_EDGE('',*,*,#1252,.T.);
#1654=ORIENTED_EDGE('',*,*,#1265,.F.);
#1655=ORIENTED_EDGE('',*,*,#1266,.T.);
#1656=ORIENTED_EDGE('',*,*,#1267,.F.);
#1657=ORIENTED_EDGE('',*,*,#1255,.F.);
#1658=ORIENTED_EDGE('',*,*,#1266,.F.);
#1659=ORIENTED_EDGE('',*,*,#1260,.F.);
#1660=ORIENTED_EDGE('',*,*,#1257,.F.);
#1661=ORIENTED_EDGE('',*,*,#1246,.T.);
#1662=ORIENTED_EDGE('',*,*,#1236,.F.);
#1663=ORIENTED_EDGE('',*,*,#1268,.F.);
#1664=ORIENTED_EDGE('',*,*,#1269,.F.);
#1665=ORIENTED_EDGE('',*,*,#1270,.F.);
#1666=ORIENTED_EDGE('',*,*,#1243,.F.);
#1667=ORIENTED_EDGE('',*,*,#1271,.F.);
#1668=ORIENTED_EDGE('',*,*,#1272,.T.);
#1669=ORIENTED_EDGE('',*,*,#1273,.T.);
#1670=ORIENTED_EDGE('',*,*,#1274,.T.);
#1671=ORIENTED_EDGE('',*,*,#1275,.T.);
#1672=ORIENTED_EDGE('',*,*,#1276,.T.);
#1673=ORIENTED_EDGE('',*,*,#1273,.F.);
#1674=ORIENTED_EDGE('',*,*,#1277,.T.);
#1675=ORIENTED_EDGE('',*,*,#1278,.F.);
#1676=ORIENTED_EDGE('',*,*,#1279,.T.);
#1677=ORIENTED_EDGE('',*,*,#1275,.F.);
#1678=ORIENTED_EDGE('',*,*,#1280,.T.);
#1679=ORIENTED_EDGE('',*,*,#1280,.F.);
#1680=ORIENTED_EDGE('',*,*,#1277,.F.);
#1681=ORIENTED_EDGE('',*,*,#1272,.F.);
#1682=ORIENTED_EDGE('',*,*,#1281,.F.);
#1683=ORIENTED_EDGE('',*,*,#1282,.T.);
#1684=ORIENTED_EDGE('',*,*,#1283,.T.);
#1685=ORIENTED_EDGE('',*,*,#1284,.T.);
#1686=ORIENTED_EDGE('',*,*,#1285,.T.);
#1687=ORIENTED_EDGE('',*,*,#1286,.T.);
#1688=ORIENTED_EDGE('',*,*,#1287,.T.);
#1689=ORIENTED_EDGE('',*,*,#1284,.F.);
#1690=ORIENTED_EDGE('',*,*,#1288,.T.);
#1691=ORIENTED_EDGE('',*,*,#1289,.T.);
#1692=ORIENTED_EDGE('',*,*,#1290,.T.);
#1693=ORIENTED_EDGE('',*,*,#1286,.F.);
#1694=ORIENTED_EDGE('',*,*,#1291,.T.);
#1695=ORIENTED_EDGE('',*,*,#1291,.F.);
#1696=ORIENTED_EDGE('',*,*,#1288,.F.);
#1697=ORIENTED_EDGE('',*,*,#1283,.F.);
#1698=ORIENTED_EDGE('',*,*,#1292,.F.);
#1699=ORIENTED_EDGE('',*,*,#1274,.F.);
#1700=ORIENTED_EDGE('',*,*,#1293,.T.);
#1701=ORIENTED_EDGE('',*,*,#1294,.T.);
#1702=ORIENTED_EDGE('',*,*,#1295,.F.);
#1703=ORIENTED_EDGE('',*,*,#1294,.F.);
#1704=ORIENTED_EDGE('',*,*,#1296,.F.);
#1705=ORIENTED_EDGE('',*,*,#1297,.F.);
#1706=ORIENTED_EDGE('',*,*,#1298,.F.);
#1707=ORIENTED_EDGE('',*,*,#1290,.F.);
#1708=ORIENTED_EDGE('',*,*,#1299,.F.);
#1709=ORIENTED_EDGE('',*,*,#1300,.T.);
#1710=ORIENTED_EDGE('',*,*,#1301,.T.);
#1711=ORIENTED_EDGE('',*,*,#1287,.F.);
#1712=ORIENTED_EDGE('',*,*,#1301,.F.);
#1713=ORIENTED_EDGE('',*,*,#1302,.T.);
#1714=ORIENTED_EDGE('',*,*,#1303,.F.);
#1715=ORIENTED_EDGE('',*,*,#1279,.F.);
#1716=ORIENTED_EDGE('',*,*,#1304,.T.);
#1717=ORIENTED_EDGE('',*,*,#1297,.T.);
#1718=ORIENTED_EDGE('',*,*,#1305,.T.);
#1719=ORIENTED_EDGE('',*,*,#1264,.T.);
#1720=ORIENTED_EDGE('',*,*,#1306,.T.);
#1721=ORIENTED_EDGE('',*,*,#1307,.T.);
#1722=ORIENTED_EDGE('',*,*,#1308,.T.);
#1723=ORIENTED_EDGE('',*,*,#1309,.T.);
#1724=ORIENTED_EDGE('',*,*,#1310,.T.);
#1725=ORIENTED_EDGE('',*,*,#1311,.T.);
#1726=ORIENTED_EDGE('',*,*,#1312,.T.);
#1727=ORIENTED_EDGE('',*,*,#1313,.T.);
#1728=ORIENTED_EDGE('',*,*,#1314,.T.);
#1729=ORIENTED_EDGE('',*,*,#1315,.T.);
#1730=ORIENTED_EDGE('',*,*,#1316,.T.);
#1731=ORIENTED_EDGE('',*,*,#1317,.T.);
#1732=ORIENTED_EDGE('',*,*,#1318,.T.);
#1733=ORIENTED_EDGE('',*,*,#1319,.T.);
#1734=ORIENTED_EDGE('',*,*,#1320,.T.);
#1735=ORIENTED_EDGE('',*,*,#1321,.T.);
#1736=ORIENTED_EDGE('',*,*,#1322,.T.);
#1737=ORIENTED_EDGE('',*,*,#1323,.T.);
#1738=ORIENTED_EDGE('',*,*,#1324,.T.);
#1739=ORIENTED_EDGE('',*,*,#1325,.T.);
#1740=ORIENTED_EDGE('',*,*,#1326,.T.);
#1741=ORIENTED_EDGE('',*,*,#1327,.T.);
#1742=ORIENTED_EDGE('',*,*,#1328,.T.);
#1743=ORIENTED_EDGE('',*,*,#1329,.T.);
#1744=ORIENTED_EDGE('',*,*,#1330,.T.);
#1745=ORIENTED_EDGE('',*,*,#1331,.T.);
#1746=ORIENTED_EDGE('',*,*,#1332,.T.);
#1747=ORIENTED_EDGE('',*,*,#1333,.T.);
#1748=ORIENTED_EDGE('',*,*,#1334,.T.);
#1749=ORIENTED_EDGE('',*,*,#1335,.T.);
#1750=ORIENTED_EDGE('',*,*,#1336,.F.);
#1751=ORIENTED_EDGE('',*,*,#1337,.T.);
#1752=ORIENTED_EDGE('',*,*,#1304,.F.);
#1753=ORIENTED_EDGE('',*,*,#1338,.T.);
#1754=ORIENTED_EDGE('',*,*,#1339,.T.);
#1755=ORIENTED_EDGE('',*,*,#1340,.T.);
#1756=ORIENTED_EDGE('',*,*,#1341,.T.);
#1757=ORIENTED_EDGE('',*,*,#1342,.T.);
#1758=ORIENTED_EDGE('',*,*,#1343,.T.);
#1759=ORIENTED_EDGE('',*,*,#1344,.T.);
#1760=ORIENTED_EDGE('',*,*,#1345,.T.);
#1761=ORIENTED_EDGE('',*,*,#1268,.T.);
#1762=ORIENTED_EDGE('',*,*,#1261,.F.);
#1763=ORIENTED_EDGE('',*,*,#1265,.T.);
#1764=ORIENTED_EDGE('',*,*,#1259,.F.);
#1765=ORIENTED_EDGE('',*,*,#1285,.F.);
#1766=ORIENTED_EDGE('',*,*,#1303,.T.);
#1767=ORIENTED_EDGE('',*,*,#1346,.T.);
#1768=ORIENTED_EDGE('',*,*,#1336,.T.);
#1769=ORIENTED_EDGE('',*,*,#1276,.F.);
#1770=ORIENTED_EDGE('',*,*,#1305,.F.);
#1771=ORIENTED_EDGE('',*,*,#1296,.T.);
#1772=ORIENTED_EDGE('',*,*,#1293,.F.);
#1773=ORIENTED_EDGE('',*,*,#1298,.T.);
#1774=ORIENTED_EDGE('',*,*,#1337,.F.);
#1775=ORIENTED_EDGE('',*,*,#1347,.T.);
#1776=ORIENTED_EDGE('',*,*,#1348,.F.);
#1777=ORIENTED_EDGE('',*,*,#1281,.T.);
#1778=ORIENTED_EDGE('',*,*,#1271,.T.);
#1779=ORIENTED_EDGE('',*,*,#1349,.F.);
#1780=ORIENTED_EDGE('',*,*,#1350,.T.);
#1781=ORIENTED_EDGE('',*,*,#1338,.F.);
#1782=ORIENTED_EDGE('',*,*,#1278,.T.);
#1783=ORIENTED_EDGE('',*,*,#1300,.F.);
#1784=ORIENTED_EDGE('',*,*,#1347,.F.);
#1785=ORIENTED_EDGE('',*,*,#1346,.F.);
#1786=ORIENTED_EDGE('',*,*,#1302,.F.);
#1787=ORIENTED_EDGE('',*,*,#1292,.T.);
#1788=ORIENTED_EDGE('',*,*,#1282,.F.);
#1789=ORIENTED_EDGE('',*,*,#1335,.F.);
#1790=ORIENTED_EDGE('',*,*,#1351,.F.);
#1791=ORIENTED_EDGE('',*,*,#1352,.F.);
#1792=ORIENTED_EDGE('',*,*,#1289,.F.);
#1793=ORIENTED_EDGE('',*,*,#1353,.F.);
#1794=ORIENTED_EDGE('',*,*,#1354,.T.);
#1795=ORIENTED_EDGE('',*,*,#1355,.T.);
#1796=ORIENTED_EDGE('',*,*,#1356,.F.);
#1797=ORIENTED_EDGE('',*,*,#1357,.T.);
#1798=ORIENTED_EDGE('',*,*,#1358,.T.);
#1799=ORIENTED_EDGE('',*,*,#1359,.T.);
#1800=ORIENTED_EDGE('',*,*,#1360,.T.);
#1801=ORIENTED_EDGE('',*,*,#1361,.T.);
#1802=ORIENTED_EDGE('',*,*,#1362,.T.);
#1803=ORIENTED_EDGE('',*,*,#1363,.T.);
#1804=ORIENTED_EDGE('',*,*,#1359,.F.);
#1805=ORIENTED_EDGE('',*,*,#1364,.T.);
#1806=ORIENTED_EDGE('',*,*,#1365,.T.);
#1807=ORIENTED_EDGE('',*,*,#1366,.T.);
#1808=ORIENTED_EDGE('',*,*,#1349,.T.);
#1809=ORIENTED_EDGE('',*,*,#1295,.T.);
#1810=ORIENTED_EDGE('',*,*,#1348,.T.);
#1811=ORIENTED_EDGE('',*,*,#1299,.T.);
#1812=ORIENTED_EDGE('',*,*,#1352,.T.);
#1813=ORIENTED_EDGE('',*,*,#1367,.T.);
#1814=ORIENTED_EDGE('',*,*,#1368,.T.);
#1815=ORIENTED_EDGE('',*,*,#1369,.T.);
#1816=ORIENTED_EDGE('',*,*,#1366,.F.);
#1817=ORIENTED_EDGE('',*,*,#1370,.T.);
#1818=ORIENTED_EDGE('',*,*,#1371,.T.);
#1819=ORIENTED_EDGE('',*,*,#1372,.T.);
#1820=ORIENTED_EDGE('',*,*,#1368,.F.);
#1821=ORIENTED_EDGE('',*,*,#1373,.T.);
#1822=ORIENTED_EDGE('',*,*,#1374,.T.);
#1823=ORIENTED_EDGE('',*,*,#1375,.T.);
#1824=ORIENTED_EDGE('',*,*,#1371,.F.);
#1825=ORIENTED_EDGE('',*,*,#1376,.T.);
#1826=ORIENTED_EDGE('',*,*,#1377,.T.);
#1827=ORIENTED_EDGE('',*,*,#1378,.T.);
#1828=ORIENTED_EDGE('',*,*,#1374,.F.);
#1829=ORIENTED_EDGE('',*,*,#1379,.T.);
#1830=ORIENTED_EDGE('',*,*,#1380,.T.);
#1831=ORIENTED_EDGE('',*,*,#1381,.T.);
#1832=ORIENTED_EDGE('',*,*,#1377,.F.);
#1833=ORIENTED_EDGE('',*,*,#1382,.T.);
#1834=ORIENTED_EDGE('',*,*,#1380,.F.);
#1835=ORIENTED_EDGE('',*,*,#1383,.T.);
#1836=ORIENTED_EDGE('',*,*,#1384,.T.);
#1837=ORIENTED_EDGE('',*,*,#1385,.T.);
#1838=ORIENTED_EDGE('',*,*,#1384,.F.);
#1839=ORIENTED_EDGE('',*,*,#1386,.T.);
#1840=ORIENTED_EDGE('',*,*,#1387,.T.);
#1841=ORIENTED_EDGE('',*,*,#1262,.T.);
#1842=ORIENTED_EDGE('',*,*,#1249,.T.);
#1843=ORIENTED_EDGE('',*,*,#1267,.T.);
#1844=ORIENTED_EDGE('',*,*,#1254,.T.);
#1845=ORIENTED_EDGE('',*,*,#1270,.T.);
#1846=ORIENTED_EDGE('',*,*,#1387,.F.);
#1847=ORIENTED_EDGE('',*,*,#1388,.T.);
#1848=ORIENTED_EDGE('',*,*,#1389,.T.);
#1849=ORIENTED_EDGE('',*,*,#1390,.T.);
#1850=ORIENTED_EDGE('',*,*,#1389,.F.);
#1851=ORIENTED_EDGE('',*,*,#1391,.T.);
#1852=ORIENTED_EDGE('',*,*,#1392,.T.);
#1853=ORIENTED_EDGE('',*,*,#1393,.T.);
#1854=ORIENTED_EDGE('',*,*,#1392,.F.);
#1855=ORIENTED_EDGE('',*,*,#1394,.T.);
#1856=ORIENTED_EDGE('',*,*,#1395,.T.);
#1857=ORIENTED_EDGE('',*,*,#1396,.T.);
#1858=ORIENTED_EDGE('',*,*,#1395,.F.);
#1859=ORIENTED_EDGE('',*,*,#1397,.T.);
#1860=ORIENTED_EDGE('',*,*,#1398,.T.);
#1861=ORIENTED_EDGE('',*,*,#1399,.T.);
#1862=ORIENTED_EDGE('',*,*,#1364,.F.);
#1863=ORIENTED_EDGE('',*,*,#1400,.T.);
#1864=ORIENTED_EDGE('',*,*,#1362,.F.);
#1865=ORIENTED_EDGE('',*,*,#1401,.T.);
#1866=ORIENTED_EDGE('',*,*,#1402,.T.);
#1867=ORIENTED_EDGE('',*,*,#1403,.T.);
#1868=ORIENTED_EDGE('',*,*,#1398,.F.);
#1869=ORIENTED_EDGE('',*,*,#1404,.T.);
#1870=ORIENTED_EDGE('',*,*,#1405,.T.);
#1871=ORIENTED_EDGE('',*,*,#1357,.F.);
#1872=ORIENTED_EDGE('',*,*,#1406,.T.);
#1873=ORIENTED_EDGE('',*,*,#1404,.F.);
#1874=ORIENTED_EDGE('',*,*,#1407,.T.);
#1875=ORIENTED_EDGE('',*,*,#1408,.T.);
#1876=ORIENTED_EDGE('',*,*,#1409,.T.);
#1877=ORIENTED_EDGE('',*,*,#1390,.F.);
#1878=ORIENTED_EDGE('',*,*,#1410,.T.);
#1879=ORIENTED_EDGE('',*,*,#1306,.F.);
#1880=ORIENTED_EDGE('',*,*,#1263,.F.);
#1881=ORIENTED_EDGE('',*,*,#1393,.F.);
#1882=ORIENTED_EDGE('',*,*,#1411,.T.);
#1883=ORIENTED_EDGE('',*,*,#1307,.F.);
#1884=ORIENTED_EDGE('',*,*,#1410,.F.);
#1885=ORIENTED_EDGE('',*,*,#1396,.F.);
#1886=ORIENTED_EDGE('',*,*,#1412,.T.);
#1887=ORIENTED_EDGE('',*,*,#1308,.F.);
#1888=ORIENTED_EDGE('',*,*,#1411,.F.);
#1889=ORIENTED_EDGE('',*,*,#1403,.F.);
#1890=ORIENTED_EDGE('',*,*,#1413,.T.);
#1891=ORIENTED_EDGE('',*,*,#1309,.F.);
#1892=ORIENTED_EDGE('',*,*,#1412,.F.);
#1893=ORIENTED_EDGE('',*,*,#1402,.F.);
#1894=ORIENTED_EDGE('',*,*,#1414,.F.);
#1895=ORIENTED_EDGE('',*,*,#1355,.F.);
#1896=ORIENTED_EDGE('',*,*,#1415,.T.);
#1897=ORIENTED_EDGE('',*,*,#1416,.F.);
#1898=ORIENTED_EDGE('',*,*,#1417,.F.);
#1899=ORIENTED_EDGE('',*,*,#1418,.T.);
#1900=ORIENTED_EDGE('',*,*,#1310,.F.);
#1901=ORIENTED_EDGE('',*,*,#1413,.F.);
#1902=ORIENTED_EDGE('',*,*,#1401,.F.);
#1903=ORIENTED_EDGE('',*,*,#1397,.F.);
#1904=ORIENTED_EDGE('',*,*,#1394,.F.);
#1905=ORIENTED_EDGE('',*,*,#1391,.F.);
#1906=ORIENTED_EDGE('',*,*,#1388,.F.);
#1907=ORIENTED_EDGE('',*,*,#1386,.F.);
#1908=ORIENTED_EDGE('',*,*,#1383,.F.);
#1909=ORIENTED_EDGE('',*,*,#1379,.F.);
#1910=ORIENTED_EDGE('',*,*,#1376,.F.);
#1911=ORIENTED_EDGE('',*,*,#1373,.F.);
#1912=ORIENTED_EDGE('',*,*,#1370,.F.);
#1913=ORIENTED_EDGE('',*,*,#1367,.F.);
#1914=ORIENTED_EDGE('',*,*,#1365,.F.);
#1915=ORIENTED_EDGE('',*,*,#1399,.F.);
#1916=ORIENTED_EDGE('',*,*,#1361,.F.);
#1917=ORIENTED_EDGE('',*,*,#1358,.F.);
#1918=ORIENTED_EDGE('',*,*,#1405,.F.);
#1919=ORIENTED_EDGE('',*,*,#1409,.F.);
#1920=ORIENTED_EDGE('',*,*,#1419,.T.);
#1921=ORIENTED_EDGE('',*,*,#1356,.T.);
#1922=ORIENTED_EDGE('',*,*,#1414,.T.);
#1923=ORIENTED_EDGE('',*,*,#1206,.T.);
#1924=ORIENTED_EDGE('',*,*,#1209,.T.);
#1925=ORIENTED_EDGE('',*,*,#1212,.T.);
#1926=ORIENTED_EDGE('',*,*,#1203,.T.);
#1927=ORIENTED_EDGE('',*,*,#1192,.F.);
#1928=ORIENTED_EDGE('',*,*,#1196,.T.);
#1929=ORIENTED_EDGE('',*,*,#1199,.F.);
#1930=ORIENTED_EDGE('',*,*,#1202,.T.);
#1931=ORIENTED_EDGE('',*,*,#1217,.T.);
#1932=ORIENTED_EDGE('',*,*,#1220,.T.);
#1933=ORIENTED_EDGE('',*,*,#1223,.T.);
#1934=ORIENTED_EDGE('',*,*,#1214,.T.);
#1935=ORIENTED_EDGE('',*,*,#1186,.F.);
#1936=ORIENTED_EDGE('',*,*,#1188,.T.);
#1937=ORIENTED_EDGE('',*,*,#1179,.F.);
#1938=ORIENTED_EDGE('',*,*,#1183,.T.);
#1939=ORIENTED_EDGE('',*,*,#1420,.F.);
#1940=ORIENTED_EDGE('',*,*,#1421,.F.);
#1941=ORIENTED_EDGE('',*,*,#1422,.F.);
#1942=ORIENTED_EDGE('',*,*,#1423,.F.);
#1943=ORIENTED_EDGE('',*,*,#1424,.F.);
#1944=ORIENTED_EDGE('',*,*,#1425,.F.);
#1945=ORIENTED_EDGE('',*,*,#1426,.F.);
#1946=ORIENTED_EDGE('',*,*,#1427,.F.);
#1947=ORIENTED_EDGE('',*,*,#1428,.F.);
#1948=ORIENTED_EDGE('',*,*,#1429,.F.);
#1949=ORIENTED_EDGE('',*,*,#1430,.F.);
#1950=ORIENTED_EDGE('',*,*,#1431,.F.);
#1951=ORIENTED_EDGE('',*,*,#1432,.F.);
#1952=ORIENTED_EDGE('',*,*,#1433,.F.);
#1953=ORIENTED_EDGE('',*,*,#1434,.F.);
#1954=ORIENTED_EDGE('',*,*,#1435,.F.);
#1955=ORIENTED_EDGE('',*,*,#1436,.F.);
#1956=ORIENTED_EDGE('',*,*,#1437,.F.);
#1957=ORIENTED_EDGE('',*,*,#1438,.F.);
#1958=ORIENTED_EDGE('',*,*,#1415,.F.);
#1959=ORIENTED_EDGE('',*,*,#1354,.F.);
#1960=ORIENTED_EDGE('',*,*,#1207,.T.);
#1961=ORIENTED_EDGE('',*,*,#1200,.T.);
#1962=ORIENTED_EDGE('',*,*,#1197,.F.);
#1963=ORIENTED_EDGE('',*,*,#1194,.T.);
#1964=ORIENTED_EDGE('',*,*,#1190,.F.);
#1965=ORIENTED_EDGE('',*,*,#1205,.T.);
#1966=ORIENTED_EDGE('',*,*,#1213,.T.);
#1967=ORIENTED_EDGE('',*,*,#1210,.T.);
#1968=ORIENTED_EDGE('',*,*,#1218,.T.);
#1969=ORIENTED_EDGE('',*,*,#1181,.T.);
#1970=ORIENTED_EDGE('',*,*,#1177,.F.);
#1971=ORIENTED_EDGE('',*,*,#1189,.T.);
#1972=ORIENTED_EDGE('',*,*,#1184,.F.);
#1973=ORIENTED_EDGE('',*,*,#1216,.T.);
#1974=ORIENTED_EDGE('',*,*,#1224,.T.);
#1975=ORIENTED_EDGE('',*,*,#1221,.T.);
#1976=ORIENTED_EDGE('',*,*,#1439,.F.);
#1977=ORIENTED_EDGE('',*,*,#1440,.T.);
#1978=ORIENTED_EDGE('',*,*,#1328,.F.);
#1979=ORIENTED_EDGE('',*,*,#1441,.F.);
#1980=ORIENTED_EDGE('',*,*,#1442,.F.);
#1981=ORIENTED_EDGE('',*,*,#1441,.T.);
#1982=ORIENTED_EDGE('',*,*,#1327,.F.);
#1983=ORIENTED_EDGE('',*,*,#1443,.F.);
#1984=ORIENTED_EDGE('',*,*,#1444,.F.);
#1985=ORIENTED_EDGE('',*,*,#1443,.T.);
#1986=ORIENTED_EDGE('',*,*,#1326,.F.);
#1987=ORIENTED_EDGE('',*,*,#1445,.F.);
#1988=ORIENTED_EDGE('',*,*,#1446,.F.);
#1989=ORIENTED_EDGE('',*,*,#1445,.T.);
#1990=ORIENTED_EDGE('',*,*,#1325,.F.);
#1991=ORIENTED_EDGE('',*,*,#1447,.F.);
#1992=ORIENTED_EDGE('',*,*,#1448,.F.);
#1993=ORIENTED_EDGE('',*,*,#1447,.T.);
#1994=ORIENTED_EDGE('',*,*,#1324,.F.);
#1995=ORIENTED_EDGE('',*,*,#1449,.F.);
#1996=ORIENTED_EDGE('',*,*,#1450,.F.);
#1997=ORIENTED_EDGE('',*,*,#1449,.T.);
#1998=ORIENTED_EDGE('',*,*,#1323,.F.);
#1999=ORIENTED_EDGE('',*,*,#1451,.F.);
#2000=ORIENTED_EDGE('',*,*,#1452,.F.);
#2001=ORIENTED_EDGE('',*,*,#1451,.T.);
#2002=ORIENTED_EDGE('',*,*,#1322,.F.);
#2003=ORIENTED_EDGE('',*,*,#1453,.F.);
#2004=ORIENTED_EDGE('',*,*,#1454,.F.);
#2005=ORIENTED_EDGE('',*,*,#1453,.T.);
#2006=ORIENTED_EDGE('',*,*,#1321,.F.);
#2007=ORIENTED_EDGE('',*,*,#1455,.F.);
#2008=ORIENTED_EDGE('',*,*,#1456,.F.);
#2009=ORIENTED_EDGE('',*,*,#1455,.T.);
#2010=ORIENTED_EDGE('',*,*,#1320,.F.);
#2011=ORIENTED_EDGE('',*,*,#1457,.F.);
#2012=ORIENTED_EDGE('',*,*,#1458,.F.);
#2013=ORIENTED_EDGE('',*,*,#1457,.T.);
#2014=ORIENTED_EDGE('',*,*,#1319,.F.);
#2015=ORIENTED_EDGE('',*,*,#1459,.F.);
#2016=ORIENTED_EDGE('',*,*,#1460,.F.);
#2017=ORIENTED_EDGE('',*,*,#1459,.T.);
#2018=ORIENTED_EDGE('',*,*,#1318,.F.);
#2019=ORIENTED_EDGE('',*,*,#1461,.F.);
#2020=ORIENTED_EDGE('',*,*,#1462,.F.);
#2021=ORIENTED_EDGE('',*,*,#1461,.T.);
#2022=ORIENTED_EDGE('',*,*,#1317,.F.);
#2023=ORIENTED_EDGE('',*,*,#1463,.F.);
#2024=ORIENTED_EDGE('',*,*,#1464,.F.);
#2025=ORIENTED_EDGE('',*,*,#1463,.T.);
#2026=ORIENTED_EDGE('',*,*,#1316,.F.);
#2027=ORIENTED_EDGE('',*,*,#1465,.F.);
#2028=ORIENTED_EDGE('',*,*,#1466,.F.);
#2029=ORIENTED_EDGE('',*,*,#1465,.T.);
#2030=ORIENTED_EDGE('',*,*,#1315,.F.);
#2031=ORIENTED_EDGE('',*,*,#1467,.F.);
#2032=ORIENTED_EDGE('',*,*,#1468,.F.);
#2033=ORIENTED_EDGE('',*,*,#1467,.T.);
#2034=ORIENTED_EDGE('',*,*,#1314,.F.);
#2035=ORIENTED_EDGE('',*,*,#1469,.F.);
#2036=ORIENTED_EDGE('',*,*,#1470,.F.);
#2037=ORIENTED_EDGE('',*,*,#1469,.T.);
#2038=ORIENTED_EDGE('',*,*,#1313,.F.);
#2039=ORIENTED_EDGE('',*,*,#1471,.F.);
#2040=ORIENTED_EDGE('',*,*,#1472,.F.);
#2041=ORIENTED_EDGE('',*,*,#1471,.T.);
#2042=ORIENTED_EDGE('',*,*,#1312,.F.);
#2043=ORIENTED_EDGE('',*,*,#1473,.F.);
#2044=ORIENTED_EDGE('',*,*,#1474,.F.);
#2045=ORIENTED_EDGE('',*,*,#1473,.T.);
#2046=ORIENTED_EDGE('',*,*,#1311,.F.);
#2047=ORIENTED_EDGE('',*,*,#1418,.F.);
#2048=ORIENTED_EDGE('',*,*,#1406,.F.);
#2049=ORIENTED_EDGE('',*,*,#1475,.T.);
#2050=ORIENTED_EDGE('',*,*,#1331,.F.);
#2051=ORIENTED_EDGE('',*,*,#1476,.F.);
#2052=ORIENTED_EDGE('',*,*,#1360,.F.);
#2053=ORIENTED_EDGE('',*,*,#1477,.T.);
#2054=ORIENTED_EDGE('',*,*,#1332,.F.);
#2055=ORIENTED_EDGE('',*,*,#1475,.F.);
#2056=ORIENTED_EDGE('',*,*,#1363,.F.);
#2057=ORIENTED_EDGE('',*,*,#1478,.T.);
#2058=ORIENTED_EDGE('',*,*,#1333,.F.);
#2059=ORIENTED_EDGE('',*,*,#1477,.F.);
#2060=ORIENTED_EDGE('',*,*,#1400,.F.);
#2061=ORIENTED_EDGE('',*,*,#1351,.T.);
#2062=ORIENTED_EDGE('',*,*,#1334,.F.);
#2063=ORIENTED_EDGE('',*,*,#1478,.F.);
#2064=ORIENTED_EDGE('',*,*,#1369,.F.);
#2065=ORIENTED_EDGE('',*,*,#1479,.T.);
#2066=ORIENTED_EDGE('',*,*,#1339,.F.);
#2067=ORIENTED_EDGE('',*,*,#1350,.F.);
#2068=ORIENTED_EDGE('',*,*,#1372,.F.);
#2069=ORIENTED_EDGE('',*,*,#1480,.T.);
#2070=ORIENTED_EDGE('',*,*,#1340,.F.);
#2071=ORIENTED_EDGE('',*,*,#1479,.F.);
#2072=ORIENTED_EDGE('',*,*,#1375,.F.);
#2073=ORIENTED_EDGE('',*,*,#1481,.T.);
#2074=ORIENTED_EDGE('',*,*,#1341,.F.);
#2075=ORIENTED_EDGE('',*,*,#1480,.F.);
#2076=ORIENTED_EDGE('',*,*,#1378,.F.);
#2077=ORIENTED_EDGE('',*,*,#1482,.T.);
#2078=ORIENTED_EDGE('',*,*,#1342,.F.);
#2079=ORIENTED_EDGE('',*,*,#1481,.F.);
#2080=ORIENTED_EDGE('',*,*,#1381,.F.);
#2081=ORIENTED_EDGE('',*,*,#1483,.T.);
#2082=ORIENTED_EDGE('',*,*,#1343,.F.);
#2083=ORIENTED_EDGE('',*,*,#1482,.F.);
#2084=ORIENTED_EDGE('',*,*,#1382,.F.);
#2085=ORIENTED_EDGE('',*,*,#1484,.T.);
#2086=ORIENTED_EDGE('',*,*,#1344,.F.);
#2087=ORIENTED_EDGE('',*,*,#1483,.F.);
#2088=ORIENTED_EDGE('',*,*,#1385,.F.);
#2089=ORIENTED_EDGE('',*,*,#1269,.T.);
#2090=ORIENTED_EDGE('',*,*,#1345,.F.);
#2091=ORIENTED_EDGE('',*,*,#1484,.F.);
#2092=ORIENTED_EDGE('',*,*,#1407,.F.);
#2093=ORIENTED_EDGE('',*,*,#1476,.T.);
#2094=ORIENTED_EDGE('',*,*,#1330,.F.);
#2095=ORIENTED_EDGE('',*,*,#1485,.T.);
#2096=ORIENTED_EDGE('',*,*,#1408,.F.);
#2097=ORIENTED_EDGE('',*,*,#1485,.F.);
#2098=ORIENTED_EDGE('',*,*,#1329,.F.);
#2099=ORIENTED_EDGE('',*,*,#1440,.F.);
#2100=ORIENTED_EDGE('',*,*,#1486,.F.);
#2101=ORIENTED_EDGE('',*,*,#1487,.T.);
#2102=ORIENTED_EDGE('',*,*,#1420,.T.);
#2103=ORIENTED_EDGE('',*,*,#1353,.T.);
#2104=ORIENTED_EDGE('',*,*,#1419,.F.);
#2105=ORIENTED_EDGE('',*,*,#1438,.T.);
#2106=ORIENTED_EDGE('',*,*,#1488,.F.);
#2107=ORIENTED_EDGE('',*,*,#1489,.T.);
#2108=ORIENTED_EDGE('',*,*,#1416,.T.);
#2109=ORIENTED_EDGE('',*,*,#1437,.T.);
#2110=ORIENTED_EDGE('',*,*,#1490,.F.);
#2111=ORIENTED_EDGE('',*,*,#1491,.T.);
#2112=ORIENTED_EDGE('',*,*,#1488,.T.);
#2113=ORIENTED_EDGE('',*,*,#1436,.T.);
#2114=ORIENTED_EDGE('',*,*,#1492,.F.);
#2115=ORIENTED_EDGE('',*,*,#1493,.T.);
#2116=ORIENTED_EDGE('',*,*,#1490,.T.);
#2117=ORIENTED_EDGE('',*,*,#1435,.T.);
#2118=ORIENTED_EDGE('',*,*,#1494,.F.);
#2119=ORIENTED_EDGE('',*,*,#1495,.T.);
#2120=ORIENTED_EDGE('',*,*,#1492,.T.);
#2121=ORIENTED_EDGE('',*,*,#1434,.T.);
#2122=ORIENTED_EDGE('',*,*,#1496,.F.);
#2123=ORIENTED_EDGE('',*,*,#1497,.T.);
#2124=ORIENTED_EDGE('',*,*,#1494,.T.);
#2125=ORIENTED_EDGE('',*,*,#1433,.T.);
#2126=ORIENTED_EDGE('',*,*,#1498,.F.);
#2127=ORIENTED_EDGE('',*,*,#1499,.T.);
#2128=ORIENTED_EDGE('',*,*,#1496,.T.);
#2129=ORIENTED_EDGE('',*,*,#1432,.T.);
#2130=ORIENTED_EDGE('',*,*,#1500,.F.);
#2131=ORIENTED_EDGE('',*,*,#1501,.T.);
#2132=ORIENTED_EDGE('',*,*,#1498,.T.);
#2133=ORIENTED_EDGE('',*,*,#1431,.T.);
#2134=ORIENTED_EDGE('',*,*,#1502,.F.);
#2135=ORIENTED_EDGE('',*,*,#1503,.T.);
#2136=ORIENTED_EDGE('',*,*,#1500,.T.);
#2137=ORIENTED_EDGE('',*,*,#1430,.T.);
#2138=ORIENTED_EDGE('',*,*,#1504,.F.);
#2139=ORIENTED_EDGE('',*,*,#1505,.T.);
#2140=ORIENTED_EDGE('',*,*,#1502,.T.);
#2141=ORIENTED_EDGE('',*,*,#1429,.T.);
#2142=ORIENTED_EDGE('',*,*,#1506,.F.);
#2143=ORIENTED_EDGE('',*,*,#1507,.T.);
#2144=ORIENTED_EDGE('',*,*,#1504,.T.);
#2145=ORIENTED_EDGE('',*,*,#1428,.T.);
#2146=ORIENTED_EDGE('',*,*,#1508,.F.);
#2147=ORIENTED_EDGE('',*,*,#1509,.T.);
#2148=ORIENTED_EDGE('',*,*,#1506,.T.);
#2149=ORIENTED_EDGE('',*,*,#1427,.T.);
#2150=ORIENTED_EDGE('',*,*,#1510,.F.);
#2151=ORIENTED_EDGE('',*,*,#1511,.T.);
#2152=ORIENTED_EDGE('',*,*,#1508,.T.);
#2153=ORIENTED_EDGE('',*,*,#1426,.T.);
#2154=ORIENTED_EDGE('',*,*,#1512,.F.);
#2155=ORIENTED_EDGE('',*,*,#1513,.T.);
#2156=ORIENTED_EDGE('',*,*,#1510,.T.);
#2157=ORIENTED_EDGE('',*,*,#1425,.T.);
#2158=ORIENTED_EDGE('',*,*,#1514,.F.);
#2159=ORIENTED_EDGE('',*,*,#1515,.T.);
#2160=ORIENTED_EDGE('',*,*,#1512,.T.);
#2161=ORIENTED_EDGE('',*,*,#1424,.T.);
#2162=ORIENTED_EDGE('',*,*,#1516,.F.);
#2163=ORIENTED_EDGE('',*,*,#1517,.T.);
#2164=ORIENTED_EDGE('',*,*,#1514,.T.);
#2165=ORIENTED_EDGE('',*,*,#1423,.T.);
#2166=ORIENTED_EDGE('',*,*,#1518,.F.);
#2167=ORIENTED_EDGE('',*,*,#1519,.T.);
#2168=ORIENTED_EDGE('',*,*,#1516,.T.);
#2169=ORIENTED_EDGE('',*,*,#1422,.T.);
#2170=ORIENTED_EDGE('',*,*,#1520,.F.);
#2171=ORIENTED_EDGE('',*,*,#1521,.T.);
#2172=ORIENTED_EDGE('',*,*,#1518,.T.);
#2173=ORIENTED_EDGE('',*,*,#1421,.T.);
#2174=ORIENTED_EDGE('',*,*,#1487,.F.);
#2175=ORIENTED_EDGE('',*,*,#1522,.T.);
#2176=ORIENTED_EDGE('',*,*,#1520,.T.);
#2177=ORIENTED_EDGE('',*,*,#1474,.T.);
#2178=ORIENTED_EDGE('',*,*,#1417,.T.);
#2179=ORIENTED_EDGE('',*,*,#1489,.F.);
#2180=ORIENTED_EDGE('',*,*,#1491,.F.);
#2181=ORIENTED_EDGE('',*,*,#1493,.F.);
#2182=ORIENTED_EDGE('',*,*,#1495,.F.);
#2183=ORIENTED_EDGE('',*,*,#1497,.F.);
#2184=ORIENTED_EDGE('',*,*,#1499,.F.);
#2185=ORIENTED_EDGE('',*,*,#1501,.F.);
#2186=ORIENTED_EDGE('',*,*,#1503,.F.);
#2187=ORIENTED_EDGE('',*,*,#1505,.F.);
#2188=ORIENTED_EDGE('',*,*,#1507,.F.);
#2189=ORIENTED_EDGE('',*,*,#1509,.F.);
#2190=ORIENTED_EDGE('',*,*,#1511,.F.);
#2191=ORIENTED_EDGE('',*,*,#1513,.F.);
#2192=ORIENTED_EDGE('',*,*,#1515,.F.);
#2193=ORIENTED_EDGE('',*,*,#1517,.F.);
#2194=ORIENTED_EDGE('',*,*,#1519,.F.);
#2195=ORIENTED_EDGE('',*,*,#1521,.F.);
#2196=ORIENTED_EDGE('',*,*,#1522,.F.);
#2197=ORIENTED_EDGE('',*,*,#1486,.T.);
#2198=ORIENTED_EDGE('',*,*,#1439,.T.);
#2199=ORIENTED_EDGE('',*,*,#1442,.T.);
#2200=ORIENTED_EDGE('',*,*,#1444,.T.);
#2201=ORIENTED_EDGE('',*,*,#1446,.T.);
#2202=ORIENTED_EDGE('',*,*,#1448,.T.);
#2203=ORIENTED_EDGE('',*,*,#1450,.T.);
#2204=ORIENTED_EDGE('',*,*,#1452,.T.);
#2205=ORIENTED_EDGE('',*,*,#1454,.T.);
#2206=ORIENTED_EDGE('',*,*,#1456,.T.);
#2207=ORIENTED_EDGE('',*,*,#1458,.T.);
#2208=ORIENTED_EDGE('',*,*,#1460,.T.);
#2209=ORIENTED_EDGE('',*,*,#1462,.T.);
#2210=ORIENTED_EDGE('',*,*,#1464,.T.);
#2211=ORIENTED_EDGE('',*,*,#1466,.T.);
#2212=ORIENTED_EDGE('',*,*,#1468,.T.);
#2213=ORIENTED_EDGE('',*,*,#1470,.T.);
#2214=ORIENTED_EDGE('',*,*,#1472,.T.);
#2215=CYLINDRICAL_SURFACE('',#2408,0.25);
#2216=CYLINDRICAL_SURFACE('',#2412,0.25);
#2217=CYLINDRICAL_SURFACE('',#2416,0.25);
#2218=CYLINDRICAL_SURFACE('',#2420,0.25);
#2219=CYLINDRICAL_SURFACE('',#2425,0.0599993201538637);
#2220=CYLINDRICAL_SURFACE('',#2429,0.0599993202038509);
#2221=CYLINDRICAL_SURFACE('',#2433,0.059999320153846);
#2222=CYLINDRICAL_SURFACE('',#2437,0.0599993202038509);
#2223=CYLINDRICAL_SURFACE('',#2444,0.75);
#2224=CYLINDRICAL_SURFACE('',#2454,0.75);
#2225=CYLINDRICAL_SURFACE('',#2460,1.);
#2226=CYLINDRICAL_SURFACE('',#2465,1.);
#2227=CYLINDRICAL_SURFACE('',#2468,1.);
#2228=CYLINDRICAL_SURFACE('',#2469,1.);
#2229=CYLINDRICAL_SURFACE('',#2479,0.75);
#2230=CYLINDRICAL_SURFACE('',#2489,0.75);
#2231=CYLINDRICAL_SURFACE('',#2495,1.);
#2232=CYLINDRICAL_SURFACE('',#2499,1.);
#2233=CYLINDRICAL_SURFACE('',#2502,1.);
#2234=CYLINDRICAL_SURFACE('',#2512,1.);
#2235=CYLINDRICAL_SURFACE('',#2519,1.);
#2236=CYLINDRICAL_SURFACE('',#2522,1.);
#2237=CYLINDRICAL_SURFACE('',#2526,1.);
#2238=CYLINDRICAL_SURFACE('',#2528,1.);
#2239=CYLINDRICAL_SURFACE('',#2532,1.);
#2240=CYLINDRICAL_SURFACE('',#2534,1.);
#2241=CYLINDRICAL_SURFACE('',#2536,1.);
#2242=CYLINDRICAL_SURFACE('',#2540,1.);
#2243=CYLINDRICAL_SURFACE('',#2542,1.);
#2244=CYLINDRICAL_SURFACE('',#2544,1.);
#2245=CYLINDRICAL_SURFACE('',#2548,1.);
#2246=CYLINDRICAL_SURFACE('',#2550,1.);
#2247=CYLINDRICAL_SURFACE('',#2551,1.);
#2248=CYLINDRICAL_SURFACE('',#2553,1.);
#2249=CYLINDRICAL_SURFACE('',#2554,1.);
#2250=CYLINDRICAL_SURFACE('',#2557,3.50255313155436);
#2251=CYLINDRICAL_SURFACE('',#2570,2.50267615328062);
#2252=CYLINDRICAL_SURFACE('',#2575,2.50255313155151);
#2253=CYLINDRICAL_SURFACE('',#2580,2.50255313164487);
#2254=CYLINDRICAL_SURFACE('',#2585,2.50255313155436);
#2255=CYLINDRICAL_SURFACE('',#2591,3.50267615328062);
#2256=CYLINDRICAL_SURFACE('',#2594,3.50255313155151);
#2257=CYLINDRICAL_SURFACE('',#2598,3.50255313164488);
#2258=CYLINDRICAL_SURFACE('',#2604,1.50255313155436);
#2259=CYLINDRICAL_SURFACE('',#2609,1.50255313164487);
#2260=CYLINDRICAL_SURFACE('',#2614,1.50255313155151);
#2261=CYLINDRICAL_SURFACE('',#2619,1.50267615328063);
#2262=ADVANCED_FACE('',(#124),#2215,.F.);
#2263=ADVANCED_FACE('',(#125),#52,.F.);
#2264=ADVANCED_FACE('',(#126),#2216,.F.);
#2265=ADVANCED_FACE('',(#127),#53,.F.);
#2266=ADVANCED_FACE('',(#128),#2217,.F.);
#2267=ADVANCED_FACE('',(#129),#54,.F.);
#2268=ADVANCED_FACE('',(#130),#2218,.F.);
#2269=ADVANCED_FACE('',(#131),#55,.F.);
#2270=ADVANCED_FACE('',(#132),#56,.F.);
#2271=ADVANCED_FACE('',(#133),#2219,.F.);
#2272=ADVANCED_FACE('',(#134),#57,.F.);
#2273=ADVANCED_FACE('',(#135),#2220,.F.);
#2274=ADVANCED_FACE('',(#136),#58,.F.);
#2275=ADVANCED_FACE('',(#137),#2221,.F.);
#2276=ADVANCED_FACE('',(#138),#59,.F.);
#2277=ADVANCED_FACE('',(#139),#2222,.F.);
#2278=ADVANCED_FACE('',(#140),#44,.F.);
#2279=ADVANCED_FACE('',(#141),#2223,.T.);
#2280=ADVANCED_FACE('',(#142),#45,.F.);
#2281=ADVANCED_FACE('',(#143),#60,.T.);
#2282=ADVANCED_FACE('',(#144),#46,.F.);
#2283=ADVANCED_FACE('',(#145),#2224,.T.);
#2284=ADVANCED_FACE('',(#146),#47,.F.);
#2285=ADVANCED_FACE('',(#147),#61,.T.);
#2286=ADVANCED_FACE('',(#148),#2225,.T.);
#2287=ADVANCED_FACE('',(#149),#62,.T.);
#2288=ADVANCED_FACE('',(#150),#63,.T.);
#2289=ADVANCED_FACE('',(#151),#2226,.T.);
#2290=ADVANCED_FACE('',(#152),#64,.T.);
#2291=ADVANCED_FACE('',(#153),#2227,.T.);
#2292=ADVANCED_FACE('',(#154),#2228,.T.);
#2293=ADVANCED_FACE('',(#155),#65,.T.);
#2294=ADVANCED_FACE('',(#156),#66,.T.);
#2295=ADVANCED_FACE('',(#157),#67,.T.);
#2296=ADVANCED_FACE('',(#158),#68,.T.);
#2297=ADVANCED_FACE('',(#159),#48,.F.);
#2298=ADVANCED_FACE('',(#160),#2229,.T.);
#2299=ADVANCED_FACE('',(#161),#49,.F.);
#2300=ADVANCED_FACE('',(#162),#69,.T.);
#2301=ADVANCED_FACE('',(#163),#50,.F.);
#2302=ADVANCED_FACE('',(#164),#2230,.T.);
#2303=ADVANCED_FACE('',(#165),#51,.F.);
#2304=ADVANCED_FACE('',(#166),#70,.T.);
#2305=ADVANCED_FACE('',(#167),#2231,.T.);
#2306=ADVANCED_FACE('',(#168),#71,.T.);
#2307=ADVANCED_FACE('',(#169),#2232,.T.);
#2308=ADVANCED_FACE('',(#170),#72,.T.);
#2309=ADVANCED_FACE('',(#171),#2233,.T.);
#2310=ADVANCED_FACE('',(#172),#73,.T.);
#2311=ADVANCED_FACE('',(#173),#2234,.T.);
#2312=ADVANCED_FACE('',(#174),#74,.T.);
#2313=ADVANCED_FACE('',(#175),#75,.T.);
#2314=ADVANCED_FACE('',(#176),#76,.T.);
#2315=ADVANCED_FACE('',(#177),#77,.T.);
#2316=ADVANCED_FACE('',(#178),#78,.T.);
#2317=ADVANCED_FACE('',(#179),#2235,.T.);
#2318=ADVANCED_FACE('',(#180),#2236,.T.);
#2319=ADVANCED_FACE('',(#181),#29,.T.);
#2320=ADVANCED_FACE('',(#182),#2237,.T.);
#2321=ADVANCED_FACE('',(#183),#2238,.T.);
#2322=ADVANCED_FACE('',(#184),#30,.T.);
#2323=ADVANCED_FACE('',(#185),#2239,.T.);
#2324=ADVANCED_FACE('',(#186),#2240,.T.);
#2325=ADVANCED_FACE('',(#187),#2241,.T.);
#2326=ADVANCED_FACE('',(#188),#31,.T.);
#2327=ADVANCED_FACE('',(#189),#2242,.T.);
#2328=ADVANCED_FACE('',(#190),#2243,.T.);
#2329=ADVANCED_FACE('',(#191),#2244,.T.);
#2330=ADVANCED_FACE('',(#192),#32,.T.);
#2331=ADVANCED_FACE('',(#193),#2245,.T.);
#2332=ADVANCED_FACE('',(#194),#2246,.T.);
#2333=ADVANCED_FACE('',(#195),#2247,.T.);
#2334=ADVANCED_FACE('',(#196),#2248,.T.);
#2335=ADVANCED_FACE('',(#197),#2249,.T.);
#2336=ADVANCED_FACE('',(#198),#79,.T.);
#2337=ADVANCED_FACE('',(#199),#2250,.T.);
#2338=ADVANCED_FACE('',(#200),#80,.T.);
#2339=ADVANCED_FACE('',(#201),#81,.T.);
#2340=ADVANCED_FACE('',(#202),#82,.T.);
#2341=ADVANCED_FACE('',(#203,#19,#20),#83,.F.);
#2342=ADVANCED_FACE('',(#204,#21,#22),#84,.T.);
#2343=ADVANCED_FACE('',(#205),#85,.T.);
#2344=ADVANCED_FACE('',(#206),#86,.T.);
#2345=ADVANCED_FACE('',(#207),#87,.T.);
#2346=ADVANCED_FACE('',(#208),#2251,.F.);
#2347=ADVANCED_FACE('',(#209),#88,.T.);
#2348=ADVANCED_FACE('',(#210),#89,.T.);
#2349=ADVANCED_FACE('',(#211),#90,.T.);
#2350=ADVANCED_FACE('',(#212),#2252,.F.);
#2351=ADVANCED_FACE('',(#213),#91,.T.);
#2352=ADVANCED_FACE('',(#214),#92,.T.);
#2353=ADVANCED_FACE('',(#215),#93,.T.);
#2354=ADVANCED_FACE('',(#216),#2253,.F.);
#2355=ADVANCED_FACE('',(#217),#94,.T.);
#2356=ADVANCED_FACE('',(#218),#95,.T.);
#2357=ADVANCED_FACE('',(#219),#96,.T.);
#2358=ADVANCED_FACE('',(#220),#2254,.F.);
#2359=ADVANCED_FACE('',(#221),#97,.T.);
#2360=ADVANCED_FACE('',(#222),#98,.T.);
#2361=ADVANCED_FACE('',(#223),#99,.T.);
#2362=ADVANCED_FACE('',(#224),#100,.T.);
#2363=ADVANCED_FACE('',(#225),#2255,.T.);
#2364=ADVANCED_FACE('',(#226),#101,.T.);
#2365=ADVANCED_FACE('',(#227),#102,.T.);
#2366=ADVANCED_FACE('',(#228),#2256,.T.);
#2367=ADVANCED_FACE('',(#229),#103,.T.);
#2368=ADVANCED_FACE('',(#230),#104,.T.);
#2369=ADVANCED_FACE('',(#231),#105,.T.);
#2370=ADVANCED_FACE('',(#232),#2257,.T.);
#2371=ADVANCED_FACE('',(#233),#106,.T.);
#2372=ADVANCED_FACE('',(#234),#107,.T.);
#2373=ADVANCED_FACE('',(#235),#108,.T.);
#2374=ADVANCED_FACE('',(#236),#109,.T.);
#2375=ADVANCED_FACE('',(#237),#110,.T.);
#2376=ADVANCED_FACE('',(#238),#2258,.F.);
#2377=ADVANCED_FACE('',(#239),#111,.T.);
#2378=ADVANCED_FACE('',(#240),#112,.T.);
#2379=ADVANCED_FACE('',(#241),#113,.T.);
#2380=ADVANCED_FACE('',(#242),#2259,.F.);
#2381=ADVANCED_FACE('',(#243),#114,.T.);
#2382=ADVANCED_FACE('',(#244),#115,.T.);
#2383=ADVANCED_FACE('',(#245),#116,.T.);
#2384=ADVANCED_FACE('',(#246),#2260,.F.);
#2385=ADVANCED_FACE('',(#247),#117,.T.);
#2386=ADVANCED_FACE('',(#248),#118,.T.);
#2387=ADVANCED_FACE('',(#249),#119,.T.);
#2388=ADVANCED_FACE('',(#250),#2261,.F.);
#2389=ADVANCED_FACE('',(#251),#120,.T.);
#2390=ADVANCED_FACE('',(#252),#121,.T.);
#2391=ADVANCED_FACE('',(#253),#122,.T.);
#2392=ADVANCED_FACE('',(#254),#123,.T.);
#2393=CLOSED_SHELL('',(#2262,#2263,#2264,#2265,#2266,#2267,#2268,#2269,
#2270,#2271,#2272,#2273,#2274,#2275,#2276,#2277,#2278,#2279,#2280,#2281,
#2282,#2283,#2284,#2285,#2286,#2287,#2288,#2289,#2290,#2291,#2292,#2293,
#2294,#2295,#2296,#2297,#2298,#2299,#2300,#2301,#2302,#2303,#2304,#2305,
#2306,#2307,#2308,#2309,#2310,#2311,#2312,#2313,#2314,#2315,#2316,#2317,
#2318,#2319,#2320,#2321,#2322,#2323,#2324,#2325,#2326,#2327,#2328,#2329,
#2330,#2331,#2332,#2333,#2334,#2335,#2336,#2337,#2338,#2339,#2340,#2341,
#2342,#2343,#2344,#2345,#2346,#2347,#2348,#2349,#2350,#2351,#2352,#2353,
#2354,#2355,#2356,#2357,#2358,#2359,#2360,#2361,#2362,#2363,#2364,#2365,
#2366,#2367,#2368,#2369,#2370,#2371,#2372,#2373,#2374,#2375,#2376,#2377,
#2378,#2379,#2380,#2381,#2382,#2383,#2384,#2385,#2386,#2387,#2388,#2389,
#2390,#2391,#2392));
#2394=DERIVED_UNIT_ELEMENT(#2396,1.);
#2395=DERIVED_UNIT_ELEMENT(#4271,-3.);
#2396=(
MASS_UNIT()
NAMED_UNIT(*)
SI_UNIT(.KILO.,.GRAM.)
);
#2397=DERIVED_UNIT((#2394,#2395));
#2398=MEASURE_REPRESENTATION_ITEM('density measure',
POSITIVE_RATIO_MEASURE(7850.),#2397);
#2399=PROPERTY_DEFINITION_REPRESENTATION(#2404,#2401);
#2400=PROPERTY_DEFINITION_REPRESENTATION(#2405,#2402);
#2401=REPRESENTATION('material name',(#2403),#4268);
#2402=REPRESENTATION('density',(#2398),#4268);
#2403=DESCRIPTIVE_REPRESENTATION_ITEM('Steel','Steel');
#2404=PROPERTY_DEFINITION('material property','material name',#4283);
#2405=PROPERTY_DEFINITION('material property','density of part',#4283);
#2406=AXIS2_PLACEMENT_3D('',#3307,#2626,#2627);
#2407=AXIS2_PLACEMENT_3D('',#3308,#2628,#2629);
#2408=AXIS2_PLACEMENT_3D('',#3309,#2630,#2631);
#2409=AXIS2_PLACEMENT_3D('',#3312,#2632,#2633);
#2410=AXIS2_PLACEMENT_3D('',#3316,#2635,#2636);
#2411=AXIS2_PLACEMENT_3D('',#3318,#2638,#2639);
#2412=AXIS2_PLACEMENT_3D('',#3324,#2643,#2644);
#2413=AXIS2_PLACEMENT_3D('',#3327,#2645,#2646);
#2414=AXIS2_PLACEMENT_3D('',#3331,#2648,#2649);
#2415=AXIS2_PLACEMENT_3D('',#3333,#2651,#2652);
#2416=AXIS2_PLACEMENT_3D('',#3336,#2655,#2656);
#2417=AXIS2_PLACEMENT_3D('',#3339,#2657,#2658);
#2418=AXIS2_PLACEMENT_3D('',#3343,#2660,#2661);
#2419=AXIS2_PLACEMENT_3D('',#3345,#2663,#2664);
#2420=AXIS2_PLACEMENT_3D('',#3351,#2668,#2669);
#2421=AXIS2_PLACEMENT_3D('',#3353,#2670,#2671);
#2422=AXIS2_PLACEMENT_3D('',#3356,#2673,#2674);
#2423=AXIS2_PLACEMENT_3D('',#3357,#2675,#2676);
#2424=AXIS2_PLACEMENT_3D('',#3363,#2680,#2681);
#2425=AXIS2_PLACEMENT_3D('',#3369,#2685,#2686);
#2426=AXIS2_PLACEMENT_3D('',#3371,#2687,#2688);
#2427=AXIS2_PLACEMENT_3D('',#3373,#2689,#2690);
#2428=AXIS2_PLACEMENT_3D('',#3375,#2692,#2693);
#2429=AXIS2_PLACEMENT_3D('',#3381,#2697,#2698);
#2430=AXIS2_PLACEMENT_3D('',#3382,#2699,#2700);
#2431=AXIS2_PLACEMENT_3D('',#3383,#2701,#2702);
#2432=AXIS2_PLACEMENT_3D('',#3384,#2703,#2704);
#2433=AXIS2_PLACEMENT_3D('',#3390,#2708,#2709);
#2434=AXIS2_PLACEMENT_3D('',#3392,#2710,#2711);
#2435=AXIS2_PLACEMENT_3D('',#3394,#2712,#2713);
#2436=AXIS2_PLACEMENT_3D('',#3396,#2715,#2716);
#2437=AXIS2_PLACEMENT_3D('',#3402,#2720,#2721);
#2438=AXIS2_PLACEMENT_3D('',#3403,#2722,#2723);
#2439=AXIS2_PLACEMENT_3D('',#3404,#2724,#2725);
#2440=AXIS2_PLACEMENT_3D('',#3416,#2726,#2727);
#2441=AXIS2_PLACEMENT_3D('',#3418,#2728,#2729);
#2442=AXIS2_PLACEMENT_3D('',#3420,#2730,#2731);
#2443=AXIS2_PLACEMENT_3D('',#3421,#2732,#2733);
#2444=AXIS2_PLACEMENT_3D('',#3422,#2734,#2735);
#2445=AXIS2_PLACEMENT_3D('',#3425,#2736,#2737);
#2446=AXIS2_PLACEMENT_3D('',#3439,#2740,#2741);
#2447=AXIS2_PLACEMENT_3D('',#3440,#2742,#2743);
#2448=AXIS2_PLACEMENT_3D('',#3441,#2744,#2745);
#2449=AXIS2_PLACEMENT_3D('',#3442,#2746,#2747);
#2450=AXIS2_PLACEMENT_3D('',#3455,#2749,#2750);
#2451=AXIS2_PLACEMENT_3D('',#3457,#2751,#2752);
#2452=AXIS2_PLACEMENT_3D('',#3459,#2753,#2754);
#2453=AXIS2_PLACEMENT_3D('',#3460,#2755,#2756);
#2454=AXIS2_PLACEMENT_3D('',#3461,#2757,#2758);
#2455=AXIS2_PLACEMENT_3D('',#3464,#2759,#2760);
#2456=AXIS2_PLACEMENT_3D('',#3478,#2763,#2764);
#2457=AXIS2_PLACEMENT_3D('',#3479,#2765,#2766);
#2458=AXIS2_PLACEMENT_3D('',#3480,#2767,#2768);
#2459=AXIS2_PLACEMENT_3D('',#3481,#2769,#2770);
#2460=AXIS2_PLACEMENT_3D('',#3483,#2772,#2773);
#2461=AXIS2_PLACEMENT_3D('',#3487,#2775,#2776);
#2462=AXIS2_PLACEMENT_3D('',#3489,#2778,#2779);
#2463=AXIS2_PLACEMENT_3D('',#3493,#2781,#2782);
#2464=AXIS2_PLACEMENT_3D('',#3495,#2784,#2785);
#2465=AXIS2_PLACEMENT_3D('',#3497,#2787,#2788);
#2466=AXIS2_PLACEMENT_3D('',#3501,#2790,#2791);
#2467=AXIS2_PLACEMENT_3D('',#3503,#2793,#2794);
#2468=AXIS2_PLACEMENT_3D('',#3507,#2797,#2798);
#2469=AXIS2_PLACEMENT_3D('',#3509,#2800,#2801);
#2470=AXIS2_PLACEMENT_3D('',#3511,#2802,#2803);
#2471=AXIS2_PLACEMENT_3D('',#3513,#2805,#2806);
#2472=AXIS2_PLACEMENT_3D('',#3519,#2810,#2811);
#2473=AXIS2_PLACEMENT_3D('',#3523,#2815,#2816);
#2474=AXIS2_PLACEMENT_3D('',#3524,#2817,#2818);
#2475=AXIS2_PLACEMENT_3D('',#3541,#2822,#2823);
#2476=AXIS2_PLACEMENT_3D('',#3543,#2824,#2825);
#2477=AXIS2_PLACEMENT_3D('',#3545,#2826,#2827);
#2478=AXIS2_PLACEMENT_3D('',#3546,#2828,#2829);
#2479=AXIS2_PLACEMENT_3D('',#3547,#2830,#2831);
#2480=AXIS2_PLACEMENT_3D('',#3550,#2832,#2833);
#2481=AXIS2_PLACEMENT_3D('',#3564,#2836,#2837);
#2482=AXIS2_PLACEMENT_3D('',#3565,#2838,#2839);
#2483=AXIS2_PLACEMENT_3D('',#3566,#2840,#2841);
#2484=AXIS2_PLACEMENT_3D('',#3567,#2842,#2843);
#2485=AXIS2_PLACEMENT_3D('',#3580,#2845,#2846);
#2486=AXIS2_PLACEMENT_3D('',#3582,#2847,#2848);
#2487=AXIS2_PLACEMENT_3D('',#3584,#2849,#2850);
#2488=AXIS2_PLACEMENT_3D('',#3585,#2851,#2852);
#2489=AXIS2_PLACEMENT_3D('',#3586,#2853,#2854);
#2490=AXIS2_PLACEMENT_3D('',#3589,#2855,#2856);
#2491=AXIS2_PLACEMENT_3D('',#3603,#2859,#2860);
#2492=AXIS2_PLACEMENT_3D('',#3604,#2861,#2862);
#2493=AXIS2_PLACEMENT_3D('',#3605,#2863,#2864);
#2494=AXIS2_PLACEMENT_3D('',#3606,#2865,#2866);
#2495=AXIS2_PLACEMENT_3D('',#3608,#2868,#2869);
#2496=AXIS2_PLACEMENT_3D('',#3612,#2871,#2872);
#2497=AXIS2_PLACEMENT_3D('',#3614,#2874,#2875);
#2498=AXIS2_PLACEMENT_3D('',#3618,#2877,#2878);
#2499=AXIS2_PLACEMENT_3D('',#3620,#2880,#2881);
#2500=AXIS2_PLACEMENT_3D('',#3624,#2883,#2884);
#2501=AXIS2_PLACEMENT_3D('',#3626,#2886,#2887);
#2502=AXIS2_PLACEMENT_3D('',#3630,#2890,#2891);
#2503=AXIS2_PLACEMENT_3D('',#3633,#2894,#2895);
#2504=AXIS2_PLACEMENT_3D('',#3637,#2897,#2898);
#2505=AXIS2_PLACEMENT_3D('',#3649,#2904,#2905);
#2506=AXIS2_PLACEMENT_3D('',#3657,#2909,#2910);
#2507=AXIS2_PLACEMENT_3D('',#3665,#2914,#2915);
#2508=AXIS2_PLACEMENT_3D('',#3673,#2919,#2920);
#2509=AXIS2_PLACEMENT_3D('',#3689,#2928,#2929);
#2510=AXIS2_PLACEMENT_3D('',#3701,#2936,#2937);
#2511=AXIS2_PLACEMENT_3D('',#3709,#2941,#2942);
#2512=AXIS2_PLACEMENT_3D('',#3711,#2944,#2945);
#2513=AXIS2_PLACEMENT_3D('',#3712,#2946,#2947);
#2514=AXIS2_PLACEMENT_3D('',#3713,#2948,#2949);
#2515=AXIS2_PLACEMENT_3D('',#3714,#2950,#2951);
#2516=AXIS2_PLACEMENT_3D('',#3717,#2954,#2955);
#2517=AXIS2_PLACEMENT_3D('',#3721,#2958,#2959);
#2518=AXIS2_PLACEMENT_3D('',#3722,#2960,#2961);
#2519=AXIS2_PLACEMENT_3D('',#3726,#2964,#2965);
#2520=AXIS2_PLACEMENT_3D('',#3729,#2966,#2967);
#2521=AXIS2_PLACEMENT_3D('',#3733,#2969,#2970);
#2522=AXIS2_PLACEMENT_3D('',#3735,#2972,#2973);
#2523=AXIS2_PLACEMENT_3D('',#3791,#2976,#2977);
#2524=AXIS2_PLACEMENT_3D('',#3793,#2978,#2979);
#2525=AXIS2_PLACEMENT_3D('',#3807,#2980,#2981);
#2526=AXIS2_PLACEMENT_3D('',#3808,#2982,#2983);
#2527=AXIS2_PLACEMENT_3D('',#3849,#2985,#2986);
#2528=AXIS2_PLACEMENT_3D('',#3850,#2987,#2988);
#2529=AXIS2_PLACEMENT_3D('',#3867,#2991,#2992);
#2530=AXIS2_PLACEMENT_3D('',#3869,#2993,#2994);
#2531=AXIS2_PLACEMENT_3D('',#3883,#2995,#2996);
#2532=AXIS2_PLACEMENT_3D('',#3884,#2997,#2998);
#2533=AXIS2_PLACEMENT_3D('',#3888,#3000,#3001);
#2534=AXIS2_PLACEMENT_3D('',#3890,#3003,#3004);
#2535=AXIS2_PLACEMENT_3D('',#3894,#3006,#3007);
#2536=AXIS2_PLACEMENT_3D('',#3896,#3009,#3010);
#2537=AXIS2_PLACEMENT_3D('',#3913,#3013,#3014);
#2538=AXIS2_PLACEMENT_3D('',#3915,#3015,#3016);
#2539=AXIS2_PLACEMENT_3D('',#3917,#3017,#3018);
#2540=AXIS2_PLACEMENT_3D('',#3930,#3019,#3020);
#2541=AXIS2_PLACEMENT_3D('',#3934,#3023,#3024);
#2542=AXIS2_PLACEMENT_3D('',#3935,#3025,#3026);
#2543=AXIS2_PLACEMENT_3D('',#3938,#3028,#3029);
#2544=AXIS2_PLACEMENT_3D('',#3939,#3030,#3031);
#2545=AXIS2_PLACEMENT_3D('',#3956,#3034,#3035);
#2546=AXIS2_PLACEMENT_3D('',#3958,#3036,#3037);
#2547=AXIS2_PLACEMENT_3D('',#3960,#3038,#3039);
#2548=AXIS2_PLACEMENT_3D('',#3973,#3040,#3041);
#2549=AXIS2_PLACEMENT_3D('',#3978,#3044,#3045);
#2550=AXIS2_PLACEMENT_3D('',#3979,#3046,#3047);
#2551=AXIS2_PLACEMENT_3D('',#3982,#3050,#3051);
#2552=AXIS2_PLACEMENT_3D('',#3986,#3053,#3054);
#2553=AXIS2_PLACEMENT_3D('',#3988,#3056,#3057);
#2554=AXIS2_PLACEMENT_3D('',#4030,#3060,#3061);
#2555=AXIS2_PLACEMENT_3D('',#4034,#3063,#3064);
#2556=AXIS2_PLACEMENT_3D('',#4036,#3066,#3067);
#2557=AXIS2_PLACEMENT_3D('',#4038,#3069,#3070);
#2558=AXIS2_PLACEMENT_3D('',#4040,#3072,#3073);
#2559=AXIS2_PLACEMENT_3D('',#4042,#3075,#3076);
#2560=AXIS2_PLACEMENT_3D('',#4044,#3078,#3079);
#2561=AXIS2_PLACEMENT_3D('',#4053,#3085,#3086);
#2562=AXIS2_PLACEMENT_3D('',#4055,#3088,#3089);
#2563=AXIS2_PLACEMENT_3D('',#4065,#3094,#3095);
#2564=AXIS2_PLACEMENT_3D('',#4073,#3099,#3100);
#2565=AXIS2_PLACEMENT_3D('',#4081,#3104,#3105);
#2566=AXIS2_PLACEMENT_3D('',#4089,#3109,#3110);
#2567=AXIS2_PLACEMENT_3D('',#4093,#3113,#3114);
#2568=AXIS2_PLACEMENT_3D('',#4099,#3118,#3119);
#2569=AXIS2_PLACEMENT_3D('',#4103,#3122,#3123);
#2570=AXIS2_PLACEMENT_3D('',#4107,#3126,#3127);
#2571=AXIS2_PLACEMENT_3D('',#4109,#3128,#3129);
#2572=AXIS2_PLACEMENT_3D('',#4111,#3131,#3132);
#2573=AXIS2_PLACEMENT_3D('',#4115,#3135,#3136);
#2574=AXIS2_PLACEMENT_3D('',#4119,#3139,#3140);
#2575=AXIS2_PLACEMENT_3D('',#4123,#3143,#3144);
#2576=AXIS2_PLACEMENT_3D('',#4125,#3145,#3146);
#2577=AXIS2_PLACEMENT_3D('',#4127,#3148,#3149);
#2578=AXIS2_PLACEMENT_3D('',#4131,#3152,#3153);
#2579=AXIS2_PLACEMENT_3D('',#4135,#3156,#3157);
#2580=AXIS2_PLACEMENT_3D('',#4139,#3160,#3161);
#2581=AXIS2_PLACEMENT_3D('',#4141,#3162,#3163);
#2582=AXIS2_PLACEMENT_3D('',#4143,#3165,#3166);
#2583=AXIS2_PLACEMENT_3D('',#4147,#3169,#3170);
#2584=AXIS2_PLACEMENT_3D('',#4151,#3173,#3174);
#2585=AXIS2_PLACEMENT_3D('',#4155,#3177,#3178);
#2586=AXIS2_PLACEMENT_3D('',#4157,#3179,#3180);
#2587=AXIS2_PLACEMENT_3D('',#4159,#3182,#3183);
#2588=AXIS2_PLACEMENT_3D('',#4163,#3186,#3187);
#2589=AXIS2_PLACEMENT_3D('',#4165,#3189,#3190);
#2590=AXIS2_PLACEMENT_3D('',#4168,#3193,#3194);
#2591=AXIS2_PLACEMENT_3D('',#4170,#3196,#3197);
#2592=AXIS2_PLACEMENT_3D('',#4172,#3199,#3200);
#2593=AXIS2_PLACEMENT_3D('',#4173,#3201,#3202);
#2594=AXIS2_PLACEMENT_3D('',#4175,#3204,#3205);
#2595=AXIS2_PLACEMENT_3D('',#4177,#3207,#3208);
#2596=AXIS2_PLACEMENT_3D('',#4179,#3210,#3211);
#2597=AXIS2_PLACEMENT_3D('',#4181,#3213,#3214);
#2598=AXIS2_PLACEMENT_3D('',#4183,#3216,#3217);
#2599=AXIS2_PLACEMENT_3D('',#4185,#3219,#3220);
#2600=AXIS2_PLACEMENT_3D('',#4186,#3221,#3222);
#2601=AXIS2_PLACEMENT_3D('',#4188,#3224,#3225);
#2602=AXIS2_PLACEMENT_3D('',#4192,#3228,#3229);
#2603=AXIS2_PLACEMENT_3D('',#4196,#3232,#3233);
#2604=AXIS2_PLACEMENT_3D('',#4200,#3236,#3237);
#2605=AXIS2_PLACEMENT_3D('',#4203,#3239,#3240);
#2606=AXIS2_PLACEMENT_3D('',#4204,#3241,#3242);
#2607=AXIS2_PLACEMENT_3D('',#4208,#3245,#3246);
#2608=AXIS2_PLACEMENT_3D('',#4212,#3249,#3250);
#2609=AXIS2_PLACEMENT_3D('',#4216,#3253,#3254);
#2610=AXIS2_PLACEMENT_3D('',#4219,#3256,#3257);
#2611=AXIS2_PLACEMENT_3D('',#4220,#3258,#3259);
#2612=AXIS2_PLACEMENT_3D('',#4224,#3262,#3263);
#2613=AXIS2_PLACEMENT_3D('',#4228,#3266,#3267);
#2614=AXIS2_PLACEMENT_3D('',#4232,#3270,#3271);
#2615=AXIS2_PLACEMENT_3D('',#4235,#3273,#3274);
#2616=AXIS2_PLACEMENT_3D('',#4236,#3275,#3276);
#2617=AXIS2_PLACEMENT_3D('',#4240,#3279,#3280);
#2618=AXIS2_PLACEMENT_3D('',#4244,#3283,#3284);
#2619=AXIS2_PLACEMENT_3D('',#4248,#3287,#3288);
#2620=AXIS2_PLACEMENT_3D('',#4251,#3290,#3291);
#2621=AXIS2_PLACEMENT_3D('',#4252,#3292,#3293);
#2622=AXIS2_PLACEMENT_3D('',#4256,#3296,#3297);
#2623=AXIS2_PLACEMENT_3D('',#4260,#3300,#3301);
#2624=AXIS2_PLACEMENT_3D('',#4262,#3303,#3304);
#2625=AXIS2_PLACEMENT_3D('',#4263,#3305,#3306);
#2626=DIRECTION('axis',(0.,0.,1.));
#2627=DIRECTION('refdir',(1.,0.,0.));
#2628=DIRECTION('axis',(0.,0.,1.));
#2629=DIRECTION('refdir',(1.,0.,0.));
#2630=DIRECTION('center_axis',(0.,0.,-1.));
#2631=DIRECTION('ref_axis',(-0.707106781186548,0.707106781186548,0.));
#2632=DIRECTION('center_axis',(0.,0.,1.));
#2633=DIRECTION('ref_axis',(-0.707106781186548,0.707106781186548,0.));
#2634=DIRECTION('',(0.,0.,-1.));
#2635=DIRECTION('center_axis',(0.,0.,-1.));
#2636=DIRECTION('ref_axis',(-0.707106781186548,0.707106781186548,0.));
#2637=DIRECTION('',(0.,0.,1.));
#2638=DIRECTION('center_axis',(-1.,0.,0.));
#2639=DIRECTION('ref_axis',(0.,1.,0.));
#2640=DIRECTION('',(0.,1.,0.));
#2641=DIRECTION('',(0.,0.,-1.));
#2642=DIRECTION('',(0.,-1.,0.));
#2643=DIRECTION('center_axis',(0.,0.,-1.));
#2644=DIRECTION('ref_axis',(0.707106781186598,0.707106781186497,0.));
#2645=DIRECTION('center_axis',(0.,0.,1.));
#2646=DIRECTION('ref_axis',(0.707106781186598,0.707106781186497,0.));
#2647=DIRECTION('',(0.,0.,-1.));
#2648=DIRECTION('center_axis',(0.,0.,-1.));
#2649=DIRECTION('ref_axis',(0.707106781186598,0.707106781186497,0.));
#2650=DIRECTION('',(0.,0.,1.));
#2651=DIRECTION('center_axis',(0.,1.,0.));
#2652=DIRECTION('ref_axis',(1.,0.,0.));
#2653=DIRECTION('',(-1.,0.,0.));
#2654=DIRECTION('',(1.,0.,0.));
#2655=DIRECTION('center_axis',(0.,0.,-1.));
#2656=DIRECTION('ref_axis',(0.707106781186598,0.707106781186497,0.));
#2657=DIRECTION('center_axis',(0.,0.,1.));
#2658=DIRECTION('ref_axis',(0.707106781186598,0.707106781186497,0.));
#2659=DIRECTION('',(0.,0.,-1.));
#2660=DIRECTION('center_axis',(0.,0.,-1.));
#2661=DIRECTION('ref_axis',(0.707106781186598,0.707106781186497,0.));
#2662=DIRECTION('',(0.,0.,1.));
#2663=DIRECTION('center_axis',(0.,1.,0.));
#2664=DIRECTION('ref_axis',(1.,0.,0.));
#2665=DIRECTION('',(1.,0.,0.));
#2666=DIRECTION('',(0.,0.,1.));
#2667=DIRECTION('',(-1.,0.,0.));
#2668=DIRECTION('center_axis',(0.,0.,-1.));
#2669=DIRECTION('ref_axis',(-0.707106781186548,0.707106781186548,0.));
#2670=DIRECTION('center_axis',(0.,0.,1.));
#2671=DIRECTION('ref_axis',(-0.707106781186548,0.707106781186548,0.));
#2672=DIRECTION('',(0.,0.,-1.));
#2673=DIRECTION('center_axis',(0.,0.,-1.));
#2674=DIRECTION('ref_axis',(-0.707106781186548,0.707106781186548,0.));
#2675=DIRECTION('center_axis',(-1.,0.,0.));
#2676=DIRECTION('ref_axis',(0.,1.,0.));
#2677=DIRECTION('',(0.,1.,0.));
#2678=DIRECTION('',(0.,0.,-1.));
#2679=DIRECTION('',(0.,-1.,0.));
#2680=DIRECTION('center_axis',(1.,-7.34770296901166E-14,0.));
#2681=DIRECTION('ref_axis',(-7.34770296901166E-14,-1.,0.));
#2682=DIRECTION('',(7.34770296901166E-14,1.,0.));
#2683=DIRECTION('',(0.,0.,-1.));
#2684=DIRECTION('',(-7.34770296901166E-14,-1.,0.));
#2685=DIRECTION('center_axis',(0.,0.,-1.));
#2686=DIRECTION('ref_axis',(-0.999999999935814,1.13301284283372E-5,0.));
#2687=DIRECTION('center_axis',(0.,0.,1.));
#2688=DIRECTION('ref_axis',(-0.999999999935814,1.13301284283372E-5,0.));
#2689=DIRECTION('center_axis',(0.,0.,-1.));
#2690=DIRECTION('ref_axis',(-0.999999999935814,1.13301284283372E-5,0.));
#2691=DIRECTION('',(0.,0.,-1.));
#2692=DIRECTION('center_axis',(-1.49188230207599E-11,-1.,0.));
#2693=DIRECTION('ref_axis',(-1.,1.49188230207599E-11,0.));
#2694=DIRECTION('',(1.,-1.49188230207599E-11,0.));
#2695=DIRECTION('',(-1.,1.49188230207599E-11,0.));
#2696=DIRECTION('',(0.,0.,-1.));
#2697=DIRECTION('center_axis',(0.,0.,-1.));
#2698=DIRECTION('ref_axis',(-1.13307945602599E-5,-0.999999999935807,0.));
#2699=DIRECTION('center_axis',(0.,0.,1.));
#2700=DIRECTION('ref_axis',(-1.13307945602599E-5,-0.999999999935807,0.));
#2701=DIRECTION('center_axis',(0.,0.,-1.));
#2702=DIRECTION('ref_axis',(-1.13307945602599E-5,-0.999999999935807,0.));
#2703=DIRECTION('center_axis',(1.,-7.04982311891659E-14,0.));
#2704=DIRECTION('ref_axis',(-7.04982311891659E-14,-1.,0.));
#2705=DIRECTION('',(7.04982311891659E-14,1.,0.));
#2706=DIRECTION('',(0.,0.,-1.));
#2707=DIRECTION('',(-7.04982311891659E-14,-1.,0.));
#2708=DIRECTION('center_axis',(0.,0.,-1.));
#2709=DIRECTION('ref_axis',(-0.999999999935814,1.13301281322778E-5,0.));
#2710=DIRECTION('center_axis',(0.,0.,1.));
#2711=DIRECTION('ref_axis',(-0.999999999935814,1.13301281322778E-5,0.));
#2712=DIRECTION('center_axis',(0.,0.,-1.));
#2713=DIRECTION('ref_axis',(-0.999999999935814,1.13301281322778E-5,0.));
#2714=DIRECTION('',(0.,0.,-1.));
#2715=DIRECTION('center_axis',(-1.49381312472753E-11,-1.,0.));
#2716=DIRECTION('ref_axis',(-1.,1.49381312472753E-11,0.));
#2717=DIRECTION('',(1.,-1.49381312472753E-11,0.));
#2718=DIRECTION('',(-1.,1.49381312472753E-11,0.));
#2719=DIRECTION('',(0.,0.,-1.));
#2720=DIRECTION('center_axis',(0.,0.,-1.));
#2721=DIRECTION('ref_axis',(-1.13307942641971E-5,-0.999999999935807,0.));
#2722=DIRECTION('center_axis',(0.,0.,1.));
#2723=DIRECTION('ref_axis',(-1.13307942641971E-5,-0.999999999935807,0.));
#2724=DIRECTION('center_axis',(0.,0.,-1.));
#2725=DIRECTION('ref_axis',(-1.13307942641971E-5,-0.999999999935807,0.));
#2726=DIRECTION('center_axis',(-1.,0.,0.));
#2727=DIRECTION('ref_axis',(0.,0.,-1.));
#2728=DIRECTION('center_axis',(0.,-1.,0.));
#2729=DIRECTION('ref_axis',(0.707106781186547,0.,-0.707106781186548));
#2730=DIRECTION('center_axis',(0.,0.,-1.));
#2731=DIRECTION('ref_axis',(0.,1.,0.));
#2732=DIRECTION('center_axis',(0.,1.,0.));
#2733=DIRECTION('ref_axis',(0.707106781186547,0.,-0.707106781186548));
#2734=DIRECTION('center_axis',(0.,0.,1.));
#2735=DIRECTION('ref_axis',(0.707106781186531,0.707106781186564,0.));
#2736=DIRECTION('center_axis',(0.,0.,-1.));
#2737=DIRECTION('ref_axis',(0.,1.,0.));
#2738=DIRECTION('',(0.,0.,-1.));
#2739=DIRECTION('',(0.,0.,1.));
#2740=DIRECTION('center_axis',(-1.,0.,0.));
#2741=DIRECTION('ref_axis',(0.,0.,1.));
#2742=DIRECTION('center_axis',(0.,1.,0.));
#2743=DIRECTION('ref_axis',(0.707106781186547,0.,0.707106781186548));
#2744=DIRECTION('center_axis',(0.,-1.,0.));
#2745=DIRECTION('ref_axis',(0.707106781186547,0.,0.707106781186548));
#2746=DIRECTION('center_axis',(0.,1.,0.));
#2747=DIRECTION('ref_axis',(0.,0.,1.));
#2748=DIRECTION('',(0.,0.,-1.));
#2749=DIRECTION('center_axis',(-1.,0.,0.));
#2750=DIRECTION('ref_axis',(0.,0.,1.));
#2751=DIRECTION('center_axis',(0.,1.,0.));
#2752=DIRECTION('ref_axis',(0.707106781186547,0.,0.707106781186548));
#2753=DIRECTION('center_axis',(0.,0.,1.));
#2754=DIRECTION('ref_axis',(0.,-1.,0.));
#2755=DIRECTION('center_axis',(0.,-1.,0.));
#2756=DIRECTION('ref_axis',(0.707106781186547,0.,0.707106781186548));
#2757=DIRECTION('center_axis',(0.,0.,-1.));
#2758=DIRECTION('ref_axis',(0.707106781186531,-0.707106781186564,0.));
#2759=DIRECTION('center_axis',(0.,0.,1.));
#2760=DIRECTION('ref_axis',(0.,-1.,0.));
#2761=DIRECTION('',(0.,0.,1.));
#2762=DIRECTION('',(0.,0.,-1.));
#2763=DIRECTION('center_axis',(-1.,0.,0.));
#2764=DIRECTION('ref_axis',(0.,0.,-1.));
#2765=DIRECTION('center_axis',(0.,-1.,0.));
#2766=DIRECTION('ref_axis',(0.707106781186547,0.,-0.707106781186548));
#2767=DIRECTION('center_axis',(0.,1.,0.));
#2768=DIRECTION('ref_axis',(0.707106781186547,0.,-0.707106781186548));
#2769=DIRECTION('center_axis',(0.,-1.,0.));
#2770=DIRECTION('ref_axis',(0.,0.,-1.));
#2771=DIRECTION('',(0.,0.,1.));
#2772=DIRECTION('center_axis',(0.,1.,1.07182860283108E-17));
#2773=DIRECTION('ref_axis',(0.707106781186553,0.,-0.707106781186543));
#2774=DIRECTION('',(0.,-1.,-1.07182860283108E-17));
#2775=DIRECTION('center_axis',(0.,1.,0.));
#2776=DIRECTION('ref_axis',(0.707106781186553,0.,-0.707106781186543));
#2777=DIRECTION('',(0.,-1.,0.));
#2778=DIRECTION('center_axis',(0.,-1.,0.));
#2779=DIRECTION('ref_axis',(0.,0.,-1.));
#2780=DIRECTION('',(0.,0.,-1.));
#2781=DIRECTION('center_axis',(0.,1.,0.));
#2782=DIRECTION('ref_axis',(0.707106781186552,0.,0.707106781186543));
#2783=DIRECTION('',(0.,0.,1.));
#2784=DIRECTION('center_axis',(1.,0.,0.));
#2785=DIRECTION('ref_axis',(0.,0.,-1.));
#2786=DIRECTION('',(0.,1.,0.));
#2787=DIRECTION('center_axis',(0.,1.,1.07182860283108E-17));
#2788=DIRECTION('ref_axis',(0.707106781186553,0.,-0.707106781186543));
#2789=DIRECTION('',(0.,-1.,0.));
#2790=DIRECTION('center_axis',(0.,-1.,0.));
#2791=DIRECTION('ref_axis',(0.707106781186553,0.,-0.707106781186543));
#2792=DIRECTION('',(0.,-1.,-1.07182860283108E-17));
#2793=DIRECTION('center_axis',(1.,0.,0.));
#2794=DIRECTION('ref_axis',(0.,0.,-1.));
#2795=DIRECTION('',(0.,0.,1.));
#2796=DIRECTION('',(0.,1.,0.));
#2797=DIRECTION('center_axis',(0.,-1.,0.));
#2798=DIRECTION('ref_axis',(0.707106781186552,0.,0.707106781186543));
#2799=DIRECTION('',(0.,-1.,0.));
#2800=DIRECTION('center_axis',(0.,-1.,0.));
#2801=DIRECTION('ref_axis',(0.707106781186552,0.,0.707106781186543));
#2802=DIRECTION('center_axis',(0.,-1.,0.));
#2803=DIRECTION('ref_axis',(0.707106781186552,0.,0.707106781186543));
#2804=DIRECTION('',(0.,-1.,0.));
#2805=DIRECTION('center_axis',(1.,0.,0.));
#2806=DIRECTION('ref_axis',(0.,-1.,0.));
#2807=DIRECTION('',(0.,-1.,0.));
#2808=DIRECTION('',(0.,0.,1.));
#2809=DIRECTION('',(0.,1.,0.));
#2810=DIRECTION('center_axis',(1.,0.,0.));
#2811=DIRECTION('ref_axis',(0.,-1.,0.));
#2812=DIRECTION('',(0.,1.,0.));
#2813=DIRECTION('',(0.,0.,-1.));
#2814=DIRECTION('',(0.,-1.,0.));
#2815=DIRECTION('center_axis',(0.,1.,0.));
#2816=DIRECTION('ref_axis',(0.,0.,1.));
#2817=DIRECTION('center_axis',(1.,0.,0.));
#2818=DIRECTION('ref_axis',(0.,-1.,0.));
#2819=DIRECTION('',(0.,1.,0.));
#2820=DIRECTION('',(0.,0.,1.));
#2821=DIRECTION('',(0.,-1.,0.));
#2822=DIRECTION('center_axis',(1.,0.,0.));
#2823=DIRECTION('ref_axis',(0.,0.,-1.));
#2824=DIRECTION('center_axis',(0.,1.,0.));
#2825=DIRECTION('ref_axis',(-0.707106781186547,0.,-0.707106781186548));
#2826=DIRECTION('center_axis',(0.,0.,-1.));
#2827=DIRECTION('ref_axis',(0.,-1.,0.));
#2828=DIRECTION('center_axis',(0.,-1.,0.));
#2829=DIRECTION('ref_axis',(-0.707106781186547,0.,-0.707106781186548));
#2830=DIRECTION('center_axis',(0.,0.,1.));
#2831=DIRECTION('ref_axis',(-0.707106781186548,-0.707106781186548,0.));
#2832=DIRECTION('center_axis',(0.,0.,-1.));
#2833=DIRECTION('ref_axis',(0.,-1.,0.));
#2834=DIRECTION('',(0.,0.,-1.));
#2835=DIRECTION('',(0.,0.,1.));
#2836=DIRECTION('center_axis',(1.,0.,0.));
#2837=DIRECTION('ref_axis',(0.,0.,1.));
#2838=DIRECTION('center_axis',(0.,-1.,0.));
#2839=DIRECTION('ref_axis',(-0.707106781186544,0.,0.707106781186551));
#2840=DIRECTION('center_axis',(0.,1.,0.));
#2841=DIRECTION('ref_axis',(-0.707106781186544,0.,0.707106781186551));
#2842=DIRECTION('center_axis',(0.,-1.,0.));
#2843=DIRECTION('ref_axis',(0.,0.,1.));
#2844=DIRECTION('',(0.,0.,-1.));
#2845=DIRECTION('center_axis',(1.,0.,0.));
#2846=DIRECTION('ref_axis',(0.,0.,1.));
#2847=DIRECTION('center_axis',(0.,-1.,0.));
#2848=DIRECTION('ref_axis',(-0.707106781186544,0.,0.707106781186551));
#2849=DIRECTION('center_axis',(0.,0.,1.));
#2850=DIRECTION('ref_axis',(0.,1.,0.));
#2851=DIRECTION('center_axis',(0.,1.,0.));
#2852=DIRECTION('ref_axis',(-0.707106781186544,0.,0.707106781186551));
#2853=DIRECTION('center_axis',(0.,0.,-1.));
#2854=DIRECTION('ref_axis',(-0.707106781186548,0.707106781186548,0.));
#2855=DIRECTION('center_axis',(0.,0.,1.));
#2856=DIRECTION('ref_axis',(0.,1.,0.));
#2857=DIRECTION('',(0.,0.,1.));
#2858=DIRECTION('',(0.,0.,-1.));
#2859=DIRECTION('center_axis',(1.,0.,0.));
#2860=DIRECTION('ref_axis',(0.,0.,-1.));
#2861=DIRECTION('center_axis',(0.,1.,0.));
#2862=DIRECTION('ref_axis',(-0.707106781186547,0.,-0.707106781186548));
#2863=DIRECTION('center_axis',(0.,-1.,0.));
#2864=DIRECTION('ref_axis',(-0.707106781186547,0.,-0.707106781186548));
#2865=DIRECTION('center_axis',(0.,1.,0.));
#2866=DIRECTION('ref_axis',(0.,0.,-1.));
#2867=DIRECTION('',(0.,0.,1.));
#2868=DIRECTION('center_axis',(0.,-1.,0.));
#2869=DIRECTION('ref_axis',(-0.70710678118654,0.,-0.707106781186555));
#2870=DIRECTION('',(0.,1.,0.));
#2871=DIRECTION('center_axis',(0.,-1.,0.));
#2872=DIRECTION('ref_axis',(-0.70710678118654,0.,-0.707106781186555));
#2873=DIRECTION('',(0.,1.,0.));
#2874=DIRECTION('center_axis',(0.,1.,0.));
#2875=DIRECTION('ref_axis',(0.,0.,-1.));
#2876=DIRECTION('',(0.,0.,-1.));
#2877=DIRECTION('center_axis',(0.,-1.,0.));
#2878=DIRECTION('ref_axis',(-0.70710678118654,0.,0.707106781186555));
#2879=DIRECTION('',(0.,0.,1.));
#2880=DIRECTION('center_axis',(0.,-1.,0.));
#2881=DIRECTION('ref_axis',(-0.70710678118654,0.,-0.707106781186555));
#2882=DIRECTION('',(0.,1.,0.));
#2883=DIRECTION('center_axis',(0.,1.,0.));
#2884=DIRECTION('ref_axis',(-0.70710678118654,0.,-0.707106781186555));
#2885=DIRECTION('',(0.,1.,0.));
#2886=DIRECTION('center_axis',(-1.,0.,0.));
#2887=DIRECTION('ref_axis',(0.,0.,1.));
#2888=DIRECTION('',(0.,0.,1.));
#2889=DIRECTION('',(0.,-1.,0.));
#2890=DIRECTION('center_axis',(0.,1.,0.));
#2891=DIRECTION('ref_axis',(-0.70710678118654,0.,0.707106781186555));
#2892=DIRECTION('',(0.,1.,0.));
#2893=DIRECTION('',(0.,-1.,0.));
#2894=DIRECTION('center_axis',(0.,0.,1.));
#2895=DIRECTION('ref_axis',(-1.,0.,0.));
#2896=DIRECTION('',(-0.017832682327375,0.999840985077633,0.));
#2897=DIRECTION('center_axis',(0.,0.,1.));
#2898=DIRECTION('ref_axis',(0.99829901753418,0.0583015573573316,0.));
#2899=DIRECTION('',(-0.999840985078244,0.0178326822930782,0.));
#2900=DIRECTION('',(-1.,0.,0.));
#2901=DIRECTION('',(0.,-1.,0.));
#2902=DIRECTION('',(1.,0.,0.));
#2903=DIRECTION('',(0.999840985078239,-0.0178326822933705,0.));
#2904=DIRECTION('center_axis',(0.,0.,-1.));
#2905=DIRECTION('ref_axis',(0.997839287306862,0.0657020297017769,0.));
#2906=DIRECTION('',(0.0178326823274426,-0.999840985077632,0.));
#2907=DIRECTION('',(0.,-1.,0.));
#2908=DIRECTION('',(-0.0178326824080237,-0.999840985076194,0.));
#2909=DIRECTION('center_axis',(0.,0.,-1.));
#2910=DIRECTION('ref_axis',(0.065702029704043,-0.997839287306713,0.));
#2911=DIRECTION('',(-0.999840985077627,-0.0178326823276967,0.));
#2912=DIRECTION('',(-1.,0.,0.));
#2913=DIRECTION('',(-0.999840985065898,0.0178326829852991,0.));
#2914=DIRECTION('center_axis',(0.,0.,-1.));
#2915=DIRECTION('ref_axis',(-0.997839287303896,-0.0657020297468187,0.));
#2916=DIRECTION('',(-0.0178326823274683,0.999840985077631,0.));
#2917=DIRECTION('',(0.,1.,0.));
#2918=DIRECTION('',(0.0170146446146606,0.999855240456656,0.));
#2919=DIRECTION('center_axis',(0.,0.,-1.));
#2920=DIRECTION('ref_axis',(-0.0651372899705463,0.997876311701652,0.));
#2921=DIRECTION('',(0.999863800520425,0.0165039513102899,0.));
#2922=DIRECTION('',(0.999999874658055,-0.000500683406447994,0.));
#2923=DIRECTION('',(1.,0.,0.));
#2924=DIRECTION('',(0.,1.,0.));
#2925=DIRECTION('',(-1.,0.,0.));
#2926=DIRECTION('',(-0.999999874658051,0.000500683414536488,0.));
#2927=DIRECTION('',(-0.999863800520421,-0.0165039513105022,0.));
#2928=DIRECTION('center_axis',(0.,0.,1.));
#2929=DIRECTION('ref_axis',(-0.0576189404125512,0.998338648808978,0.));
#2930=DIRECTION('',(-0.0170146446145133,-0.999855240456658,0.));
#2931=DIRECTION('',(0.,-1.,0.));
#2932=DIRECTION('',(0.,1.,0.));
#2933=DIRECTION('',(0.,-1.,0.));
#2934=DIRECTION('',(0.,-1.,0.));
#2935=DIRECTION('',(0.0178326823272723,-0.999840985077635,0.));
#2936=DIRECTION('center_axis',(0.,0.,1.));
#2937=DIRECTION('ref_axis',(-0.99829901753197,-0.0583015573951777,0.));
#2938=DIRECTION('',(0.999840985065901,-0.0178326829851312,0.));
#2939=DIRECTION('',(1.,0.,0.));
#2940=DIRECTION('',(0.999840985077634,0.0178326823273219,0.));
#2941=DIRECTION('center_axis',(0.,0.,1.));
#2942=DIRECTION('ref_axis',(0.0583015573590505,-0.99829901753408,0.));
#2943=DIRECTION('',(0.0178326824078252,0.999840985076198,0.));
#2944=DIRECTION('center_axis',(0.,1.,0.));
#2945=DIRECTION('ref_axis',(-0.70710678118654,0.,0.707106781186555));
#2946=DIRECTION('center_axis',(0.,1.,0.));
#2947=DIRECTION('ref_axis',(-0.70710678118654,0.,0.707106781186555));
#2948=DIRECTION('center_axis',(-1.,0.,0.));
#2949=DIRECTION('ref_axis',(0.,0.,1.));
#2950=DIRECTION('center_axis',(-1.,0.,0.));
#2951=DIRECTION('ref_axis',(0.,1.,0.));
#2952=DIRECTION('',(0.,0.,-1.));
#2953=DIRECTION('',(0.,1.,0.));
#2954=DIRECTION('center_axis',(-1.,0.,0.));
#2955=DIRECTION('ref_axis',(0.,1.,0.));
#2956=DIRECTION('',(0.,1.,0.));
#2957=DIRECTION('',(0.,0.,1.));
#2958=DIRECTION('center_axis',(0.,-1.,0.));
#2959=DIRECTION('ref_axis',(0.,0.,1.));
#2960=DIRECTION('center_axis',(-1.,0.,0.));
#2961=DIRECTION('ref_axis',(0.,1.,0.));
#2962=DIRECTION('',(0.,0.,1.));
#2963=DIRECTION('',(0.,1.,0.));
#2964=DIRECTION('center_axis',(-1.,0.,0.));
#2965=DIRECTION('ref_axis',(0.,0.70710678118654,0.707106781186555));
#2966=DIRECTION('center_axis',(-1.,0.,0.));
#2967=DIRECTION('ref_axis',(0.,0.70710678118654,0.707106781186555));
#2968=DIRECTION('',(1.,0.,0.));
#2969=DIRECTION('center_axis',(1.,0.,0.));
#2970=DIRECTION('ref_axis',(0.,0.70710678118654,0.707106781186555));
#2971=DIRECTION('',(1.,0.,0.));
#2972=DIRECTION('center_axis',(0.999863800520421,0.0165039513105022,0.));
#2973=DIRECTION('ref_axis',(-0.0116700558880102,0.707010473610939,-0.707106781186552));
#2974=DIRECTION('',(-0.999863800520421,-0.0165039513105022,0.));
#2975=DIRECTION('',(0.999863800520421,0.0165039513105022,0.));
#2976=DIRECTION('center_axis',(0.,0.,-1.));
#2977=DIRECTION('ref_axis',(-1.,0.,0.));
#2978=DIRECTION('center_axis',(0.,0.,1.));
#2979=DIRECTION('ref_axis',(-0.706929139320888,0.707284378435597,0.));
#2980=DIRECTION('center_axis',(0.,0.,-1.));
#2981=DIRECTION('ref_axis',(-0.706929139320888,0.707284378435597,0.));
#2982=DIRECTION('center_axis',(0.,1.,0.));
#2983=DIRECTION('ref_axis',(-0.707106781186553,0.,-0.707106781186543));
#2984=DIRECTION('',(0.,-1.,0.));
#2985=DIRECTION('center_axis',(-0.00891669564250669,0.999960245479198,0.));
#2986=DIRECTION('ref_axis',(-0.999960245479198,-0.0089166956425067,0.));
#2987=DIRECTION('center_axis',(-0.0178326823272723,0.999840985077635,0.));
#2988=DIRECTION('ref_axis',(-0.706994340656625,-0.0126096106003411,-0.707106781186556));
#2989=DIRECTION('',(0.0178326823272723,-0.999840985077635,0.));
#2990=DIRECTION('',(-0.0178326823272723,0.999840985077635,0.));
#2991=DIRECTION('center_axis',(0.,0.,-1.));
#2992=DIRECTION('ref_axis',(-1.,0.,0.));
#2993=DIRECTION('center_axis',(0.,0.,1.));
#2994=DIRECTION('ref_axis',(-0.707106781232816,-0.707106781140279,0.));
#2995=DIRECTION('center_axis',(0.,0.,-1.));
#2996=DIRECTION('ref_axis',(-0.707106781232816,-0.707106781140279,0.));
#2997=DIRECTION('center_axis',(-0.999840985065901,0.0178326829851312,0.));
#2998=DIRECTION('ref_axis',(-0.0126096110655403,-0.706994340648344,-0.70710678118654));
#2999=DIRECTION('',(0.999840985065901,-0.0178326829851312,0.));
#3000=DIRECTION('center_axis',(-0.99996024547626,0.00891669597210592,0.));
#3001=DIRECTION('ref_axis',(-0.00891669597210592,-0.999960245476259,0.));
#3002=DIRECTION('',(-0.999840985065901,0.0178326829851312,0.));
#3003=DIRECTION('center_axis',(-1.,0.,0.));
#3004=DIRECTION('ref_axis',(0.,-0.70710678118654,-0.707106781186555));
#3005=DIRECTION('',(1.,0.,0.));
#3006=DIRECTION('center_axis',(-0.999960245479199,-0.00891669564243565,
0.));
#3007=DIRECTION('ref_axis',(0.00891669564243565,-0.999960245479199,0.));
#3008=DIRECTION('',(-1.,0.,0.));
#3009=DIRECTION('center_axis',(-0.999840985077634,-0.0178326823273219,0.));
#3010=DIRECTION('ref_axis',(0.0126096106003913,-0.706994340656625,-0.707106781186555));
#3011=DIRECTION('',(0.999840985077634,0.0178326823273219,0.));
#3012=DIRECTION('',(-0.999840985077634,-0.0178326823273219,0.));
#3013=DIRECTION('center_axis',(0.,0.,-1.));
#3014=DIRECTION('ref_axis',(-1.,0.,0.));
#3015=DIRECTION('center_axis',(0.,0.,-1.));
#3016=DIRECTION('ref_axis',(0.70710678093051,-0.707106781442585,0.));
#3017=DIRECTION('center_axis',(0.,0.,1.));
#3018=DIRECTION('ref_axis',(0.70710678093051,-0.707106781442585,0.));
#3019=DIRECTION('center_axis',(-0.0178326824078252,-0.999840985076198,0.));
#3020=DIRECTION('ref_axis',(0.706994340655614,-0.0126096106573165,-0.70710678118655));
#3021=DIRECTION('',(-0.0178326824078252,-0.999840985076198,0.));
#3022=DIRECTION('',(0.0178326824078252,0.999840985076198,0.));
#3023=DIRECTION('center_axis',(-0.00891669568115545,-0.999960245478854,
0.));
#3024=DIRECTION('ref_axis',(0.999960245478854,-0.00891669568115545,0.));
#3025=DIRECTION('center_axis',(0.,-1.,0.));
#3026=DIRECTION('ref_axis',(0.707106781186553,0.,-0.707106781186543));
#3027=DIRECTION('',(0.,1.,0.));
#3028=DIRECTION('center_axis',(0.00891669564323476,-0.999960245479192,0.));
#3029=DIRECTION('ref_axis',(0.999960245479192,0.00891669564323476,0.));
#3030=DIRECTION('center_axis',(0.017832682327375,-0.999840985077633,0.));
#3031=DIRECTION('ref_axis',(0.706994340656624,0.0126096106004164,-0.707106781186555));
#3032=DIRECTION('',(0.017832682327375,-0.999840985077633,0.));
#3033=DIRECTION('',(-0.017832682327375,0.999840985077633,0.));
#3034=DIRECTION('center_axis',(0.,0.,-1.));
#3035=DIRECTION('ref_axis',(-1.,0.,0.));
#3036=DIRECTION('center_axis',(0.,0.,-1.));
#3037=DIRECTION('ref_axis',(0.707106781195892,0.707106781177203,0.));
#3038=DIRECTION('center_axis',(0.,0.,1.));
#3039=DIRECTION('ref_axis',(0.707106781195892,0.707106781177203,0.));
#3040=DIRECTION('center_axis',(0.999840985078244,-0.0178326822930782,0.));
#3041=DIRECTION('ref_axis',(0.012609610576174,0.706994340657067,-0.707106781186545));
#3042=DIRECTION('',(0.999840985078244,-0.0178326822930782,0.));
#3043=DIRECTION('',(-0.999840985078244,0.0178326822930782,0.));
#3044=DIRECTION('center_axis',(0.999960245479344,-0.00891669562623721,0.));
#3045=DIRECTION('ref_axis',(0.0089166956262372,0.999960245479343,0.));
#3046=DIRECTION('center_axis',(0.0170146446145133,0.999855240456658,0.));
#3047=DIRECTION('ref_axis',(-0.707004420731815,0.0120311705864009,-0.707106781186542));
#3048=DIRECTION('',(-0.0170146446145133,-0.999855240456658,0.));
#3049=DIRECTION('',(0.0170146446145133,0.999855240456658,0.));
#3050=DIRECTION('center_axis',(1.,0.,0.));
#3051=DIRECTION('ref_axis',(0.,0.707106781186553,-0.707106781186543));
#3052=DIRECTION('',(-1.,0.,0.));
#3053=DIRECTION('center_axis',(1.,0.,0.));
#3054=DIRECTION('ref_axis',(0.,0.707106781186553,-0.707106781186543));
#3055=DIRECTION('',(1.,0.,0.));
#3056=DIRECTION('center_axis',(0.999999874658051,-0.000500683414536488,
0.));
#3057=DIRECTION('ref_axis',(0.000354036637631134,0.707106692556413,-0.70710678118654));
#3058=DIRECTION('',(-0.999999874658051,0.000500683414536488,0.));
#3059=DIRECTION('',(0.999999874658051,-0.000500683414536488,0.));
#3060=DIRECTION('center_axis',(1.,0.,0.));
#3061=DIRECTION('ref_axis',(0.,0.707106781186553,-0.707106781186543));
#3062=DIRECTION('',(1.,0.,0.));
#3063=DIRECTION('center_axis',(-1.,0.,0.));
#3064=DIRECTION('ref_axis',(0.,0.707106781186553,-0.707106781186543));
#3065=DIRECTION('',(-1.,0.,0.));
#3066=DIRECTION('center_axis',(0.999840985077633,0.017832682327375,0.));
#3067=DIRECTION('ref_axis',(0.017832682327375,-0.999840985077633,0.));
#3068=DIRECTION('',(0.,0.,1.));
#3069=DIRECTION('center_axis',(0.,0.,-1.));
#3070=DIRECTION('ref_axis',(0.99829901753418,0.0583015573573316,0.));
#3071=DIRECTION('',(0.,0.,1.));
#3072=DIRECTION('center_axis',(0.0178326822930782,0.999840985078244,0.));
#3073=DIRECTION('ref_axis',(0.999840985078244,-0.0178326822930782,0.));
#3074=DIRECTION('',(0.,0.,1.));
#3075=DIRECTION('center_axis',(0.,1.,0.));
#3076=DIRECTION('ref_axis',(1.,0.,0.));
#3077=DIRECTION('',(0.,0.,1.));
#3078=DIRECTION('center_axis',(-1.,0.,0.));
#3079=DIRECTION('ref_axis',(0.,1.,0.));
#3080=DIRECTION('',(0.,1.,0.));
#3081=DIRECTION('',(0.,1.,0.));
#3082=DIRECTION('',(0.,0.,-1.));
#3083=DIRECTION('',(0.,-1.,0.));
#3084=DIRECTION('',(0.,0.,1.));
#3085=DIRECTION('center_axis',(0.,0.,1.));
#3086=DIRECTION('ref_axis',(-1.,0.,0.));
#3087=DIRECTION('',(0.,-1.,0.));
#3088=DIRECTION('center_axis',(0.,0.,1.));
#3089=DIRECTION('ref_axis',(-1.,0.,0.));
#3090=DIRECTION('',(0.,-1.,0.));
#3091=DIRECTION('',(1.,0.,0.));
#3092=DIRECTION('',(0.999999874658055,-0.000500683406418594,0.));
#3093=DIRECTION('',(0.999863800520429,0.0165039513100339,0.));
#3094=DIRECTION('center_axis',(0.,0.,-1.));
#3095=DIRECTION('ref_axis',(-0.0792472413992733,0.996854991827099,0.));
#3096=DIRECTION('',(0.0170146446146891,0.999855240456655,0.));
#3097=DIRECTION('',(0.,1.,0.));
#3098=DIRECTION('',(-0.017832682327355,0.999840985077633,0.));
#3099=DIRECTION('center_axis',(0.,0.,-1.));
#3100=DIRECTION('ref_axis',(-0.996827584062685,-0.0795912536133843,0.));
#3101=DIRECTION('',(-0.999840985065899,0.017832682985234,0.));
#3102=DIRECTION('',(-1.,0.,0.));
#3103=DIRECTION('',(-0.999840985077631,-0.0178326823274698,0.));
#3104=DIRECTION('center_axis',(0.,0.,-1.));
#3105=DIRECTION('ref_axis',(0.0795912535572253,-0.996827584067169,0.));
#3106=DIRECTION('',(-0.0178326824077132,-0.9998409850762,0.));
#3107=DIRECTION('',(0.,-1.,0.));
#3108=DIRECTION('',(0.0178326823275414,-0.99984098507763,0.));
#3109=DIRECTION('center_axis',(0.,0.,-1.));
#3110=DIRECTION('ref_axis',(0.996827584067296,0.0795912535556353,0.));
#3111=DIRECTION('',(0.999840985078244,-0.017832682293118,0.));
#3112=DIRECTION('',(1.,0.,0.));
#3113=DIRECTION('center_axis',(0.,-1.,0.));
#3114=DIRECTION('ref_axis',(1.,0.,0.));
#3115=DIRECTION('',(-1.,0.,0.));
#3116=DIRECTION('',(0.,0.,1.));
#3117=DIRECTION('',(0.,0.,1.));
#3118=DIRECTION('center_axis',(-0.000500683406447994,-0.999999874658055,
0.));
#3119=DIRECTION('ref_axis',(0.999999874658055,-0.000500683406447994,0.));
#3120=DIRECTION('',(-0.999999874658055,0.000500683406447994,0.));
#3121=DIRECTION('',(0.,0.,1.));
#3122=DIRECTION('center_axis',(0.0165039513102899,-0.999863800520425,0.));
#3123=DIRECTION('ref_axis',(0.999863800520425,0.0165039513102899,0.));
#3124=DIRECTION('',(-0.999863800520425,-0.0165039513102899,0.));
#3125=DIRECTION('',(0.,0.,1.));
#3126=DIRECTION('center_axis',(0.,0.,1.));
#3127=DIRECTION('ref_axis',(-0.0651372899705463,0.997876311701652,0.));
#3128=DIRECTION('center_axis',(0.,0.,1.));
#3129=DIRECTION('ref_axis',(-0.0651372899705463,0.997876311701652,0.));
#3130=DIRECTION('',(0.,0.,1.));
#3131=DIRECTION('center_axis',(0.999855240456656,-0.0170146446146606,0.));
#3132=DIRECTION('ref_axis',(0.0170146446146606,0.999855240456656,0.));
#3133=DIRECTION('',(-0.0170146446146606,-0.999855240456656,0.));
#3134=DIRECTION('',(0.,0.,1.));
#3135=DIRECTION('center_axis',(1.,0.,0.));
#3136=DIRECTION('ref_axis',(0.,1.,0.));
#3137=DIRECTION('',(0.,-1.,0.));
#3138=DIRECTION('',(0.,0.,1.));
#3139=DIRECTION('center_axis',(0.999840985077631,0.0178326823274683,0.));
#3140=DIRECTION('ref_axis',(-0.0178326823274683,0.999840985077631,0.));
#3141=DIRECTION('',(0.0178326823274683,-0.999840985077631,0.));
#3142=DIRECTION('',(0.,0.,1.));
#3143=DIRECTION('center_axis',(0.,0.,1.));
#3144=DIRECTION('ref_axis',(-0.997839287303896,-0.0657020297468187,0.));
#3145=DIRECTION('center_axis',(0.,0.,1.));
#3146=DIRECTION('ref_axis',(-0.997839287303896,-0.0657020297468187,0.));
#3147=DIRECTION('',(0.,0.,1.));
#3148=DIRECTION('center_axis',(0.0178326829852991,0.999840985065898,0.));
#3149=DIRECTION('ref_axis',(-0.999840985065898,0.0178326829852991,0.));
#3150=DIRECTION('',(0.999840985065898,-0.0178326829852991,0.));
#3151=DIRECTION('',(0.,0.,1.));
#3152=DIRECTION('center_axis',(0.,1.,0.));
#3153=DIRECTION('ref_axis',(-1.,0.,0.));
#3154=DIRECTION('',(1.,0.,0.));
#3155=DIRECTION('',(0.,0.,1.));
#3156=DIRECTION('center_axis',(-0.0178326823276967,0.999840985077627,0.));
#3157=DIRECTION('ref_axis',(-0.999840985077627,-0.0178326823276967,0.));
#3158=DIRECTION('',(0.999840985077627,0.0178326823276967,0.));
#3159=DIRECTION('',(0.,0.,1.));
#3160=DIRECTION('center_axis',(0.,0.,1.));
#3161=DIRECTION('ref_axis',(0.065702029704043,-0.997839287306713,0.));
#3162=DIRECTION('center_axis',(0.,0.,1.));
#3163=DIRECTION('ref_axis',(0.065702029704043,-0.997839287306713,0.));
#3164=DIRECTION('',(0.,0.,1.));
#3165=DIRECTION('center_axis',(-0.999840985076194,0.0178326824080237,0.));
#3166=DIRECTION('ref_axis',(-0.0178326824080237,-0.999840985076194,0.));
#3167=DIRECTION('',(0.0178326824080237,0.999840985076194,0.));
#3168=DIRECTION('',(0.,0.,1.));
#3169=DIRECTION('center_axis',(-1.,0.,0.));
#3170=DIRECTION('ref_axis',(0.,-1.,0.));
#3171=DIRECTION('',(0.,1.,0.));
#3172=DIRECTION('',(0.,0.,1.));
#3173=DIRECTION('center_axis',(-0.999840985077632,-0.0178326823274426,0.));
#3174=DIRECTION('ref_axis',(0.0178326823274426,-0.999840985077632,0.));
#3175=DIRECTION('',(-0.0178326823274426,0.999840985077632,0.));
#3176=DIRECTION('',(0.,0.,1.));
#3177=DIRECTION('center_axis',(0.,0.,1.));
#3178=DIRECTION('ref_axis',(0.997839287306862,0.0657020297017769,0.));
#3179=DIRECTION('center_axis',(0.,0.,1.));
#3180=DIRECTION('ref_axis',(0.997839287306862,0.0657020297017769,0.));
#3181=DIRECTION('',(0.,0.,1.));
#3182=DIRECTION('center_axis',(-0.0178326822933705,-0.999840985078239,0.));
#3183=DIRECTION('ref_axis',(0.999840985078239,-0.0178326822933705,0.));
#3184=DIRECTION('',(-0.999840985078239,0.0178326822933705,0.));
#3185=DIRECTION('',(0.,0.,1.));
#3186=DIRECTION('center_axis',(0.,-1.,0.));
#3187=DIRECTION('ref_axis',(1.,0.,0.));
#3188=DIRECTION('',(-1.,0.,0.));
#3189=DIRECTION('center_axis',(0.000500683414536488,0.999999874658051,0.));
#3190=DIRECTION('ref_axis',(0.999999874658051,-0.000500683414536488,0.));
#3191=DIRECTION('',(0.,0.,1.));
#3192=DIRECTION('',(0.,0.,1.));
#3193=DIRECTION('center_axis',(-0.0165039513105022,0.999863800520421,0.));
#3194=DIRECTION('ref_axis',(0.999863800520421,0.0165039513105022,0.));
#3195=DIRECTION('',(0.,0.,1.));
#3196=DIRECTION('center_axis',(0.,0.,-1.));
#3197=DIRECTION('ref_axis',(-0.0576189404125512,0.998338648808978,0.));
#3198=DIRECTION('',(0.,0.,1.));
#3199=DIRECTION('center_axis',(-0.999855240456658,0.0170146446145133,0.));
#3200=DIRECTION('ref_axis',(0.0170146446145133,0.999855240456658,0.));
#3201=DIRECTION('center_axis',(-0.999840985077635,-0.0178326823272723,0.));
#3202=DIRECTION('ref_axis',(-0.0178326823272723,0.999840985077635,0.));
#3203=DIRECTION('',(0.,0.,1.));
#3204=DIRECTION('center_axis',(0.,0.,-1.));
#3205=DIRECTION('ref_axis',(-0.99829901753197,-0.0583015573951777,0.));
#3206=DIRECTION('',(0.,0.,1.));
#3207=DIRECTION('center_axis',(-0.0178326829851312,-0.999840985065901,0.));
#3208=DIRECTION('ref_axis',(-0.999840985065901,0.0178326829851312,0.));
#3209=DIRECTION('',(0.,0.,1.));
#3210=DIRECTION('center_axis',(0.,-1.,0.));
#3211=DIRECTION('ref_axis',(-1.,0.,0.));
#3212=DIRECTION('',(0.,0.,1.));
#3213=DIRECTION('center_axis',(0.0178326823273219,-0.999840985077634,0.));
#3214=DIRECTION('ref_axis',(-0.999840985077634,-0.0178326823273219,0.));
#3215=DIRECTION('',(0.,0.,1.));
#3216=DIRECTION('center_axis',(0.,0.,-1.));
#3217=DIRECTION('ref_axis',(0.0583015573590505,-0.99829901753408,0.));
#3218=DIRECTION('',(0.,0.,1.));
#3219=DIRECTION('center_axis',(0.999840985076198,-0.0178326824078252,0.));
#3220=DIRECTION('ref_axis',(-0.0178326824078252,-0.999840985076198,0.));
#3221=DIRECTION('center_axis',(0.,1.,0.));
#3222=DIRECTION('ref_axis',(1.,0.,0.));
#3223=DIRECTION('',(0.,0.,-1.));
#3224=DIRECTION('center_axis',(1.,0.,0.));
#3225=DIRECTION('ref_axis',(0.,-1.,0.));
#3226=DIRECTION('',(0.,1.,0.));
#3227=DIRECTION('',(0.,0.,-1.));
#3228=DIRECTION('center_axis',(0.,-1.,0.));
#3229=DIRECTION('ref_axis',(-1.,0.,0.));
#3230=DIRECTION('',(0.,0.,-1.));
#3231=DIRECTION('',(-1.,0.,0.));
#3232=DIRECTION('center_axis',(-0.017832682293118,-0.999840985078244,0.));
#3233=DIRECTION('ref_axis',(-0.999840985078244,0.017832682293118,0.));
#3234=DIRECTION('',(0.,0.,-1.));
#3235=DIRECTION('',(-0.999840985078244,0.017832682293118,0.));
#3236=DIRECTION('center_axis',(0.,0.,-1.));
#3237=DIRECTION('ref_axis',(0.996827584067296,0.0795912535556353,0.));
#3238=DIRECTION('',(0.,0.,-1.));
#3239=DIRECTION('center_axis',(0.,0.,1.));
#3240=DIRECTION('ref_axis',(0.996827584067296,0.0795912535556353,0.));
#3241=DIRECTION('center_axis',(-0.99984098507763,-0.0178326823275414,0.));
#3242=DIRECTION('ref_axis',(-0.0178326823275414,0.99984098507763,0.));
#3243=DIRECTION('',(0.,0.,-1.));
#3244=DIRECTION('',(-0.0178326823275414,0.99984098507763,0.));
#3245=DIRECTION('center_axis',(-1.,0.,0.));
#3246=DIRECTION('ref_axis',(0.,1.,0.));
#3247=DIRECTION('',(0.,0.,-1.));
#3248=DIRECTION('',(0.,1.,0.));
#3249=DIRECTION('center_axis',(-0.9998409850762,0.0178326824077132,0.));
#3250=DIRECTION('ref_axis',(0.0178326824077132,0.9998409850762,0.));
#3251=DIRECTION('',(0.,0.,-1.));
#3252=DIRECTION('',(0.0178326824077132,0.9998409850762,0.));
#3253=DIRECTION('center_axis',(0.,0.,-1.));
#3254=DIRECTION('ref_axis',(0.0795912535572253,-0.996827584067169,0.));
#3255=DIRECTION('',(0.,0.,-1.));
#3256=DIRECTION('center_axis',(0.,0.,1.));
#3257=DIRECTION('ref_axis',(0.0795912535572253,-0.996827584067169,0.));
#3258=DIRECTION('center_axis',(-0.0178326823274698,0.999840985077631,0.));
#3259=DIRECTION('ref_axis',(0.999840985077631,0.0178326823274698,0.));
#3260=DIRECTION('',(0.,0.,-1.));
#3261=DIRECTION('',(0.999840985077631,0.0178326823274698,0.));
#3262=DIRECTION('center_axis',(0.,1.,0.));
#3263=DIRECTION('ref_axis',(1.,0.,0.));
#3264=DIRECTION('',(0.,0.,-1.));
#3265=DIRECTION('',(1.,0.,0.));
#3266=DIRECTION('center_axis',(0.017832682985234,0.999840985065899,0.));
#3267=DIRECTION('ref_axis',(0.999840985065899,-0.017832682985234,0.));
#3268=DIRECTION('',(0.,0.,-1.));
#3269=DIRECTION('',(0.999840985065899,-0.017832682985234,0.));
#3270=DIRECTION('center_axis',(0.,0.,-1.));
#3271=DIRECTION('ref_axis',(-0.996827584062685,-0.0795912536133843,0.));
#3272=DIRECTION('',(0.,0.,-1.));
#3273=DIRECTION('center_axis',(0.,0.,1.));
#3274=DIRECTION('ref_axis',(-0.996827584062685,-0.0795912536133843,0.));
#3275=DIRECTION('center_axis',(0.999840985077633,0.017832682327355,0.));
#3276=DIRECTION('ref_axis',(0.017832682327355,-0.999840985077633,0.));
#3277=DIRECTION('',(0.,0.,-1.));
#3278=DIRECTION('',(0.017832682327355,-0.999840985077633,0.));
#3279=DIRECTION('center_axis',(1.,0.,0.));
#3280=DIRECTION('ref_axis',(0.,-1.,0.));
#3281=DIRECTION('',(0.,0.,-1.));
#3282=DIRECTION('',(0.,-1.,0.));
#3283=DIRECTION('center_axis',(0.999855240456655,-0.0170146446146891,0.));
#3284=DIRECTION('ref_axis',(-0.0170146446146891,-0.999855240456655,0.));
#3285=DIRECTION('',(0.,0.,-1.));
#3286=DIRECTION('',(-0.0170146446146891,-0.999855240456655,0.));
#3287=DIRECTION('center_axis',(0.,0.,-1.));
#3288=DIRECTION('ref_axis',(-0.0792472413992733,0.996854991827099,0.));
#3289=DIRECTION('',(0.,0.,-1.));
#3290=DIRECTION('center_axis',(0.,0.,1.));
#3291=DIRECTION('ref_axis',(-0.0792472413992733,0.996854991827099,0.));
#3292=DIRECTION('center_axis',(0.0165039513100339,-0.999863800520429,0.));
#3293=DIRECTION('ref_axis',(-0.999863800520429,-0.0165039513100339,0.));
#3294=DIRECTION('',(0.,0.,-1.));
#3295=DIRECTION('',(-0.999863800520429,-0.0165039513100339,0.));
#3296=DIRECTION('center_axis',(-0.000500683406418594,-0.999999874658056,
0.));
#3297=DIRECTION('ref_axis',(-0.999999874658055,0.000500683406418594,0.));
#3298=DIRECTION('',(0.,0.,-1.));
#3299=DIRECTION('',(-0.999999874658055,0.000500683406418594,0.));
#3300=DIRECTION('center_axis',(0.,-1.,0.));
#3301=DIRECTION('ref_axis',(-1.,0.,0.));
#3302=DIRECTION('',(-1.,0.,0.));
#3303=DIRECTION('center_axis',(0.,0.,1.));
#3304=DIRECTION('ref_axis',(-1.,0.,0.));
#3305=DIRECTION('',(0.,0.,1.));
#3306=DIRECTION('',(1.,0.,0.));
#3307=CARTESIAN_POINT('',(0.,0.,0.));
#3308=CARTESIAN_POINT('',(0.,0.,0.));
#3309=CARTESIAN_POINT('Origin',(139.906999999991,-92.9295,5.56));
#3310=CARTESIAN_POINT('',(139.906999999991,-92.6795,0.56));
#3311=CARTESIAN_POINT('',(139.656999999991,-92.9295,0.56));
#3312=CARTESIAN_POINT('Origin',(139.906999999991,-92.9295,0.56));
#3313=CARTESIAN_POINT('',(139.656999999991,-92.9295,-0.44));
#3314=CARTESIAN_POINT('',(139.656999999991,-92.9295,5.56));
#3315=CARTESIAN_POINT('',(139.906999999991,-92.6795,-0.44));
#3316=CARTESIAN_POINT('Origin',(139.906999999991,-92.9295,-0.44));
#3317=CARTESIAN_POINT('',(139.906999999991,-92.6795,5.56));
#3318=CARTESIAN_POINT('Origin',(139.656999999991,-113.4495,5.56));
#3319=CARTESIAN_POINT('',(139.657,-113.4495,0.56));
#3320=CARTESIAN_POINT('',(139.656999999991,-110.06500101649,0.56));
#3321=CARTESIAN_POINT('',(139.657,-113.4495,-0.44));
#3322=CARTESIAN_POINT('',(139.657,-113.4495,5.56));
#3323=CARTESIAN_POINT('',(139.656999999991,-110.06499998351,-0.44));
#3324=CARTESIAN_POINT('Origin',(142.287,-92.9295,5.56));
#3325=CARTESIAN_POINT('',(142.537,-92.9295,0.56));
#3326=CARTESIAN_POINT('',(142.287,-92.6795,0.56));
#3327=CARTESIAN_POINT('Origin',(142.287,-92.9295,0.56));
#3328=CARTESIAN_POINT('',(142.287,-92.6795,-0.44));
#3329=CARTESIAN_POINT('',(142.287,-92.6795,5.56));
#3330=CARTESIAN_POINT('',(142.537,-92.9295,-0.44));
#3331=CARTESIAN_POINT('Origin',(142.287,-92.9295,-0.44));
#3332=CARTESIAN_POINT('',(142.537,-92.9295,5.56));
#3333=CARTESIAN_POINT('Origin',(139.656999999991,-92.6795,5.56));
#3334=CARTESIAN_POINT('',(144.466399999996,-92.6795,-0.44));
#3335=CARTESIAN_POINT('',(144.466399999996,-92.6795,0.56));
#3336=CARTESIAN_POINT('Origin',(158.67,-92.96,5.56));
#3337=CARTESIAN_POINT('',(158.92,-92.96,0.56));
#3338=CARTESIAN_POINT('',(158.67,-92.71,0.56));
#3339=CARTESIAN_POINT('Origin',(158.67,-92.96,0.56));
#3340=CARTESIAN_POINT('',(158.67,-92.71,-0.44));
#3341=CARTESIAN_POINT('',(158.67,-92.71,5.56));
#3342=CARTESIAN_POINT('',(158.92,-92.96,-0.44));
#3343=CARTESIAN_POINT('Origin',(158.67,-92.96,-0.44));
#3344=CARTESIAN_POINT('',(158.92,-92.96,5.56));
#3345=CARTESIAN_POINT('Origin',(156.039999999991,-92.71,5.56));
#3346=CARTESIAN_POINT('',(156.289999999991,-92.71,0.56));
#3347=CARTESIAN_POINT('',(152.657899999996,-92.71,0.56));
#3348=CARTESIAN_POINT('',(156.289999999991,-92.71,-0.44));
#3349=CARTESIAN_POINT('',(156.289999999991,-92.71,5.56));
#3350=CARTESIAN_POINT('',(152.657899999996,-92.71,-0.44));
#3351=CARTESIAN_POINT('Origin',(156.289999999991,-92.96,5.56));
#3352=CARTESIAN_POINT('',(156.039999999991,-92.96,0.56));
#3353=CARTESIAN_POINT('Origin',(156.289999999991,-92.96,0.56));
#3354=CARTESIAN_POINT('',(156.039999999991,-92.96,-0.44));
#3355=CARTESIAN_POINT('',(156.039999999991,-92.96,5.56));
#3356=CARTESIAN_POINT('Origin',(156.289999999991,-92.96,-0.44));
#3357=CARTESIAN_POINT('Origin',(156.039999999991,-113.48,5.56));
#3358=CARTESIAN_POINT('',(156.04,-113.48,0.56));
#3359=CARTESIAN_POINT('',(156.039999999991,-110.08025101649,0.56));
#3360=CARTESIAN_POINT('',(156.04,-113.48,-0.44));
#3361=CARTESIAN_POINT('',(156.04,-113.48,5.56));
#3362=CARTESIAN_POINT('',(156.039999999991,-110.08024998351,-0.44));
#3363=CARTESIAN_POINT('Origin',(158.92,-92.71,5.56));
#3364=CARTESIAN_POINT('',(158.919999999999,-113.48,-0.44));
#3365=CARTESIAN_POINT('',(158.92,-99.6952499835106,-0.44));
#3366=CARTESIAN_POINT('',(158.919999999999,-113.48,0.56));
#3367=CARTESIAN_POINT('',(158.919999999999,-113.48,5.56));
#3368=CARTESIAN_POINT('',(158.92,-99.69525101649,0.56));
#3369=CARTESIAN_POINT('Origin',(156.09999932015,-113.4800006798,5.56));
#3370=CARTESIAN_POINT('',(156.1,-113.539999999959,-0.44));
#3371=CARTESIAN_POINT('Origin',(156.09999932015,-113.4800006798,-0.44));
#3372=CARTESIAN_POINT('',(156.1,-113.539999999959,0.56));
#3373=CARTESIAN_POINT('Origin',(156.09999932015,-113.4800006798,0.56));
#3374=CARTESIAN_POINT('',(156.1,-113.539999999959,5.56));
#3375=CARTESIAN_POINT('Origin',(158.86,-113.54,5.56));
#3376=CARTESIAN_POINT('',(158.86,-113.54,-0.44));
#3377=CARTESIAN_POINT('',(154.067899999949,-113.539999999929,-0.44));
#3378=CARTESIAN_POINT('',(158.86,-113.54,0.56));
#3379=CARTESIAN_POINT('',(154.067899999949,-113.539999999929,0.56));
#3380=CARTESIAN_POINT('',(158.86,-113.54,5.56));
#3381=CARTESIAN_POINT('Origin',(158.86000067984,-113.4800006798,5.56));
#3382=CARTESIAN_POINT('Origin',(158.86000067984,-113.4800006798,-0.44));
#3383=CARTESIAN_POINT('Origin',(158.86000067984,-113.4800006798,0.56));
#3384=CARTESIAN_POINT('Origin',(142.537,-92.6795,5.56));
#3385=CARTESIAN_POINT('',(142.536999999999,-113.4495,-0.44));
#3386=CARTESIAN_POINT('',(142.537,-99.6799999835101,-0.44));
#3387=CARTESIAN_POINT('',(142.536999999999,-113.4495,0.56));
#3388=CARTESIAN_POINT('',(142.536999999999,-113.4495,5.56));
#3389=CARTESIAN_POINT('',(142.537,-99.6800010164895,0.56));
#3390=CARTESIAN_POINT('Origin',(139.71699932015,-113.4495006798,5.56));
#3391=CARTESIAN_POINT('',(139.717,-113.509499999959,-0.44));
#3392=CARTESIAN_POINT('Origin',(139.71699932015,-113.4495006798,-0.44));
#3393=CARTESIAN_POINT('',(139.717,-113.509499999959,0.56));
#3394=CARTESIAN_POINT('Origin',(139.71699932015,-113.4495006798,0.56));
#3395=CARTESIAN_POINT('',(139.717,-113.509499999959,5.56));
#3396=CARTESIAN_POINT('Origin',(142.477,-113.5095,5.56));
#3397=CARTESIAN_POINT('',(142.477,-113.5095,-0.44));
#3398=CARTESIAN_POINT('',(145.876399999949,-113.509500000051,-0.44));
#3399=CARTESIAN_POINT('',(142.477,-113.5095,0.56));
#3400=CARTESIAN_POINT('',(145.876399999949,-113.509500000051,0.56));
#3401=CARTESIAN_POINT('',(142.477,-113.5095,5.56));
#3402=CARTESIAN_POINT('Origin',(142.47700067984,-113.4495006798,5.56));
#3403=CARTESIAN_POINT('Origin',(142.47700067984,-113.4495006798,-0.44));
#3404=CARTESIAN_POINT('Origin',(142.47700067984,-113.4495006798,0.56));
#3405=CARTESIAN_POINT('Ctrl Pts',(161.3676,-99.6810400928358,1.31000000000001));
#3406=CARTESIAN_POINT('Ctrl Pts',(161.6176,-99.6810400928358,1.31000000000001));
#3407=CARTESIAN_POINT('Ctrl Pts',(161.6176,-99.6810400928358,1.56));
#3408=CARTESIAN_POINT('Ctrl Pts',(161.3676,-99.6810400928358,0.560000000000001));
#3409=CARTESIAN_POINT('Ctrl Pts',(162.3676,-99.6810400928358,0.560000000000001));
#3410=CARTESIAN_POINT('Ctrl Pts',(162.3676,-99.6810400928358,1.56));
#3411=CARTESIAN_POINT('Ctrl Pts',(161.3676,-100.431040092836,0.560000000000001));
#3412=CARTESIAN_POINT('Ctrl Pts',(162.3676,-100.431040092836,0.560000000000001));
#3413=CARTESIAN_POINT('Ctrl Pts',(162.3676,-100.431040092836,1.56));
#3414=CARTESIAN_POINT('',(161.3676,-99.6810400928358,1.31));
#3415=CARTESIAN_POINT('',(161.3676,-100.431040092836,0.56));
#3416=CARTESIAN_POINT('Origin',(161.3676,-100.431040092836,1.31));
#3417=CARTESIAN_POINT('',(161.6176,-99.6810400928358,1.56));
#3418=CARTESIAN_POINT('Origin',(161.3676,-99.6810400928358,1.56));
#3419=CARTESIAN_POINT('',(162.3676,-100.431040092836,1.56));
#3420=CARTESIAN_POINT('Origin',(161.6176,-100.431040092836,1.56));
#3421=CARTESIAN_POINT('Origin',(161.3676,-100.431040092836,1.56));
#3422=CARTESIAN_POINT('Origin',(161.6176,-100.431040092836,1.31));
#3423=CARTESIAN_POINT('',(161.6176,-99.6810400928358,2.56));
#3424=CARTESIAN_POINT('',(162.3676,-100.431040092836,2.56));
#3425=CARTESIAN_POINT('Origin',(161.6176,-100.431040092836,2.56));
#3426=CARTESIAN_POINT('',(162.3676,-100.431040092836,1.31));
#3427=CARTESIAN_POINT('',(161.6176,-99.6810400928358,1.31));
#3428=CARTESIAN_POINT('Ctrl Pts',(161.6176,-99.6810400928358,2.56));
#3429=CARTESIAN_POINT('Ctrl Pts',(161.6176,-99.6810400928358,2.80999999999999));
#3430=CARTESIAN_POINT('Ctrl Pts',(161.3676,-99.6810400928358,2.80999999999999));
#3431=CARTESIAN_POINT('Ctrl Pts',(162.3676,-99.6810400928358,2.56));
#3432=CARTESIAN_POINT('Ctrl Pts',(162.3676,-99.6810400928358,3.56));
#3433=CARTESIAN_POINT('Ctrl Pts',(161.3676,-99.6810400928358,3.56));
#3434=CARTESIAN_POINT('Ctrl Pts',(162.3676,-100.431040092836,2.56));
#3435=CARTESIAN_POINT('Ctrl Pts',(162.3676,-100.431040092836,3.56));
#3436=CARTESIAN_POINT('Ctrl Pts',(161.3676,-100.431040092836,3.56));
#3437=CARTESIAN_POINT('',(161.3676,-100.431040092836,3.56));
#3438=CARTESIAN_POINT('',(161.3676,-99.6810400928358,2.81));
#3439=CARTESIAN_POINT('Origin',(161.3676,-100.431040092836,2.81));
#3440=CARTESIAN_POINT('Origin',(161.3676,-100.431040092836,2.56));
#3441=CARTESIAN_POINT('Origin',(161.3676,-99.6810400928358,2.56));
#3442=CARTESIAN_POINT('Origin',(161.3676,-99.6810400928358,0.56));
#3443=CARTESIAN_POINT('',(161.3676,-99.6810400928358,1.06));
#3444=CARTESIAN_POINT('Ctrl Pts',(161.3676,-113.681040092836,2.80999999999999));
#3445=CARTESIAN_POINT('Ctrl Pts',(161.6176,-113.681040092836,2.80999999999999));
#3446=CARTESIAN_POINT('Ctrl Pts',(161.6176,-113.681040092836,2.56));
#3447=CARTESIAN_POINT('Ctrl Pts',(161.3676,-113.681040092836,3.56));
#3448=CARTESIAN_POINT('Ctrl Pts',(162.3676,-113.681040092836,3.56));
#3449=CARTESIAN_POINT('Ctrl Pts',(162.3676,-113.681040092836,2.56));
#3450=CARTESIAN_POINT('Ctrl Pts',(161.3676,-112.931040092836,3.56));
#3451=CARTESIAN_POINT('Ctrl Pts',(162.3676,-112.931040092836,3.56));
#3452=CARTESIAN_POINT('Ctrl Pts',(162.3676,-112.931040092836,2.56));
#3453=CARTESIAN_POINT('',(161.3676,-112.931040092836,3.56));
#3454=CARTESIAN_POINT('',(161.3676,-113.681040092836,2.81));
#3455=CARTESIAN_POINT('Origin',(161.3676,-112.931040092836,2.81));
#3456=CARTESIAN_POINT('',(161.6176,-113.681040092836,2.56));
#3457=CARTESIAN_POINT('Origin',(161.3676,-113.681040092836,2.56));
#3458=CARTESIAN_POINT('',(162.3676,-112.931040092836,2.56));
#3459=CARTESIAN_POINT('Origin',(161.6176,-112.931040092836,2.56));
#3460=CARTESIAN_POINT('Origin',(161.3676,-112.931040092836,2.56));
#3461=CARTESIAN_POINT('Origin',(161.6176,-112.931040092836,2.81));
#3462=CARTESIAN_POINT('',(161.6176,-113.681040092836,1.56));
#3463=CARTESIAN_POINT('',(162.3676,-112.931040092836,1.56));
#3464=CARTESIAN_POINT('Origin',(161.6176,-112.931040092836,1.56));
#3465=CARTESIAN_POINT('',(162.3676,-112.931040092836,2.81));
#3466=CARTESIAN_POINT('',(161.6176,-113.681040092836,2.81));
#3467=CARTESIAN_POINT('Ctrl Pts',(161.6176,-113.681040092836,1.56));
#3468=CARTESIAN_POINT('Ctrl Pts',(161.6176,-113.681040092836,1.31000000000001));
#3469=CARTESIAN_POINT('Ctrl Pts',(161.3676,-113.681040092836,1.31000000000001));
#3470=CARTESIAN_POINT('Ctrl Pts',(162.3676,-113.681040092836,1.56));
#3471=CARTESIAN_POINT('Ctrl Pts',(162.3676,-113.681040092836,0.560000000000001));
#3472=CARTESIAN_POINT('Ctrl Pts',(161.3676,-113.681040092836,0.56));
#3473=CARTESIAN_POINT('Ctrl Pts',(162.3676,-112.931040092836,1.56));
#3474=CARTESIAN_POINT('Ctrl Pts',(162.3676,-112.931040092836,0.560000000000001));
#3475=CARTESIAN_POINT('Ctrl Pts',(161.3676,-112.931040092836,0.56));
#3476=CARTESIAN_POINT('',(161.3676,-113.681040092836,1.31));
#3477=CARTESIAN_POINT('',(161.3676,-112.931040092836,0.56));
#3478=CARTESIAN_POINT('Origin',(161.3676,-112.931040092836,1.31));
#3479=CARTESIAN_POINT('Origin',(161.3676,-112.931040092836,1.56));
#3480=CARTESIAN_POINT('Origin',(161.3676,-113.681040092836,1.56));
#3481=CARTESIAN_POINT('Origin',(161.3676,-113.681040092836,3.56));
#3482=CARTESIAN_POINT('',(161.3676,-113.681040092836,2.56));
#3483=CARTESIAN_POINT('Origin',(161.3676,-101.181040092836,1.56));
#3484=CARTESIAN_POINT('',(162.3676,-101.681040092836,1.56));
#3485=CARTESIAN_POINT('',(162.3676,-101.181040092836,1.56));
#3486=CARTESIAN_POINT('',(161.3676,-101.681040092836,0.56));
#3487=CARTESIAN_POINT('Origin',(161.3676,-101.681040092836,1.56));
#3488=CARTESIAN_POINT('',(161.3676,-100.207562195909,0.56));
#3489=CARTESIAN_POINT('Origin',(161.3676,-101.681040092836,3.56));
#3490=CARTESIAN_POINT('',(162.3676,-101.681040092836,2.56));
#3491=CARTESIAN_POINT('',(162.3676,-101.681040092836,0.56));
#3492=CARTESIAN_POINT('',(161.3676,-101.681040092836,3.56));
#3493=CARTESIAN_POINT('Origin',(161.3676,-101.681040092836,2.56));
#3494=CARTESIAN_POINT('',(161.3676,-101.681040092836,2.56));
#3495=CARTESIAN_POINT('Origin',(162.3676,-100.681040092836,2.06));
#3496=CARTESIAN_POINT('',(162.3676,-103.680768996949,2.56));
#3497=CARTESIAN_POINT('Origin',(161.3676,-113.181040092836,1.56));
#3498=CARTESIAN_POINT('',(161.3676,-111.681040092836,0.56));
#3499=CARTESIAN_POINT('',(161.3676,-100.207562195909,0.56));
#3500=CARTESIAN_POINT('',(162.3676,-111.681040092836,1.56));
#3501=CARTESIAN_POINT('Origin',(161.3676,-111.681040092836,1.56));
#3502=CARTESIAN_POINT('',(162.3676,-113.181040092836,1.56));
#3503=CARTESIAN_POINT('Origin',(162.3676,-112.681040092836,2.06));
#3504=CARTESIAN_POINT('',(162.3676,-111.681040092836,2.56));
#3505=CARTESIAN_POINT('',(162.3676,-111.681040092836,3.56));
#3506=CARTESIAN_POINT('',(162.3676,-109.680768996949,2.56));
#3507=CARTESIAN_POINT('Origin',(161.3676,-103.680768996949,2.56));
#3508=CARTESIAN_POINT('',(161.3676,-103.680768996949,3.56));
#3509=CARTESIAN_POINT('Origin',(161.3676,-109.680768996949,2.56));
#3510=CARTESIAN_POINT('',(161.3676,-111.681040092836,3.56));
#3511=CARTESIAN_POINT('Origin',(161.3676,-111.681040092836,2.56));
#3512=CARTESIAN_POINT('',(161.3676,-109.680768996949,3.56));
#3513=CARTESIAN_POINT('Origin',(161.3676,-93.734624424797,1.56));
#3514=CARTESIAN_POINT('',(161.3676,-93.734624424797,0.56));
#3515=CARTESIAN_POINT('',(161.3676,-100.207562195909,0.56));
#3516=CARTESIAN_POINT('',(161.3676,-93.734624424797,3.56));
#3517=CARTESIAN_POINT('',(161.3676,-93.734624424797,1.56));
#3518=CARTESIAN_POINT('',(161.3676,-119.628575575263,3.56));
#3519=CARTESIAN_POINT('Origin',(161.3676,-93.734624424797,1.56));
#3520=CARTESIAN_POINT('',(161.3676,-119.628575575263,3.56));
#3521=CARTESIAN_POINT('',(161.3676,-111.681040092836,1.06));
#3522=CARTESIAN_POINT('',(161.3676,-100.207562195909,0.56));
#3523=CARTESIAN_POINT('Origin',(161.3676,-111.681040092836,0.56));
#3524=CARTESIAN_POINT('Origin',(161.3676,-93.734624424797,1.56));
#3525=CARTESIAN_POINT('',(161.3676,-119.628575575263,3.56));
#3526=CARTESIAN_POINT('',(161.3676,-119.628575575263,3.56));
#3527=CARTESIAN_POINT('',(161.3676,-119.628575575263,0.56));
#3528=CARTESIAN_POINT('',(161.3676,-119.628575575263,1.56));
#3529=CARTESIAN_POINT('',(161.3676,-100.207562195909,0.56));
#3530=CARTESIAN_POINT('Ctrl Pts',(137.184,-113.681040092836,1.31000000000001));
#3531=CARTESIAN_POINT('Ctrl Pts',(136.934,-113.681040092836,1.31000000000001));
#3532=CARTESIAN_POINT('Ctrl Pts',(136.934,-113.681040092836,1.56));
#3533=CARTESIAN_POINT('Ctrl Pts',(137.184,-113.681040092836,0.560000000000001));
#3534=CARTESIAN_POINT('Ctrl Pts',(136.184,-113.681040092836,0.560000000000001));
#3535=CARTESIAN_POINT('Ctrl Pts',(136.184,-113.681040092836,1.56));
#3536=CARTESIAN_POINT('Ctrl Pts',(137.184,-112.931040092836,0.560000000000001));
#3537=CARTESIAN_POINT('Ctrl Pts',(136.184,-112.931040092836,0.560000000000001));
#3538=CARTESIAN_POINT('Ctrl Pts',(136.184,-112.931040092836,1.56));
#3539=CARTESIAN_POINT('',(137.184,-113.681040092836,1.31));
#3540=CARTESIAN_POINT('',(137.184,-112.931040092836,0.56));
#3541=CARTESIAN_POINT('Origin',(137.184,-112.931040092836,1.31));
#3542=CARTESIAN_POINT('',(136.934,-113.681040092836,1.56));
#3543=CARTESIAN_POINT('Origin',(137.184,-113.681040092836,1.56));
#3544=CARTESIAN_POINT('',(136.184,-112.931040092836,1.56));
#3545=CARTESIAN_POINT('Origin',(136.934,-112.931040092836,1.56));
#3546=CARTESIAN_POINT('Origin',(137.184,-112.931040092836,1.56));
#3547=CARTESIAN_POINT('Origin',(136.934,-112.931040092836,1.31));
#3548=CARTESIAN_POINT('',(136.934,-113.681040092836,2.56));
#3549=CARTESIAN_POINT('',(136.184,-112.931040092836,2.56));
#3550=CARTESIAN_POINT('Origin',(136.934,-112.931040092836,2.56));
#3551=CARTESIAN_POINT('',(136.184,-112.931040092836,1.31));
#3552=CARTESIAN_POINT('',(136.934,-113.681040092836,1.31));
#3553=CARTESIAN_POINT('Ctrl Pts',(136.934,-113.681040092836,2.56));
#3554=CARTESIAN_POINT('Ctrl Pts',(136.934,-113.681040092836,2.81));
#3555=CARTESIAN_POINT('Ctrl Pts',(137.184,-113.681040092836,2.80999999999999));
#3556=CARTESIAN_POINT('Ctrl Pts',(136.184,-113.681040092836,2.56));
#3557=CARTESIAN_POINT('Ctrl Pts',(136.184,-113.681040092836,3.56000000000004));
#3558=CARTESIAN_POINT('Ctrl Pts',(137.184,-113.681040092836,3.56));
#3559=CARTESIAN_POINT('Ctrl Pts',(136.184,-112.931040092836,2.56));
#3560=CARTESIAN_POINT('Ctrl Pts',(136.184,-112.931040092836,3.56000000000004));
#3561=CARTESIAN_POINT('Ctrl Pts',(137.184,-112.931040092836,3.56));
#3562=CARTESIAN_POINT('',(137.184,-112.931040092836,3.56));
#3563=CARTESIAN_POINT('',(137.184,-113.681040092836,2.81));
#3564=CARTESIAN_POINT('Origin',(137.184,-112.931040092836,2.81));
#3565=CARTESIAN_POINT('Origin',(137.184,-112.931040092836,2.56));
#3566=CARTESIAN_POINT('Origin',(137.184,-113.681040092836,2.56));
#3567=CARTESIAN_POINT('Origin',(137.184,-113.681040092836,0.56));
#3568=CARTESIAN_POINT('',(137.184,-113.681040092836,1.06));
#3569=CARTESIAN_POINT('Ctrl Pts',(137.184,-99.6810400928358,2.80999999999999));
#3570=CARTESIAN_POINT('Ctrl Pts',(136.934,-99.6810400928358,2.80999999999999));
#3571=CARTESIAN_POINT('Ctrl Pts',(136.934,-99.6810400928358,2.56));
#3572=CARTESIAN_POINT('Ctrl Pts',(137.184,-99.6810400928358,3.56));
#3573=CARTESIAN_POINT('Ctrl Pts',(136.184,-99.6810400928358,3.56));
#3574=CARTESIAN_POINT('Ctrl Pts',(136.184,-99.6810400928358,2.56));
#3575=CARTESIAN_POINT('Ctrl Pts',(137.184,-100.431040092836,3.56));
#3576=CARTESIAN_POINT('Ctrl Pts',(136.184,-100.431040092836,3.56));
#3577=CARTESIAN_POINT('Ctrl Pts',(136.184,-100.431040092836,2.56));
#3578=CARTESIAN_POINT('',(137.184,-100.431040092836,3.56));
#3579=CARTESIAN_POINT('',(137.184,-99.6810400928358,2.81));
#3580=CARTESIAN_POINT('Origin',(137.184,-100.431040092836,2.81));
#3581=CARTESIAN_POINT('',(136.934,-99.6810400928358,2.56));
#3582=CARTESIAN_POINT('Origin',(137.184,-99.6810400928358,2.56));
#3583=CARTESIAN_POINT('',(136.184,-100.431040092836,2.56));
#3584=CARTESIAN_POINT('Origin',(136.934,-100.431040092836,2.56));
#3585=CARTESIAN_POINT('Origin',(137.184,-100.431040092836,2.56));
#3586=CARTESIAN_POINT('Origin',(136.934,-100.431040092836,2.81));
#3587=CARTESIAN_POINT('',(136.934,-99.6810400928358,1.56));
#3588=CARTESIAN_POINT('',(136.184,-100.431040092836,1.56));
#3589=CARTESIAN_POINT('Origin',(136.934,-100.431040092836,1.56));
#3590=CARTESIAN_POINT('',(136.184,-100.431040092836,2.81));
#3591=CARTESIAN_POINT('',(136.934,-99.6810400928358,2.81));
#3592=CARTESIAN_POINT('Ctrl Pts',(136.934,-99.6810400928358,1.56));
#3593=CARTESIAN_POINT('Ctrl Pts',(136.934,-99.6810400928358,1.31000000000001));
#3594=CARTESIAN_POINT('Ctrl Pts',(137.184,-99.6810400928358,1.31000000000001));
#3595=CARTESIAN_POINT('Ctrl Pts',(136.184,-99.6810400928358,1.56));
#3596=CARTESIAN_POINT('Ctrl Pts',(136.184,-99.6810400928358,0.560000000000001));
#3597=CARTESIAN_POINT('Ctrl Pts',(137.184,-99.6810400928358,0.56));
#3598=CARTESIAN_POINT('Ctrl Pts',(136.184,-100.431040092836,1.56));
#3599=CARTESIAN_POINT('Ctrl Pts',(136.184,-100.431040092836,0.560000000000001));
#3600=CARTESIAN_POINT('Ctrl Pts',(137.184,-100.431040092836,0.56));
#3601=CARTESIAN_POINT('',(137.184,-99.6810400928358,1.31));
#3602=CARTESIAN_POINT('',(137.184,-100.431040092836,0.56));
#3603=CARTESIAN_POINT('Origin',(137.184,-100.431040092836,1.31));
#3604=CARTESIAN_POINT('Origin',(137.184,-100.431040092836,1.56));
#3605=CARTESIAN_POINT('Origin',(137.184,-99.6810400928358,1.56));
#3606=CARTESIAN_POINT('Origin',(137.184,-99.6810400928358,3.56));
#3607=CARTESIAN_POINT('',(137.184,-99.6810400928358,2.56));
#3608=CARTESIAN_POINT('Origin',(137.184,-112.181040092836,1.56));
#3609=CARTESIAN_POINT('',(136.184,-111.681040092836,1.56));
#3610=CARTESIAN_POINT('',(136.184,-112.181040092836,1.56));
#3611=CARTESIAN_POINT('',(137.184,-111.681040092836,0.56));
#3612=CARTESIAN_POINT('Origin',(137.184,-111.681040092836,1.56));
#3613=CARTESIAN_POINT('',(137.184,-113.154537771112,0.56));
#3614=CARTESIAN_POINT('Origin',(137.184,-111.681040092836,3.56));
#3615=CARTESIAN_POINT('',(136.184,-111.681040092836,2.56));
#3616=CARTESIAN_POINT('',(136.184,-111.681040092836,0.56));
#3617=CARTESIAN_POINT('',(137.184,-111.681040092836,3.56));
#3618=CARTESIAN_POINT('Origin',(137.184,-111.681040092836,2.56));
#3619=CARTESIAN_POINT('',(137.184,-111.681040092836,2.56));
#3620=CARTESIAN_POINT('Origin',(137.184,-100.181040092836,1.56));
#3621=CARTESIAN_POINT('',(137.184,-101.681040092836,0.56));
#3622=CARTESIAN_POINT('',(137.184,-113.154537771112,0.56));
#3623=CARTESIAN_POINT('',(136.184,-101.681040092836,1.56));
#3624=CARTESIAN_POINT('Origin',(137.184,-101.681040092836,1.56));
#3625=CARTESIAN_POINT('',(136.184,-100.181040092836,1.56));
#3626=CARTESIAN_POINT('Origin',(136.184,-100.681040092836,2.06));
#3627=CARTESIAN_POINT('',(136.184,-101.681040092836,2.56));
#3628=CARTESIAN_POINT('',(136.184,-101.681040092836,1.56));
#3629=CARTESIAN_POINT('',(136.184,-103.680768996949,2.56));
#3630=CARTESIAN_POINT('Origin',(137.184,-109.680768996949,2.56));
#3631=CARTESIAN_POINT('',(137.184,-109.680768996949,3.56));
#3632=CARTESIAN_POINT('',(136.184,-109.680768996949,2.56));
#3633=CARTESIAN_POINT('Origin',(149.2758,-106.680497901062,3.56));
#3634=CARTESIAN_POINT('',(161.364196451082,-93.5437945967036,3.56));
#3635=CARTESIAN_POINT('',(161.3676,-93.734624424797,3.56));
#3636=CARTESIAN_POINT('',(158.071805403379,-90.2514035489134,3.56));
#3637=CARTESIAN_POINT('Origin',(157.86760110099,-93.747998899,3.56));
#3638=CARTESIAN_POINT('',(157.880975575177,-90.248,3.56));
#3639=CARTESIAN_POINT('',(158.071805403379,-90.2514035489134,3.56));
#3640=CARTESIAN_POINT('',(153.385,-90.248,3.56));
#3641=CARTESIAN_POINT('',(157.880975575177,-90.248,3.56));
#3642=CARTESIAN_POINT('',(153.385,-91.248,3.56));
#3643=CARTESIAN_POINT('',(153.385,-89.548,3.56));
#3644=CARTESIAN_POINT('',(157.872058525059,-91.248,3.56));
#3645=CARTESIAN_POINT('',(157.872058525059,-91.248,3.56));
#3646=CARTESIAN_POINT('',(158.032023921264,-91.2508530657685,3.56));
#3647=CARTESIAN_POINT('',(158.032023921264,-91.2508530657685,3.56));
#3648=CARTESIAN_POINT('',(160.364746934228,-93.5835760788204,3.56));
#3649=CARTESIAN_POINT('Origin',(157.86760110099,-93.747998899,3.56));
#3650=CARTESIAN_POINT('',(160.3676,-93.743541474931,3.56));
#3651=CARTESIAN_POINT('',(160.3676,-93.743541474931,3.56));
#3652=CARTESIAN_POINT('',(160.3676,-119.619658525088,3.56));
#3653=CARTESIAN_POINT('',(160.3676,-119.619658525088,3.56));
#3654=CARTESIAN_POINT('',(160.364746934179,-119.779623923193,3.56));
#3655=CARTESIAN_POINT('',(160.364746934179,-119.779623923193,3.56));
#3656=CARTESIAN_POINT('',(158.032023921181,-122.112346934228,3.56));
#3657=CARTESIAN_POINT('Origin',(157.86760110099,-119.6152011009,3.56));
#3658=CARTESIAN_POINT('',(157.872058525068,-122.1152,3.56));
#3659=CARTESIAN_POINT('',(157.872058525068,-122.1152,3.56));
#3660=CARTESIAN_POINT('',(140.679541474768,-122.1152,3.56));
#3661=CARTESIAN_POINT('',(140.679541474768,-122.1152,3.56));
#3662=CARTESIAN_POINT('',(140.519576078622,-122.112346934122,3.56));
#3663=CARTESIAN_POINT('',(140.519576078622,-122.112346934122,3.56));
#3664=CARTESIAN_POINT('',(138.186853065773,-119.779623921192,3.56));
#3665=CARTESIAN_POINT('Origin',(140.683998899,-119.6152011009,3.56));
#3666=CARTESIAN_POINT('',(138.184,-119.619658525068,3.56));
#3667=CARTESIAN_POINT('',(138.184,-119.619658525068,3.56));
#3668=CARTESIAN_POINT('',(138.184,-93.741548030946,3.56));
#3669=CARTESIAN_POINT('',(138.184,-93.741548030946,3.56));
#3670=CARTESIAN_POINT('',(138.1867229743,-93.5815341026581,3.56));
#3671=CARTESIAN_POINT('',(138.1867229743,-93.5815341026581,3.56));
#3672=CARTESIAN_POINT('',(140.520984720801,-91.2484411764006,3.56));
#3673=CARTESIAN_POINT('Origin',(140.6840022631,-93.74580242562,3.56));
#3674=CARTESIAN_POINT('',(140.680999893771,-91.2457999340412,3.56));
#3675=CARTESIAN_POINT('',(140.680999893771,-91.2457999340412,3.56));
#3676=CARTESIAN_POINT('',(145.07512531256,-91.248,3.56));
#3677=CARTESIAN_POINT('',(145.07512531256,-91.248,3.56));
#3678=CARTESIAN_POINT('',(145.145,-91.248,3.56));
#3679=CARTESIAN_POINT('',(146.145,-91.248,3.56));
#3680=CARTESIAN_POINT('',(145.145,-90.248,3.56));
#3681=CARTESIAN_POINT('',(145.145,-92.248,3.56));
#3682=CARTESIAN_POINT('',(145.07537558345,-90.248,3.56));
#3683=CARTESIAN_POINT('',(145.145,-90.248,3.56));
#3684=CARTESIAN_POINT('',(140.672997681316,-90.2457958021236,3.56));
#3685=CARTESIAN_POINT('',(145.07537558345,-90.248,3.56));
#3686=CARTESIAN_POINT('',(140.48218177454,-90.2489454475384,3.56));
#3687=CARTESIAN_POINT('',(140.672997681316,-90.2457958021236,3.56));
#3688=CARTESIAN_POINT('',(137.18724711768,-93.5422251976789,3.56));
#3689=CARTESIAN_POINT('Origin',(140.6840022631,-93.74580242562,3.56));
#3690=CARTESIAN_POINT('',(137.184,-93.7330400928358,3.56));
#3691=CARTESIAN_POINT('',(137.18724711768,-93.5422251976789,3.56));
#3692=CARTESIAN_POINT('',(137.184,-93.7330400928358,3.56));
#3693=CARTESIAN_POINT('',(137.184,-101.681040092836,3.56));
#3694=CARTESIAN_POINT('',(137.184,-103.680768996949,3.56));
#3695=CARTESIAN_POINT('',(137.184,-93.7330400928358,3.56));
#3696=CARTESIAN_POINT('',(137.184,-119.628575575203,3.56));
#3697=CARTESIAN_POINT('',(137.184,-93.7330400928358,3.56));
#3698=CARTESIAN_POINT('',(137.187403548919,-119.819405403329,3.56));
#3699=CARTESIAN_POINT('',(137.184,-119.628575575203,3.56));
#3700=CARTESIAN_POINT('',(140.479794596114,-123.111796450955,3.56));
#3701=CARTESIAN_POINT('Origin',(140.683998899,-119.6152011009,3.56));
#3702=CARTESIAN_POINT('',(140.670624424303,-123.1152,3.56));
#3703=CARTESIAN_POINT('',(140.479794596114,-123.111796450955,3.56));
#3704=CARTESIAN_POINT('',(157.880975575204,-123.1152,3.56));
#3705=CARTESIAN_POINT('',(140.670624424303,-123.1152,3.56));
#3706=CARTESIAN_POINT('',(158.071805403298,-123.111796451082,3.56));
#3707=CARTESIAN_POINT('',(157.880975575204,-123.1152,3.56));
#3708=CARTESIAN_POINT('',(161.364196451024,-119.81940540574,3.56));
#3709=CARTESIAN_POINT('Origin',(157.86760110099,-119.6152011009,3.56));
#3710=CARTESIAN_POINT('',(161.364196451024,-119.81940540574,3.56));
#3711=CARTESIAN_POINT('Origin',(137.184,-103.680768996949,2.56));
#3712=CARTESIAN_POINT('Origin',(137.184,-101.681040092836,2.56));
#3713=CARTESIAN_POINT('Origin',(136.184,-112.681040092836,2.06));
#3714=CARTESIAN_POINT('Origin',(137.184,-119.628575575203,1.56));
#3715=CARTESIAN_POINT('',(137.184,-101.681040092836,1.06));
#3716=CARTESIAN_POINT('',(137.184,-113.154537771112,0.56));
#3717=CARTESIAN_POINT('Origin',(137.184,-119.628575575203,1.56));
#3718=CARTESIAN_POINT('',(137.184,-119.628575575203,0.56));
#3719=CARTESIAN_POINT('',(137.184,-113.154537771112,0.56));
#3720=CARTESIAN_POINT('',(137.184,-119.628575575203,1.56));
#3721=CARTESIAN_POINT('Origin',(137.184,-101.681040092836,0.56));
#3722=CARTESIAN_POINT('Origin',(137.184,-119.628575575203,1.56));
#3723=CARTESIAN_POINT('',(137.184,-93.7330400928358,0.56));
#3724=CARTESIAN_POINT('',(137.184,-93.7330400928358,1.56));
#3725=CARTESIAN_POINT('',(137.184,-113.154537771112,0.56));
#3726=CARTESIAN_POINT('Origin',(147.175337485441,-93.248,-0.44));
#3727=CARTESIAN_POINT('',(145.145,-93.248,0.56));
#3728=CARTESIAN_POINT('',(145.145,-92.248,-0.44));
#3729=CARTESIAN_POINT('Origin',(145.145,-93.248,-0.44));
#3730=CARTESIAN_POINT('',(153.385,-93.248,0.56));
#3731=CARTESIAN_POINT('',(147.175337485441,-93.248,0.56));
#3732=CARTESIAN_POINT('',(153.385,-92.248,-0.44));
#3733=CARTESIAN_POINT('Origin',(153.385,-93.248,-0.44));
#3734=CARTESIAN_POINT('',(153.385,-92.248,-0.44));
#3735=CARTESIAN_POINT('Origin',(144.758722913711,-91.1784922245874,0.56));
#3736=CARTESIAN_POINT('',(140.672997681316,-90.2457958021236,0.56));
#3737=CARTESIAN_POINT('',(140.681000508401,-91.245799923896,-0.44));
#3738=CARTESIAN_POINT('Ctrl Pts',(140.672997681316,-90.2457958021236,0.560000000000054));
#3739=CARTESIAN_POINT('Ctrl Pts',(140.6727577172,-90.2457997630192,0.515660599440886));
#3740=CARTESIAN_POINT('Ctrl Pts',(140.672566494437,-90.248756635871,0.471321430043971));
#3741=CARTESIAN_POINT('Ctrl Pts',(140.672423582959,-90.2546403656514,0.427373718606483));
#3742=CARTESIAN_POINT('Ctrl Pts',(140.672280677067,-90.2605238654328,0.383427725115284));
#3743=CARTESIAN_POINT('Ctrl Pts',(140.672186077666,-90.2693339316861,0.339873617112171));
#3744=CARTESIAN_POINT('Ctrl Pts',(140.67213850231,-90.280992869771,0.297095664437727));
#3745=CARTESIAN_POINT('Ctrl Pts',(140.67209092865,-90.2926513924332,0.254319235995931));
#3746=CARTESIAN_POINT('Ctrl Pts',(140.672090373676,-90.3071584621233,0.212319353409895));
#3747=CARTESIAN_POINT('Ctrl Pts',(140.672134725432,-90.3243861296861,0.171466547540275));
#3748=CARTESIAN_POINT('Ctrl Pts',(140.672179075762,-90.3416132429872,0.130615056018458));
#3749=CARTESIAN_POINT('Ctrl Pts',(140.672268326965,-90.3615605993319,0.0909109930914847));
#3750=CARTESIAN_POINT('Ctrl Pts',(140.672399575056,-90.3840522656235,0.0527046129886048));
#3751=CARTESIAN_POINT('Ctrl Pts',(140.672530860886,-90.4065503990907,0.0144872471557634));
#3752=CARTESIAN_POINT('Ctrl Pts',(140.672704163921,-90.431594073413,-0.022231174581286));
#3753=CARTESIAN_POINT('Ctrl Pts',(140.672915836001,-90.4589622710032,-0.0571265503820176));
#3754=CARTESIAN_POINT('Ctrl Pts',(140.673127486682,-90.4863277019206,-0.0920183985816172));
#3755=CARTESIAN_POINT('Ctrl Pts',(140.673377493928,-90.5160169000339,-0.125087205967225));
#3756=CARTESIAN_POINT('Ctrl Pts',(140.673661533621,-90.5477678960232,-0.156041143539584));
#3757=CARTESIAN_POINT('Ctrl Pts',(140.673945548535,-90.5795161220428,-0.186992380677904));
#3758=CARTESIAN_POINT('Ctrl Pts',(140.674263584485,-90.6133254546534,-0.215828794773374));
#3759=CARTESIAN_POINT('Ctrl Pts',(140.674610718048,-90.6488976166598,-0.242295951566806));
#3760=CARTESIAN_POINT('Ctrl Pts',(140.674957826132,-90.6844671677021,-0.268761165695113));
#3761=CARTESIAN_POINT('Ctrl Pts',(140.675334021433,-90.721798918229,-0.29285719492927));
#3762=CARTESIAN_POINT('Ctrl Pts',(140.675733868317,-90.7605635596768,-0.314371462291302));
#3763=CARTESIAN_POINT('Ctrl Pts',(140.676133811712,-90.7993375577605,-0.33589092256008));
#3764=CARTESIAN_POINT('Ctrl Pts',(140.676557411451,-90.8395447352127,-0.354827148210489));
#3765=CARTESIAN_POINT('Ctrl Pts',(140.676998810367,-90.8808302454621,-0.371013001997643));
#3766=CARTESIAN_POINT('Ctrl Pts',(140.677440128491,-90.9221081990371,-0.38719589321448));
#3767=CARTESIAN_POINT('Ctrl Pts',(140.677899232162,-90.9644636596817,-0.400629252009975));
#3768=CARTESIAN_POINT('Ctrl Pts',(140.678369953482,-91.0075229558417,-0.411194554504715));
#3769=CARTESIAN_POINT('Ctrl Pts',(140.678840742473,-91.0505884421348,-0.421761375849838));
#3770=CARTESIAN_POINT('Ctrl Pts',(140.679323145045,-91.0943575174987,-0.429459204801496));
#3771=CARTESIAN_POINT('Ctrl Pts',(140.6798107856,-91.1384439271821,-0.434220103161057));
#3772=CARTESIAN_POINT('Ctrl Pts',(140.68020508007,-91.174091141806,-0.43806965151042));
#3773=CARTESIAN_POINT('Ctrl Pts',(140.680602793576,-91.209945492873,-0.440000000000002));
#3774=CARTESIAN_POINT('Ctrl Pts',(140.681000508401,-91.2457999238961,-0.44));
#3775=CARTESIAN_POINT('',(140.520984720801,-91.2484411764006,-0.44));
#3776=CARTESIAN_POINT('',(144.758722913711,-91.1784922245874,-0.44));
#3777=CARTESIAN_POINT('',(140.48218177454,-90.2489454475384,0.56));
#3778=CARTESIAN_POINT('Ctrl Pts',(140.520984720801,-91.2484411764006,-0.44));
#3779=CARTESIAN_POINT('Ctrl Pts',(140.520805729713,-91.2440613106343,-0.44));
#3780=CARTESIAN_POINT('Ctrl Pts',(140.520626880583,-91.2396814863686,-0.439971194178579));
#3781=CARTESIAN_POINT('Ctrl Pts',(140.515136645677,-91.105126811956,-0.43820120098176));
#3782=CARTESIAN_POINT('Ctrl Pts',(140.510014666747,-90.9765244481222,-0.411057267272734));
#3783=CARTESIAN_POINT('Ctrl Pts',(140.500636314993,-90.7370129806231,-0.308977495856877));
#3784=CARTESIAN_POINT('Ctrl Pts',(140.496466937825,-90.6283839747655,-0.235039779898984));
#3785=CARTESIAN_POINT('Ctrl Pts',(140.489520627378,-90.4455793266699,-0.0496747939221721));
#3786=CARTESIAN_POINT('Ctrl Pts',(140.486808282053,-90.3731444447017,0.0599716985930897));
#3787=CARTESIAN_POINT('Ctrl Pts',(140.483121688163,-90.2743571340038,0.30086827515476));
#3788=CARTESIAN_POINT('Ctrl Pts',(140.482181774539,-90.2489454475384,0.429811093655038));
#3789=CARTESIAN_POINT('Ctrl Pts',(140.482181774539,-90.2489454475384,0.56));
#3790=CARTESIAN_POINT('',(144.742218962401,-90.178628424067,0.56));
#3791=CARTESIAN_POINT('Origin',(140.6840022631,-93.74580242562,0.56));
#3792=CARTESIAN_POINT('',(138.1867229743,-93.5815341026588,-0.44));
#3793=CARTESIAN_POINT('Origin',(140.6840022631,-93.74580242562,-0.44));
#3794=CARTESIAN_POINT('',(137.18724711768,-93.5422251976789,0.56));
#3795=CARTESIAN_POINT('Ctrl Pts',(138.1867229743,-93.5815341026588,-0.44));
#3796=CARTESIAN_POINT('Ctrl Pts',(138.18234277705,-93.5813528787424,-0.44));
#3797=CARTESIAN_POINT('Ctrl Pts',(138.177962621242,-93.581171796805,-0.439971188612738));
#3798=CARTESIAN_POINT('Ctrl Pts',(138.043410783639,-93.5756135047322,-0.438201024755013));
#3799=CARTESIAN_POINT('Ctrl Pts',(137.914811510785,-93.5704264710326,-0.411057108213713));
#3800=CARTESIAN_POINT('Ctrl Pts',(137.675305250159,-93.5609269075036,-0.308977527728102));
#3801=CARTESIAN_POINT('Ctrl Pts',(137.566678374024,-93.5567025308016,-0.23503981660505));
#3802=CARTESIAN_POINT('Ctrl Pts',(137.383877265799,-93.5496636506188,-0.0496748343240363));
#3803=CARTESIAN_POINT('Ctrl Pts',(137.311443763903,-93.5469146170259,0.059971662862553));
#3804=CARTESIAN_POINT('Ctrl Pts',(137.212658326676,-93.5431779847217,0.300868253566744));
#3805=CARTESIAN_POINT('Ctrl Pts',(137.18724711768,-93.5422251976786,0.429811083097818));
#3806=CARTESIAN_POINT('Ctrl Pts',(137.18724711768,-93.5422251976786,0.559999999999999));
#3807=CARTESIAN_POINT('Origin',(140.6840022631,-93.74580242562,0.56));
#3808=CARTESIAN_POINT('Origin',(138.184,-113.154537771112,0.56));
#3809=CARTESIAN_POINT('',(138.184,-93.741547415143,-0.44));
#3810=CARTESIAN_POINT('Ctrl Pts',(137.184,-93.7330400928358,0.56));
#3811=CARTESIAN_POINT('Ctrl Pts',(137.184,-93.7332802319073,0.515660599440838));
#3812=CARTESIAN_POINT('Ctrl Pts',(137.186953314196,-93.7335203709788,0.471321430043927));
#3813=CARTESIAN_POINT('Ctrl Pts',(137.192833884011,-93.7337605100503,0.427373718606443));
#3814=CARTESIAN_POINT('Ctrl Pts',(137.198714223951,-93.7340006397346,0.383427725115248));
#3815=CARTESIAN_POINT('Ctrl Pts',(137.207521529014,-93.734240769419,0.339873617112139));
#3816=CARTESIAN_POINT('Ctrl Pts',(137.219178093977,-93.7344808991033,0.297095664437698));
#3817=CARTESIAN_POINT('Ctrl Pts',(137.230834243601,-93.7347210202315,0.254319235995905));
#3818=CARTESIAN_POINT('Ctrl Pts',(137.245339328276,-93.7349611413597,0.212319353409872));
#3819=CARTESIAN_POINT('Ctrl Pts',(137.262565381419,-93.7352012624879,0.171466547540255));
#3820=CARTESIAN_POINT('Ctrl Pts',(137.279790880352,-93.7354413758907,0.130615056018436));
#3821=CARTESIAN_POINT('Ctrl Pts',(137.299736992875,-93.7356814892935,0.0909109930914619));
#3822=CARTESIAN_POINT('Ctrl Pts',(137.322227761925,-93.7359216026964,0.052704612988581));
#3823=CARTESIAN_POINT('Ctrl Pts',(137.344724997893,-93.7361617851406,0.0144872471557416));
#3824=CARTESIAN_POINT('Ctrl Pts',(137.369768121465,-93.7364019675848,-0.0222311745813058));
#3825=CARTESIAN_POINT('Ctrl Pts',(137.397136084946,-93.736642150029,-0.0571265503820355));
#3826=CARTESIAN_POINT('Ctrl Pts',(137.424501281779,-93.736882308193,-0.0920183985816335));
#3827=CARTESIAN_POINT('Ctrl Pts',(137.454190562346,-93.737122466357,-0.12508720596724));
#3828=CARTESIAN_POINT('Ctrl Pts',(137.485941921644,-93.7373626245209,-0.156041143539597));
#3829=CARTESIAN_POINT('Ctrl Pts',(137.51769051094,-93.7376027617334,-0.186992380677914));
#3830=CARTESIAN_POINT('Ctrl Pts',(137.551500487587,-93.7378428989459,-0.215828794773382));
#3831=CARTESIAN_POINT('Ctrl Pts',(137.587073533759,-93.7380830361584,-0.242295951566811));
#3832=CARTESIAN_POINT('Ctrl Pts',(137.622643968901,-93.738323155745,-0.26876116569512));
#3833=CARTESIAN_POINT('Ctrl Pts',(137.659976843572,-93.7385632753316,-0.292857194929277));
#3834=CARTESIAN_POINT('Ctrl Pts',(137.69874280435,-93.7388033949183,-0.31437146229131));
#3835=CARTESIAN_POINT('Ctrl Pts',(137.737518122081,-93.7390435724627,-0.335890922560088));
#3836=CARTESIAN_POINT('Ctrl Pts',(137.777726814406,-93.739283750007,-0.354827148210497));
#3837=CARTESIAN_POINT('Ctrl Pts',(137.819013986417,-93.7395239275514,-0.37101300199765));
#3838=CARTESIAN_POINT('Ctrl Pts',(137.860293601449,-93.739764061135,-0.387195893214487));
#3839=CARTESIAN_POINT('Ctrl Pts',(137.902650870326,-93.7400041947186,-0.400629252009982));
#3840=CARTESIAN_POINT('Ctrl Pts',(137.945712070594,-93.7402443283022,-0.411194554504721));
#3841=CARTESIAN_POINT('Ctrl Pts',(137.988779461269,-93.740484496407,-0.421761375849843));
#3842=CARTESIAN_POINT('Ctrl Pts',(138.032550536856,-93.7407246645118,-0.4294592048015));
#3843=CARTESIAN_POINT('Ctrl Pts',(138.07663898999,-93.7409648326166,-0.43422010316106));
#3844=CARTESIAN_POINT('Ctrl Pts',(138.112287856898,-93.7411590267921,-0.438069651510419));
#3845=CARTESIAN_POINT('Ctrl Pts',(138.148143888466,-93.7413532209676,-0.44));
#3846=CARTESIAN_POINT('Ctrl Pts',(138.184,-93.741547415143,-0.44));
#3847=CARTESIAN_POINT('',(138.183999987357,-119.619657816209,-0.44));
#3848=CARTESIAN_POINT('',(138.184,-113.154537771112,-0.44));
#3849=CARTESIAN_POINT('Origin',(138.184,-119.619658525068,0.56));
#3850=CARTESIAN_POINT('Origin',(138.072034281952,-113.341976246334,0.56));
#3851=CARTESIAN_POINT('',(138.186853065772,-119.779623921192,-0.44));
#3852=CARTESIAN_POINT('',(138.072034281952,-113.341976246334,-0.44));
#3853=CARTESIAN_POINT('',(137.187403548919,-119.819405403329,0.56));
#3854=CARTESIAN_POINT('Ctrl Pts',(138.186853065772,-119.779623921192,-0.44));
#3855=CARTESIAN_POINT('Ctrl Pts',(138.182440366027,-119.779808442012,-0.44));
#3856=CARTESIAN_POINT('Ctrl Pts',(138.178027708729,-119.779992820891,-0.439970757840395));
#3857=CARTESIAN_POINT('Ctrl Pts',(138.043481558797,-119.785610470194,-0.438187434891087));
#3858=CARTESIAN_POINT('Ctrl Pts',(137.91492182956,-119.790854818862,-0.411044829454195));
#3859=CARTESIAN_POINT('Ctrl Pts',(137.67545307773,-119.800465145909,-0.308979929873844));
#3860=CARTESIAN_POINT('Ctrl Pts',(137.566828602676,-119.804741641945,-0.235042583304065));
#3861=CARTESIAN_POINT('Ctrl Pts',(137.384030851888,-119.81186933756,-0.04967787976777));
#3862=CARTESIAN_POINT('Ctrl Pts',(137.311598489491,-119.814654188521,0.059968969484952));
#3863=CARTESIAN_POINT('Ctrl Pts',(137.212814423873,-119.818439868982,0.300866626203025));
#3864=CARTESIAN_POINT('Ctrl Pts',(137.187403548919,-119.819405403329,0.429810287268315));
#3865=CARTESIAN_POINT('Ctrl Pts',(137.187403548919,-119.819405403329,0.560000000000003));
#3866=CARTESIAN_POINT('',(137.072193296874,-113.359808928661,0.56));
#3867=CARTESIAN_POINT('Origin',(140.683998899,-119.6152011009,0.56));
#3868=CARTESIAN_POINT('',(140.519576078622,-122.112346934122,-0.44));
#3869=CARTESIAN_POINT('Origin',(140.683998899,-119.6152011009,-0.44));
#3870=CARTESIAN_POINT('',(140.479794596114,-123.111796450955,0.56));
#3871=CARTESIAN_POINT('Ctrl Pts',(140.519576078622,-122.112346934122,-0.44));
#3872=CARTESIAN_POINT('Ctrl Pts',(140.519391557799,-122.116759633895,-0.44));
#3873=CARTESIAN_POINT('Ctrl Pts',(140.519207178919,-122.12117229122,-0.439970757840028));
#3874=CARTESIAN_POINT('Ctrl Pts',(140.51358952955,-122.255718441143,-0.438187434879736));
#3875=CARTESIAN_POINT('Ctrl Pts',(140.508345180857,-122.384278170351,-0.411044829444207));
#3876=CARTESIAN_POINT('Ctrl Pts',(140.498734853722,-122.62374692215,-0.308979929875881));
#3877=CARTESIAN_POINT('Ctrl Pts',(140.494458357644,-122.732371397202,-0.235042583306398));
#3878=CARTESIAN_POINT('Ctrl Pts',(140.487330661959,-122.915169147988,-0.0496778797703768));
#3879=CARTESIAN_POINT('Ctrl Pts',(140.48454581097,-122.987601510383,0.0599689694826486));
#3880=CARTESIAN_POINT('Ctrl Pts',(140.480760130471,-123.086385576001,0.300866626201777));
#3881=CARTESIAN_POINT('Ctrl Pts',(140.479794596114,-123.111796450955,0.429810287267709));
#3882=CARTESIAN_POINT('Ctrl Pts',(140.479794596114,-123.111796450955,0.559999999999998));
#3883=CARTESIAN_POINT('Origin',(140.683998899,-119.6152011009,0.56));
#3884=CARTESIAN_POINT('Origin',(144.843162556317,-122.189460343321,0.56));
#3885=CARTESIAN_POINT('',(140.679540765796,-122.1152,-0.44));
#3886=CARTESIAN_POINT('',(144.843162556317,-122.189460343321,-0.44));
#3887=CARTESIAN_POINT('',(140.670624424303,-123.1152,0.56));
#3888=CARTESIAN_POINT('Origin',(140.679541474768,-122.1152,0.56));
#3889=CARTESIAN_POINT('',(144.825329873331,-123.189301328387,0.56));
#3890=CARTESIAN_POINT('Origin',(153.578387787602,-122.1152,0.56));
#3891=CARTESIAN_POINT('',(157.872057816209,-122.115200012643,-0.44));
#3892=CARTESIAN_POINT('',(153.578387787602,-122.1152,-0.44));
#3893=CARTESIAN_POINT('',(157.880975575204,-123.1152,0.56));
#3894=CARTESIAN_POINT('Origin',(157.872058525068,-122.1152,0.56));
#3895=CARTESIAN_POINT('',(153.578387787602,-123.1152,0.56));
#3896=CARTESIAN_POINT('Origin',(153.803852352638,-122.18775856621,0.56));
#3897=CARTESIAN_POINT('',(158.03202392118,-122.112346934228,-0.44));
#3898=CARTESIAN_POINT('',(153.803852352638,-122.18775856621,-0.44));
#3899=CARTESIAN_POINT('',(158.071805403298,-123.111796451082,0.56));
#3900=CARTESIAN_POINT('Ctrl Pts',(158.03202392118,-122.112346934228,-0.44));
#3901=CARTESIAN_POINT('Ctrl Pts',(158.032208442001,-122.116759633976,-0.44));
#3902=CARTESIAN_POINT('Ctrl Pts',(158.032392820879,-122.121172291275,-0.439970757840372));
#3903=CARTESIAN_POINT('Ctrl Pts',(158.038010470192,-122.255718441228,-0.438187434890014));
#3904=CARTESIAN_POINT('Ctrl Pts',(158.043254818845,-122.384278170446,-0.411044829451809));
#3905=CARTESIAN_POINT('Ctrl Pts',(158.052865145887,-122.62374692227,-0.308979929874068));
#3906=CARTESIAN_POINT('Ctrl Pts',(158.057141641921,-122.732371397324,-0.235042583304297));
#3907=CARTESIAN_POINT('Ctrl Pts',(158.064269337533,-122.915169148113,-0.0496778797679551));
#3908=CARTESIAN_POINT('Ctrl Pts',(158.067054188493,-122.987601510509,0.0599689694847887));
#3909=CARTESIAN_POINT('Ctrl Pts',(158.070839868952,-123.086385576128,0.300866626202958));
#3910=CARTESIAN_POINT('Ctrl Pts',(158.071805403298,-123.111796451082,0.429810287268279));
#3911=CARTESIAN_POINT('Ctrl Pts',(158.071805403298,-123.111796451082,0.560000000000001));
#3912=CARTESIAN_POINT('',(153.821685034965,-123.187599551287,0.56));
#3913=CARTESIAN_POINT('Origin',(157.86760110099,-119.6152011009,0.56));
#3914=CARTESIAN_POINT('',(161.364196451024,-119.81940540574,0.56));
#3915=CARTESIAN_POINT('Origin',(157.86760110099,-119.6152011009,0.56));
#3916=CARTESIAN_POINT('',(160.364746934179,-119.779623923193,-0.44));
#3917=CARTESIAN_POINT('Origin',(157.86760110099,-119.6152011009,-0.44));
#3918=CARTESIAN_POINT('Ctrl Pts',(160.364746934179,-119.779623923193,-0.44));
#3919=CARTESIAN_POINT('Ctrl Pts',(160.369159633894,-119.779808444014,-0.44));
#3920=CARTESIAN_POINT('Ctrl Pts',(160.37357229116,-119.779992822892,-0.43997075784081));
#3921=CARTESIAN_POINT('Ctrl Pts',(160.508118441102,-119.785610472268,-0.438187434904033));
#3922=CARTESIAN_POINT('Ctrl Pts',(160.636678170365,-119.790854820979,-0.411044829465232));
#3923=CARTESIAN_POINT('Ctrl Pts',(160.876146922221,-119.800465148127,-0.308979929871616));
#3924=CARTESIAN_POINT('Ctrl Pts',(160.984771397273,-119.804741644207,-0.235042583301503));
#3925=CARTESIAN_POINT('Ctrl Pts',(161.167569148059,-119.811869339895,-0.0496778797647926));
#3926=CARTESIAN_POINT('Ctrl Pts',(161.240001510454,-119.814654190885,0.0599689694875671));
#3927=CARTESIAN_POINT('Ctrl Pts',(161.33878557607,-119.818439871384,0.300866626204482));
#3928=CARTESIAN_POINT('Ctrl Pts',(161.364196451024,-119.819405405739,0.429810287269017));
#3929=CARTESIAN_POINT('Ctrl Pts',(161.364196451024,-119.81940540574,0.56));
#3930=CARTESIAN_POINT('Origin',(160.481267493013,-113.246561332726,0.56));
#3931=CARTESIAN_POINT('',(161.48110847809,-113.264394015134,0.56));
#3932=CARTESIAN_POINT('',(160.3676,-119.619659234059,-0.44));
#3933=CARTESIAN_POINT('',(160.481267493013,-113.246561332726,-0.44));
#3934=CARTESIAN_POINT('Origin',(160.3676,-119.619658525089,0.56));
#3935=CARTESIAN_POINT('Origin',(160.3676,-100.207562195909,0.56));
#3936=CARTESIAN_POINT('',(160.367600012643,-93.743542183792,-0.44));
#3937=CARTESIAN_POINT('',(160.3676,-100.207562195909,-0.44));
#3938=CARTESIAN_POINT('Origin',(160.3676,-93.7435414749333,0.56));
#3939=CARTESIAN_POINT('Origin',(160.47954610463,-100.020124070518,0.56));
#3940=CARTESIAN_POINT('',(161.364196451082,-93.5437945967036,0.56));
#3941=CARTESIAN_POINT('',(161.479387089707,-100.00229138819,0.56));
#3942=CARTESIAN_POINT('',(160.364746934228,-93.5835760788199,-0.44));
#3943=CARTESIAN_POINT('',(160.47954610463,-100.020124070518,-0.44));
#3944=CARTESIAN_POINT('Ctrl Pts',(160.364746934228,-93.5835760788199,-0.44));
#3945=CARTESIAN_POINT('Ctrl Pts',(160.369159633976,-93.5833915579995,-0.44));
#3946=CARTESIAN_POINT('Ctrl Pts',(160.373572291275,-93.5832071791206,-0.439970757840376));
#3947=CARTESIAN_POINT('Ctrl Pts',(160.508118441236,-93.5775895298159,-0.438187434889884));
#3948=CARTESIAN_POINT('Ctrl Pts',(160.636678170448,-93.5723451811551,-0.411044829451212));
#3949=CARTESIAN_POINT('Ctrl Pts',(160.87614692227,-93.562734854113,-0.308979929873974));
#3950=CARTESIAN_POINT('Ctrl Pts',(160.984771397324,-93.558458358079,-0.235042583304204));
#3951=CARTESIAN_POINT('Ctrl Pts',(161.167569148113,-93.5513306624675,-0.0496778797680211));
#3952=CARTESIAN_POINT('Ctrl Pts',(161.240001510509,-93.5485458115076,0.0599689694847312));
#3953=CARTESIAN_POINT('Ctrl Pts',(161.338785576127,-93.5447601310483,0.300866626202914));
#3954=CARTESIAN_POINT('Ctrl Pts',(161.364196451082,-93.5437945967029,0.429810287268261));
#3955=CARTESIAN_POINT('Ctrl Pts',(161.364196451082,-93.5437945967026,0.560000000000001));
#3956=CARTESIAN_POINT('Origin',(157.86760110099,-93.747998899,0.56));
#3957=CARTESIAN_POINT('',(158.071805403379,-90.2514035489134,0.56));
#3958=CARTESIAN_POINT('Origin',(157.86760110099,-93.747998899,0.56));
#3959=CARTESIAN_POINT('',(158.032023921264,-91.2508530657685,-0.44));
#3960=CARTESIAN_POINT('Origin',(157.86760110099,-93.747998899,-0.44));
#3961=CARTESIAN_POINT('Ctrl Pts',(158.032023921264,-91.2508530657685,-0.44));
#3962=CARTESIAN_POINT('Ctrl Pts',(158.032208442084,-91.2464403660239,-0.44));
#3963=CARTESIAN_POINT('Ctrl Pts',(158.032392820962,-91.242027708727,-0.43997075784041));
#3964=CARTESIAN_POINT('Ctrl Pts',(158.038010470274,-91.1074815587895,-0.43818743489149));
#3965=CARTESIAN_POINT('Ctrl Pts',(158.043254818928,-90.9789218295552,-0.41104482945416));
#3966=CARTESIAN_POINT('Ctrl Pts',(158.05286514597,-90.7394530777254,-0.308979929873852));
#3967=CARTESIAN_POINT('Ctrl Pts',(158.057141642005,-90.6308286026712,-0.235042583304046));
#3968=CARTESIAN_POINT('Ctrl Pts',(158.064269337616,-90.4480308518827,-0.0496778797677406));
#3969=CARTESIAN_POINT('Ctrl Pts',(158.067054188575,-90.3755984894864,0.059968969484981));
#3970=CARTESIAN_POINT('Ctrl Pts',(158.070839869033,-90.2768144238679,0.300866626203082));
#3971=CARTESIAN_POINT('Ctrl Pts',(158.071805403379,-90.2514035489135,0.429810287268337));
#3972=CARTESIAN_POINT('Ctrl Pts',(158.071805403379,-90.2514035489135,0.559999999999999));
#3973=CARTESIAN_POINT('Origin',(153.708417824906,-91.1737393096538,0.56));
#3974=CARTESIAN_POINT('',(157.880975575177,-90.248,0.56));
#3975=CARTESIAN_POINT('',(153.726250507199,-90.1738983245755,0.56));
#3976=CARTESIAN_POINT('',(157.872059234031,-91.248,-0.44));
#3977=CARTESIAN_POINT('',(153.708417824906,-91.1737393096538,-0.44));
#3978=CARTESIAN_POINT('Origin',(157.872058525058,-91.248,0.56));
#3979=CARTESIAN_POINT('Origin',(138.075473248004,-100.119056593194,0.56));
#3980=CARTESIAN_POINT('',(138.075473248004,-100.119056593194,-0.44));
#3981=CARTESIAN_POINT('',(137.075618007548,-100.10204194858,0.56));
#3982=CARTESIAN_POINT('Origin',(151.3304,-91.248,0.56));
#3983=CARTESIAN_POINT('',(153.385,-91.248,-0.44));
#3984=CARTESIAN_POINT('',(151.3304,-91.248,-0.44));
#3985=CARTESIAN_POINT('',(153.385,-90.248,0.56));
#3986=CARTESIAN_POINT('Origin',(153.385,-91.248,0.56));
#3987=CARTESIAN_POINT('',(151.3304,-90.248,0.56));
#3988=CARTESIAN_POINT('Origin',(144.978011370335,-91.2479513766892,0.56));
#3989=CARTESIAN_POINT('',(145.07537558345,-90.248,0.56));
#3990=CARTESIAN_POINT('',(145.075125241711,-91.248,-0.44));
#3991=CARTESIAN_POINT('Ctrl Pts',(145.07537558345,-90.248,0.560000000000001));
#3992=CARTESIAN_POINT('Ctrl Pts',(145.075382649929,-90.2480000035381,0.51566059944084));
#3993=CARTESIAN_POINT('Ctrl Pts',(145.075388237733,-90.2509533209021,0.471321430043929));
#3994=CARTESIAN_POINT('Ctrl Pts',(145.075392359909,-90.2568338935185,0.427373718606446));
#3995=CARTESIAN_POINT('Ctrl Pts',(145.075396481923,-90.2627142362592,0.383427725115251));
#3996=CARTESIAN_POINT('Ctrl Pts',(145.075399138455,-90.2715215437562,0.339873617112142));
#3997=CARTESIAN_POINT('Ctrl Pts',(145.075400368409,-90.2831781107954,0.297095664437701));
#3998=CARTESIAN_POINT('Ctrl Pts',(145.07540159832,-90.2948342624963,0.254319235995908));
#3999=CARTESIAN_POINT('Ctrl Pts',(145.075401401816,-90.3093393488914,0.212319353409875));
#4000=CARTESIAN_POINT('Ctrl Pts',(145.075399842968,-90.3265654034128,0.171466547540258));
#4001=CARTESIAN_POINT('Ctrl Pts',(145.07539828417,-90.3437909037243,0.130615056018434));
#4002=CARTESIAN_POINT('Ctrl Pts',(145.075395363207,-90.3637370172846,0.0909109930914542));
#4003=CARTESIAN_POINT('Ctrl Pts',(145.075391168176,-90.3862277870537,0.0527046129885684));
#4004=CARTESIAN_POINT('Ctrl Pts',(145.075386971938,-90.4087250237406,0.0144872471557281));
#4005=CARTESIAN_POINT('Ctrl Pts',(145.075381501017,-90.4337681477121,-0.0222311745813201));
#4006=CARTESIAN_POINT('Ctrl Pts',(145.075374866088,-90.4611361113021,-0.0571265503820504));
#4007=CARTESIAN_POINT('Ctrl Pts',(145.075368231829,-90.488501308243,-0.0920183985816492));
#4008=CARTESIAN_POINT('Ctrl Pts',(145.075360433939,-90.5181905886274,-0.125087205967257));
#4009=CARTESIAN_POINT('Ctrl Pts',(145.075351603602,-90.5499419474834,-0.156041143539614));
#4010=CARTESIAN_POINT('Ctrl Pts',(145.075342774034,-90.581690536338,-0.186992380677928));
#4011=CARTESIAN_POINT('Ctrl Pts',(145.075332912364,-90.6155005122852,-0.215828794773393));
#4012=CARTESIAN_POINT('Ctrl Pts',(145.075322167955,-90.6510735575363,-0.24229595156682));
#4013=CARTESIAN_POINT('Ctrl Pts',(145.075311424334,-90.6866439917585,-0.268761165695126));
#4014=CARTESIAN_POINT('Ctrl Pts',(145.075299798289,-90.7239768652878,-0.292857194929282));
#4015=CARTESIAN_POINT('Ctrl Pts',(145.075287454721,-90.7627428247438,-0.314371462291313));
#4016=CARTESIAN_POINT('Ctrl Pts',(145.075275108174,-90.801518141154,-0.335890922560091));
#4017=CARTESIAN_POINT('Ctrl Pts',(145.07526204396,-90.8417268319778,-0.354827148210499));
#4018=CARTESIAN_POINT('Ctrl Pts',(145.07524843977,-90.883014002352,-0.371013001997652));
#4019=CARTESIAN_POINT('Ctrl Pts',(145.075234838069,-90.924293615748,-0.387195893214489));
#4020=CARTESIAN_POINT('Ctrl Pts',(145.075220696805,-90.9666508828544,-0.400629252009984));
#4021=CARTESIAN_POINT('Ctrl Pts',(145.075206203094,-91.009712081263,-0.411194554504723));
#4022=CARTESIAN_POINT('Ctrl Pts',(145.075191707299,-91.0527794700782,-0.421761375849845));
#4023=CARTESIAN_POINT('Ctrl Pts',(145.075176859181,-91.0965505437175,-0.429459204801502));
#4024=CARTESIAN_POINT('Ctrl Pts',(145.075161852158,-91.1406389948632,-0.434220103161061));
#4025=CARTESIAN_POINT('Ctrl Pts',(145.075149717838,-91.1762878601646,-0.438069651510419));
#4026=CARTESIAN_POINT('Ctrl Pts',(145.075137479795,-91.2121438900989,-0.44));
#4027=CARTESIAN_POINT('Ctrl Pts',(145.075125241711,-91.248,-0.44));
#4028=CARTESIAN_POINT('',(144.978011370335,-91.2479513766892,-0.44));
#4029=CARTESIAN_POINT('',(144.978512053749,-90.2479515020311,0.56));
#4030=CARTESIAN_POINT('Origin',(147.175587791725,-91.248,0.56));
#4031=CARTESIAN_POINT('',(145.145,-90.248,0.56));
#4032=CARTESIAN_POINT('',(147.175587791725,-90.248,0.56));
#4033=CARTESIAN_POINT('',(145.145,-91.248,-0.44));
#4034=CARTESIAN_POINT('Origin',(145.145,-91.248,0.56));
#4035=CARTESIAN_POINT('',(147.175587791725,-91.248,-0.44));
#4036=CARTESIAN_POINT('Origin',(161.364196451082,-93.5437945967036,1.56));
#4037=CARTESIAN_POINT('',(161.364196451082,-93.5437945967036,1.56));
#4038=CARTESIAN_POINT('Origin',(157.86760110099,-93.747998899,1.56));
#4039=CARTESIAN_POINT('',(158.071805403379,-90.2514035489134,1.56));
#4040=CARTESIAN_POINT('Origin',(157.880975575177,-90.248,1.56));
#4041=CARTESIAN_POINT('',(157.880975575177,-90.248,1.56));
#4042=CARTESIAN_POINT('Origin',(153.385,-90.248,1.56));
#4043=CARTESIAN_POINT('',(153.385,-90.248,1.56));
#4044=CARTESIAN_POINT('Origin',(153.385,-92.248,1.56));
#4045=CARTESIAN_POINT('',(153.385,-89.548,-0.44));
#4046=CARTESIAN_POINT('',(153.385,-92.248,0.56));
#4047=CARTESIAN_POINT('',(153.385,-99.4642510164897,0.56));
#4048=CARTESIAN_POINT('',(153.385,-92.248,1.56));
#4049=CARTESIAN_POINT('',(153.385,-92.248,1.56));
#4050=CARTESIAN_POINT('',(153.385,-91.248,1.56));
#4051=CARTESIAN_POINT('',(153.385,-89.548,1.56));
#4052=CARTESIAN_POINT('',(153.385,-91.248,1.56));
#4053=CARTESIAN_POINT('Origin',(149.2758,-106.680499967021,-0.44));
#4054=CARTESIAN_POINT('',(145.145,-92.248,-0.44));
#4055=CARTESIAN_POINT('Origin',(149.2758,-106.680502032979,0.56));
#4056=CARTESIAN_POINT('',(145.145,-92.248,0.56));
#4057=CARTESIAN_POINT('',(145.145,-98.9642510164897,0.56));
#4058=CARTESIAN_POINT('',(145.074874970881,-92.248,0.56));
#4059=CARTESIAN_POINT('',(147.2104,-92.248,0.56));
#4060=CARTESIAN_POINT('',(140.689002106229,-92.2458040659588,0.56));
#4061=CARTESIAN_POINT('',(147.178950015576,-92.2490534755928,0.56));
#4062=CARTESIAN_POINT('',(140.564919323236,-92.2478522011227,0.56));
#4063=CARTESIAN_POINT('',(144.862133062513,-92.1769215340809,0.56));
#4064=CARTESIAN_POINT('',(139.186111523539,-93.6259735727699,0.56));
#4065=CARTESIAN_POINT('Origin',(140.6840022631,-93.74580242562,0.56));
#4066=CARTESIAN_POINT('',(139.184,-93.750055969054,0.56));
#4067=CARTESIAN_POINT('',(139.076528992199,-100.065524365841,0.56));
#4068=CARTESIAN_POINT('',(139.184,-119.610741474932,0.56));
#4069=CARTESIAN_POINT('',(139.184,-100.215279001017,0.56));
#4070=CARTESIAN_POINT('',(139.18621249095,-119.734791188261,0.56));
#4071=CARTESIAN_POINT('',(139.07033252591,-113.237645314787,0.56));
#4072=CARTESIAN_POINT('',(140.56440881186,-121.112987508968,0.56));
#4073=CARTESIAN_POINT('Origin',(140.683998899,-119.6152011009,0.56));
#4074=CARTESIAN_POINT('',(140.688458525232,-121.1152,0.56));
#4075=CARTESIAN_POINT('',(144.790054768512,-121.188354098134,0.56));
#4076=CARTESIAN_POINT('',(157.863141474932,-121.1152,0.56));
#4077=CARTESIAN_POINT('',(144.982129262616,-121.1152,0.56));
#4078=CARTESIAN_POINT('',(157.987191188274,-121.11298750905,0.56));
#4079=CARTESIAN_POINT('',(153.699520370038,-121.189460340998,0.56));
#4080=CARTESIAN_POINT('',(159.365387509013,-119.734791189776,0.56));
#4081=CARTESIAN_POINT('Origin',(157.86760110099,-119.6152011009,0.56));
#4082=CARTESIAN_POINT('',(159.3676,-119.610741474913,0.56));
#4083=CARTESIAN_POINT('',(159.480161229101,-113.299670172633,0.56));
#4084=CARTESIAN_POINT('',(159.3676,-93.752458525068,0.56));
#4085=CARTESIAN_POINT('',(159.3676,-113.145621753946,0.56));
#4086=CARTESIAN_POINT('',(159.36538750905,-93.6284088117257,0.56));
#4087=CARTESIAN_POINT('',(159.481247897508,-100.12445706735,0.56));
#4088=CARTESIAN_POINT('',(157.987191188351,-92.2502124909469,0.56));
#4089=CARTESIAN_POINT('Origin',(157.86760110099,-93.747998899,0.56));
#4090=CARTESIAN_POINT('',(157.863141474941,-92.248,0.56));
#4091=CARTESIAN_POINT('',(153.761525649911,-92.1748455554556,0.56));
#4092=CARTESIAN_POINT('',(153.56947073747,-92.248,0.56));
#4093=CARTESIAN_POINT('Origin',(145.07512531256,-91.248,1.56));
#4094=CARTESIAN_POINT('',(145.145,-91.248,1.56));
#4095=CARTESIAN_POINT('',(145.07512531256,-91.248,1.56));
#4096=CARTESIAN_POINT('',(147.17546265628,-91.248,1.56));
#4097=CARTESIAN_POINT('',(145.145,-91.248,1.56));
#4098=CARTESIAN_POINT('',(145.07512531256,-91.248,1.56));
#4099=CARTESIAN_POINT('Origin',(140.680999893771,-91.2457999340412,1.56));
#4100=CARTESIAN_POINT('',(140.680999893771,-91.2457999340412,1.56));
#4101=CARTESIAN_POINT('',(144.982262818207,-91.2479535052842,1.56));
#4102=CARTESIAN_POINT('',(140.680999893771,-91.2457999340412,1.56));
#4103=CARTESIAN_POINT('Origin',(140.520984720801,-91.2484411764006,1.56));
#4104=CARTESIAN_POINT('',(140.520984720801,-91.2484411764006,1.56));
#4105=CARTESIAN_POINT('',(144.769872411188,-91.1783081887592,1.56));
#4106=CARTESIAN_POINT('',(140.520984720801,-91.2484411764006,1.56));
#4107=CARTESIAN_POINT('Origin',(140.6840022631,-93.74580242562,1.56));
#4108=CARTESIAN_POINT('',(138.1867229743,-93.5815341026581,1.56));
#4109=CARTESIAN_POINT('Origin',(140.6840022631,-93.74580242562,1.56));
#4110=CARTESIAN_POINT('',(138.1867229743,-93.5815341026581,1.56));
#4111=CARTESIAN_POINT('Origin',(138.184,-93.741548030946,1.56));
#4112=CARTESIAN_POINT('',(138.184,-93.741548030946,1.56));
#4113=CARTESIAN_POINT('',(138.075545627775,-100.114803239941,1.56));
#4114=CARTESIAN_POINT('',(138.184,-93.741548030946,1.56));
#4115=CARTESIAN_POINT('Origin',(138.184,-119.619658525068,1.56));
#4116=CARTESIAN_POINT('',(138.184,-119.619658525068,1.56));
#4117=CARTESIAN_POINT('',(138.184,-113.150079246044,1.56));
#4118=CARTESIAN_POINT('',(138.184,-119.619658525068,1.56));
#4119=CARTESIAN_POINT('Origin',(138.186853065773,-119.779623921192,1.56));
#4120=CARTESIAN_POINT('',(138.186853065773,-119.779623921192,1.56));
#4121=CARTESIAN_POINT('',(138.071838547839,-113.331001846431,1.56));
#4122=CARTESIAN_POINT('',(138.186853065773,-119.779623921192,1.56));
#4123=CARTESIAN_POINT('Origin',(140.683998899,-119.6152011009,1.56));
#4124=CARTESIAN_POINT('',(140.519576078622,-122.112346934122,1.56));
#4125=CARTESIAN_POINT('Origin',(140.683998899,-119.6152011009,1.56));
#4126=CARTESIAN_POINT('',(140.519576078622,-122.112346934122,1.56));
#4127=CARTESIAN_POINT('Origin',(140.679541474768,-122.1152,1.56));
#4128=CARTESIAN_POINT('',(140.679541474768,-122.1152,1.56));
#4129=CARTESIAN_POINT('',(144.838704740055,-122.189380835855,1.56));
#4130=CARTESIAN_POINT('',(140.679541474768,-122.1152,1.56));
#4131=CARTESIAN_POINT('Origin',(157.872058525068,-122.1152,1.56));
#4132=CARTESIAN_POINT('',(157.872058525068,-122.1152,1.56));
#4133=CARTESIAN_POINT('',(153.573929262534,-122.1152,1.56));
#4134=CARTESIAN_POINT('',(157.872058525068,-122.1152,1.56));
#4135=CARTESIAN_POINT('Origin',(158.032023921181,-122.112346934228,1.56));
#4136=CARTESIAN_POINT('',(158.032023921181,-122.112346934228,1.56));
#4137=CARTESIAN_POINT('',(153.792877952746,-122.187954300323,1.56));
#4138=CARTESIAN_POINT('',(158.032023921181,-122.112346934228,1.56));
#4139=CARTESIAN_POINT('Origin',(157.86760110099,-119.6152011009,1.56));
#4140=CARTESIAN_POINT('',(160.364746934179,-119.779623923193,1.56));
#4141=CARTESIAN_POINT('Origin',(157.86760110099,-119.6152011009,1.56));
#4142=CARTESIAN_POINT('',(160.364746934179,-119.779623923193,1.56));
#4143=CARTESIAN_POINT('Origin',(160.3676,-119.619658525088,1.56));
#4144=CARTESIAN_POINT('',(160.3676,-119.619658525088,1.56));
#4145=CARTESIAN_POINT('',(160.481187985553,-113.251019148844,1.56));
#4146=CARTESIAN_POINT('',(160.3676,-119.619658525088,1.56));
#4147=CARTESIAN_POINT('Origin',(160.3676,-93.743541474931,1.56));
#4148=CARTESIAN_POINT('',(160.3676,-93.743541474931,1.56));
#4149=CARTESIAN_POINT('',(160.3676,-100.212020720976,1.56));
#4150=CARTESIAN_POINT('',(160.3676,-93.743541474931,1.56));
#4151=CARTESIAN_POINT('Origin',(160.364746934228,-93.5835760788204,1.56));
#4152=CARTESIAN_POINT('',(160.364746934228,-93.5835760788204,1.56));
#4153=CARTESIAN_POINT('',(160.479741838742,-100.031098470412,1.56));
#4154=CARTESIAN_POINT('',(160.364746934228,-93.5835760788204,1.56));
#4155=CARTESIAN_POINT('Origin',(157.86760110099,-93.747998899,1.56));
#4156=CARTESIAN_POINT('',(158.032023921264,-91.2508530657685,1.56));
#4157=CARTESIAN_POINT('Origin',(157.86760110099,-93.747998899,1.56));
#4158=CARTESIAN_POINT('',(158.032023921264,-91.2508530657685,1.56));
#4159=CARTESIAN_POINT('Origin',(157.872058525059,-91.248,1.56));
#4160=CARTESIAN_POINT('',(157.872058525059,-91.248,1.56));
#4161=CARTESIAN_POINT('',(153.712875640996,-91.1738188171135,1.56));
#4162=CARTESIAN_POINT('',(157.872058525059,-91.248,1.56));
#4163=CARTESIAN_POINT('Origin',(153.385,-91.248,1.56));
#4164=CARTESIAN_POINT('',(151.3304,-91.248,1.56));
#4165=CARTESIAN_POINT('Origin',(140.672997681316,-90.2457958021236,1.56));
#4166=CARTESIAN_POINT('',(140.672997681316,-90.2457958021236,1.56));
#4167=CARTESIAN_POINT('',(145.07537558345,-90.248,1.56));
#4168=CARTESIAN_POINT('Origin',(140.48218177454,-90.2489454475384,1.56));
#4169=CARTESIAN_POINT('',(140.48218177454,-90.2489454475384,1.56));
#4170=CARTESIAN_POINT('Origin',(140.6840022631,-93.74580242562,1.56));
#4171=CARTESIAN_POINT('',(137.18724711768,-93.5422251976789,1.56));
#4172=CARTESIAN_POINT('Origin',(137.184,-93.7330400928358,1.56));
#4173=CARTESIAN_POINT('Origin',(137.187403548919,-119.819405403329,1.56));
#4174=CARTESIAN_POINT('',(137.187403548919,-119.819405403329,1.56));
#4175=CARTESIAN_POINT('Origin',(140.683998899,-119.6152011009,1.56));
#4176=CARTESIAN_POINT('',(140.479794596114,-123.111796450955,1.56));
#4177=CARTESIAN_POINT('Origin',(140.670624424303,-123.1152,1.56));
#4178=CARTESIAN_POINT('',(140.670624424303,-123.1152,1.56));
#4179=CARTESIAN_POINT('Origin',(157.880975575204,-123.1152,1.56));
#4180=CARTESIAN_POINT('',(157.880975575204,-123.1152,1.56));
#4181=CARTESIAN_POINT('Origin',(158.071805403298,-123.111796451082,1.56));
#4182=CARTESIAN_POINT('',(158.071805403298,-123.111796451082,1.56));
#4183=CARTESIAN_POINT('Origin',(157.86760110099,-119.6152011009,1.56));
#4184=CARTESIAN_POINT('',(161.364196451024,-119.81940540574,1.56));
#4185=CARTESIAN_POINT('Origin',(161.3676,-119.628575575263,1.56));
#4186=CARTESIAN_POINT('Origin',(145.07537558345,-90.248,1.56));
#4187=CARTESIAN_POINT('',(145.145,-90.248,1.56));
#4188=CARTESIAN_POINT('Origin',(145.145,-91.248,1.56));
#4189=CARTESIAN_POINT('',(145.145,-92.248,1.56));
#4190=CARTESIAN_POINT('',(145.145,-92.248,1.56));
#4191=CARTESIAN_POINT('',(145.145,-92.248,1.56));
#4192=CARTESIAN_POINT('Origin',(157.863141474941,-92.248,1.56));
#4193=CARTESIAN_POINT('',(157.863141474941,-92.248,1.56));
#4194=CARTESIAN_POINT('',(157.863141474941,-92.248,1.56));
#4195=CARTESIAN_POINT('',(157.863141474941,-92.248,1.56));
#4196=CARTESIAN_POINT('Origin',(157.987191188351,-92.2502124909469,1.56));
#4197=CARTESIAN_POINT('',(157.987191188351,-92.2502124909469,1.56));
#4198=CARTESIAN_POINT('',(157.987191188351,-92.2502124909469,1.56));
#4199=CARTESIAN_POINT('',(157.987191188351,-92.2502124909469,1.56));
#4200=CARTESIAN_POINT('Origin',(157.86760110099,-93.747998899,1.56));
#4201=CARTESIAN_POINT('',(159.36538750905,-93.6284088117257,1.56));
#4202=CARTESIAN_POINT('',(159.36538750905,-93.6284088117257,1.56));
#4203=CARTESIAN_POINT('Origin',(157.86760110099,-93.747998899,1.56));
#4204=CARTESIAN_POINT('Origin',(159.3676,-93.752458525068,1.56));
#4205=CARTESIAN_POINT('',(159.3676,-93.752458525068,1.56));
#4206=CARTESIAN_POINT('',(159.3676,-93.752458525068,1.56));
#4207=CARTESIAN_POINT('',(159.3676,-93.752458525068,1.56));
#4208=CARTESIAN_POINT('Origin',(159.3676,-119.610741474913,1.56));
#4209=CARTESIAN_POINT('',(159.3676,-119.610741474913,1.56));
#4210=CARTESIAN_POINT('',(159.3676,-119.610741474913,1.56));
#4211=CARTESIAN_POINT('',(159.3676,-119.610741474913,1.56));
#4212=CARTESIAN_POINT('Origin',(159.365387509013,-119.734791189776,1.56));
#4213=CARTESIAN_POINT('',(159.365387509013,-119.734791189776,1.56));
#4214=CARTESIAN_POINT('',(159.365387509013,-119.734791189776,1.56));
#4215=CARTESIAN_POINT('',(159.365387509013,-119.734791189776,1.56));
#4216=CARTESIAN_POINT('Origin',(157.86760110099,-119.6152011009,1.56));
#4217=CARTESIAN_POINT('',(157.987191188274,-121.11298750905,1.56));
#4218=CARTESIAN_POINT('',(157.987191188274,-121.11298750905,1.56));
#4219=CARTESIAN_POINT('Origin',(157.86760110099,-119.6152011009,1.56));
#4220=CARTESIAN_POINT('Origin',(157.863141474932,-121.1152,1.56));
#4221=CARTESIAN_POINT('',(157.863141474932,-121.1152,1.56));
#4222=CARTESIAN_POINT('',(157.863141474932,-121.1152,1.56));
#4223=CARTESIAN_POINT('',(157.863141474932,-121.1152,1.56));
#4224=CARTESIAN_POINT('Origin',(140.688458525232,-121.1152,1.56));
#4225=CARTESIAN_POINT('',(140.688458525232,-121.1152,1.56));
#4226=CARTESIAN_POINT('',(140.688458525232,-121.1152,1.56));
#4227=CARTESIAN_POINT('',(140.688458525232,-121.1152,1.56));
#4228=CARTESIAN_POINT('Origin',(140.56440881186,-121.112987508968,1.56));
#4229=CARTESIAN_POINT('',(140.56440881186,-121.112987508968,1.56));
#4230=CARTESIAN_POINT('',(140.56440881186,-121.112987508968,1.56));
#4231=CARTESIAN_POINT('',(140.56440881186,-121.112987508968,1.56));
#4232=CARTESIAN_POINT('Origin',(140.683998899,-119.6152011009,1.56));
#4233=CARTESIAN_POINT('',(139.18621249095,-119.734791188261,1.56));
#4234=CARTESIAN_POINT('',(139.18621249095,-119.734791188261,1.56));
#4235=CARTESIAN_POINT('Origin',(140.683998899,-119.6152011009,1.56));
#4236=CARTESIAN_POINT('Origin',(139.184,-119.610741474932,1.56));
#4237=CARTESIAN_POINT('',(139.184,-119.610741474932,1.56));
#4238=CARTESIAN_POINT('',(139.184,-119.610741474932,1.56));
#4239=CARTESIAN_POINT('',(139.184,-119.610741474932,1.56));
#4240=CARTESIAN_POINT('Origin',(139.184,-93.750055969054,1.56));
#4241=CARTESIAN_POINT('',(139.184,-93.750055969054,1.56));
#4242=CARTESIAN_POINT('',(139.184,-93.750055969054,1.56));
#4243=CARTESIAN_POINT('',(139.184,-93.750055969054,1.56));
#4244=CARTESIAN_POINT('Origin',(139.186111523539,-93.6259735727699,1.56));
#4245=CARTESIAN_POINT('',(139.186111523539,-93.6259735727699,1.56));
#4246=CARTESIAN_POINT('',(139.186111523539,-93.6259735727699,1.56));
#4247=CARTESIAN_POINT('',(139.186111523539,-93.6259735727699,1.56));
#4248=CARTESIAN_POINT('Origin',(140.6840022631,-93.74580242562,1.56));
#4249=CARTESIAN_POINT('',(140.564919323236,-92.2478522011227,1.56));
#4250=CARTESIAN_POINT('',(140.564919323236,-92.2478522011227,1.56));
#4251=CARTESIAN_POINT('Origin',(140.6840022631,-93.74580242562,1.56));
#4252=CARTESIAN_POINT('Origin',(140.689002106229,-92.2458040659588,1.56));
#4253=CARTESIAN_POINT('',(140.689002106229,-92.2458040659588,1.56));
#4254=CARTESIAN_POINT('',(140.689002106229,-92.2458040659588,1.56));
#4255=CARTESIAN_POINT('',(140.689002106229,-92.2458040659588,1.56));
#4256=CARTESIAN_POINT('Origin',(145.074874970881,-92.248,1.56));
#4257=CARTESIAN_POINT('',(145.074874970881,-92.248,1.56));
#4258=CARTESIAN_POINT('',(145.074874970881,-92.248,1.56));
#4259=CARTESIAN_POINT('',(145.074874970881,-92.248,1.56));
#4260=CARTESIAN_POINT('Origin',(145.145,-92.248,1.56));
#4261=CARTESIAN_POINT('',(147.145,-92.248,1.56));
#4262=CARTESIAN_POINT('Origin',(149.2758,-106.680499967021,1.56));
#4263=CARTESIAN_POINT('',(0.,0.,0.));
#4264=UNCERTAINTY_MEASURE_WITH_UNIT(LENGTH_MEASURE(0.01),#4270,
'DISTANCE_ACCURACY_VALUE',
'Maximum model space distance between geometric entities at asserted c
onnectivities');
#4265=UNCERTAINTY_MEASURE_WITH_UNIT(LENGTH_MEASURE(0.01),#4270,
'DISTANCE_ACCURACY_VALUE',
'Maximum model space distance between geometric entities at asserted c
onnectivities');
#4266=UNCERTAINTY_MEASURE_WITH_UNIT(LENGTH_MEASURE(0.01),#4270,
'DISTANCE_ACCURACY_VALUE',
'Maximum model space distance between geometric entities at asserted c
onnectivities');
#4267=(
GEOMETRIC_REPRESENTATION_CONTEXT(3)
GLOBAL_UNCERTAINTY_ASSIGNED_CONTEXT((#4264))
GLOBAL_UNIT_ASSIGNED_CONTEXT((#4270,#4272,#4273))
REPRESENTATION_CONTEXT('','3D')
);
#4268=(
GEOMETRIC_REPRESENTATION_CONTEXT(3)
GLOBAL_UNCERTAINTY_ASSIGNED_CONTEXT((#4265))
GLOBAL_UNIT_ASSIGNED_CONTEXT((#4270,#4272,#4273))
REPRESENTATION_CONTEXT('','3D')
);
#4269=(
GEOMETRIC_REPRESENTATION_CONTEXT(3)
GLOBAL_UNCERTAINTY_ASSIGNED_CONTEXT((#4266))
GLOBAL_UNIT_ASSIGNED_CONTEXT((#4270,#4272,#4273))
REPRESENTATION_CONTEXT('','3D')
);
#4270=(
LENGTH_UNIT()
NAMED_UNIT(*)
SI_UNIT(.MILLI.,.METRE.)
);
#4271=(
LENGTH_UNIT()
NAMED_UNIT(*)
SI_UNIT($,.METRE.)
);
#4272=(
NAMED_UNIT(*)
PLANE_ANGLE_UNIT()
SI_UNIT($,.RADIAN.)
);
#4273=(
NAMED_UNIT(*)
SI_UNIT($,.STERADIAN.)
SOLID_ANGLE_UNIT()
);
#4274=SHAPE_DEFINITION_REPRESENTATION(#4276,#4279);
#4275=SHAPE_DEFINITION_REPRESENTATION(#4277,#4280);
#4276=PRODUCT_DEFINITION_SHAPE('',$,#4282);
#4277=PRODUCT_DEFINITION_SHAPE('',$,#4283);
#4278=PRODUCT_DEFINITION_SHAPE($,$,#14);
#4279=SHAPE_REPRESENTATION('',(#2406,#2625),#4267);
#4280=SHAPE_REPRESENTATION('',(#2407),#4268);
#4281=PRODUCT_DEFINITION_CONTEXT('part definition',#4289,'design');
#4282=PRODUCT_DEFINITION('Cmote 1','Cmote',#4284,#4281);
#4283=PRODUCT_DEFINITION('2026-08-27-10-31-04-865','case',#4285,#4281);
#4284=PRODUCT_DEFINITION_FORMATION('',$,#4291);
#4285=PRODUCT_DEFINITION_FORMATION('',$,#4292);
#4286=PRODUCT_RELATED_PRODUCT_CATEGORY('Cmote','Cmote',(#4291));
#4287=PRODUCT_RELATED_PRODUCT_CATEGORY('case','case',(#4292));
#4288=APPLICATION_PROTOCOL_DEFINITION('international standard',
'automotive_design',2009,#4289);
#4289=APPLICATION_CONTEXT(
'Core Data for Automotive Mechanical Design Process');
#4290=PRODUCT_CONTEXT('part definition',#4289,'mechanical');
#4291=PRODUCT('Cmote 1','Cmote','KiCad electronic assembly',(#4290));
#4292=PRODUCT('2026-08-27-10-31-04-865','case',$,(#4290));
#4293=PRESENTATION_STYLE_ASSIGNMENT((#4294));
#4294=SURFACE_STYLE_USAGE(.BOTH.,#4295);
#4295=SURFACE_SIDE_STYLE('',(#4296));
#4296=SURFACE_STYLE_FILL_AREA(#4297);
#4297=FILL_AREA_STYLE('Steel - Satin',(#4298));
#4298=FILL_AREA_STYLE_COLOUR('Steel - Satin',#4299);
#4299=COLOUR_RGB('Steel - Satin',0.627450980392157,0.627450980392157,0.627450980392157);
ENDSEC;
END-ISO-10303-21;
